axis_index,artist_type,label,x,y
0,scatter,c,4.1943275928497314,5.91222485960467
0,scatter,c,5.963392972946167,5.853446628846848
0,scatter,c,7.720344543457031,5.7025387337867635
0,scatter,c,9.477035284042358,5.581879405476986
0,scatter,c,11.275214195251465,5.531317827509952
0,scatter,c,13.03676700592041,5.429614365476237
0,scatter,c,14.80894684791565,5.330415445042772
0,scatter,c,16.57261037826538,5.205738951178936
0,scatter,c,18.341891765594482,5.111827260525235
0,scatter,c,20.116313934326172,4.998459455416399
0,scatter,c,21.88948941230774,4.9098230820608855
0,scatter,c,23.668073892593384,4.772481786087158
0,scatter,c,25.442821502685547,4.720749047308906
0,scatter,c,27.202976942062378,4.686599453161234
0,scatter,c,28.97630500793457,4.554341990428656
0,scatter,c,30.742919445037842,4.405657462364458
0,scatter,c,32.532416582107544,4.284081573984888
0,scatter,c,34.321340560913086,4.178441472780512
0,scatter,c,36.10189938545227,4.012717854094452
0,scatter,c,37.871927976608276,3.8905218862044255
0,scatter,c,39.67281222343445,3.7497376980733526
0,scatter,c,41.449180126190186,3.6341988840927915
0,scatter,c,43.22582507133484,3.5397928182228258
0,scatter,c,45.00472712516785,3.418705328812157
0,scatter,c,46.77239513397217,3.265159793533157
0,scatter,c,48.52961540222168,3.1372548498016197
0,scatter,c,50.307384967803955,2.9948331163202
0,scatter,c,52.08289361000061,2.8492688077594193
0,scatter,c,53.86540603637695,2.75518242892665
0,scatter,c,55.640612840652466,2.636541396601014
0,scatter,c,57.40906357765198,2.491246237068402
0,scatter,c,59.58842182159424,2.3795594810401157
0,scatter,c,61.41188430786133,2.2842741030668874
0,scatter,c,63.18273711204529,2.1931399043025968
0,scatter,c,64.93943572044373,2.1258444106562613
0,scatter,c,66.73714995384216,2.0634408667815998
0,scatter,c,71.05926561355591,5.609179974507398
0,scatter,c,72.8234875202179,5.537236781854606
0,scatter,c,74.60556268692017,5.407096814639493
0,scatter,c,76.3784282207489,5.307340535341058
0,scatter,c,78.14765119552612,5.254254007461536
0,scatter,c,79.92662787437439,5.116577462590793
0,scatter,c,81.69821238517761,5.070547928593577
0,scatter,c,83.47165560722351,4.983030727075499
0,scatter,c,85.24524140357971,4.874627652956028
0,scatter,c,87.03801608085632,4.791403507803165
0,scatter,c,88.82441234588623,4.673701308132541
0,scatter,c,90.5878975391388,4.570244668826278
0,scatter,c,92.37958240509033,4.48946298188515
0,scatter,c,94.17067122459412,4.392507544210334
0,scatter,c,95.96937894821167,4.282282962990671
0,scatter,c,97.73681807518005,4.1647253550547045
0,scatter,c,99.52985906600952,4.057969689112054
0,scatter,c,101.35547113418579,3.942802511965342
0,scatter,c,103.1571044921875,3.8310719262067234
0,scatter,c,104.94825315475464,3.7064481110705674
0,scatter,c,106.72707056999207,3.5917457131212567
0,scatter,c,108.49681687355042,3.479496528066599
0,scatter,c,110.27704691886902,3.3580631537205763
0,scatter,c,112.05397081375122,3.2393743120891156
0,scatter,c,113.82204103469849,3.1251221195077847
0,scatter,c,115.60096144676208,3.001670015908443
0,scatter,c,117.3687174320221,2.8822393598485743
0,scatter,c,119.1424355506897,2.7595983404297275
0,scatter,c,120.91465497016907,2.655350332466213
0,scatter,c,122.71653485298157,2.5470930539437404
0,scatter,c,124.48088479042053,2.442592017821981
0,scatter,c,126.24557113647461,2.3422350419477325
0,scatter,c,128.04626893997192,2.256936366936385
0,scatter,c,129.8231658935547,2.184311521460026
0,scatter,c,131.58970856666565,2.115765846065438
0,scatter,c,133.369854927063,2.062354004395232
0,scatter,c,135.1482539176941,2.0141710332631
0,scatter,c,136.92243432998657,1.8707881074493866
0,scatter,c,138.68950033187866,1.8666920279535826
0,scatter,c,140.4575400352478,1.841350543539857
0,scatter,c,142.23325562477112,1.8682538996932316
0,scatter,c,144.00567960739136,1.7760324296447094
0,scatter,c,145.80586671829224,1.6126968326151043
0,scatter,c,147.57962036132812,1.5305159808970994
0,scatter,c,149.33781003952026,1.4847170095556392
0,scatter,c,151.11816787719727,1.7442854116213606
0,scatter,c,152.88461780548096,1.3612597420094261
0,scatter,c,154.66267228126526,1.4122952388723629
0,scatter,c,156.40825748443604,1.4865095
0,scatter,c,158.1357283592224,1.48591625
0,scatter,c,159.9100639820099,1.3668025261077998
0,scatter,c,161.6861379146576,1.2735417634223118
0,scatter,c,163.49172377586365,1.1864601382540114
0,scatter,c,165.26075077056885,1.111187245448915
0,scatter,c,167.06610584259033,1.045988646719938
0,scatter,c,168.85696816444397,0.9940831065175619
0,scatter,c,170.6363227367401,0.9540450127727695
0,scatter,c,172.4162573814392,0.9301403769278374
0,scatter,c,174.18373918533325,0.9164196995417767
0,scatter,c,175.95723295211792,0.9215668425590459
0,scatter,c,177.74099707603455,0.9421701260279004
0,scatter,c,179.53812217712402,0.9444205978327823
0,scatter,c,181.32826280593872,0.9424962704221367
0,scatter,c,183.096497297287,0.938616311384433
0,scatter,c,184.8666214942932,0.9328594584417944
0,scatter,c,189.18245887756348,3.5229584931972995
0,scatter,c,190.97711300849915,3.5607540635447954
0,scatter,c,192.7733588218689,3.3790198010779604
0,scatter,c,194.56503915786743,3.3266830686749844
0,scatter,c,196.3475124835968,3.2195310906435393
0,scatter,c,198.13589525222778,3.1828728807409847
0,scatter,c,199.93829226493835,3.0897236758073996
0,scatter,c,201.74549388885498,2.994150920650298
0,scatter,c,203.5285987854004,2.9156808540737753
0,scatter,c,205.32791590690613,2.8037851160095832
0,scatter,c,207.12147283554077,2.7009262602374666
0,scatter,c,208.92526197433472,2.5963530321282295
0,scatter,c,210.73390460014343,2.4970803424992756
0,scatter,c,212.52465319633484,2.4038247591388706
0,scatter,c,214.33191394805908,2.3251329041279543
0,scatter,c,216.12283778190613,2.242639876792624
0,scatter,c,217.95897150039673,2.167803842938708
0,scatter,c,219.74558806419373,2.0953610723082345
0,scatter,c,221.54229521751404,2.0289925761440815
0,scatter,c,223.33416271209717,1.9789670627451423
0,scatter,c,225.124746799469,1.9208670382714301
0,scatter,c,226.92223381996155,1.8855322553209195
0,scatter,c,228.75625014305115,1.8528068002644291
0,scatter,c,230.5563108921051,1.8327269403482067
0,scatter,c,232.33696103096008,1.8102973482070632
0,scatter,c,234.1314766407013,1.8094902658747358
0,scatter,c,235.93734073638916,1.8110189450027794
0,scatter,c,237.735445022583,1.807890291628445
0,scatter,c,239.52842783927917,1.8211348693953127
0,scatter,c,241.35093235969543,1.833008302040185
0,scatter,c,243.1375675201416,1.8475297852653474
0,scatter,c,244.92788553237915,1.854286430524449
0,scatter,c,246.72991466522217,1.8650851405507576
0,scatter,c,248.53777861595154,1.8755725312820706
0,scatter,c,250.33640336990356,1.8858116714377002
0,scatter,c,252.11950731277466,1.8888934184148567
0,scatter,c,253.95784306526184,1.8916413307627706
0,scatter,c,255.75973629951477,1.8863515969525408
0,scatter,c,257.57523465156555,1.8470153570008108
0,scatter,c,259.3614797592163,1.8325820469503624
0,scatter,c,261.15550470352173,1.8553405860444983
0,scatter,c,262.9523677825928,1.9035325298023897
0,scatter,c,264.7414016723633,1.9828064029471288
0,scatter,c,266.5347194671631,2.0872535144572177
0,scatter,c,268.32294845581055,2.2185625066440817
0,scatter,c,270.14407682418823,2.3755386403889265
0,scatter,c,271.92688274383545,2.5723908543634186
0,scatter,c,273.7489151954651,3.0286401452722
0,scatter,c,275.4973096847534,3.1864355
0,scatter,c,277.2454378604889,3.1768952500000003
0,scatter,c,279.0394358634949,3.09747043222228
0,scatter,c,280.82576060295105,2.9380614552708466
0,scatter,c,282.61875343322754,2.7542158858113415
0,scatter,c,284.41712164878845,2.603372569414768
0,scatter,c,286.22666215896606,2.4613871984199425
0,scatter,c,288.0582947731018,2.334256602303529
0,scatter,c,289.84619641304016,2.2350525080961865
0,scatter,c,291.63558173179626,2.1632003248957052
0,scatter,c,293.43994760513306,2.1220171922212883
0,scatter,c,295.2349467277527,2.1068345411156715
0,scatter,c,297.0323884487152,2.129635629887312
0,scatter,c,298.82501125335693,2.1918112377991297
0,scatter,c,300.6348924636841,2.220809568105279
0,scatter,c,302.4432907104492,2.247994750462099
0,scatter,c,304.25889229774475,2.2771886403998103
0,scatter,c,306.0525703430176,2.316003364103778
0,scatter,c,307.84481620788574,2.3618007536416936
0,scatter,c,309.63393473625183,2.420919872881121
0,scatter,c,311.43898582458496,2.489007029265434
0,scatter,c,313.2279040813446,2.5774932942918283
0,scatter,c,315.015323638916,2.672155710797665
0,scatter,c,316.80796575546265,2.802583816671752
0,scatter,c,318.61739444732666,2.959457204114554
0,scatter,c,320.4524130821228,3.1687689642116643
0,scatter,c,322.24952149391174,3.4307072548059807
0,scatter,c,324.04271364212036,3.7853409678132905
0,scatter,c,325.83640217781067,4.204904733610234
0,scatter,c,327.6351635456085,4.612708327416515
0,scatter,c,329.4417185783386,4.9822251709109775
0,scatter,c,331.2401442527771,5.316491658454778
0,scatter,c,333.05800127983093,5.661896651085725
0,scatter,c,334.85619044303894,5.973449119976157
0,scatter,c,336.6460018157959,6.277326421371956
0,scatter,c,338.4588439464569,6.578400714562622
0,scatter,c,340.2601728439331,6.864422277255299
0,scatter,c,342.04991483688354,7.161261464768944
0,scatter,c,343.8753659725189,7.431233950376665
0,scatter,c,345.6858289241791,7.6990248540157955
0,scatter,c,347.4782109260559,7.942927302089323
0,scatter,c,349.2691309452057,8.180268894206867
0,scatter,c,351.8534679412842,8.428450528705216
0,scatter,c,353.65303587913513,8.634994834423113
0,scatter,c,355.4548890590668,8.840273992380986
0,scatter,c,357.2624759674072,9.030824601786223
0,scatter,c,359.06458950042725,9.212949578809885
0,scatter,c,360.8577015399933,9.385856843366096
0,scatter,c,362.64690494537354,9.530800807923736
0,scatter,c,364.4579198360443,9.690525481663732
0,scatter,c,366.2055048942566,9.832799999999999
0,scatter,c,370.4190783502566,9.811518091592863
0,scatter,c,372.2423298362566,9.623021217931448
0,scatter,c,374.0705921652566,9.457597235445537
0,scatter,c,375.8944318292566,9.259694034488604
0,scatter,c,377.7423951642566,9.09049255441008
0,scatter,c,379.5849118242566,8.86077649235544
0,scatter,c,381.4299929142566,8.641257670069685
0,scatter,c,383.26018619425656,8.398781540256065
0,scatter,c,385.0937154342566,8.145357606369918
0,scatter,c,386.9261779742566,7.875463651009728
0,scatter,c,388.79041409425656,7.60059807182976
0,scatter,c,390.6125242742566,7.299414707031926
0,scatter,c,392.43143320425656,6.988633611217539
0,scatter,c,394.2451539042566,6.673448188001021
0,scatter,c,396.0741245742566,6.344786678181073
0,scatter,c,397.8890602542566,6.006660392946102
0,scatter,c,399.7251207842566,5.658199380469445
0,scatter,c,401.5336942642566,5.296926156643836
0,scatter,c,403.3328506942566,4.913694726512875
0,scatter,c,405.1750652742566,4.484625425392639
0,scatter,c,406.9820551842566,4.024888650556682
0,scatter,c,408.7987411042566,3.602913518953475
0,scatter,c,410.6217134042566,3.2831015100140517
0,scatter,c,412.4251198742566,3.0493476611264776
0,scatter,c,414.2340009242566,2.8731743480271543
0,scatter,c,416.0348255642566,2.734412613909919
0,scatter,c,417.87233972425656,2.624884661762256
0,scatter,c,419.6935062442566,2.5317808248647213
0,scatter,c,421.5041604042566,2.454823015779118
0,scatter,c,423.3502392742566,2.391311162961425
0,scatter,c,425.2484469442566,2.338691324751661
0,scatter,c,427.1667635442566,2.2947965991991874
0,scatter,c,428.97857046425656,2.255592003444733
0,scatter,c,430.8295454942566,2.2248066947646854
0,scatter,c,432.6430501942566,2.171949437510502
0,scatter,c,434.4417035542566,2.12294078875462
0,scatter,c,436.2520449142566,2.1257745286262977
0,scatter,c,438.0773377442566,2.1584761849017955
0,scatter,c,439.89475011425657,2.229398358630949
0,scatter,c,441.7188329742566,2.331572841448536
0,scatter,c,443.5256493042566,2.4650742036246798
0,scatter,c,445.3524792242566,2.6283937269086524
0,scatter,c,447.1541271242566,2.826710075496541
0,scatter,c,448.9622693042566,3.0485452583024872
0,scatter,c,450.76816034425656,3.4749427451630086
0,scatter,c,452.5702388242566,3.714681146379273
0,scatter,c,454.4010715442566,3.909362854021409
0,scatter,c,456.2037212842566,4.219106660054793
0,scatter,c,457.9754824642566,4.123381166666666
0,scatter,c,459.77860879425657,4.175540333333333
0,scatter,c,461.5830166342566,4.062008373891726
0,scatter,c,463.3874163642566,4.142187422168132
0,scatter,c,465.1966538442566,4.075196695461421
0,scatter,c,467.0060429942566,4.02063563621766
0,scatter,c,468.8347615942566,3.938436071320787
0,scatter,c,470.65860219425656,3.8643269210856777
0,scatter,c,472.4761960942566,3.4213713973356907
0,scatter,c,474.2875916942566,3.352567284359144
0,scatter,c,476.1064838942566,3.2806533608362476
0,scatter,c,477.8987667942566,3.1192978140737617
0,scatter,c,479.6918680942566,3.125054423167201
0,scatter,c,481.5241300942566,3.101245363338547
0,scatter,c,483.3341404942566,3.126320240103933
0,scatter,c,485.1362101942566,3.1474709231331244
0,scatter,c,486.9529652942566,2.871997341903745
0,scatter,c,488.75707289425657,3.0306205199469547
0,scatter,c,490.5540434942566,3.3438941175676216
0,scatter,c,492.3841318942566,3.538300820184215
0,scatter,c,494.1961409942566,3.638966789488198
0,scatter,c,495.99646589425663,3.566047916599703
0,scatter,c,497.79666449425656,3.707396676785208
0,scatter,c,499.6575946942566,3.839261438230062
0,scatter,c,501.4495713942566,4.112415363020822
0,scatter,c,503.2760643942566,4.352512812858996
0,scatter,c,505.0928458942566,4.5104000930164245
0,scatter,c,506.89945359425656,4.723541066827265
0,scatter,c,508.7483648942566,4.9750950589431095
0,scatter,c,510.5551237942566,5.244148785243303
0,scatter,c,512.3696195942566,5.513751478090146
0,scatter,c,514.1741423942566,5.808803236461445
0,scatter,c,516.0165347942566,6.075150013349558
0,scatter,c,517.8652395942565,6.3466219550460234
0,scatter,c,519.6871342942566,6.617851219648548
0,scatter,c,521.5058383942566,6.897556677919382
0,scatter,c,523.2915241942566,7.155984790576429
0,scatter,c,525.1148211942566,7.465781929159346
0,scatter,c,526.9508904942566,7.72669589008564
0,scatter,c,528.7725448942566,8.003726832359243
0,scatter,c,530.5801314942566,8.29841640544017
0,scatter,c,532.4161927942566,8.553790031218211
0,scatter,c,534.2174582942566,8.789480735962295
0,scatter,c,536.0303463942566,9.033283453899893
0,scatter,c,537.8296377942565,9.242457400352137
0,scatter,c,539.6386203942566,9.456737350878663
0,scatter,c,541.4583079942565,9.733802472080805
0,scatter,c,543.2637750942566,9.877181847032688
0,scatter,c,545.1022021942566,10.090005863057979
0,scatter,c,546.9544693942566,10.288308335929502
0,scatter,c,548.7239806942566,10.3895
0,scatter,c,552.9281931212566,10.445974205476624
0,scatter,c,554.7369079882566,10.217815082727844
0,scatter,c,556.5642559822567,10.126303156494453
0,scatter,c,558.3712442212566,9.953021484235594
0,scatter,c,560.1831298142566,9.77258300283616
0,scatter,c,562.0252874142566,9.549182255813589
0,scatter,c,563.8437621842567,9.33239822485762
0,scatter,c,565.6877270042567,9.148702359499469
0,scatter,c,567.5000768042567,8.891013456575054
0,scatter,c,569.3701198342566,8.63290576839592
0,scatter,c,571.1904297142567,8.40741879415677
0,scatter,c,572.9844255742566,8.165346650966722
0,scatter,c,574.7897889942566,7.874116048922585
0,scatter,c,576.6171901542566,7.59682569723965
0,scatter,c,578.4224114742566,7.335957668279058
0,scatter,c,580.2504079642566,7.082375319313385
0,scatter,c,582.0962086042566,6.833008228907458
0,scatter,c,583.8965447242566,6.553712977679152
0,scatter,c,585.6969001542566,6.293995288713676
0,scatter,c,587.5148456342566,6.02970830031069
0,scatter,c,589.2964408642566,5.776053684346367
0,scatter,c,591.0900819542567,5.521884039976501
0,scatter,c,592.9555325842566,5.285108272701342
0,scatter,c,595.9157529142566,5.037088040245263
0,scatter,c,597.7583775842567,4.826661986351612
0,scatter,c,599.5789516242567,4.670603563288259
0,scatter,c,601.3815090942567,4.5104920387639105
0,scatter,c,603.2276037042566,4.241065158452564
0,scatter,c,605.0782010842566,4.167171253297562
0,scatter,c,606.9200558942566,4.020293242959083
0,scatter,c,608.7305634342566,3.780822277544932
0,scatter,c,610.5608229942566,3.5324221731769962
0,scatter,c,612.3537681442566,3.423735673599937
0,scatter,c,614.1598787642566,3.373914362026232
0,scatter,c,615.9631178642567,3.301845767956705
0,scatter,c,617.7702007542566,3.313631149922768
0,scatter,c,619.5836468042567,3.1230071914058914
0,scatter,c,621.4082002942566,3.15366905794152
0,scatter,c,623.2322612142566,3.181592355185489
0,scatter,c,625.0625999242566,3.220441089648781
0,scatter,c,626.8846533542567,3.2703938964229744
0,scatter,c,628.7020709842566,3.3317813050168903
0,scatter,c,630.5174546542567,3.328051167195935
0,scatter,c,632.3281846342567,3.416107932257127
0,scatter,c,634.1291849942567,3.447399278119434
0,scatter,c,635.9241319042567,3.566305363337414
0,scatter,c,637.7351401142566,3.484484484733017
0,scatter,c,639.5303163842566,3.6098986542685396
0,scatter,c,641.2889058842566,3.74511425
0,scatter,c,643.0736468142566,3.76187925
0,scatter,c,644.8754396742567,3.6312036642633934
0,scatter,c,646.6916821342567,3.509155273460231
0,scatter,c,648.4956543742567,3.426207678860502
0,scatter,c,650.2853014942566,3.2908158763792055
0,scatter,c,652.0791876942566,3.1962285491747813
0,scatter,c,653.8984310942566,3.1304197765218515
0,scatter,c,655.6979622942566,3.0372467610979172
0,scatter,c,657.5100400942566,3.281265827685293
0,scatter,c,659.3058760942566,3.2321284490147715
0,scatter,c,661.0957243942566,3.2033300113811265
0,scatter,c,662.9111947942566,3.1818016066449784
0,scatter,c,664.7121310942566,3.1701345638798673
0,scatter,c,666.5242619942567,3.1829344263130794
0,scatter,c,668.3320295942566,3.2398135147293377
0,scatter,c,670.1216683942566,3.2893150364514123
0,scatter,c,671.9443089942566,3.347446667785467
0,scatter,c,673.7537417942566,3.4129899245686097
0,scatter,c,675.5625545942567,3.4973809248696592
0,scatter,c,677.3703114942566,3.601554188463394
0,scatter,c,679.1936352942566,3.726579102593582
0,scatter,c,681.0081848942566,3.8565596755492844
0,scatter,c,682.8407816942566,4.013348500162155
0,scatter,c,684.6521704942567,4.182264244645538
0,scatter,c,686.4544343942566,4.357928210308706
0,scatter,c,688.2557189942567,4.532085371906687
0,scatter,c,690.0935132942566,4.730792292217789
0,scatter,c,691.8807756942566,4.921893676440883
0,scatter,c,693.6918556942567,5.134556716995742
0,scatter,c,695.5243396942566,5.350053430539723
0,scatter,c,697.3541455942566,5.587533034114532
0,scatter,c,699.1739225942566,5.81780755604488
0,scatter,c,700.9899706942566,6.0534735790337875
0,scatter,c,702.7954122942566,6.292268583108344
0,scatter,c,704.6123065942567,6.511040180767035
0,scatter,c,706.4580716942567,6.780098547752086
0,scatter,c,708.2837245942567,7.023684004040919
0,scatter,c,710.0786025942566,7.263688048280064
0,scatter,c,711.8726730942566,7.481454536599324
0,scatter,c,713.7223226942566,7.715365205122639
0,scatter,c,715.5151119942566,7.934277800241092
0,scatter,c,717.3099036942566,8.178882395540361
0,scatter,c,719.1501736942566,8.37101132450766
0,scatter,c,720.9718935942566,8.583203968241524
0,scatter,c,722.8071989942566,8.785080746137407
0,scatter,c,724.6055536942566,8.984089596594707
0,scatter,c,726.4285561942567,9.191030813053976
0,scatter,c,728.2492484942566,9.396376729873856
0,scatter,c,730.0571904942566,9.58700939696102
0,scatter,c,731.8100731942566,9.73855
0,scatter,c,734.6122332188995,9.684557027685067
0,scatter,c,735.8165944192322,9.518315130612883
0,scatter,c,736.9980464551361,9.34052658928428
0,scatter,c,738.1892243001373,9.11724056594047
0,scatter,c,739.4155498120697,8.944924626048678
0,scatter,c,740.6965234849365,8.744047420630759
0,scatter,c,742.0177825066955,8.542414539502545
0,scatter,c,743.1892612550171,8.350937372343664
0,scatter,c,744.3719554517181,8.123680330827085
0,scatter,c,745.550521430722,7.892884541941357
0,scatter,c,746.6964843842895,7.67980210034353
0,scatter,c,747.8474550816925,7.441082850177077
0,scatter,c,749.0211740109833,7.203276696478841
0,scatter,c,750.2558596703918,6.977538782063741
0,scatter,c,752.4713199708374,6.758555381998506
0,scatter,c,753.6575115296753,6.496427324932769
0,scatter,c,754.8003988835724,6.247029942576752
0,scatter,c,755.9569318864258,6.023269699709734
0,scatter,c,757.1662927243622,5.789715634914429
0,scatter,c,758.3133159253509,5.557348598252342
0,scatter,c,759.464310941449,5.330679614867167
0,scatter,c,760.6178508374603,5.122935718756807
0,scatter,c,761.7562978837402,4.915607587055819
0,scatter,c,762.8964229199798,4.708972084223013
0,scatter,c,764.024187144986,4.513862827338725
0,scatter,c,765.2649992082031,4.328286238198432
0,scatter,c,766.3907104108246,4.162358952639198
0,scatter,c,767.5758619878204,3.9986756581611167
0,scatter,c,768.7370055291565,3.8633830317238647
0,scatter,c,769.883860645047,3.7387011850315073
0,scatter,c,771.0204465958984,3.6221018763615005
0,scatter,c,772.152406272641,3.5155727966690744
0,scatter,c,773.3036366078766,3.419106754069614
0,scatter,c,774.4949825379761,3.33327840042622
0,scatter,c,775.6403995129974,3.258735505700379
0,scatter,c,776.7813070390137,3.1992844500566227
0,scatter,c,777.9639306638153,3.1662985150073717
0,scatter,c,779.1087995145233,3.144541046542039
0,scatter,c,780.2943130109222,3.1179393030810707
0,scatter,c,781.4540417764099,3.050991574106421
0,scatter,c,782.6058803174408,3.0643813431112004
0,scatter,c,783.7578678700836,3.0969963513402163
0,scatter,c,784.9168427560242,3.1534351297752266
0,scatter,c,786.0509520146759,3.2459440410889515
0,scatter,c,787.1990037534149,3.091660243155203
0,scatter,c,788.3590314958008,3.161007000785422
0,scatter,c,789.5422950360687,3.156749811698587
0,scatter,c,790.6770196530731,3.2272600796366415
0,scatter,c,791.8029468629272,3.3075782499999997
0,scatter,c,792.9168782803924,3.2920525
0,scatter,c,794.0672393414886,3.21845601786657
0,scatter,c,795.2191005322845,3.177848096432468
0,scatter,c,796.3734191033752,3.0888356664025336
0,scatter,c,797.4885769460113,3.010263938184122
0,scatter,c,798.631827649823,2.838005545482599
0,scatter,c,799.7741273019226,2.7523806198507454
0,scatter,c,800.9528298947723,2.6782172762868854
0,scatter,c,802.1143308255585,2.626951452927829
0,scatter,c,803.2736816975982,2.6172401005927837
0,scatter,c,804.4323387715729,2.631223645251987
0,scatter,c,805.5930827233703,2.6245644515954885
0,scatter,c,806.7786336514862,2.6079524917012837
0,scatter,c,807.9704652402313,2.5977591368796253
0,scatter,c,809.1171026799591,2.595952876171993
0,scatter,c,810.2656231496246,2.604356484224766
0,scatter,c,811.4067953202637,2.6208646025877314
0,scatter,c,812.5513935658844,2.638723453869129
0,scatter,c,813.6908124062927,2.6719203915151875
0,scatter,c,814.8527117345245,2.713550536512179
0,scatter,c,816.0858758065613,2.7705786620290525
0,scatter,c,817.2558794591339,2.8380109626982297
0,scatter,c,818.4064019296081,2.939773309741959
0,scatter,c,819.5491231057556,3.047769821410457
0,scatter,c,820.6958056065948,3.17887094284929
0,scatter,c,821.841488895169,3.339905370056052
0,scatter,c,822.9797618958862,3.5124034279911283
0,scatter,c,824.131252107373,3.735205735017652
0,scatter,c,825.2737663361938,3.9756868327589787
0,scatter,c,826.4658811662109,4.294454689678917
0,scatter,c,827.6188419434936,4.666876451802596
0,scatter,c,828.7794762227447,5.029556290341712
0,scatter,c,829.9370155904205,5.337451271053511
0,scatter,c,831.1133473489197,5.648130388354147
0,scatter,c,832.3958836171539,5.89991228335003
0,scatter,c,833.6026409242065,6.186801596407681
0,scatter,c,834.777055082074,6.418779863489959
0,scatter,c,835.952345189801,6.633664307316139
0,scatter,c,837.1617870900543,6.918562791022911
0,scatter,c,838.3058820340545,7.165102387664765
0,scatter,c,839.4724057290466,7.392412494938045
0,scatter,c,840.6440313432129,7.645887638583554
0,scatter,c,841.8094995591553,7.847862952754905
0,scatter,c,842.947102126828,8.042654500306865
0,scatter,c,844.1183529469879,8.32166934445999
0,scatter,c,845.2799432847412,8.5919116383535
0,scatter,c,846.4472954842956,8.683093310986056
0,scatter,c,847.6769896123321,8.937610306522421
0,scatter,c,848.8078771207245,9.191823007491367
0,scatter,c,849.9168432328613,9.443
0,scatter,c,852.856067714444,5.2149139112903224
0,scatter,c,853.6037202451141,4.485807494407159
0,scatter,c,854.283182916394,3.6367026315789475
0,scatter,c,854.980579433194,3.011757455621301
0,scatter,c,855.6801624867828,3.161171168582376
0,scatter,c,856.4016147229584,2.9348693885760255
0,scatter,c,857.071267184964,2.5662764563106792
0,scatter,c,857.7580507371338,2.697694850700792
0,scatter,c,858.5269630525024,2.677638288043478
0,scatter,c,859.1922863099487,2.5877611329082884
0,scatter,c,859.8880272481354,2.6903058087578184
0,scatter,c,860.5773132417114,2.638599733278621
0,scatter,c,861.2537298772247,2.598136703338391
0,scatter,c,861.9667406651886,2.715416666666666
0,scatter,c,862.6623952958496,2.7695521918259716
0,scatter,c,863.3871071908386,2.7430663779771103
0,scatter,c,864.0986145112427,2.7360139423076917
0,scatter,c,864.8202620122345,2.768647094464334
0,scatter,c,865.5196359727295,2.743973772845953
0,scatter,c,866.2168300721557,2.776585182427401
0,scatter,c,866.9247186753662,2.81897880794702
0,scatter,c,867.5849307153137,2.8268744183419923
0,scatter,c,868.2802839848907,2.7918030696065714
0,scatter,c,868.9772060487182,2.7750157305699483
0,scatter,c,869.6819325063141,2.8197690784235663
0,scatter,c,870.3892312619598,2.873249109707065
0,scatter,c,871.0943103406341,2.8823811693102175
0,scatter,c,871.7928381535919,2.9224463885429635
0,scatter,c,872.4913282964142,3.0273084020618555
0,scatter,c,873.2012699220093,3.0373625685329784
0,scatter,c,873.879429874173,3.3153586764232874
0,scatter,c,874.5998921964081,3.1600418419822347
0,scatter,c,875.2955580327423,3.196407905078597
0,scatter,c,876.0032449338348,3.1551664416727805
0,scatter,c,876.6930921647461,3.213882335329341
0,scatter,c,877.3625386330993,3.204317738804936
0,scatter,c,878.0889759633453,3.2698023273070698
0,scatter,c,878.7812872502716,3.259275785047956
0,scatter,c,879.4857440564545,3.333011056338028
0,scatter,c,880.1447561356933,3.402177250593083
0,scatter,c,880.8556895825775,3.4240743908382063
0,scatter,c,881.5647607419403,3.452691132389675
0,scatter,c,882.2725248906524,3.4970339472461074
0,scatter,c,882.9535971257599,3.665065048268029
0,scatter,c,883.6350312802704,3.736952293425143
0,scatter,c,884.3514631364258,3.5390381777681186
0,scatter,c,885.0701780888946,3.540615858328015
0,scatter,c,885.7618222806366,3.744185131757108
0,scatter,c,886.477071342221,3.817868
0,scatter,c,887.117569503537,3.54154625
0,scatter,c,887.8258612725647,3.458173851682116
0,scatter,c,888.5053721043976,3.4656732716443304
0,scatter,c,889.1873803708465,3.5282132402477453
0,scatter,c,889.9558225247772,3.68384329187028
0,scatter,c,890.6347237203033,3.7833526064735947
0,scatter,c,891.3278639886291,3.9116684057634203
0,scatter,c,892.0744176480682,3.700466069941715
0,scatter,c,892.7602463338287,3.745384667397661
0,scatter,c,893.4469750497253,3.7188060244724688
0,scatter,c,894.1286035153778,3.765553066581305
0,scatter,c,894.8470490548523,4.028222014189988
0,scatter,c,895.538929042569,3.905434862385322
0,scatter,c,896.2236497971924,4.379318106197144
0,scatter,c,896.9415634248169,4.3550744510978046
0,scatter,c,897.6222797009857,4.387623213499633
0,scatter,c,898.2847691152008,4.4437593409915355
0,scatter,c,898.9555986497314,3.9902058438522676
0,scatter,c,899.633951244107,4.408922362495979
0,scatter,c,900.3121643636139,4.0196236999501584
0,scatter,c,901.030244168988,3.6205089690721657
0,scatter,c,901.7111447427185,3.577571419676214
0,scatter,c,902.4015408131988,3.606316405385467
0,scatter,c,903.0822167966278,3.5529789297338694
0,scatter,c,903.7602866265686,3.527864430732484
0,scatter,c,904.5420735452087,3.581015968911917
0,scatter,c,905.2427187535675,3.4597988002594033
0,scatter,c,905.99084239935,3.486027908290039
0,scatter,c,906.6792870137604,3.432898509933775
0,scatter,c,907.3942576024444,3.322370265574584
0,scatter,c,908.0837617490204,3.306293550913839
0,scatter,c,908.8067608449371,3.3133979482236304
0,scatter,c,909.5206580731781,3.260102636946387
0,scatter,c,910.2284577462585,3.138055938756573
0,scatter,c,910.9122810933502,3.1916401944627553
0,scatter,c,911.6327820393951,3.1422161728395066
0,scatter,c,912.3922317597778,3.0654026365705613
0,scatter,c,913.0837987039001,2.907662412802627
0,scatter,c,913.8010647866638,2.819803306523683
0,scatter,c,914.5191979977997,2.813400245218245
0,scatter,c,915.2372015092285,2.6648410326086953
0,scatter,c,915.9338155362518,2.7992451858622793
0,scatter,c,916.6431625459106,2.330125
0,scatter,c,917.3437581632049,2.5166427594529357
0,scatter,c,918.0490487191589,2.4411480842911906
0,scatter,c,918.7317727181824,2.1350256804733756
0,scatter,c,919.4146252248199,2.041263390092882
0,scatter,c,920.0879338357361,2.3421780760626434
0,scatter,c,920.8102532002838,2.7535332661290375
0,scatter,c,921.524476585141,5.95155
0,scatter,c,923.5926344964416,1.4096292338709677
0,scatter,c,924.2065723512085,2.3867549217002235
0,scatter,c,924.819274959317,1.8057334365325077
0,scatter,c,925.4240871045502,2.2422052071005916
0,scatter,c,926.0398517224701,2.2312131226053644
0,scatter,c,926.6655560109527,2.555988616251006
0,scatter,c,927.2788837525757,2.5072385922330094
0,scatter,c,927.8787067506225,2.6436097196831203
0,scatter,c,928.4942210290344,2.7386725815217394
0,scatter,c,929.1074715230377,2.9964004659146632
0,scatter,c,929.7393570516022,2.966296447721179
0,scatter,c,930.3653650853546,3.0875328272466147
0,scatter,c,930.9928234193237,3.0399778452200303
0,scatter,c,931.6199796769531,3.119215555555556
0,scatter,c,932.2393434617431,3.2501478740936056
0,scatter,c,932.8660975072296,3.2697201360965042
0,scatter,c,933.4921484563263,3.255352549533799
0,scatter,c,934.1223416898163,3.3617859542825665
0,scatter,c,934.7508636090668,3.3417635378590074
0,scatter,c,935.3655448529632,3.3992476048647307
0,scatter,c,935.9913266274841,3.4011956953642386
0,scatter,c,936.6035492989929,3.495847831488593
0,scatter,c,937.2420101735504,3.488774048854302
0,scatter,c,937.8695228669555,3.48753970984456
0,scatter,c,938.5162578198822,3.5267832902070064
0,scatter,c,939.1362546059997,3.5384135554279155
0,scatter,c,939.7612512681396,3.5805927609738095
0,scatter,c,940.3839026067169,3.5830506849315067
0,scatter,c,941.0112574670227,3.5859627061855672
0,scatter,c,941.6181507680328,3.6422483967436445
0,scatter,c,942.2229340646179,3.607539104213573
0,scatter,c,942.8342140290649,3.6715202898550725
0,scatter,c,943.4399724576385,3.686478264812575
0,scatter,c,944.0643463704498,3.6925893103448275
0,scatter,c,944.672834214917,3.6789844810379235
0,scatter,c,945.295356569043,3.0167298696797453
0,scatter,c,945.9240477654846,2.990720817593093
0,scatter,c,946.5464757058533,2.778536276441991
0,scatter,c,947.1712422940643,2.794015134443022
0,scatter,c,947.7869854543121,2.834281383443626
0,scatter,c,948.3998613927276,2.853837189327485
0,scatter,c,949.042369661084,2.8959518734388006
0,scatter,c,949.663261708966,2.908546851034162
0,scatter,c,950.2902742001922,2.9106982226007942
0,scatter,c,950.9263661477478,3.3579462183474003
0,scatter,c,951.5508332822235,2.6450772900141257
0,scatter,c,952.175066051236,2.536304780897681
0,scatter,c,952.8000922772796,2.4139300593688158
0,scatter,c,953.383050021878,2.5077865
0,scatter,c,953.959740218869,2.44697725
0,scatter,c,954.5776491734894,2.214325872304968
0,scatter,c,955.2089861009033,2.1939570197830247
0,scatter,c,955.8485150906952,2.193766684776703
0,scatter,c,956.4798415276916,2.207247284540204
0,scatter,c,957.1074283692749,2.185131766042022
0,scatter,c,957.730531272641,2.159678416221241
0,scatter,c,958.3558273885162,2.167492880932556
0,scatter,c,958.9532893273743,2.1430255665204676
0,scatter,c,959.5597868535431,2.14357716319141
0,scatter,c,960.1893854710968,2.131865147247119
0,scatter,c,960.8137138459595,2.1307261463671003
0,scatter,c,961.4394727322967,2.127326538046412
0,scatter,c,962.0633648011597,2.113694447525302
0,scatter,c,962.6893601987274,2.0941240518962077
0,scatter,c,963.3019323918732,2.1122152824651503
0,scatter,c,963.9219122502716,2.095529511789601
0,scatter,c,964.5462923619659,2.087123959794296
0,scatter,c,965.1841362092407,2.079928248633001
0,scatter,c,965.8088305566223,2.070752292739658
0,scatter,c,966.4477916333587,2.069662757731959
0,scatter,c,967.0703776452453,2.0494836239103362
0,scatter,c,967.680212793103,2.0695825986720773
0,scatter,c,968.3372562501343,2.022199416044419
0,scatter,c,968.9622641179474,2.053626184315287
0,scatter,c,969.5698531243713,2.0189442072538863
0,scatter,c,970.179647502652,1.9961578901859056
0,scatter,c,970.8151529405029,1.9688685904675858
0,scatter,c,971.4267249677093,2.0084141556291395
0,scatter,c,972.0527642342956,1.925535207247456
0,scatter,c,972.6802459332855,1.906403211488251
0,scatter,c,973.2969389531524,1.8966474938033602
0,scatter,c,973.9255421731384,1.9205936917249418
0,scatter,c,974.5361505124481,1.8488815496442932
0,scatter,c,975.1688647839935,1.8925377883981542
0,scatter,c,975.7749157521637,1.8081492592592594
0,scatter,c,976.3998630616577,1.8106540971168434
0,scatter,c,977.0233491036804,1.8938449733278624
0,scatter,c,977.6484604451568,1.8137695933869538
0,scatter,c,978.2686544034393,1.780248822952428
0,scatter,c,978.9093502137573,1.7463706521739133
0,scatter,c,979.5235403153808,1.6579139549055457
0,scatter,c,980.1407759759338,1.8050604368932037
0,scatter,c,980.7695043656738,1.776368262268704
0,scatter,c,981.3898027512939,1.5597676245210748
0,scatter,c,982.0133379075439,1.599125147928996
0,scatter,c,982.6303387257965,1.8618103715170302
0,scatter,c,983.2822657201202,2.7352468680089532
0,scatter,c,983.9137132737549,2.081581250000004
0,scatter,c,984.4818130109222,9.20455
0,scatter,c,986.3082702729614,3.802716129032258
0,scatter,c,986.9011865231903,2.5863285234899327
0,scatter,c,987.4936636063965,2.11809326625387
0,scatter,c,988.0664117906006,1.9575326035502958
0,scatter,c,988.6558712098511,1.900345785440613
0,scatter,c,989.249393520108,1.8918533386967018
0,scatter,c,989.8451257321747,1.898704126213592
0,scatter,c,990.4189446542175,1.9012462827544183
0,scatter,c,990.987447080365,1.9064861413043477
0,scatter,c,991.5651095483215,1.9125692496321727
0,scatter,c,992.1447661492737,1.9198760500446823
0,scatter,c,992.7393177125366,1.92509881001231
0,scatter,c,993.3361833665283,1.9292244309559936
0,scatter,c,993.9152670476349,1.9333455555555552
0,scatter,c,994.494175967923,1.9297617996044822
0,scatter,c,995.0929434869201,1.91249894834519
0,scatter,c,995.6852565381439,1.9051562645687645
0,scatter,c,996.2777453038605,1.914182098595428
0,scatter,c,996.8883047673614,1.9306409399477806
0,scatter,c,997.4958832833679,1.953633283693224
0,scatter,c,998.1120970818909,1.9830090231788078
0,scatter,c,998.7019346330078,2.0165558730517277
0,scatter,c,999.2997971150787,2.0566139969736272
0,scatter,c,999.8884649846466,2.0976483626943008
0,scatter,c,1000.4810567471893,2.139758509156051
0,scatter,c,1001.057458219281,2.183548544897569
0,scatter,c,1001.6674888703735,2.231340437108078
0,scatter,c,1002.2701159093292,2.278164819427148
0,scatter,c,1002.8504167172821,2.325942439862543
0,scatter,c,1003.433187780133,2.3749393919255692
0,scatter,c,1004.0217853162201,2.4245579044708907
0,scatter,c,1004.6253858182342,2.4773233987844785
0,scatter,c,1005.1993303868683,2.527735285671101
0,scatter,c,1005.7919061753662,2.578353396918562
0,scatter,c,1006.3847728345306,2.6281517465069855
0,scatter,c,1006.9645262334259,2.6790449396922225
0,scatter,c,1007.5447462174805,2.728122267943875
0,scatter,c,1008.1284876439483,2.778452903692025
0,scatter,c,1008.7345529172333,2.8252088732394367
0,scatter,c,1009.3049853417785,2.8734413097765015
0,scatter,c,1009.9018498036774,2.919765411793372
0,scatter,c,1010.4850400063904,2.9647686927560364
0,scatter,c,1011.0923162076385,3.0091747792237973
0,scatter,c,1011.6853597733887,3.0531471493469615
0,scatter,c,1012.2789462182434,3.0952063027543306
0,scatter,c,1012.8884060952576,3.138546104531131
0,scatter,c,1013.4909628007324,3.1788666613486494
0,scatter,c,1014.0875573727997,3.2198366472242466
0,scatter,c,1014.6236887547882,3.2509642499999996
0,scatter,c,1015.1852558228882,3.27247875
0,scatter,c,1015.7722163770111,3.2487028069992707
0,scatter,c,1016.3654375646026,3.2176484258668365
0,scatter,c,1016.9605143639953,3.1770148049549056
0,scatter,c,1017.5522688004883,3.136637261217237
0,scatter,c,1018.1484213445099,3.0931387734241906
0,scatter,c,1018.7574518296631,3.0490491982337904
0,scatter,c,1019.364429054013,3.006427144046628
0,scatter,c,1019.9580214593323,2.9617715095029236
0,scatter,c,1020.5285111043365,2.9143543825696097
0,scatter,c,1021.1271386716278,2.8679298463508323
0,scatter,c,1021.7250879380615,2.820363000919721
0,scatter,c,1022.31732469534,2.772110543712898
0,scatter,c,1022.8946996304901,2.7233429640926103
0,scatter,c,1023.4782379243286,2.672389371257485
0,scatter,c,1024.071918544522,2.6195371239911966
0,scatter,c,1024.648630914441,2.5705277055622737
0,scatter,c,1025.2423039052399,2.5192406576281754
0,scatter,c,1025.8318636987121,2.465544773238983
0,scatter,c,1026.4330652329834,2.413173475660409
0,scatter,c,1027.024036464444,2.360535850515464
0,scatter,c,1027.6227663133056,2.3093906600249063
0,scatter,c,1028.2273769948395,2.2569972058281076
0,scatter,c,1028.8391130540283,2.2024838598506604
0,scatter,c,1029.4319420430572,2.1532242436305733
0,scatter,c,1030.0260916325958,2.1024914922279794
0,scatter,c,1030.6110306355865,2.0554980977086035
0,scatter,c,1031.2043371770294,2.008147729839621
0,scatter,c,1031.783835468045,1.9645013245033114
0,scatter,c,1032.3740516278656,1.9234220898485976
0,scatter,c,1032.968562183133,1.8846711357702355
0,scatter,c,1033.5474446389587,1.8502041035527403
0,scatter,c,1034.122161206952,1.817676558857809
0,scatter,c,1034.7156591985138,1.7906408134859264
0,scatter,c,1035.3093274209411,1.768119133157548
0,scatter,c,1035.8859346482666,1.755182592592593
0,scatter,c,1036.4642859074982,1.7483296661608498
0,scatter,c,1037.0553875539215,1.7589783545342637
0,scatter,c,1037.649461326352,1.772857439678285
0,scatter,c,1038.2273083302887,1.7761190289357534
0,scatter,c,1038.824292001477,1.7755083423913047
0,scatter,c,1039.400964078656,1.769949573430835
0,scatter,c,1040.0256052586944,1.7656820388349512
0,scatter,c,1040.6163764569671,1.766386926790024
0,scatter,c,1041.2079368207367,1.789741427203067
0,scatter,c,1041.7953584763916,1.8623595266272213
0,scatter,c,1042.3956792924316,2.0339740712074326
0,scatter,c,1043.017457065335,2.4915074944071622
0,scatter,c,1043.612643060437,3.6701592741935554
0,scatter,c,1044.179118451825,8.02905
0,scatter,c,1045.946532783261,3.0347755747126435
0,scatter,c,1046.6377173039825,2.1001233384853166
0,scatter,c,1047.2300017449768,1.9102385835095135
0,scatter,c,1047.8056398007782,1.8870687148594378
0,scatter,c,1048.3946414563568,1.9020838406735752
0,scatter,c,1048.9766917798431,1.9052997287032012
0,scatter,c,1049.5516279313476,1.9140859477124184
0,scatter,c,1050.1436894509704,1.921275747644408
0,scatter,c,1050.7221191499145,1.9235280839416058
0,scatter,c,1051.3066604707153,1.9183604804211913
0,scatter,c,1051.8966887566955,1.8966192780107844
0,scatter,c,1052.4881141755493,1.899594061039318
0,scatter,c,1053.0685763928802,1.9272436991869917
0,scatter,c,1053.666806039563,1.968824628099174
0,scatter,c,1054.2870572183044,2.021161380679312
0,scatter,c,1054.8946676824005,2.0814709290295887
0,scatter,c,1055.4850364301117,2.1476708593141076
0,scatter,c,1056.064647016278,2.216686558644817
0,scatter,c,1056.6412184808166,2.2875564485165794
0,scatter,c,1057.2493842217834,2.362302678719522
0,scatter,c,1057.8412297341736,2.436382909292036
0,scatter,c,1058.418118533841,2.512880006035914
0,scatter,c,1059.0115724179657,2.5900691813456542
0,scatter,c,1059.598041591397,2.664780394463668
0,scatter,c,1060.1869419190796,2.7394041334396597
0,scatter,c,1060.7552538487823,2.813255483829733
0,scatter,c,1061.3374045464905,2.884278034966757
0,scatter,c,1061.9315708253296,2.9539031172069827
0,scatter,c,1062.5245702836426,3.0209966628440363
0,scatter,c,1063.108132419339,3.0862928983257567
0,scatter,c,1063.699037132016,3.1501391661300704
0,scatter,c,1064.2931109044464,3.210241852968702
0,scatter,c,1064.9041827294739,3.254280692819686
0,scatter,c,1065.5110734078796,3.3123381204111606
0,scatter,c,1066.1011272046478,3.3736833222370173
0,scatter,c,1066.6781383130462,3.4241726116711364
0,scatter,c,1067.2722361657532,3.4705515568754506
0,scatter,c,1067.8508434865387,3.5142376172114633
0,scatter,c,1068.4426332089813,3.5556473398804442
0,scatter,c,1069.0381165120514,3.604473907069698
0,scatter,c,1069.6145923707397,3.641347733181671
0,scatter,c,1070.2051728341492,3.677614602998334
0,scatter,c,1070.783784446469,3.709338156671316
0,scatter,c,1071.3626814458282,3.739048807269974
0,scatter,c,1071.9625921819122,3.7744055205864933
0,scatter,c,1072.5681121919067,3.8007506918785774
0,scatter,c,1073.1485932443054,3.8229148844135583
0,scatter,c,1073.7197747800262,3.8436302965071865
0,scatter,c,1074.2900741670044,3.869011
0,scatter,c,1074.8691559407623,3.877476333333333
0,scatter,c,1075.460870322934,3.862025456565516
0,scatter,c,1076.0746450993927,3.844031410438236
0,scatter,c,1076.6527431580932,3.8246473773817287
0,scatter,c,1077.2482948872955,3.802292050503555
0,scatter,c,1077.8400319192322,3.769644585384324
0,scatter,c,1078.439155397168,3.741316674415001
0,scatter,c,1079.040458497754,3.712657745696835
0,scatter,c,1079.6362031075867,3.6786327998050052
0,scatter,c,1080.2129362199219,3.6451987051378136
0,scatter,c,1080.8261275861175,3.598641806148591
0,scatter,c,1081.4314423177154,3.5582156647094916
0,scatter,c,1082.0439272496612,3.517057460403168
0,scatter,c,1082.6363435361297,3.4725927957088687
0,scatter,c,1083.228128967038,3.4269429760319574
0,scatter,c,1083.8095527264984,3.368194522760646
0,scatter,c,1084.3991129968078,3.314780571803147
0,scatter,c,1085.0070233914764,3.26248109077675
0,scatter,c,1085.583278712979,3.2103810849967807
0,scatter,c,1086.1823173139007,3.149074182281849
0,scatter,c,1086.7693341348083,3.0868654185779816
0,scatter,c,1087.3521261784942,3.0216911055694102
0,scatter,c,1087.9469290349396,2.954260797833047
0,scatter,c,1088.5527370545776,2.8844542438962035
0,scatter,c,1089.1271763417633,2.8129633971291867
0,scatter,c,1089.6952982518585,2.738337024221453
0,scatter,c,1090.2926328751953,2.6630353883915685
0,scatter,c,1090.8707318875702,2.5854487324581257
0,scatter,c,1091.4635174844177,2.5080438606194693
0,scatter,c,1092.043109950772,2.4298562779897166
0,scatter,c,1092.622819957486,2.3511431413612565
0,scatter,c,1093.229583558789,2.2717671239182478
0,scatter,c,1093.8052707288177,2.1936780592361655
0,scatter,c,1094.399954137555,2.1166068590937304
0,scatter,c,1094.9794951054962,2.04369284296427
0,scatter,c,1095.5725889775665,1.9757534710743803
0,scatter,c,1096.172837552777,1.9122648373983744
0,scatter,c,1096.7646637532623,1.8574610668133076
0,scatter,c,1097.3722661111267,1.8110718544038342
0,scatter,c,1097.9695864293487,1.7742401776900298
0,scatter,c,1098.5615385148437,1.7523759124087588
0,scatter,c,1099.1700709435852,1.758766775911512
0,scatter,c,1099.763449487439,1.7774738562091505
0,scatter,c,1100.3746555421264,1.7794005697232766
0,scatter,c,1100.9592114064606,1.7725686528497415
0,scatter,c,1101.5610826585205,1.773369036144578
0,scatter,c,1102.137696084729,1.5960273784355192
0,scatter,c,1102.7437475297363,1.707055486862442
0,scatter,c,1103.3365812871368,2.457807614942536
0,scatter,c,1103.8906798932464,7.6853
0,scatter,c,1107.4065080258758,8.269893993506491
0,scatter,c,1108.7616916272552,6.540658438061041
0,scatter,c,1110.1121237847717,5.571905831265509
0,scatter,c,1111.4531674954803,4.98019279620853
0,scatter,c,1112.7886550996216,4.579483627300614
0,scatter,c,1114.1342259023102,4.294584546039923
0,scatter,c,1115.46527558302,4.094449389567147
0,scatter,c,1116.8021691415222,3.9419349829351535
0,scatter,c,1118.149523076764,3.831063673913043
0,scatter,c,1119.4857483479889,3.741980678697528
0,scatter,c,1120.8268600079925,3.6808777877055032
0,scatter,c,1122.1531725499542,3.6388884148342626
0,scatter,c,1123.4998779866607,3.607550166868932
0,scatter,c,1124.8544240567596,3.5843007616361073
0,scatter,c,1126.182066735974,3.5721273194517655
0,scatter,c,1127.5095759007843,3.563387670046995
0,scatter,c,1128.8686273667724,3.56090568499534
0,scatter,c,1130.2150126073273,3.559625523012552
0,scatter,c,1131.5594728562744,3.5643803027139884
0,scatter,c,1132.9173613164337,3.576234242905338
0,scatter,c,1134.2886572453888,3.578403555219365
0,scatter,c,1135.6356049153717,3.597790057793029
0,scatter,c,1136.9526017281921,3.6156038195644657
0,scatter,c,1138.2921705815704,3.6323220463960233
0,scatter,c,1139.6409230801971,3.654108290897518
0,scatter,c,1140.986370858899,3.6738779810194395
0,scatter,c,1142.3658841226013,3.694793659687407
0,scatter,c,1143.6836479279907,3.7182452851656946
0,scatter,c,1145.0529172990234,3.7400801030219775
0,scatter,c,1146.3778989884765,3.765006753884978
0,scatter,c,1147.7218473527344,3.7847244600154286
0,scatter,c,1149.0414290997894,3.8107950791080105
0,scatter,c,1150.3831687543304,3.833463333736104
0,scatter,c,1151.7413180444153,3.8558853079178887
0,scatter,c,1153.0855856511505,3.879932191702758
0,scatter,c,1154.4434602830322,3.9019048099301785
0,scatter,c,1155.7801468942077,3.9259078515962034
0,scatter,c,1157.145039615384,3.9465986766095997
0,scatter,c,1158.4921722981842,3.9682859518935523
0,scatter,c,1159.8327186677368,3.99094308314203
0,scatter,c,1161.183167991391,4.0097352113361895
0,scatter,c,1162.5299923989685,4.0307050251973
0,scatter,c,1163.8747931096466,4.050875004644251
0,scatter,c,1165.2201817605408,4.069729210167953
0,scatter,c,1166.540854987851,4.088745831853693
0,scatter,c,1167.9052630040558,4.105436567358638
0,scatter,c,1169.2305698964508,4.1243666085699715
0,scatter,c,1170.5790103051575,4.135822387811173
0,scatter,c,1171.947263536206,4.145217283849918
0,scatter,c,1173.2834199044617,4.167612323127349
0,scatter,c,1174.6341515157135,4.17676552359304
0,scatter,c,1175.9643557641418,4.186413561928191
0,scatter,c,1177.2963281247528,4.206338148762824
0,scatter,c,1178.6269174191864,4.2153372417623105
0,scatter,c,1179.9696393582733,4.232004711356697
0,scatter,c,1181.2931879136474,4.239953913447118
0,scatter,c,1182.6431332204254,4.255420744456918
0,scatter,c,1183.9997420880707,4.261386787118129
0,scatter,c,1185.298676547757,4.277963799999999
0,scatter,c,1186.58756905531,4.2784118
0,scatter,c,1187.9331698987396,4.262767495345148
0,scatter,c,1189.2809129331024,4.255999277294415
0,scatter,c,1190.6176636788757,4.2403116296507894
0,scatter,c,1191.9566007230194,4.234654649556492
0,scatter,c,1193.313169774762,4.215785694187338
0,scatter,c,1194.6586762044342,4.208366830114664
0,scatter,c,1196.005096015683,4.189494652879219
0,scatter,c,1197.3778555962951,4.180991436745571
0,scatter,c,1198.7064986798675,4.171399284515148
0,scatter,c,1200.06342011427,4.149916349918433
0,scatter,c,1201.4053507420929,4.140030392973108
0,scatter,c,1202.7619643781097,4.126647202856658
0,scatter,c,1204.0995975110443,4.110784387214453
0,scatter,c,1205.4463506314667,4.093471226917614
0,scatter,c,1206.801068601361,4.074822814344075
0,scatter,c,1208.1630716893585,4.055086824261565
0,scatter,c,1209.5167368028076,4.033545350385091
0,scatter,c,1210.8730753037842,4.015482942150369
0,scatter,c,1212.2293861482055,3.9973362710849383
0,scatter,c,1213.575682697049,3.9754619703172973
0,scatter,c,1214.9193847749145,3.9533367976052927
0,scatter,c,1216.2783356282623,4.007632269197583
0,scatter,c,1217.6022148702057,3.966797944142746
0,scatter,c,1218.9449298951538,3.972931496466833
0,scatter,c,1220.2995203111084,3.956440686217008
0,scatter,c,1221.642128524533,3.9388898320444654
0,scatter,c,1222.9720945928009,3.8716157219384577
0,scatter,c,1224.306781348935,3.8478285934687575
0,scatter,c,1225.6729178998382,3.82522687607916
0,scatter,c,1227.0342052552612,3.807348207417582
0,scatter,c,1228.3747547242554,3.8493337860901717
0,scatter,c,1229.7153909776123,3.8324018947213205
0,scatter,c,1231.084266719571,3.817448561151079
0,scatter,c,1232.4286881062897,3.804485996180776
0,scatter,c,1233.7699003789337,3.791978392709196
0,scatter,c,1235.0922504041107,3.783719149671621
0,scatter,c,1236.468299922696,3.7757288152429105
0,scatter,c,1237.8094587895782,3.7737902893343414
0,scatter,c,1239.1535280320556,3.775355437586823
0,scatter,c,1240.4940770242126,3.7799988204592907
0,scatter,c,1241.8452287290008,3.7916932724069596
0,scatter,c,1243.1589377496155,3.805666332712021
0,scatter,c,1244.4866736504944,3.830505317833291
0,scatter,c,1245.8467493626983,3.862898260411175
0,scatter,c,1247.19268041586,3.9031737094499293
0,scatter,c,1248.5386951539429,3.957424104975728
0,scatter,c,1249.9117892358215,4.021968231046931
0,scatter,c,1251.2420049283417,4.1013919585418135
0,scatter,c,1252.6265194985779,4.201415692428402
0,scatter,c,1253.968413171521,4.333793695652172
0,scatter,c,1255.3092291924866,4.508602510970258
0,scatter,c,1256.6542316052826,4.7187230854606
0,scatter,c,1258.0055282685669,4.987859240180297
0,scatter,c,1259.3519991013916,5.340988573619635
0,scatter,c,1260.7040770623596,5.820741469194307
0,scatter,c,1262.0498636338623,6.459434925558309
0,scatter,c,1263.3869293305786,7.35559991023339
0,scatter,c,1264.729086217633,8.77676720779221
0,scatter,c,1266.050625142804,11.414250000000001
0,scatter,c,1267.7412596318634,10.20048701298701
0,scatter,c,1268.2486324880035,7.901974865350089
0,scatter,c,1268.8273761842163,6.961414392059554
0,scatter,c,1269.2890444371612,6.1069194312796204
0,scatter,c,1269.7384999368103,5.734854294478527
0,scatter,c,1270.2095890614899,5.193367675466838
0,scatter,c,1270.6637161347778,4.955410654827968
0,scatter,c,1271.1121187779816,4.617016089712336
0,scatter,c,1271.5586944196136,4.423717391304347
0,scatter,c,1272.008425054303,4.292487249901922
0,scatter,c,1272.4696481797607,4.132952108649035
0,scatter,c,1272.8952513310821,4.079849031834591
0,scatter,c,1273.3109207723053,4.000758495145631
0,scatter,c,1273.7556562993439,3.91280677009873
0,scatter,c,1274.2030163381012,3.897825513969425
0,scatter,c,1274.6253786656769,3.8715557754142957
0,scatter,c,1275.0536382768066,3.8222157502329916
0,scatter,c,1275.5021205518158,3.8328561990750933
0,scatter,c,1276.0262027356537,3.7906576200417543
0,scatter,c,1276.5256093118103,3.778974002778329
0,scatter,c,1276.9826665494354,3.7862424357034796
0,scatter,c,1277.4420509908111,3.78699656853892
0,scatter,c,1277.8743537042053,3.780038022813688
0,scatter,c,1278.3208220574768,3.8054266777133394
0,scatter,c,1278.7753344151886,3.790308720560153
0,scatter,c,1279.2020547959717,3.8233047604469617
0,scatter,c,1279.6601455781372,3.842133588911824
0,scatter,c,1280.1681345078857,3.847880813540037
0,scatter,c,1280.6305757138641,3.8601236263736265
0,scatter,c,1281.0722196671875,3.88448665161376
0,scatter,c,1281.5467558476837,3.9012213936744664
0,scatter,c,1281.9973252389343,3.920592998629625
0,scatter,c,1282.455454406491,3.937016674722087
0,scatter,c,1282.8982775781067,3.9583636363636368
0,scatter,c,1283.34617691969,3.978498974242078
0,scatter,c,1283.7957897756012,3.999157708079353
0,scatter,c,1284.2254746529968,4.018706859361519
0,scatter,c,1284.661870536557,4.044359836151665
0,scatter,c,1285.0972352597626,4.060250767656091
0,scatter,c,1285.5630515191467,4.078296237149415
0,scatter,c,1286.1071363065155,4.096041098558628
0,scatter,c,1286.5601249310882,4.114067699914424
0,scatter,c,1287.024408635846,4.126602266394205
0,scatter,c,1287.4915817353638,4.140177031320926
0,scatter,c,1287.9444881055267,4.167817826704545
0,scatter,c,1288.3773596856506,4.175558064796317
0,scatter,c,1288.8005962941559,4.188739160006802
0,scatter,c,1289.259142217389,4.201373740737656
0,scatter,c,1289.6844490144165,4.210848287112561
0,scatter,c,1290.0871904466064,4.23291630026381
0,scatter,c,1290.5053346726806,4.236318388462141
0,scatter,c,1290.94405799841,4.247074652110402
0,scatter,c,1291.3626151654632,4.2645481291490634
0,scatter,c,1291.8259327981384,4.269363198815253
0,scatter,c,1292.2782071206482,4.287301875817945
0,scatter,c,1292.689860639325,4.290698421766764
0,scatter,c,1293.1059101197632,4.300392927308448
0,scatter,c,1293.545216617337,4.310161368181505
0,scatter,c,1293.966261205426,4.3206
0,scatter,c,1294.3771246049316,4.3218
0,scatter,c,1294.815147218457,4.31138197365699
0,scatter,c,1295.2545042607696,4.303911731686781
0,scatter,c,1295.6778462502868,4.29280511319003
0,scatter,c,1296.1371985051544,4.287516358877418
0,scatter,c,1296.57549291586,4.267178822658274
0,scatter,c,1297.0507779691131,4.265883373566686
0,scatter,c,1297.5106645200165,4.249569462597063
0,scatter,c,1297.947193917981,4.24256153002038
0,scatter,c,1298.3746667477997,4.235510432488609
0,scatter,c,1298.82322936987,4.213495106035888
0,scatter,c,1299.2501738641174,4.20554908000999
0,scatter,c,1299.6910498711975,4.197266621322904
0,scatter,c,1300.1337197396667,4.178376617736472
0,scatter,c,1300.5584147546203,4.172008167613636
0,scatter,c,1301.0067813966186,4.153835678620062
0,scatter,c,1301.4426541898163,4.129616384915475
0,scatter,c,1301.8880045983703,4.115470191119141
0,scatter,c,1302.319401321164,4.099201402415271
0,scatter,c,1302.7709642026336,4.076529593771832
0,scatter,c,1303.191925821057,4.056627430910952
0,scatter,c,1303.6316545579346,4.039092532297027
0,scatter,c,1304.0777698132904,4.027615401207937
0,scatter,c,1304.5210016343506,3.997196054527319
0,scatter,c,1304.9751060578735,3.9821974014132655
0,scatter,c,1305.397817430249,3.9735894428152494
0,scatter,c,1305.8368898007782,3.946997341710971
0,scatter,c,1306.2515247437866,3.929045720692663
0,scatter,c,1306.684144553891,3.9072897917202356
0,scatter,c,1307.1308785054596,3.88448665161376
0,scatter,c,1307.6361747357757,3.8690384615384614
0,scatter,c,1308.1435123059662,3.8503982363817375
0,scatter,c,1308.5711250874908,3.8299542907696837
0,scatter,c,1308.9870503518493,3.811112811878157
0,scatter,c,1309.3950942132385,3.8086171228516865
0,scatter,c,1309.824311790219,3.788806959403479
0,scatter,c,1310.2617748353393,3.7744296577946765
0,scatter,c,1310.7056019875915,3.757693696947806
0,scatter,c,1311.1568153474243,3.7650434947049916
0,scatter,c,1311.5839849088104,3.7297975788846993
0,scatter,c,1312.0067289445312,3.746315240083508
0,scatter,c,1312.4370935532959,3.76789253468399
0,scatter,c,1312.8810160729797,3.7466099720410058
0,scatter,c,1313.3002691838653,3.770863220380904
0,scatter,c,1313.7111197087677,3.781193990511333
0,scatter,c,1314.130698737851,3.811283497884344
0,scatter,c,1314.5459488007934,3.865609830097087
0,scatter,c,1314.9841828915985,3.8978339350180518
0,scatter,c,1315.425868091336,3.9821837026447438
0,scatter,c,1315.8469527337463,4.07491173009023
0,scatter,c,1316.2736576173218,4.210804347826085
0,scatter,c,1316.6888621423157,4.314968308142369
0,scatter,c,1317.1090691659363,4.457741398446172
0,scatter,c,1317.5548301312836,4.781165486155828
0,scatter,c,1318.0260253522308,5.042599693251536
0,scatter,c,1318.4701498124512,5.519715639810421
0,scatter,c,1318.9215870473297,6.331885856079399
0,scatter,c,1319.3522070023926,7.255834829443443
0,scatter,c,1319.7878115746887,8.390259740259742
0,scatter,c,1320.1781154248627,13.299999999999999
0,scatter,c,1321.3844481084259,8.926623376623375
0,scatter,c,1321.6837192151459,7.843716337522441
0,scatter,c,1321.9832866761597,6.617369727047146
0,scatter,c,1322.2692075345428,6.140473933649289
0,scatter,c,1322.5569632623108,5.7461656441717786
0,scatter,c,1322.8652229878815,5.086992916934965
0,scatter,c,1323.1666737172516,4.873557158712542
0,scatter,c,1323.467352208844,4.6975621647976595
0,scatter,c,1323.770855245343,4.417304347826086
0,scatter,c,1324.0723429295929,4.2809140839544915
0,scatter,c,1324.3606527421387,4.190939957112223
0,scatter,c,1324.6643376920135,4.096307843780768
0,scatter,c,1324.9586284730347,4.010603762135922
0,scatter,c,1325.2665236565979,3.926953455571227
0,scatter,c,1325.573154029599,3.884607274644174
0,scatter,c,1325.865943727246,3.8430991837744246
0,scatter,c,1326.1586285207184,3.82977632805219
0,scatter,c,1326.4550479028137,3.8257101959920714
0,scatter,c,1326.7584033582123,3.8079018789144055
0,scatter,c,1327.0642178628357,3.8012204802540186
0,scatter,c,1327.3781648251922,3.7862424357034796
0,scatter,c,1327.6706908318909,3.781668773704172
0,scatter,c,1327.9709122750671,3.780038022813688
0,scatter,c,1328.2735021684082,3.7922286661143336
0,scatter,c,1328.5807545754822,3.8086171228516865
0,scatter,c,1328.8867674443634,3.813370580131639
0,scatter,c,1329.1804390523346,3.8321291654379235
0,scatter,c,1329.4770060155304,3.840748115488551
0,scatter,c,1329.7819908234985,3.8645810439560444
0,scatter,c,1330.0720685098083,3.88448665161376
0,scatter,c,1330.3747454259308,3.8993250192851634
0,scatter,c,1330.6810179326446,3.9143453344960752
0,scatter,c,1330.9859920117767,3.941294103431609
0,scatter,c,1331.2949982259186,3.9566334310850437
0,scatter,c,1331.5885906789215,3.978498974242078
0,scatter,c,1331.8774006936462,3.993599689681924
0,scatter,c,1332.178639707318,4.013298101811907
0,scatter,c,1332.4879801843078,4.037233483877744
0,scatter,c,1332.7939940068634,4.051796315250768
0,scatter,c,1333.0819914910705,4.076529593771832
0,scatter,c,1333.376494464627,4.090869692247759
0,scatter,c,1333.6855309579284,4.109299229818389
0,scatter,c,1333.9872062776,4.120574029351664
0,scatter,c,1334.2739995095642,4.143390830685429
0,scatter,c,1334.578544435254,4.157865767045454
0,scatter,c,1334.8873470399292,4.175558064796317
0,scatter,c,1335.1839006516846,4.1874851215779625
0,scatter,c,1335.4889081094177,4.206777120972442
0,scatter,c,1335.7902544114502,4.212292006525286
0,scatter,c,1336.089308080426,4.231501319050284
0,scatter,c,1336.3960123631866,4.237474525787741
0,scatter,c,1336.6870167825134,4.245713846390405
0,scatter,c,1336.9693198773773,4.263212884731441
0,scatter,c,1337.256697950116,4.267178822658274
0,scatter,c,1337.555570182553,4.287301875817945
0,scatter,c,1337.8385871026428,4.288170392058845
0,scatter,c,1338.12854104971,4.302669800729722
0,scatter,c,1338.4312246415527,4.304668643541825
0,scatter,c,1338.7285233113678,4.3218
0,scatter,c,1339.000713882199,4.3228
0,scatter,c,1339.3001857373627,4.307923591476451
0,scatter,c,1339.589820680371,4.303911731686781
0,scatter,c,1339.8886278245361,4.291751767478398
0,scatter,c,1340.1970396611603,4.287516358877418
0,scatter,c,1340.4986253354461,4.275697889670492
0,scatter,c,1340.805984315625,4.2645481291490634
0,scatter,c,1341.0973640057953,4.2493426616437295
0,scatter,c,1341.407058534375,4.2439488948110995
0,scatter,c,1341.6940227124603,4.230322168039012
0,scatter,c,1341.9951210591705,4.209404567699837
0,scatter,c,1342.301780042401,4.2028473898925975
0,scatter,c,1342.6068375680359,4.18999319843564
0,scatter,c,1342.9197252366455,4.184013723616781
0,scatter,c,1343.2056892487915,4.166246448863636
0,scatter,c,1343.5051689717682,4.144462097140263
0,scatter,c,1343.8021548364075,4.135644621958016
0,scatter,c,1344.108548698178,4.11547019111914
0,scatter,c,1344.4060597989471,4.098914102064666
0,scatter,c,1344.7048538300903,4.0797684399640675
0,scatter,c,1345.0163703534515,4.061760491299897
0,scatter,c,1345.3264346692474,4.0428106291355945
0,scatter,c,1345.642975387326,4.026024590163933
0,scatter,c,1345.9735985371979,4.011908456167571
0,scatter,c,1346.2979245755585,3.983878504672896
0,scatter,c,1346.6155980203064,3.9587096774193546
0,scatter,c,1346.922077474347,3.949136056065732
0,scatter,c,1347.2205119702728,3.927208172418089
0,scatter,c,1347.5485900018127,3.911841090254564
0,scatter,c,1347.835403499356,3.8954575640855365
0,scatter,c,1348.1286302182586,3.866607142857143
0,scatter,c,1348.4538806054504,3.845782961171952
0,scatter,c,1348.7489901158722,3.8347390150398106
0,scatter,c,1349.0428627107055,3.816079902035818
0,scatter,c,1349.3339830014618,3.7926559516231695
0,scatter,c,1349.6284978959472,3.797116818558409
0,scatter,c,1349.9286985967071,3.771370549602489
0,scatter,c,1350.2249034020813,3.769414845584251
0,scatter,c,1350.5361042592438,3.7555597579425104
0,scatter,c,1350.8447206590088,3.765509029569358
0,scatter,c,1351.1345871064575,3.742620041753654
0,scatter,c,1351.4384537312897,3.7464545254349266
0,scatter,c,1351.737308797589,3.7466099720410058
0,scatter,c,1352.0451043221863,3.774511501360375
0,scatter,c,1352.3531737897308,3.7897469688982603
0,scatter,c,1352.6483109567077,3.821269393511989
0,scatter,c,1352.9360671613128,3.8360740291262134
0,scatter,c,1353.2286301228912,3.9084837545126363
0,scatter,c,1353.5405891511352,3.963205861329519
0,scatter,c,1353.8519902799042,4.056394664574341
0,scatter,c,1354.1540949914368,4.153086956521738
0,scatter,c,1354.4422321889313,4.314968308142369
0,scatter,c,1354.7460969064148,4.557602663706992
0,scatter,c,1355.0420017812164,4.718480360592403
0,scatter,c,1355.360935744992,5.194171779141108
0,scatter,c,1355.6615367505462,5.3799052132701375
0,scatter,c,1355.9679823491485,6.211104218362277
0,scatter,c,1356.2763429257782,6.662657091561936
0,scatter,c,1356.5667970750244,8.917045454545454
0,scatter,c,1356.851023492566,11.399999999999999
0,scatter,c,1358.868282613507,9.691295941558442
0,scatter,c,1359.569226798764,8.246303949730699
0,scatter,c,1360.2521780106933,7.299602977667494
0,scatter,c,1360.924056586972,6.6512377725118474
0,scatter,c,1361.6246288392456,6.1584100460122695
0,scatter,c,1362.3072572324188,5.763792820347715
0,scatter,c,1363.000024614087,5.459895033296338
0,scatter,c,1358.03008609747,12.315249999999999
0,scatter,c,1359.3917465779693,12.204775721729922
0,scatter,c,1360.0647979352386,12.07549937778239
0,scatter,c,1360.7624176118286,12.081294306112598
0,scatter,c,1361.44760852789,11.9057353448152
0,scatter,c,1362.117892322293,11.685975279869524
0,scatter,c,1362.8121984574707,11.657162170744888
0,scatter,c,1363.5134153935821,11.508543961901928
0,scatter,c,1364.2002239797027,11.343246473916695
0,scatter,c,1364.8712108704956,11.227901519337408
0,scatter,c,1365.5677688691528,11.055673841515246
0,scatter,c,1366.2681456181915,10.909782463808936
0,scatter,c,1366.9338408086212,10.7341839161183
0,scatter,c,1367.6266573045166,10.58335868757509
0,scatter,c,1368.3167715642364,10.378314095009879
0,scatter,c,1369.023745832196,10.220793767994419
0,scatter,c,1369.714240131131,10.048285169232667
0,scatter,c,1370.4191258523376,9.841964554868488
0,scatter,c,1371.0986073586853,9.637570735601328
0,scatter,c,1371.7990358445556,9.421126799567812
0,scatter,c,1372.5017798516662,9.197146741344817
0,scatter,c,1373.1867743108185,8.974515146058915
0,scatter,c,1373.8800111386688,8.73806681939272
0,scatter,c,1374.5817292306335,8.380095826588912
0,scatter,c,1375.2512052628906,8.121380939940648
0,scatter,c,1375.9317305657776,7.901316211858196
0,scatter,c,1376.6032128903778,7.658670117646991
0,scatter,c,1377.3069494340332,7.438416062889396
0,scatter,c,1378.0034635636719,7.209711470163384
0,scatter,c,1378.6939278218658,6.967641992583293
0,scatter,c,1379.396061477414,6.736044743311909
0,scatter,c,1380.0717948052795,6.519171413426186
0,scatter,c,1380.762146053067,6.295889423545998
0,scatter,c,1381.461126384488,6.081699974489867
0,scatter,c,1382.1635940644653,5.885913498467975
0,scatter,c,1382.8649867150696,5.724356155535756
0,scatter,c,1383.5677037808807,5.5368633390838795
0,scatter,c,1384.2410042855652,5.343787931011173
0,scatter,c,1384.943629798642,5.164604607739072
0,scatter,c,1385.61886435484,5.009813331869567
0,scatter,c,1386.3252554509552,4.83398032851433
0,scatter,c,1387.0102234456451,4.692257183077208
0,scatter,c,1387.7114675614746,4.5706945890866475
0,scatter,c,1388.3987484548004,4.46700846560943
0,scatter,c,1389.091243085614,4.357557702434633
0,scatter,c,1389.8012698266418,4.265882678209487
0,scatter,c,1390.4846766564758,4.19429320336026
0,scatter,c,1391.1933060262115,4.133014725790457
0,scatter,c,1391.8781002137573,4.084602026448842
0,scatter,c,1392.5967708203705,4.035374305866411
0,scatter,c,1393.2842460248382,4.001632464538348
0,scatter,c,1393.9745250317962,3.9985901990665935
0,scatter,c,1394.6666911218078,3.9706004646184803
0,scatter,c,1395.3753119084747,3.9841797170050213
0,scatter,c,1396.0770071122558,4.0010386984253525
0,scatter,c,1396.7774298760803,3.954319960421627
0,scatter,c,1397.450089034787,4.058640397822374
0,scatter,c,1398.1473548982055,3.8732860087471974
0,scatter,c,1398.8314211938293,3.628693655966883
0,scatter,c,1399.4824014279754,3.2416988
0,scatter,c,1400.1290422055633,3.1621402
0,scatter,c,1400.8036430451782,2.3319522495793885
0,scatter,c,1401.5191562745483,2.2571418993692545
0,scatter,c,1402.2215941522034,2.187559156073892
0,scatter,c,1402.9241729352386,2.1187850309670684
0,scatter,c,1403.6256800267608,2.0453532133953702
0,scatter,c,1404.3267269704254,1.972276947933278
0,scatter,c,1404.990940389386,1.918214431489358
0,scatter,c,1405.6845689389618,1.8755939419285015
0,scatter,c,1406.383571204892,1.8515640287239379
0,scatter,c,1407.083267984143,1.850910568614007
0,scatter,c,1407.773709592572,1.849321391467602
0,scatter,c,1408.4733937356384,1.8341756152674253
0,scatter,c,1409.1749632928284,1.8119610966784518
0,scatter,c,1409.8781297776611,1.782040913299453
0,scatter,c,1410.5483058068664,1.7517438429503946
0,scatter,c,1411.2244654271515,1.7186722566531998
0,scatter,c,1411.9066691968353,1.6844647841328784
0,scatter,c,1412.6089654538544,1.6475659012550183
0,scatter,c,1413.2963262174042,1.606117236697646
0,scatter,c,1413.9673688981445,1.5576919714945394
0,scatter,c,1414.6885130975159,1.5055169844282186
0,scatter,c,1415.3629248711975,1.457491036847563
0,scatter,c,1416.0756791207702,1.406165303582995
0,scatter,c,1416.7775624368103,1.3544256640398866
0,scatter,c,1417.450952825299,1.3024825251968661
0,scatter,c,1418.1398673627289,1.2571313735795209
0,scatter,c,1418.8710539910705,1.2203229342207575
0,scatter,c,1419.5747044656189,1.1870469498366834
0,scatter,c,1420.24674874281,1.1649533415609066
0,scatter,c,1420.9330087277801,1.1495147752318677
0,scatter,c,1421.6191230389984,1.1484876777684039
0,scatter,c,1422.3156695935638,1.1579012944407907
0,scatter,c,1423.0311084363373,1.1727201634799889
0,scatter,c,1423.7334576222809,1.1947887373880772
0,scatter,c,1424.4357576939972,1.2462816526712601
0,scatter,c,1425.1548865411194,1.300893320222668
0,scatter,c,1425.8454814526947,1.3563502225000341
0,scatter,c,1426.5447936627777,1.4474536273847654
0,scatter,c,1427.2286253545196,1.5425320329183072
0,scatter,c,1427.9032347772034,1.6404509214267244
0,scatter,c,1428.6231544587524,1.7592119349533486
0,scatter,c,1429.3254891011627,1.9069399706646561
0,scatter,c,1430.0173168752106,2.0307474277536213
0,scatter,c,1430.7163611028107,2.161857365527636
0,scatter,c,1431.3862422082336,2.3365514759875268
0,scatter,c,1432.0751033399017,2.486930360050475
0,scatter,c,1432.7439721200378,2.6785973604733977
0,scatter,c,1433.451219615689,2.8363730503097266
0,scatter,c,1434.1560378644378,3.0015421843747494
0,scatter,c,1434.8302879903229,3.2386711295923902
0,scatter,c,1435.513112363568,3.380677007050021
0,scatter,c,1436.2161982629211,3.5971292883260078
0,scatter,c,1436.9068425271423,3.8013564045436645
0,scatter,c,1437.586331901303,4.021525221321272
0,scatter,c,1438.2645719621094,4.229153778951382
0,scatter,c,1438.9845858189972,4.409551776068247
0,scatter,c,1439.665287313214,4.566232204107383
0,scatter,c,1440.3555937383087,4.867758609871803
0,scatter,c,1441.0136650178345,5.07915
0,scatter,c,1443.019878682843,4.948579812914877
0,scatter,c,1443.88035827612,4.671968497677004
0,scatter,c,1444.6973770234497,4.526836730309432
0,scatter,c,1445.4746349427612,4.236787754679734
0,scatter,c,1446.196125564328,4.045825791880182
0,scatter,c,1446.955889997235,3.810881254986035
0,scatter,c,1447.700054464093,3.628812447415171
0,scatter,c,1448.4623857114227,3.4278818039417014
0,scatter,c,1449.1729562852295,3.2315208894307688
0,scatter,c,1449.8958294961365,3.0385319162078046
0,scatter,c,1450.6160278890045,2.856198334529745
0,scatter,c,1451.346163806668,2.6930081280683784
0,scatter,c,1452.1491296861084,2.514835952026312
0,scatter,c,1452.944674310437,2.3440241675181293
0,scatter,c,1453.831642923108,2.1795579749944722
0,scatter,c,1454.741229829541,2.043152883806958
0,scatter,c,1455.6259158227356,1.903547763469929
0,scatter,c,1456.6033351991089,1.7705295499791247
0,scatter,c,1457.3488128755005,1.6601262287193448
0,scatter,c,1458.0745359036835,1.5484942898471208
0,scatter,c,1458.813912925473,1.4482312858649486
0,scatter,c,1459.6982284161957,1.3825211152984573
0,scatter,c,1460.489504394284,1.3028222566521819
0,scatter,c,1461.2328975770386,1.2539112574361146
0,scatter,c,1461.9493229958923,1.2113540486936865
0,scatter,c,1468.0338821980865,1.180499801929511
0,scatter,c,1468.7526362512024,1.1623366721168298
0,scatter,c,1469.487668571225,1.1601902307650744
0,scatter,c,1470.2104294869812,1.1616398363103444
0,scatter,c,1470.9382231805237,1.1783399330963622
0,scatter,c,1471.663956222287,1.2111259623461914
0,scatter,c,1472.3553519818695,1.243634703263244
0,scatter,c,1473.0695124242218,1.2821528024367916
0,scatter,c,1473.7780664536865,1.327570217926149
0,scatter,c,1474.5028889748962,1.380836610112511
0,scatter,c,1475.2307987782867,1.4347967292510315
0,scatter,c,1475.9779232118042,1.485649201174477
0,scatter,c,1476.70368939375,1.5371758689223598
0,scatter,c,1477.4195273492248,1.5951716545521581
0,scatter,c,1478.1389084432037,1.6406439004949023
0,scatter,c,1478.856569585553,1.6821136216987265
0,scatter,c,1479.5655932996185,1.7191930313293111
0,scatter,c,1480.2883248898895,1.7529771349398435
0,scatter,c,1480.9828942391784,1.7833421752591165
0,scatter,c,1481.7384069535644,1.806295445854124
0,scatter,c,1482.4640029046448,1.8300803295704762
0,scatter,c,1483.216975507489,1.8490394563909636
0,scatter,c,1483.914990482083,1.865775470833118
0,scatter,c,1484.6113174531372,1.866177132928362
0,scatter,c,1485.3442812535675,1.8633559011777516
0,scatter,c,1486.058083591214,1.882205865727607
0,scatter,c,1486.7785366151245,1.921844416734086
0,scatter,c,1487.4941855046661,1.9770210497198006
0,scatter,c,1488.2125788304718,2.053037987690992
0,scatter,c,1488.9199874970825,2.1370063045144003
0,scatter,c,1489.653966245404,2.2221845085436485
0,scatter,c,1490.389522847882,2.3141619848712147
0,scatter,c,1491.1242597672851,2.4266469362684933
0,scatter,c,1491.8105762574585,2.5956257999999996
0,scatter,c,1492.4797964665802,2.6721236
0,scatter,c,1493.2260685536774,2.4977405358891014
0,scatter,c,1493.9395256612213,2.396563104731379
0,scatter,c,1494.6730633351715,2.326267924007981
0,scatter,c,1495.3695264432342,2.2525248981516195
0,scatter,c,1496.091581878415,2.1878934023840806
0,scatter,c,1496.800824460736,2.130394855307489
0,scatter,c,1497.5104990575226,2.0643865094367397
0,scatter,c,1498.2254708382995,2.0048285740358853
0,scatter,c,1498.9317894551666,1.9653117660887887
0,scatter,c,1499.6605854604156,1.9462437415041318
0,scatter,c,1500.3766494367035,1.9428304821533415
0,scatter,c,1501.096353587857,1.9344038682373126
0,scatter,c,1501.7824831578644,1.9094436228458032
0,scatter,c,1502.4794891450317,1.8810295945491333
0,scatter,c,1503.1878312203796,1.8506028084158792
0,scatter,c,1503.9234936807068,1.8214822980185852
0,scatter,c,1504.633963165036,1.7853815738066114
0,scatter,c,1505.3612380597503,1.7522870282151335
0,scatter,c,1506.077752408734,1.7123167942915314
0,scatter,c,1506.764200029126,1.6683983294862919
0,scatter,c,1507.508354243985,1.6199628527212864
0,scatter,c,1508.1977556321533,1.5711691433957382
0,scatter,c,1508.8846550557525,1.521833853663831
0,scatter,c,1509.5929637524994,1.4747358961279704
0,scatter,c,1510.2995122048767,1.4263063110683485
0,scatter,c,1511.022913751355,1.3862815103781914
0,scatter,c,1511.750726995221,1.3460463203063613
0,scatter,c,1512.4678834054382,1.3126112228989841
0,scatter,c,1513.1899772260101,1.2884413289870509
0,scatter,c,1513.920447168103,1.2711530963599345
0,scatter,c,1514.6539371583374,1.2711643472885394
0,scatter,c,1515.343999442807,1.281979985969019
0,scatter,c,1516.0816319558533,1.2924204099001626
0,scatter,c,1516.7970004651459,1.3150149292721731
0,scatter,c,1517.5118518445404,1.3530749554270325
0,scatter,c,1518.234631833783,1.3968985779374
0,scatter,c,1518.9578021142395,1.4575247758879895
0,scatter,c,1519.7094500634582,1.533696653430275
0,scatter,c,1520.4595265958221,1.6159024126990704
0,scatter,c,1521.1958540055664,1.7050947391180638
0,scatter,c,1521.8906765553863,1.8055028357554979
0,scatter,c,1522.6780205342682,1.9272626534078412
0,scatter,c,1523.401253518811,2.0518445333592057
0,scatter,c,1524.1026149365814,2.1591304152836126
0,scatter,c,1525.0247502896698,2.3156036601986716
0,scatter,c,1525.754455384961,2.465556809508472
0,scatter,c,1529.5794804665954,2.6407162343687585
0,scatter,c,1530.3095260236175,2.8046883167905303
0,scatter,c,1531.0168715093048,2.964552452541694
0,scatter,c,1531.7015860650451,3.171799154586841
0,scatter,c,1532.4187338921936,3.351824375683363
0,scatter,c,1533.112085160962,3.576976721561099
0,scatter,c,1533.8215852353485,3.753931774945872
0,scatter,c,1534.5264413926513,3.934688259775076
0,scatter,c,1535.2409661385925,4.168150747680671
0,scatter,c,1535.9338586900146,4.367675081202353
0,scatter,c,1536.6476500604065,4.557026926784851
0,scatter,c,1537.3494852158935,4.7263784208866015
0,scatter,c,1537.9849141213806,4.89615
0,scatter,c,1540.9247906773805,4.86271742099991
0,scatter,c,1541.7472212883806,4.616819949744159
0,scatter,c,1542.5970497703806,4.413728259309886
0,scatter,c,1543.5332272623807,4.171922174920738
0,scatter,c,1544.5454614733806,3.9972254755209273
0,scatter,c,1545.3473401643805,3.785554180378826
0,scatter,c,1546.1427243323806,3.574099755364072
0,scatter,c,1546.9117532343805,3.3623278891679558
0,scatter,c,1547.6828497023805,3.190902825637491
0,scatter,c,1548.4929507313807,2.9993606238428465
0,scatter,c,1549.2476244513805,2.822508626663714
0,scatter,c,1550.0520043913807,2.656932620710519
0,scatter,c,1550.8317113513806,2.4803372367559624
0,scatter,c,1551.6029995013805,2.3440244089963658
0,scatter,c,1552.3964372213807,2.2095305713331106
0,scatter,c,1553.1811404813807,2.0667209568191933
0,scatter,c,1553.9185972813807,1.938569487257325
0,scatter,c,1554.6602137613806,1.8322470281994052
0,scatter,c,1555.4187963613806,1.7191510140084039
0,scatter,c,1556.2264752913807,1.6304033407085774
0,scatter,c,1557.0167658913806,1.5476802661132913
0,scatter,c,1557.8503666513807,1.4794594836001251
0,scatter,c,1558.6414251913807,1.4162283953342987
0,scatter,c,1559.4443820113806,1.3724400874917857
0,scatter,c,1560.2414389213807,1.336388454974458
0,scatter,c,1561.0735035513806,1.3065362132770755
0,scatter,c,1561.8498802713807,1.2855279656486078
0,scatter,c,1562.6264806313807,1.2828633996065673
0,scatter,c,1563.4144518913806,1.2939388597203976
0,scatter,c,1564.1981163613807,1.305174417973036
0,scatter,c,1564.9479313513807,1.3348570731334646
0,scatter,c,1565.7101734213807,1.3638072233194756
0,scatter,c,1566.5153213113806,1.4039738932932346
0,scatter,c,1567.2964635513806,1.4532372219401952
0,scatter,c,1568.0565395913807,1.5057584708186829
0,scatter,c,1568.8229952413806,1.553711241727696
0,scatter,c,1569.6035404813806,1.6038477549955863
0,scatter,c,1570.3890712813807,1.654470811306761
0,scatter,c,1571.1583061813806,1.7027065600760354
0,scatter,c,1571.9047129713806,1.7450050686769023
0,scatter,c,1572.6690402613806,1.7859992536166287
0,scatter,c,1573.4173596513806,1.820327820059041
0,scatter,c,1574.1474035313806,1.8546938879136763
0,scatter,c,1574.9603348313806,1.8840075678386394
0,scatter,c,1575.7587531213806,1.9078323255202243
0,scatter,c,1576.5418475213805,1.9316797334248996
0,scatter,c,1577.2959070813806,1.9502902371685313
0,scatter,c,1578.0688870513807,1.96356889370445
0,scatter,c,1578.8114381413807,1.9633758491140172
0,scatter,c,1579.5557172913807,1.9778251879521198
0,scatter,c,1580.2976081913805,2.01462910858312
0,scatter,c,1581.0684333413806,2.1145193944874894
0,scatter,c,1581.8408129813806,3.9781133111313056
0,scatter,c,1582.5922361013806,3.9986306316478966
0,scatter,c,1583.3428321413805,4.036879569240694
0,scatter,c,1584.1571844213806,4.082898998087169
0,scatter,c,1584.9440472713807,4.135654768355952
0,scatter,c,1585.6742213313805,4.216784231031018
0,scatter,c,1586.3860178513805,4.3045506
0,scatter,c,1587.1145458813805,4.2619656
0,scatter,c,1587.8882799713806,4.176085900815126
0,scatter,c,1588.6935024813806,4.106449324004453
0,scatter,c,1589.4913869513805,3.8929129358326118
0,scatter,c,1590.2819846213806,3.818773617382568
0,scatter,c,1591.1013842213806,3.7977995200281223
0,scatter,c,1591.8387208513807,3.9704134820157546
0,scatter,c,1592.6100054313806,3.5700052699670173
0,scatter,c,1593.3726201613806,3.8647127756134556
0,scatter,c,1594.1398480513806,4.0111584469942425
0,scatter,c,1594.9498828013807,4.032094659017511
0,scatter,c,1595.7158802113806,4.070507422588336
0,scatter,c,1596.4752798613806,4.080037877711947
0,scatter,c,1597.2245188313807,4.136417198998156
0,scatter,c,1598.0006187513807,4.2204179347734225
0,scatter,c,1598.7513242313805,4.304110534730974
0,scatter,c,1599.5200694213806,4.398701824861499
0,scatter,c,1600.3127813913807,4.505918831492652
0,scatter,c,1601.0731654713807,4.61790000661871
0,scatter,c,1601.8148141513807,4.72397254533755
0,scatter,c,1602.5677617213805,4.861339197533833
0,scatter,c,1603.3317423413805,5.004727422418601
0,scatter,c,1604.1293070913805,5.163883190554531
0,scatter,c,1604.8798432913807,5.326138329274276
0,scatter,c,1605.6848462213807,5.509099623737571
0,scatter,c,1606.4525664413807,5.704777911204329
0,scatter,c,1607.2548423413805,5.888102523383954
0,scatter,c,1608.0387161313806,6.098561102107293
0,scatter,c,1608.7988012413807,6.298829246790336
0,scatter,c,1609.5771310913806,6.511821602262563
0,scatter,c,1610.3377671813805,6.739066896951204
0,scatter,c,1611.0762627713807,6.964751877466688
0,scatter,c,1611.8535423813805,7.18848672144157
0,scatter,c,1612.6099537013806,7.414878110210238
0,scatter,c,1613.3863604613807,7.6491046158323455
0,scatter,c,1614.1569696013805,7.887265966351428
0,scatter,c,1614.9235196713805,8.113343590005787
0,scatter,c,1615.6881626213806,8.329822188478936
0,scatter,c,1616.4287157613805,8.560400234838815
0,scatter,c,1617.2335456013807,8.77909195257277
0,scatter,c,1618.0148645013805,9.012653351558393
0,scatter,c,1618.7914264813805,9.218852913728263
0,scatter,c,1619.5533564613806,9.423966701369718
0,scatter,c,1620.3715716013805,9.638910826187244
0,scatter,c,1621.1150482313806,9.84345826536428
0,scatter,c,1621.8776512713805,10.043244497319812
0,scatter,c,1622.6554237013806,10.212135664919852
0,scatter,c,1623.3920698713805,10.360805962089593
0,scatter,c,1624.1398535313806,10.551249169482688
0,scatter,c,1624.8821747913805,10.727241346847837
0,scatter,c,1625.6220982613806,10.938899896623019
0,scatter,c,1626.4278722413806,11.020674584592683
0,scatter,c,1627.2394288113805,11.197495468262254
0,scatter,c,1627.9990778513807,11.340892369290085
0,scatter,c,1628.7800710813806,11.46025791177889
0,scatter,c,1629.5485408913805,11.59680336719325
0,scatter,c,1630.3633909813807,11.737858065295704
0,scatter,c,1631.1445015013805,11.827164691540267
0,scatter,c,1631.9326086613805,11.99271468900829
0,scatter,c,1632.6645076813807,12.1323
0,scatter,c,1634.8994267523806,12.01293142701029
0,scatter,c,1635.8434024393807,11.946708905898843
0,scatter,c,1636.8662868083807,11.754586030072575
0,scatter,c,1638.7881191313807,11.657840622270518
0,scatter,c,1639.6036620683806,11.529714969279814
0,scatter,c,1640.4636300153807,11.416805927075073
0,scatter,c,1641.3070641103807,11.269509845167793
0,scatter,c,1642.1213605943806,11.120334501629467
0,scatter,c,1642.9144089713807,10.967565472088214
0,scatter,c,1643.7468751013807,10.825109046976495
0,scatter,c,1644.5899577713806,10.66018089202918
0,scatter,c,1645.4058437913807,10.488876382929579
0,scatter,c,1646.2749903713807,10.341902496393308
0,scatter,c,1647.1260943913805,10.131513989041848
0,scatter,c,1647.9545033513807,9.934725142980682
0,scatter,c,1648.7828808413806,9.767920784104916
0,scatter,c,1649.6059837913806,9.564055652556583
0,scatter,c,1650.4294975313805,9.354654970564935
0,scatter,c,1651.2440250413806,9.128812774664235
0,scatter,c,1652.1167045213806,8.926686587005825
0,scatter,c,1652.9618936113807,8.70258560897656
0,scatter,c,1653.7951591513806,8.4876004057701
0,scatter,c,1654.6365819513805,8.258966647997044
0,scatter,c,1655.4820364013806,8.01986871999348
0,scatter,c,1656.2913218113806,7.804595884596
0,scatter,c,1657.1266656413807,7.584222382719635
0,scatter,c,1657.9421673313807,7.348455969497396
0,scatter,c,1658.7679744313807,7.124159151826814
0,scatter,c,1659.6233060913808,6.898555066149366
0,scatter,c,1660.4656215213806,6.695884196943416
0,scatter,c,1661.3057287313807,6.482601390437759
0,scatter,c,1662.1147091913806,6.26674618277627
0,scatter,c,1662.9487667613807,6.0551642973145325
0,scatter,c,1663.8270567013806,5.868881501310213
0,scatter,c,1664.6328011113806,5.672794948693893
0,scatter,c,1665.5398295513808,5.483799623066927
0,scatter,c,1666.3411017013807,5.305025115861487
0,scatter,c,1667.1983652613806,5.129146272044889
0,scatter,c,1668.0597699213806,4.961811898611169
0,scatter,c,1668.8933251413807,4.802081306217687
0,scatter,c,1669.6954799213806,4.674802575992801
0,scatter,c,1670.5358782313806,4.560351976791945
0,scatter,c,1671.3671112613806,4.455707068124515
0,scatter,c,1672.1750393413806,4.347355326957331
0,scatter,c,1673.0059497913808,4.260867611878821
0,scatter,c,1673.8461652313806,4.184334797067707
0,scatter,c,1674.6994052513805,4.119719465890323
0,scatter,c,1675.5239904513805,4.070445274675857
0,scatter,c,1676.3496001313806,4.050075267187809
0,scatter,c,1677.1530814713806,4.007966246531296
0,scatter,c,1677.9509225413806,3.987851768762544
0,scatter,c,1678.7652910313807,3.9797819790847844
0,scatter,c,1679.5794652013806,3.989079553773196
0,scatter,c,1680.3631108313807,3.9526634505042417
0,scatter,c,1681.1949849713806,3.9957611649284948
0,scatter,c,1682.0212572113805,3.7744982424881695
0,scatter,c,1682.8758118713806,4.100565355818494
0,scatter,c,1683.7528660813807,4.222751322379478
0,scatter,c,1684.5025344413807,4.2860086
0,scatter,c,1685.2564054113807,4.2995382
0,scatter,c,1686.0644603313806,4.218221208531679
0,scatter,c,1686.9030836213806,4.0946276076134565
0,scatter,c,1687.7209518513807,4.087392550522671
0,scatter,c,1688.5648735113807,4.034460942212408
0,scatter,c,1689.3634310313807,3.989281488127415
0,scatter,c,1690.1645141213808,3.968935793706577
0,scatter,c,1690.9780214413806,3.9625300185192014
0,scatter,c,1691.8179762913805,3.9480402667298335
0,scatter,c,1692.6409502613806,3.966257303522499
0,scatter,c,1693.4750369113806,3.9938706342532706
0,scatter,c,1694.2885153813806,4.036543868363778
0,scatter,c,1695.1219978913807,4.0722647327933
0,scatter,c,1695.9244690513806,4.11829864205004
0,scatter,c,1696.7743702513806,4.181528833359578
0,scatter,c,1697.5854662013808,4.255990120128041
0,scatter,c,1698.4410935013807,4.354981743518153
0,scatter,c,1699.3230374413806,4.470647723997546
0,scatter,c,1700.1364510613807,4.561832860573561
0,scatter,c,1700.9561622713807,4.673432557241011
0,scatter,c,1701.8067906413808,4.80166078400839
0,scatter,c,1702.6264682313806,4.947268971494442
0,scatter,c,1703.4508617413805,5.093833385161704
0,scatter,c,1704.2754986813807,5.278612060137176
0,scatter,c,1705.1009748513807,5.4688557222205
0,scatter,c,1705.9533479713807,5.661737816963583
0,scatter,c,1706.7665310413806,5.856002432177305
0,scatter,c,1707.5999246213808,6.053877086046574
0,scatter,c,1708.4174612113807,6.26164721090761
0,scatter,c,1709.2177751613806,6.500779777920214
0,scatter,c,1710.0451226813807,6.72142441502116
0,scatter,c,1710.8417912113807,6.966775080254924
0,scatter,c,1711.6626296613806,7.19114794737965
0,scatter,c,1712.4767597213806,7.426558538603772
0,scatter,c,1713.2962530213806,7.659786780712549
0,scatter,c,1714.1331766213807,7.8966468889516745
0,scatter,c,1714.9915192713806,8.129454854760406
0,scatter,c,1715.8120439613806,8.35034037476314
0,scatter,c,1716.6708293513807,8.597699812661398
0,scatter,c,1717.5168386013806,8.80212548582753
0,scatter,c,1718.3509650813808,9.041688983355833
0,scatter,c,1719.1879308713806,9.23325967609368
0,scatter,c,1719.9919643913806,9.439776623725885
0,scatter,c,1720.8124056413806,9.64014130354534
0,scatter,c,1721.6437976913808,9.832562744442916
0,scatter,c,1722.4588657013805,10.023807404170139
0,scatter,c,1723.2678168313807,10.187488705945782
0,scatter,c,1724.0797055313806,10.368027611423216
0,scatter,c,1724.9431768013806,10.501739621212662
0,scatter,c,1725.7540572213807,10.681563215865943
0,scatter,c,1726.5334671113806,10.845752929014473
0,scatter,c,1727.3494876013806,11.010174109233324
0,scatter,c,1728.1743996713806,11.13992032451917
0,scatter,c,1728.9886942413807,11.30293559039759
0,scatter,c,1729.7875469313806,11.404704791848033
0,scatter,c,1730.6726132013807,11.520532588736133
0,scatter,c,1731.5154173913807,11.662450061549848
0,scatter,c,1732.3084197613807,11.790343580770093
0,scatter,c,1733.1579408813807,12.002777524815592
0,scatter,c,1733.9234884813807,12.03805
0,scatter,c,1736.1348842223806,12.0432110008196
0,scatter,c,1737.0847087933807,11.854739059403068
0,scatter,c,1738.0518854693807,11.783888288914229
0,scatter,c,1738.9722357823807,11.695941624313116
0,scatter,c,1739.8762215213808,11.540111607282658
0,scatter,c,1740.9282177523808,11.391510913643337
0,scatter,c,1741.8659158783807,11.255096581849159
0,scatter,c,1742.7552372053806,11.10458378859043
0,scatter,c,1743.6108723713808,10.96278428669883
0,scatter,c,1744.5216992913806,10.822932029999688
0,scatter,c,1745.4354172813808,10.626531545369467
0,scatter,c,1746.3696154213808,10.487070970596175
0,scatter,c,1747.2549003213808,10.335326024167054
0,scatter,c,1748.1545384913807,10.162915483040763
0,scatter,c,1749.1111210413808,9.971514415990251
0,scatter,c,1750.0224650913806,9.781567896622004
0,scatter,c,1750.9246526813806,9.57308116235527
0,scatter,c,1751.8349095413807,9.387568810148002
0,scatter,c,1752.7587333713807,9.173781255332774
0,scatter,c,1753.6803060613806,8.970199500863181
0,scatter,c,1754.5997749413807,8.748425416957996
0,scatter,c,1755.5051642513806,8.507410408385915
0,scatter,c,1756.3814931913807,8.298910732089363
0,scatter,c,1757.2305308413806,8.05683685660257
0,scatter,c,1758.1437357513807,7.850017972248536
0,scatter,c,1759.0463677513808,7.594924322934446
0,scatter,c,1759.9050630213808,7.370612873141037
0,scatter,c,1760.7902644713806,7.149179911488518
0,scatter,c,1761.6707547713806,6.914358408809842
0,scatter,c,1762.6204372513807,6.701575610091726
0,scatter,c,1763.5667539713806,6.479856020604289
0,scatter,c,1764.5417934513807,6.261473193594532
0,scatter,c,1765.4327384113806,6.0460641436625515
0,scatter,c,1766.3049462913807,5.850470435826094
0,scatter,c,1767.1753543413806,5.66042863828079
0,scatter,c,1768.0357721913806,5.461658677636166
0,scatter,c,1768.9351335613808,5.284862207587673
0,scatter,c,1769.8438767013806,5.095113683661217
0,scatter,c,1770.7654584513807,4.936297271082616
0,scatter,c,1771.6526211313808,4.7955175945352035
0,scatter,c,1772.5249463113807,4.641809283310269
0,scatter,c,1773.4380534713807,4.508749944045279
0,scatter,c,1774.3457761813806,4.411689297600143
0,scatter,c,1775.2165289913808,4.334354210017291
0,scatter,c,1776.0982361913807,4.262265087023039
0,scatter,c,1776.9863210713806,4.189351038753606
0,scatter,c,1777.8509670313806,4.120946642767458
0,scatter,c,1778.7727371313806,4.043684159605694
0,scatter,c,1779.7856155513807,4.0074418762118365
0,scatter,c,1780.6445184813806,3.986905616917
0,scatter,c,1781.5551913813806,3.962952085054109
0,scatter,c,1782.4251178313807,3.9550994651403197
0,scatter,c,1783.3501821613806,3.9637249611782455
0,scatter,c,1784.2036853913808,3.9987369698926734
0,scatter,c,1785.1060675213807,4.031848638906516
0,scatter,c,1786.0246473413806,4.0830459760222055
0,scatter,c,1786.9201058013807,4.135093092730692
0,scatter,c,1787.8367832713807,4.218099319105902
0,scatter,c,1788.6936462913807,4.3055710000000005
0,scatter,c,1789.5464271113806,4.2778908
0,scatter,c,1790.4252604113806,4.204776914678631
0,scatter,c,1791.2992230513807,4.10997975314923
0,scatter,c,1792.1427045913806,4.062576054460754
0,scatter,c,1793.0089956313807,3.9763144381477358
0,scatter,c,1793.8880196613807,3.938887378793561
0,scatter,c,1794.7850404813807,3.7862407090435224
0,scatter,c,1795.7206374213806,3.785355775912346
0,scatter,c,1796.6187797613807,3.76441086055306
0,scatter,c,1797.4747959213807,3.735672243522131
0,scatter,c,1798.3459793213806,3.722799645700695
0,scatter,c,1799.2726474813808,3.720872785126784
0,scatter,c,1800.1509686513807,3.7344892159065237
0,scatter,c,1801.0461007213808,3.7419954487902487
0,scatter,c,1801.9746352313807,3.7558126810972103
0,scatter,c,1802.8493701013806,3.783634386122589
0,scatter,c,1803.7038437013807,3.825777987878597
0,scatter,c,1804.6014491113806,3.8623070151120933
0,scatter,c,1805.4661413313806,3.907681302492882
0,scatter,c,1806.3567389113807,3.9380435333294503
0,scatter,c,1807.2727297413808,4.012436122442136
0,scatter,c,1808.1667398013806,4.077611658234765
0,scatter,c,1809.0601974513806,4.157109243339218
0,scatter,c,1809.9852369813807,4.2219344067607
0,scatter,c,1810.8762885213807,4.299083649405366
0,scatter,c,1811.8326548213806,4.374214712332031
0,scatter,c,1812.6848102613808,4.451524873981218
0,scatter,c,1813.5321515613807,4.544360679467325
0,scatter,c,1814.4096342113808,4.632079220545809
0,scatter,c,1815.2998767913807,4.736109753138726
0,scatter,c,1816.1946180913806,4.849783743732014
0,scatter,c,1817.0600775313806,4.966406100465846
0,scatter,c,1817.9517093713807,5.0738590093686335
0,scatter,c,1818.8271044313806,5.194991193606391
0,scatter,c,1819.7289675313807,5.337540991663381
0,scatter,c,1820.6046923213808,5.472146649269896
0,scatter,c,1821.4692174013808,5.619165258698224
0,scatter,c,1822.3717316213806,5.769246964699277
0,scatter,c,1823.2771855413807,5.935873310344538
0,scatter,c,1824.1266869113806,6.114649142512486
0,scatter,c,1825.0474959413807,6.303232695625141
0,scatter,c,1825.9604478913807,6.495687248020809
0,scatter,c,1826.9570416013808,6.695736414366657
0,scatter,c,1827.8092354413807,6.904778950335697
0,scatter,c,1828.6906164713807,7.142167508500226
0,scatter,c,1829.5482174013807,7.323764510376789
0,scatter,c,1830.4066406313807,7.595455124464181
0,scatter,c,1831.2933400713807,7.768803125477783
0,scatter,c,1832.2133272713806,7.990183821165512
0,scatter,c,1833.0782250013806,8.217258449179402
0,scatter,c,1833.9333995813806,8.407197622329427
0,scatter,c,1834.8016765813807,8.652344396672012
0,scatter,c,1835.6623268813807,8.861819655016596
0,scatter,c,1836.5278557813806,9.067021804472683
0,scatter,c,1837.4147527813807,9.30712044442496
0,scatter,c,1838.3468259813808,9.537526736037083
0,scatter,c,1839.6254251813807,9.719400663076888
0,scatter,c,1840.5469983813807,9.891195276282728
0,scatter,c,1841.6281717813806,10.16979327930061
0,scatter,c,1842.5298846813807,10.4078
0,scatter,c,1845.0137399283808,10.220335124305619
0,scatter,c,1846.1504770373808,10.061327052735463
0,scatter,c,1847.1850041003806,9.895289737412488
0,scatter,c,1848.1704913233807,9.731986272635366
0,scatter,c,1849.1369682403808,9.39048143949595
0,scatter,c,1850.1799832433808,9.152403168863463
0,scatter,c,1851.3468862623808,9.025975037786123
0,scatter,c,1852.2850249863807,8.79398256542695
0,scatter,c,1853.2329386313806,8.569607167470709
0,scatter,c,1854.2151759713806,8.31948018326168
0,scatter,c,1855.2076517213807,8.132800611546514
0,scatter,c,1856.1868513713807,7.922116789033502
0,scatter,c,1857.1427234313808,7.70715146918982
0,scatter,c,1858.1139289013806,7.4673777864104895
0,scatter,c,1859.0900510413808,7.252498476838112
0,scatter,c,1860.0348437913808,7.049919347802255
0,scatter,c,1860.9642480513808,6.839207385026618
0,scatter,c,1861.9513612813807,6.631489304857482
0,scatter,c,1862.9071653913807,6.434395692217234
0,scatter,c,1863.8726054313806,6.25542757438585
0,scatter,c,1864.8368562313808,6.083495287110067
0,scatter,c,1865.7972134213808,5.914998819693886
0,scatter,c,1866.9884673213808,5.75898407814283
0,scatter,c,1867.9124325413807,5.606516593069016
0,scatter,c,1868.8439582413807,5.473797618026598
0,scatter,c,1869.8204487413807,5.330268281274544
0,scatter,c,1870.7546719213808,5.224969491801746
0,scatter,c,1871.8013313813808,5.103208814177558
0,scatter,c,1872.8254693613808,4.994943195449804
0,scatter,c,1873.8307860913808,4.88369720957799
0,scatter,c,1874.8399289713807,4.7850696950193665
0,scatter,c,1875.8083962013807,4.684791868334936
0,scatter,c,1876.7433131813807,4.596090375259981
0,scatter,c,1877.6789857013807,4.517144850733599
0,scatter,c,1878.6284791113808,4.438677615598448
0,scatter,c,1879.5983916413807,4.36108122993778
0,scatter,c,1880.5484555813807,4.279828063558302
0,scatter,c,1881.4733194013806,4.197754131784322
0,scatter,c,1882.5565372513806,4.123432356275657
0,scatter,c,1883.4882181713808,4.0441116936577854
0,scatter,c,1884.4355374413808,3.971517346514409
0,scatter,c,1885.3784516913806,3.9122755626688948
0,scatter,c,1886.3037241513807,3.870985621165576
0,scatter,c,1887.2494026313807,3.8276012817131186
0,scatter,c,1888.2119351513807,3.780477932051126
0,scatter,c,1889.1430596013806,3.762285234979529
0,scatter,c,1890.1063762713807,3.7416487723866014
0,scatter,c,1891.0188163413807,3.7298136861572972
0,scatter,c,1891.9505211013807,3.7268709673011435
0,scatter,c,1892.9147144413807,3.740512780224125
0,scatter,c,1893.8983765713808,3.766380018890727
0,scatter,c,1894.8390017613808,3.783135119782584
0,scatter,c,1895.7573863113807,3.8369891683413098
0,scatter,c,1896.7419634913808,3.774603731967844
0,scatter,c,1897.7148009413806,3.9375501021046215
0,scatter,c,1898.7897688013807,4.02419097915641
0,scatter,c,1899.7647226913807,4.1215868317959234
0,scatter,c,1900.6701172413807,4.181468581781611
0,scatter,c,1901.5680283113807,4.237058
0,scatter,c,1902.4929259913808,4.2357716000000005
0,scatter,c,1903.4200407113808,4.200270959095402
0,scatter,c,1904.3593240813807,4.135868923768246
0,scatter,c,1905.3019336313807,4.091004764998171
0,scatter,c,1906.2479489913808,4.053230383631993
0,scatter,c,1907.1610695013808,3.954540496158284
0,scatter,c,1908.1062713713807,3.9025541355004414
0,scatter,c,1909.0688005513807,3.8628615651363067
0,scatter,c,1909.9825776713808,3.8074105639742206
0,scatter,c,1910.9883507313807,3.7706875484401903
0,scatter,c,1911.9729210013807,3.8069936586298048
0,scatter,c,1912.9173434813808,3.799604112198594
0,scatter,c,1913.9699913113807,3.8066946802374226
0,scatter,c,1914.8683353513807,3.8161176773842307
0,scatter,c,1915.8194378513808,3.830711417898298
0,scatter,c,1916.7429367113807,3.876714893727877
0,scatter,c,1917.7635086613807,3.929972777084262
0,scatter,c,1918.6936977913808,3.9883749649546747
0,scatter,c,1919.6777530713807,4.043603061163552
0,scatter,c,1920.6717759213807,4.1243191850722845
0,scatter,c,1921.7303181713808,4.212805693938336
0,scatter,c,1922.8473645313807,4.333727475516462
0,scatter,c,1923.8037978313807,4.472769102098548
0,scatter,c,1924.7873431313808,4.6000567981342675
0,scatter,c,1925.7929385713808,4.73358283934872
0,scatter,c,1926.7755516613806,4.904738146125457
0,scatter,c,1927.8439224813808,5.0404094225903515
0,scatter,c,1928.7973486013807,5.201845120770723
0,scatter,c,1929.9288993913808,5.385456520102208
0,scatter,c,1930.8791135413808,5.537621266933916
0,scatter,c,1931.8352628813807,5.727351414115841
0,scatter,c,1932.7808755513806,5.900609071371753
0,scatter,c,1933.7964178213808,6.120979490978604
0,scatter,c,1934.7450572113808,6.312723066783792
0,scatter,c,1935.7558051213807,6.523776851165691
0,scatter,c,1936.7429853513806,6.715497199479789
0,scatter,c,1937.7029181613807,6.911035373899867
0,scatter,c,1938.6718767713808,7.175827330785573
0,scatter,c,1939.8962718113808,7.425278240558456
0,scatter,c,1940.9992781713806,7.71434110554805
0,scatter,c,1942.2044857613807,7.971788888907661
0,scatter,c,1943.1506341813808,8.289871851245772
0,scatter,c,1944.4062596813808,8.573297122634878
0,scatter,c,1945.5596066813807,8.843720426595315
0,scatter,c,1946.5796116813808,9.12829690847271
0,scatter,c,1947.7842763813808,9.404518146232762
0,scatter,c,1948.7735927813808,9.650365705178528
0,scatter,c,1949.7519624813808,9.893627057112836
0,scatter,c,1950.6909800813808,10.103609267501591
0,scatter,c,1951.6367083813807,10.361835911758245
0,scatter,c,1952.5319214813808,10.606930565127497
0,scatter,c,1953.4664603813808,10.77675137996112
0,scatter,c,1954.4153066813808,11.027574780165272
0,scatter,c,1955.3529229813807,11.182762888479504
0,scatter,c,1956.2640174813807,11.314423143166715
0,scatter,c,1957.2150071813808,11.577718478985991
0,scatter,c,1958.1384619813807,11.700135183101358
0,scatter,c,1959.0648699813808,11.873149614788154
0,scatter,c,1959.9984040813808,12.01293142701029
0,scatter,c,1961.0358215813808,12.1101
0,scatter,c,1964.9611460213832,12.19466737971552
0,scatter,c,1966.447375202673,12.08470465510492
0,scatter,c,1967.9403673653774,11.909558320314503
0,scatter,c,1969.457355404394,11.726508851589184
0,scatter,c,1970.953115606802,11.557489144556133
0,scatter,c,1972.44107165386,11.321910249186473
0,scatter,c,1973.9462956433467,11.188829722929267
0,scatter,c,1975.442927980917,10.978686381689622
0,scatter,c,1976.924311543005,10.774098174621814
0,scatter,c,1978.432119513052,10.57716086311499
0,scatter,c,1979.9304889683895,10.343279432376091
0,scatter,c,1981.4116381650142,10.104664334858546
0,scatter,c,1982.9011925702266,9.867189219621947
0,scatter,c,1984.3813151364498,9.609449672742956
0,scatter,c,1985.8806196694545,9.348968121284699
0,scatter,c,1987.378556395071,9.042201564690659
0,scatter,c,1988.8663007264308,8.761959129087803
0,scatter,c,1990.3648404126338,8.460650093724155
0,scatter,c,1991.8647657876186,8.166663336363417
0,scatter,c,1993.366376543539,7.869617539896886
0,scatter,c,1994.8493193631343,7.6226294405496
0,scatter,c,1996.3542965893917,7.335729323540412
0,scatter,c,1997.8423010354213,7.138482441276884
0,scatter,c,1999.3513173108272,6.913818737802818
0,scatter,c,2000.8499757294826,6.682479345114014
0,scatter,c,2002.3629278187923,6.495686568786003
0,scatter,c,2003.8679713254146,6.299566913276847
0,scatter,c,2005.367891216772,6.107222540041408
0,scatter,c,2006.8899067883663,5.904851724999629
0,scatter,c,2008.3978427891902,5.724029287011796
0,scatter,c,2009.8979455475978,5.563134035669124
0,scatter,c,2011.409295464056,5.424982754003826
0,scatter,c,2012.9201580529384,5.264589309097653
0,scatter,c,2014.4246105199031,5.087023651132589
0,scatter,c,2015.9404047970943,4.944019862438992
0,scatter,c,2017.4478801732234,4.796845545776106
0,scatter,c,2018.9436117654018,4.6481550972281
0,scatter,c,2020.4419578557186,4.51418010535207
0,scatter,c,2021.9966901784114,4.3725235361820225
0,scatter,c,2023.4782618527584,4.269505833919484
0,scatter,c,2024.9632565026454,4.157886983505472
0,scatter,c,2026.5089038853816,4.090380263790525
0,scatter,c,2028.0034264569454,4.033374564778096
0,scatter,c,2029.4856683259181,3.934044474596616
0,scatter,c,2030.959756041067,3.8724775111474172
0,scatter,c,2032.4373032097988,3.8569978566731202
0,scatter,c,2033.9464010243587,3.821148885863562
0,scatter,c,2035.450308228033,3.7972446429794866
0,scatter,c,2036.94914927532,3.785393620368799
0,scatter,c,2038.4549523835353,3.7843329941878117
0,scatter,c,2039.9475347047023,3.819368036128082
0,scatter,c,2041.4374035840206,3.8379229059138553
0,scatter,c,2042.9408878331355,3.8733103142370395
0,scatter,c,2044.4320703988246,3.8805967461302324
0,scatter,c,2045.9164041524105,3.9450319324630563
0,scatter,c,2047.4258345608882,3.979433063513347
0,scatter,c,2048.94134345104,4.085989364810945
0,scatter,c,2050.4498025422267,4.196276706859533
0,scatter,c,2051.9328238015346,4.2669338
0,scatter,c,2053.3829156403713,4.2603466
0,scatter,c,2054.870496893423,4.1349248175866435
0,scatter,c,2056.386360312002,4.042876840756008
0,scatter,c,2057.86640491535,3.983104069080816
0,scatter,c,2059.370720053213,3.9348732336723344
0,scatter,c,2060.8544825558834,3.883146309312289
0,scatter,c,2062.3654767518215,3.9070650069689865
0,scatter,c,2063.8728984837703,3.85338124447857
0,scatter,c,2065.3578652386836,3.8352177100863614
0,scatter,c,2066.871581697958,3.842776496861026
0,scatter,c,2068.353036070364,3.8297238644322205
0,scatter,c,2069.852929020422,3.834437088334467
0,scatter,c,2071.3666006570033,3.8621941387344747
0,scatter,c,2072.8737858777217,3.886422200034514
0,scatter,c,2074.371900463598,3.9224648602130427
0,scatter,c,2075.8475717549495,3.9858665862430316
0,scatter,c,2077.322926426428,4.029309721874841
0,scatter,c,2078.8228727822475,4.128267498449946
0,scatter,c,2080.32352843334,4.216464713750762
0,scatter,c,2081.838313961523,4.289853932886668
0,scatter,c,2083.3538259511165,4.410867615065165
0,scatter,c,2084.8507312779598,4.5740151115736385
0,scatter,c,2086.3358613496,4.755055808699756
0,scatter,c,2087.8370231633357,4.903352383874317
0,scatter,c,2089.332885170477,5.0804688571228995
0,scatter,c,2090.808736706274,5.246065261120815
0,scatter,c,2092.3137818818263,5.427102110714751
0,scatter,c,2093.8399812226467,5.628417042108462
0,scatter,c,2095.3228751664333,5.853876707030487
0,scatter,c,2096.8091579919032,6.076429196780934
0,scatter,c,2098.3203045373134,6.293655610306405
0,scatter,c,2099.80377569248,6.520854661211976
0,scatter,c,2101.31824460079,6.760422632995915
0,scatter,c,2102.8342629914455,7.003701786162648
0,scatter,c,2104.3229152207546,7.228040864369397
0,scatter,c,2105.8611885552577,7.430758852044023
0,scatter,c,2107.346602345007,7.772498281440429
0,scatter,c,2108.8371683602504,8.066613072248785
0,scatter,c,2111.303178215521,8.324988160867587
0,scatter,c,2112.787507200735,8.564101226965047
0,scatter,c,2114.287919664877,8.792496929984965
0,scatter,c,2115.788064146536,9.047050979797396
0,scatter,c,2117.284187698858,9.2612859160666
0,scatter,c,2118.77599396755,9.472667533892189
0,scatter,c,2120.2828489785365,9.6990618550906
0,scatter,c,2121.7572957520656,9.91909426981247
0,scatter,c,2123.252878809469,10.108667386279102
0,scatter,c,2124.7543059830837,10.297664524793134
0,scatter,c,2126.262984419363,10.481949258217703
0,scatter,c,2127.9673332219295,10.664163222824126
0,scatter,c,2129.71233120014,10.867245128534524
0,scatter,c,2131.330061817663,11.05474380994796
0,scatter,c,2132.930212879675,11.232043474342667
0,scatter,c,2134.687349463003,11.37252884060925
0,scatter,c,2136.1761158948116,11.529712590321907
0,scatter,c,2137.6673802380733,11.734142827317537
0,scatter,c,2139.198154593008,11.855145049528417
0,scatter,c,2140.663231754797,12.03411709504416
0,scatter,c,2142.152908230322,12.154279544730045
0,scatter,c,2143.60411729862,12.315249999999999
0,scatter,c,2147.03661909162,13.386758947272563
0,scatter,c,2150.01913919462,10.233134208876773
0,scatter,c,2151.4631453996203,11.657256040109212
0,scatter,c,2152.8861981876203,12.870536804724834
0,scatter,c,2154.3827573286203,13.431737684722039
0,scatter,c,2155.81201376862,12.67328378287133
0,scatter,c,2157.26165713862,10.476825640079653
0,scatter,c,2158.64602222862,13.61130254996554
0,scatter,c,2160.0698763386204,10.335927448457653
0,scatter,c,2161.52398361862,10.091231880434083
0,scatter,c,2162.96095742862,9.82404548988481
0,scatter,c,2164.4093488686203,9.612906474862768
0,scatter,c,2165.85447301862,9.415052753970372
0,scatter,c,2167.3141352186203,10.760401721664277
0,scatter,c,2168.79916586862,11.476997903714029
0,scatter,c,2170.24535622862,9.54503688642323
0,scatter,c,2171.66635718862,9.564309078393938
0,scatter,c,2173.09833540862,9.689807876538161
0,scatter,c,2174.55352344862,9.470367213296365
0,scatter,c,2175.9459101186203,9.093698725340873
0,scatter,c,2177.3646813886203,8.702365078251106
0,scatter,c,2178.81544270862,8.378090074345382
0,scatter,c,2180.22728719862,8.153413269587503
0,scatter,c,2181.65340580862,7.535816812195303
0,scatter,c,2183.08691920862,7.639228337017655
0,scatter,c,2184.50584258862,7.4002859419341265
0,scatter,c,2185.91830339862,7.204930792636999
0,scatter,c,2187.37885250862,7.33336072711945
0,scatter,c,2188.8192936386204,6.762702473682495
0,scatter,c,2190.28459038862,6.49105460125633
0,scatter,c,2191.7136632486204,6.28404168739658
0,scatter,c,2193.16869010862,6.167046276548953
0,scatter,c,2194.6019770186203,5.869292434797515
0,scatter,c,2196.04616465862,5.72293870256368
0,scatter,c,2197.49487342862,5.631621070386658
0,scatter,c,2198.93745960862,5.415333340020864
0,scatter,c,2200.36840405862,5.135647905232308
0,scatter,c,2201.8023404086202,5.087587352730984
0,scatter,c,2203.2369812986203,4.923079691153987
0,scatter,c,2204.69835962862,4.76999771686889
0,scatter,c,2206.1169685386203,4.626571934996713
0,scatter,c,2207.53490342862,4.5708251729547325
0,scatter,c,2208.97845711862,4.528003282436036
0,scatter,c,2210.40489067862,4.468213630876179
0,scatter,c,2211.8247944386203,4.470058708256329
0,scatter,c,2213.25635971862,4.421771593363751
0,scatter,c,2214.72050585862,4.330757684953308
0,scatter,c,2216.14007749862,4.27476021266932
0,scatter,c,2217.57455339862,4.289388782064319
0,scatter,c,2219.0316633186203,4.264747905026102
0,scatter,c,2220.4480208386203,4.2957585891490435
0,scatter,c,2221.85136975862,4.277721804381559
0,scatter,c,2223.30266060862,4.34166599393623
0,scatter,c,2224.7446392986203,4.366440402755926
0,scatter,c,2226.17170610862,4.3788831636643
0,scatter,c,2227.57168759862,4.371375003635578
0,scatter,c,2229.0158897886204,4.441387130655274
0,scatter,c,2230.41848125862,4.4646
0,scatter,c,2231.84300722862,4.489199999999999
0,scatter,c,2233.2404264486204,4.3524407929251945
0,scatter,c,2234.68486799862,4.281902415841866
0,scatter,c,2236.11282076862,4.220252923867813
0,scatter,c,2237.5205439586202,4.192538880221923
0,scatter,c,2238.99873842862,4.139846862708833
0,scatter,c,2240.43259586862,4.081351264955895
0,scatter,c,2241.8461295586203,4.135572539213044
0,scatter,c,2243.2758065686203,4.142970451462002
0,scatter,c,2244.71498219862,4.178416285970643
0,scatter,c,2246.18472589862,4.1783945542491745
0,scatter,c,2247.62672799862,4.166149700547842
0,scatter,c,2249.04975759862,4.213963084109449
0,scatter,c,2250.4694057986203,4.204056120874816
0,scatter,c,2251.90261239862,4.201321826144899
0,scatter,c,2253.3243437986202,4.252024657346892
0,scatter,c,2254.72614829862,4.287439376000568
0,scatter,c,2256.15080799862,4.239797196531042
0,scatter,c,2257.5688982986203,4.370072484561915
0,scatter,c,2258.9993570986203,4.482736905602343
0,scatter,c,2260.3947938986203,4.468861859654861
0,scatter,c,2261.80583589862,4.677464754154051
0,scatter,c,2263.2448435986203,4.66768818714389
0,scatter,c,2264.6758521986203,4.772764434041015
0,scatter,c,2266.11231869862,4.946146164005664
0,scatter,c,2267.5300544986203,5.05365172515274
0,scatter,c,2268.95538649862,5.257714619363797
0,scatter,c,2270.37815439862,5.383103811067321
0,scatter,c,2271.8148764986204,5.639138036315829
0,scatter,c,2273.24488769862,5.772891491367521
0,scatter,c,2274.6963211986204,6.044306356197866
0,scatter,c,2276.17032539862,6.196968252454953
0,scatter,c,2277.6138132986202,6.57714398510992
0,scatter,c,2279.08848039862,5.840214196766514
0,scatter,c,2280.51656139862,6.7600709638810805
0,scatter,c,2281.9756332986203,8.211614143023885
0,scatter,c,2283.4468918986204,7.378761715962992
0,scatter,c,2284.89336409862,7.751740154013997
0,scatter,c,2286.36823069862,7.7345480683947025
0,scatter,c,2287.78638069862,8.100972116653999
0,scatter,c,2289.2328799986203,7.729881610315971
0,scatter,c,2290.66076559862,7.616195687062487
0,scatter,c,2292.10347639862,8.424488265818582
0,scatter,c,2293.5312407986203,8.92655392511091
0,scatter,c,2294.9572397986203,9.875985141801458
0,scatter,c,2296.46582499862,7.782930428425365
0,scatter,c,2298.1003743986203,11.834687632381128
0,scatter,c,2299.5448027986204,5.855391351586973
0,scatter,c,2300.96111479862,9.716159545055119
0,scatter,c,2302.37384669862,10.551667869582955
0,scatter,c,2303.8060475986204,6.697966919365954
0,scatter,c,2305.58394349862,11.919458516027417
0,scatter,c,2307.0169967986203,10.361967683126354
0,scatter,c,2308.60171069862,6.330882730378541
0,scatter,c,2310.12034069862,7.296435706814808
0,scatter,c,2311.80560979862,11.416545738396044
0,scatter,c,2314.37941329862,8.609426566877874
0,scatter,c,2317.2187932986203,10.836900100173027
0,scatter,c,2318.6002090986203,10.799999999999999
0,scatter,c,2322.3364175374936,12.375266565444022
0,scatter,c,2323.9344056661557,12.278564263660105
0,scatter,c,2325.4999888952207,12.058607959893004
0,scatter,c,2327.076507192416,11.901840276939058
0,scatter,c,2328.6422391946744,11.764459797689454
0,scatter,c,2330.2202371175717,11.60317880940655
0,scatter,c,2331.7700124795865,11.438327230402546
0,scatter,c,2333.3354693468045,11.241705530274306
0,scatter,c,2334.8821669633817,11.071943757657177
0,scatter,c,2336.4323209341,10.838868869588971
0,scatter,c,2337.995287042422,10.631258668523476
0,scatter,c,2339.5509544427823,10.425230080416123
0,scatter,c,2341.1172805841397,10.209290268785951
0,scatter,c,2342.66838059978,10.00698653426351
0,scatter,c,2344.23452339725,9.768046379080605
0,scatter,c,2345.807064872546,9.565807889327475
0,scatter,c,2347.3870504911374,9.339625480578551
0,scatter,c,2348.964071613116,9.11932918156028
0,scatter,c,2350.5282865579557,8.856174796711404
0,scatter,c,2352.0783854539823,8.656199956834854
0,scatter,c,2353.6507862623166,8.422861875358238
0,scatter,c,2355.2220045144986,8.205149260559867
0,scatter,c,2356.778656345172,7.976323128258295
0,scatter,c,2358.3476167734098,7.742413901722814
0,scatter,c,2359.9243625219297,7.513232671818616
0,scatter,c,2361.502195697589,7.310168109579541
0,scatter,c,2363.073363881869,7.1269089558373
0,scatter,c,2364.6269057805966,6.905336477265008
0,scatter,c,2366.177704435153,6.703954731380819
0,scatter,c,2367.7273109968137,6.508814477602014
0,scatter,c,2369.2911268289517,6.329849207943606
0,scatter,c,2370.873864990039,6.145621760009458
0,scatter,c,2372.426280837817,5.975524681184454
0,scatter,c,2373.9928070123624,5.809787351868239
0,scatter,c,2375.5687109048795,5.640308103430481
0,scatter,c,2377.16167889194,5.486224010091645
0,scatter,c,2378.7344847734403,5.327954432615898
0,scatter,c,2380.32738242702,5.172099746286905
0,scatter,c,2381.882289033694,5.028226999404375
0,scatter,c,2383.445577007098,4.908809551607212
0,scatter,c,2384.9923606927823,4.785640225785013
0,scatter,c,2386.5502258356046,4.670118988780704
0,scatter,c,2388.124802928729,4.569517892526186
0,scatter,c,2389.6876102502774,4.4503622107562775
0,scatter,c,2391.2607894952725,4.350708322246109
0,scatter,c,2392.8546579893064,4.264408510629717
0,scatter,c,2394.4511524255704,4.170077498689096
0,scatter,c,2396.0167423303556,4.085626877709348
0,scatter,c,2397.6026142652463,3.9717116854032466
0,scatter,c,2399.166285377307,3.8830994811969144
0,scatter,c,2400.738375764651,3.8650228473997217
0,scatter,c,2402.3078456933927,3.8139312069991167
0,scatter,c,2403.8723822648954,3.733529770447937
0,scatter,c,2405.4437862451505,3.7247601055984085
0,scatter,c,2406.9832583482694,3.6579562685449507
0,scatter,c,2408.530538659854,3.705942906169948
0,scatter,c,2410.0992947633695,3.688539785575025
0,scatter,c,2411.6973866041135,3.6707816388252548
0,scatter,c,2413.206282954974,3.6733484999999995
0,scatter,c,2414.717370134158,3.6432115
0,scatter,c,2416.2904408986997,3.6586113277007617
0,scatter,c,2417.8475676591825,3.674863049321991
0,scatter,c,2419.396275859637,3.710848532969642
0,scatter,c,2420.953316551013,3.655456351289915
0,scatter,c,2422.534837346835,3.654964353156697
0,scatter,c,2424.1025463159513,3.727860909166003
0,scatter,c,2425.674344163699,3.7967416788155344
0,scatter,c,2427.2458191926908,3.841261100831941
0,scatter,c,2428.8206249292325,3.8729128169518034
0,scatter,c,2430.402505260272,3.9303200107739173
0,scatter,c,2431.952299218936,3.9951437830925185
0,scatter,c,2433.6002939756345,4.066306692706385
0,scatter,c,2435.1443525369596,4.152366611182285
0,scatter,c,2436.71827588634,4.246190598491925
0,scatter,c,2438.291067701144,4.330655735943239
0,scatter,c,2439.835122447772,4.434389862666605
0,scatter,c,2441.3999582345914,4.557255884195625
0,scatter,c,2442.946276527209,4.683384540878325
0,scatter,c,2444.520933252139,4.81450067022536
0,scatter,c,2446.0940962846707,4.934849050462501
0,scatter,c,2447.6496923978757,5.0575718439242685
0,scatter,c,2449.292204004092,5.226365343386079
0,scatter,c,2451.3734458501767,5.375216778318012
0,scatter,c,2453.010329347415,5.515957032340655
0,scatter,c,2454.578472953601,5.710665769780359
0,scatter,c,2456.1612640436124,5.8980980524098925
0,scatter,c,2457.705982785983,6.081984048231404
0,scatter,c,2459.2562867219876,6.283238700684518
0,scatter,c,2460.8030682619046,6.510949506815892
0,scatter,c,2462.3744474466275,6.709434469046217
0,scatter,c,2463.941886764331,6.912818095048346
0,scatter,c,2465.496106725497,7.156226194749141
0,scatter,c,2467.063913207812,7.413276111650052
0,scatter,c,2468.650831323428,7.628653864499508
0,scatter,c,2470.226764303012,7.858256854451337
0,scatter,c,2471.7908154542874,8.120454536134737
0,scatter,c,2473.366021734042,8.34306013372761
0,scatter,c,2474.9238828237485,8.610730343488148
0,scatter,c,2476.5094686563443,8.830792908754882
0,scatter,c,2478.077457290454,9.080799602080758
0,scatter,c,2479.6300428922605,9.337713030051223
0,scatter,c,2481.1768685396146,9.534537604260361
0,scatter,c,2482.748573165698,9.782122001805654
0,scatter,c,2486.975077968402,9.977840456963389
0,scatter,c,2488.559997897906,10.218924869737574
0,scatter,c,2490.188904863162,10.401258342168104
0,scatter,c,2491.7684484537076,10.627353887794992
0,scatter,c,2493.477212291522,10.774595054230906
0,scatter,c,2495.0414560850095,11.010358070341681
0,scatter,c,2496.610113721652,11.181813168591892
0,scatter,c,2498.2590426023435,11.388691808830773
0,scatter,c,2499.8336380536985,11.49449453701438
0,scatter,c,2501.3992773111295,11.707322502582018
0,scatter,c,2502.9944699819516,11.865821829081096
0,scatter,c,2504.5647769983243,12.025628344074732
0,scatter,c,2506.1237956102323,12.212146968414348
0,scatter,c,2507.672527652545,12.311756393098099
0,scatter,c,2509.2537551935147,12.52399285366168
0,scatter,c,2510.7706311757993,12.587
0,scatter,c,2514.4822100217993,12.430555555555554
0,scatter,c,2516.111675601799,12.309788799540978
0,scatter,c,2517.687881570799,12.199266768977974
0,scatter,c,2519.2949706127993,12.003552789901248
0,scatter,c,2520.8836816357993,11.842193038678369
0,scatter,c,2522.4871336057995,11.695803670661741
0,scatter,c,2524.0857330357994,11.503926405421366
0,scatter,c,2525.6675292057994,11.319149799007459
0,scatter,c,2527.2496150557995,11.11149397455717
0,scatter,c,2528.854054315799,10.904051464549687
0,scatter,c,2530.4448457757994,10.650239279568117
0,scatter,c,2532.0203586657994,10.497558405185636
0,scatter,c,2533.5824712357994,10.256836144706133
0,scatter,c,2535.221440175799,10.037214344881354
0,scatter,c,2536.7965458457993,9.820294120115364
0,scatter,c,2538.3749619557993,9.553626033641862
0,scatter,c,2539.9584804557994,9.300617015852634
0,scatter,c,2541.5395580357995,9.051914232995017
0,scatter,c,2543.193174465799,8.78538010647642
0,scatter,c,2544.7732745257995,8.524557022238078
0,scatter,c,2546.372579195799,8.26381057857295
0,scatter,c,2547.9448479257994,7.989857589440777
0,scatter,c,2549.527081825799,7.738378680385881
0,scatter,c,2551.0918932957993,7.457545099173241
0,scatter,c,2552.6995781457995,7.2089625638503705
0,scatter,c,2554.270078285799,6.974577388934075
0,scatter,c,2555.8758646057995,6.75380604828247
0,scatter,c,2557.4299598757993,6.519150404264671
0,scatter,c,2558.9995792957993,6.307922717742905
0,scatter,c,2560.589519605799,6.107189223325359
0,scatter,c,2562.1827720257993,5.911078491909855
0,scatter,c,2563.7823527857995,5.722707952692838
0,scatter,c,2565.361520155799,5.51540082417549
0,scatter,c,2566.982579805799,5.34083533029383
0,scatter,c,2568.5603524257995,5.201696916470008
0,scatter,c,2570.1556676457994,5.058932820204946
0,scatter,c,2571.7429843957993,4.962517614065514
0,scatter,c,2573.3200489057995,4.820444854532306
0,scatter,c,2574.900387385799,4.699321505223536
0,scatter,c,2576.496149165799,4.5567781825679585
0,scatter,c,2578.1405287757993,4.423683641709121
0,scatter,c,2579.7322062057992,4.339685949521569
0,scatter,c,2581.3359652557992,4.221483311198866
0,scatter,c,2582.9303706657993,4.121379570355266
0,scatter,c,2584.5308352557995,4.010803958277147
0,scatter,c,2586.112870795799,3.964673433819772
0,scatter,c,2587.6987963757992,3.883030325867868
0,scatter,c,2589.288267235799,3.852513632626135
0,scatter,c,2590.871008255799,3.7879593869608787
0,scatter,c,2592.4505721157993,3.789552043922551
0,scatter,c,2594.033001045799,3.754798616578075
0,scatter,c,2595.618214945799,3.751124101262617
0,scatter,c,2597.1769550857994,3.737924367855812
0,scatter,c,2598.7583213857993,3.72385304033822
0,scatter,c,2600.347020725799,3.7244683027590155
0,scatter,c,2602.0518408857993,3.744462890128585
0,scatter,c,2603.6408141657994,3.729215298125244
0,scatter,c,2605.2992299657994,3.760744842185448
0,scatter,c,2606.9253579157994,3.753731666666667
0,scatter,c,2608.5531197557993,3.7622709999999997
0,scatter,c,2610.1911257357992,3.735331711893949
0,scatter,c,2611.758621575799,3.7047040553945316
0,scatter,c,2613.353982775799,3.669943224545465
0,scatter,c,2614.9396043757993,3.6731710537219393
0,scatter,c,2616.516590475799,3.6869158807054916
0,scatter,c,2618.0913828757994,3.6443032978217786
0,scatter,c,2619.6760173757993,3.685678575415174
0,scatter,c,2621.248895775799,3.7033510026757837
0,scatter,c,2622.8369534757994,3.7223905594232383
0,scatter,c,2624.418147875799,3.756501161399003
0,scatter,c,2626.0196889757995,3.786561381516368
0,scatter,c,2627.6107412757992,3.8150697633867083
0,scatter,c,2629.180602875799,3.8958208449202014
0,scatter,c,2630.7614577757995,3.9114507991159457
0,scatter,c,2632.3119562757993,3.972519361943586
0,scatter,c,2633.9014607757995,4.078562272228797
0,scatter,c,2635.4930351757994,4.2009314132666935
0,scatter,c,2637.0931075757994,4.270072252082563
0,scatter,c,2638.706167575799,4.4055123987634035
0,scatter,c,2640.2871859757993,4.555764472672549
0,scatter,c,2641.870779875799,4.679890148992272
0,scatter,c,2643.4230571757994,4.781846856631548
0,scatter,c,2645.004010775799,4.9212912707214524
0,scatter,c,2646.560822575799,5.0993885552820855
0,scatter,c,2648.1785026757993,5.270240153420054
0,scatter,c,2649.7406614757992,5.4958942862099205
0,scatter,c,2651.3349679757994,5.832550317179319
0,scatter,c,2652.938880775799,6.132296819076769
0,scatter,c,2654.5203138757993,6.411586146019434
0,scatter,c,2656.1178413757993,6.66646362709326
0,scatter,c,2657.7015746757993,6.9302919349244245
0,scatter,c,2659.300087075799,7.204191373125498
0,scatter,c,2660.8744488757993,7.457876283220857
0,scatter,c,2662.4684718757994,7.724479893938687
0,scatter,c,2664.0617540757994,8.009722585863953
0,scatter,c,2665.6404882757993,8.266774533424279
0,scatter,c,2667.249022375799,8.524433638223147
0,scatter,c,2668.834412475799,8.796369276998082
0,scatter,c,2670.3999400757993,9.033828224338393
0,scatter,c,2671.9840532757994,9.29891073786605
0,scatter,c,2673.5611692757993,9.537643944206781
0,scatter,c,2675.1097238757993,9.765904563179213
0,scatter,c,2676.6895805757995,9.993909928615112
0,scatter,c,2678.277479275799,10.198770256774635
0,scatter,c,2679.869508175799,10.36398187399503
0,scatter,c,2681.4670201757995,10.591416030129432
0,scatter,c,2683.049856775799,10.814749181623617
0,scatter,c,2684.7012339757994,11.062004447692463
0,scatter,c,2686.286038775799,11.154252497946894
0,scatter,c,2687.8629883757994,11.41616532250554
0,scatter,c,2689.4215486757994,11.546831516036317
0,scatter,c,2691.000952575799,11.715063821333379
0,scatter,c,2692.6817291757993,11.890691177795802
0,scatter,c,2694.267217975799,11.93104079737348
0,scatter,c,2695.8679405757994,12.208817184396205
0,scatter,c,2697.4707535757993,12.32176905548063
0,scatter,c,2699.1194060757994,12.466522659961356
0,scatter,c,2700.7083049757994,12.590985082304528
0,scatter,c,2702.3640266757993,12.675699999999999
0,scatter,c,2706.373429904799,12.588382727992263
0,scatter,c,2708.1033040387993,12.402184084950386
0,scatter,c,2709.8430444107994,12.183574222071076
0,scatter,c,2711.5025166377995,11.958344797884937
0,scatter,c,2713.194002045799,11.68186026448959
0,scatter,c,2715.868750465799,11.466201587683427
0,scatter,c,2717.6982075057995,11.140647439574613
0,scatter,c,2719.460312735799,10.878685638844063
0,scatter,c,2721.1292759257994,10.58771612416028
0,scatter,c,2722.9627128957995,10.240988192713074
0,scatter,c,2724.667714725799,9.92990307375204
0,scatter,c,2726.3925205557994,9.581140627775437
0,scatter,c,2728.111680155799,9.1998084049619
0,scatter,c,2729.721581825799,8.859705746532864
0,scatter,c,2731.312631735799,8.446503794748779
0,scatter,c,2732.8646868557994,8.057369032806443
0,scatter,c,2734.4641946657994,7.639605937727264
0,scatter,c,2736.0296491457993,7.242516825633177
0,scatter,c,2737.611315375799,6.852814263649044
0,scatter,c,2739.1986121057994,6.472175025631641
0,scatter,c,2740.7766586657995,6.050856165882518
0,scatter,c,2742.3554447957995,5.566773616258232
0,scatter,c,2743.9383505657993,5.2663954382801785
0,scatter,c,2745.5267633257995,5.032314295279973
0,scatter,c,2747.1113051257994,4.817656737428683
0,scatter,c,2748.7062684357993,4.677948913041939
0,scatter,c,2750.2928756557994,4.498700370637349
0,scatter,c,2751.8895901557994,4.2238135313694105
0,scatter,c,2753.4595633857994,4.077793055064003
0,scatter,c,2755.0338727357994,3.92984564129956
0,scatter,c,2756.6292294357995,3.88775889141658
0,scatter,c,2758.2379289957994,3.8244988727648246
0,scatter,c,2759.8053313557994,3.774635666448629
0,scatter,c,2761.400353795799,3.7136316375920853
0,scatter,c,2762.9992488757994,3.6448516050338196
0,scatter,c,2764.6084109657995,3.683299099343523
0,scatter,c,2766.179775845799,3.7316665112208063
0,scatter,c,2767.7682958957994,3.788282617831973
0,scatter,c,2769.2837749857995,3.808497
0,scatter,c,2770.8196541157995,3.8082383333333336
0,scatter,c,2772.509154445799,3.7464587033949748
0,scatter,c,2774.094285855799,3.712930687753975
0,scatter,c,2775.6802922557995,3.6782718193166746
0,scatter,c,2777.235354795799,3.6483434742058645
0,scatter,c,2778.836726075799,3.6908631531135114
0,scatter,c,2780.437041175799,3.715064480989604
0,scatter,c,2782.0172849957994,3.7200981164898166
0,scatter,c,2783.6018749557993,3.790173320039197
0,scatter,c,2785.2027915857993,3.8588869977695714
0,scatter,c,2786.7668894657995,3.9504813549783058
0,scatter,c,2788.3418737757993,4.071830540643311
0,scatter,c,2789.9377635857995,4.194781171946697
0,scatter,c,2791.5170091457994,4.346895336628992
0,scatter,c,2793.126349335799,4.498617452124371
0,scatter,c,2794.7337442757994,4.661410946876865
0,scatter,c,2796.3395601657994,4.854165267038616
0,scatter,c,2797.9341048057995,5.077674657684322
0,scatter,c,2799.5305560957995,5.302592301543853
0,scatter,c,2801.1062733057993,5.577180909997909
0,scatter,c,2802.665725875799,5.850804759425428
0,scatter,c,2804.2750717757995,6.133049721503348
0,scatter,c,2805.8466652757993,6.451700240688248
0,scatter,c,2807.4331251757994,6.791431768025111
0,scatter,c,2809.019968675799,7.166412907094885
0,scatter,c,2810.618663175799,7.54453608486311
0,scatter,c,2812.2143760757995,7.963672225683148
0,scatter,c,2813.8262904757994,8.358290406596629
0,scatter,c,2815.429211775799,8.771484750481225
0,scatter,c,2817.0123416757992,9.165409934502348
0,scatter,c,2818.5935860757995,9.540896433459716
0,scatter,c,2820.2446938757994,9.962128394938047
0,scatter,c,2821.9263483757995,10.293573204122069
0,scatter,c,2823.5046528757994,10.642798985955107
0,scatter,c,2825.1009348757993,11.006591198409277
0,scatter,c,2826.6782523757993,11.30662990034812
0,scatter,c,2828.250195375799,11.561265090970922
0,scatter,c,2829.8341415757995,11.921901948197588
0,scatter,c,2831.4483085757993,12.117755694310087
0,scatter,c,2832.964182475799,12.315299999999999
0,scatter,c,2836.895920613998,12.13043946399171
0,scatter,c,2838.671664813751,11.878331041212881
0,scatter,c,2841.82335768103,11.581179891751807
0,scatter,c,2843.382057288879,11.261290740775706
0,scatter,c,2844.965023139709,10.93979933187783
0,scatter,c,2846.538081744903,10.583281997899705
0,scatter,c,2848.1095446145473,10.190090193250327
0,scatter,c,2849.7178529298244,9.843826738890026
0,scatter,c,2851.2817464864193,9.429286380220763
0,scatter,c,2852.873505452865,9.022482046351259
0,scatter,c,2854.4618733918605,8.572482916419801
0,scatter,c,2856.0595036542354,8.152028986346004
0,scatter,c,2857.649176696533,7.705296963680661
0,scatter,c,2859.2497414147792,7.304241081553583
0,scatter,c,2860.830679515594,6.931679231759735
0,scatter,c,2862.429031471008,6.558935090786337
0,scatter,c,2864.022374013656,6.233457764462208
0,scatter,c,2865.591651777023,5.93579037286171
0,scatter,c,2867.169375756973,5.658478867257266
0,scatter,c,2868.7500840222774,5.394123183671464
0,scatter,c,2870.331545690292,5.143674451283359
0,scatter,c,2871.907068351501,4.914764948891592
0,scatter,c,2873.507177451843,4.728637835232288
0,scatter,c,2875.1015149152217,4.551656522259511
0,scatter,c,2876.7152007615505,4.4057393430332
0,scatter,c,2878.3141716515956,4.252143145130875
0,scatter,c,2879.9262732064662,4.107027257646817
0,scatter,c,2881.546156028503,3.986259995022435
0,scatter,c,2883.1462744271694,3.8850181806167092
0,scatter,c,2884.7316833531795,3.8079350039023674
0,scatter,c,2886.306173661941,3.7471722878915945
0,scatter,c,2887.8715253865657,3.6947210327110893
0,scatter,c,2889.443858960861,3.6987074143463556
0,scatter,c,2891.053599694961,3.683731293011072
0,scatter,c,2892.6304238831935,3.7226037782248356
0,scatter,c,2894.217501500839,3.7519791504477484
0,scatter,c,2895.791593888992,3.8425341510973294
0,scatter,c,2897.3891681230007,3.9270000085656047
0,scatter,c,2898.9224909341274,4.047589749999999
0,scatter,c,2900.4382167851863,4.049073
0,scatter,c,2902.005277971023,3.944546720498989
0,scatter,c,2903.594994405502,3.8668181364904948
0,scatter,c,2905.206234792465,3.796382951608913
0,scatter,c,2906.755589107269,3.7703183858412075
0,scatter,c,2908.3170307671962,3.7352450206470853
0,scatter,c,2909.9306975400386,3.7661743184708745
0,scatter,c,2911.5125573670803,3.835654208308863
0,scatter,c,2913.0959554707943,3.870883853939771
0,scatter,c,2914.6730323827205,3.9738479902267234
0,scatter,c,2916.261268237823,4.066823169156515
0,scatter,c,2917.834481099838,4.153681825162622
0,scatter,c,2919.4097138440547,4.409423663134203
0,scatter,c,2920.9780097997127,4.5927882876149395
0,scatter,c,2922.568666318649,4.794282049703606
0,scatter,c,2924.1650868451534,5.071413857907005
0,scatter,c,2925.7052429711757,5.359486219532114
0,scatter,c,2927.27586684584,5.654023572313108
0,scatter,c,2930.585483649963,5.979158813049841
0,scatter,c,2932.1624001061855,6.287434974517676
0,scatter,c,2933.753748515838,6.631422930300133
0,scatter,c,2935.35421166777,6.998396005207628
0,scatter,c,2936.9578317201076,7.382403819979777
0,scatter,c,2938.5438219106136,7.769097330239995
0,scatter,c,2940.1142283475338,8.175232190362635
0,scatter,c,2941.7062417066036,8.586795846949613
0,scatter,c,2943.4062224423824,9.009025374825653
0,scatter,c,2944.9701808488308,9.413037828896243
0,scatter,c,2946.5766404664455,9.811070390280676
0,scatter,c,2948.1638868844448,10.194741690526737
0,scatter,c,2949.751812556976,10.554155292140308
0,scatter,c,2951.312135080093,10.87805302507797
0,scatter,c,2952.9027093446193,11.191618255406826
0,scatter,c,2954.4916552102504,11.50845890070827
0,scatter,c,2956.0571731126247,11.766262916756048
0,scatter,c,2957.822152713531,12.013201105699034
0,scatter,c,2959.4155717885433,12.224928041178293
0,scatter,c,2960.9903076684413,12.448783263663923
0,scatter,c,2969.511548141235,12.660463091655327
0,scatter,c,2971.0665627515255,12.83095
0,scatter,c,2834.8772653138576,12.872499999999999
0,scatter,c,2836.7607632672725,12.713352104599332
0,scatter,c,2838.4600535428463,12.482608697758549
0,scatter,c,2840.119000533813,12.268877970272484
0,scatter,c,2841.763898233169,12.004219396750509
0,scatter,c,2843.5113943612514,11.733581272294773
0,scatter,c,2845.1397901570735,11.48052355655099
0,scatter,c,2846.796792129272,11.18243073026607
0,scatter,c,2848.4552770650325,10.862996186671893
0,scatter,c,2850.1320336854396,10.519873065141962
0,scatter,c,2851.8111971414028,10.118414209554563
0,scatter,c,2853.45831117987,9.724911112597718
0,scatter,c,2855.1346276795803,9.309673564535093
0,scatter,c,2856.838251212829,8.868468386120163
0,scatter,c,2858.499867776626,8.44761493921246
0,scatter,c,2860.1330331361232,8.04067861813545
0,scatter,c,2861.7970219647823,7.6224622765290295
0,scatter,c,2863.444528440231,7.222007257877901
0,scatter,c,2865.063654283279,6.8603603944275555
0,scatter,c,2866.711374143356,6.500330088115098
0,scatter,c,2868.3604072129665,6.16955984684911
0,scatter,c,2869.990563253158,5.8331085730619465
0,scatter,c,2871.5745633637844,5.522773331762045
0,scatter,c,2873.2020658051906,5.230110925265683
0,scatter,c,2874.9104543721614,4.952412592587121
0,scatter,c,2876.5627141988216,4.703973364771356
0,scatter,c,2878.199124673599,4.460180992838249
0,scatter,c,2879.8471025025783,4.267482789298422
0,scatter,c,2881.470847944015,4.078573509623063
0,scatter,c,2883.124924997085,3.975727208356788
0,scatter,c,2884.8558660542903,3.8920482671620045
0,scatter,c,2886.475956300491,3.808506321055345
0,scatter,c,2888.131687501663,3.7611152195529223
0,scatter,c,2889.7577372586666,3.770881863401342
0,scatter,c,2891.4336997067867,3.806524665333902
0,scatter,c,2893.0912962949214,3.8298732834419154
0,scatter,c,2894.7293218171535,3.898905447804989
0,scatter,c,2896.4055427110134,4.01082269606353
0,scatter,c,2898.0518504178463,4.085781822665648
0,scatter,c,2899.6870764291225,4.2555004
0,scatter,c,2901.3142877614437,4.2527944
0,scatter,c,2902.9588407075344,4.130103107652013
0,scatter,c,2904.5926052129207,4.017372954565557
0,scatter,c,2906.290132859939,3.918051318769644
0,scatter,c,2907.930038551086,3.8460894234487113
0,scatter,c,2909.5686121976314,3.7991869554870936
0,scatter,c,2911.221281388992,3.774019960398621
0,scatter,c,2912.972125867599,3.8258275374679718
0,scatter,c,2914.6340175664363,3.8674332803601255
0,scatter,c,2916.3112979924617,3.9250419877231444
0,scatter,c,2917.952246288055,4.014971465042286
0,scatter,c,2919.5864740407405,4.126522979418827
0,scatter,c,2921.251661161178,4.286524516943447
0,scatter,c,2922.9449983632503,4.44250556042927
0,scatter,c,2924.585026601547,4.634592661446515
0,scatter,c,2926.220008472198,4.8435491007487945
0,scatter,c,2927.8238194978176,5.101060818991105
0,scatter,c,2929.4384020364223,5.386526336982762
0,scatter,c,2931.0693405663906,5.706624911111064
0,scatter,c,2932.70422206282,6.001784544738834
0,scatter,c,2934.394440988296,6.310429029024402
0,scatter,c,2936.0260182416378,6.688409404200487
0,scatter,c,2937.7196093594966,7.06087876960875
0,scatter,c,2939.356069663757,7.451506498367474
0,scatter,c,2940.9617594277797,7.834107032746677
0,scatter,c,2942.768512109512,8.22299830701957
0,scatter,c,2944.957026103729,8.608372723755163
0,scatter,c,2946.594025233978,8.98161881884971
0,scatter,c,2948.2534352338253,9.344045036334803
0,scatter,c,2949.9657898938594,9.693750526316645
0,scatter,c,2951.6186438596187,10.045361188829412
0,scatter,c,2953.325738290542,10.362776861972927
0,scatter,c,2954.9837385213314,10.684326002162926
0,scatter,c,2956.604289153808,10.975450226639744
0,scatter,c,2958.2275980508266,11.23636076123997
0,scatter,c,2959.8692568337856,11.536841362469616
0,scatter,c,2961.5612698590694,11.743103947320973
0,scatter,c,2963.3974436318813,11.993836957069515
0,scatter,c,2965.0913857018886,12.265773435206025
0,scatter,c,2966.695346454376,12.495499999999998
