Tiempo,T(K),Setpoint(K),Heater,V muestra 1 (V),I muestra 1 (A),R muestra 1 (Ohm),V muestra 2 (V),I muestra 2 (A),R muestra 2 (Ohm)
16:07:15,300.09423293486924,300.05720408346974,0.04589932009449782,0.055389946534367455,0.001,55.38994653436745,0.055389946534367455,0.001,55.38994653436745
16:07:17,300.09335537210984,300.0171024360927,0.0,0.05953166822093666,0.001,59.53166822093666,0.05953166822093666,0.001,59.53166822093666
16:07:18,300.0770878554222,299.97700673328563,0.0,0.035057811968579544,0.001,35.05781196857954,0.035057811968579544,0.001,35.05781196857954
16:07:19,300.10267353089336,299.9369011440548,0.0,0.04780137195544489,0.001,47.80137195544489,0.04780137195544489,0.001,47.80137195544489
16:07:20,300.06570011258117,299.8968226391745,0.0,0.05233393757890531,0.001,52.33393757890531,0.05233393757890531,0.001,52.33393757890531
16:07:21,300.0367852067214,299.85673119611266,0.0,0.07125973834539794,0.001,71.25973834539793,0.07125973834539794,0.001,71.25973834539793
16:07:23,300.00577877578263,299.8166347303661,0.08353086301079003,0.07631050523545461,0.001,76.31050523545461,0.07631050523545461,0.001,76.31050523545461
16:07:24,299.9789802012809,299.7765359519593,0.06596045789593878,0.039009634196614476,0.001,39.00963419661448,0.039009634196614476,0.001,39.00963419661448
