axis_index,artist_type,label,x,y
0,line,line1,1.9031358640796288,-0.1723819795533658
0,line,line1,1.90476210845479,-0.12923864588157688
0,line,line1,1.9055149662288609,-0.10332440715885238
0,line,line1,1.9059238953744693,-0.08603042220250656
0,line,line1,1.9062583391658923,-0.06871285383225557
0,line,line1,1.9065180690794834,-0.051351005473328236
0,line,line1,1.9066197155919797,-0.042637744847145935
0,line,line1,1.9067022202085013,-0.033881833730111666
0,line,line1,1.9067647426958079,-0.025040995411747983
0,line,line1,1.9067915625304792,-0.01965173664565065
0,line,line1,1.9068038836356094,-0.015988338985401043
0,line,line1,1.9068098633980972,-0.011250473602718228
0,line,line1,1.9068041722731826,-0.008238743323123026
0,line,line1,1.906792120797911,-0.006090290353833108
0,line,line1,1.906765805751917,-0.0037313361533929386
0,line,line1,1.906704568122541,-0.0009529822872200347
0,line,line1,1.9066417206805482,0.0007489655262847019
0,line,line1,1.9065258503103342,0.002864277441604398
0,line,line1,1.9062781472791277,0.005794112375393056
0,line,line1,1.9059665401572108,0.008347237504790902
0,line,line1,1.905596356914591,0.01069005442159525
0,line,line1,1.9047042311535887,0.014983883562283591
0,line,line1,1.9036529869511973,0.01890555213532983
0,line,line1,1.9024949965225801,0.02252888460293994
0,line,line1,1.9006620638805698,0.027486748298425744
0,line,line1,1.8976511189915957,0.034727771084172875
0,line,line1,1.8954753739831658,0.03985310869416209
0,line,line1,1.8927399466337218,0.04686483939225937
0,line,line1,1.8894693598072756,0.05772650333294757
0,line,line1,1.887341149966766,0.06833431238125331
0,line,line1,1.8859032915757983,0.07900890507395408
0,line,line1,1.8840932855489494,0.10078082712781136
0,line,line1,1.8829239804668896,0.12303379293656627
0,line,line1,1.8819954913390111,0.1456110074324986
0,line,line1,1.8807254708765906,0.17985298904099403
0,line,line1,1.8784918068750744,0.2374653090523786
0,line,line1,1.8764280504286808,0.2837992809107644
0,line,line1,1.8727533071767082,0.35347549472190537
0,line,line1,1.8649625320889316,0.4697136066556123
0,line,line2,2.0051082041696446,-0.1999361343623308
0,line,line2,2.006791817148607,-0.1498909981466921
0,line,line2,2.0075711797372002,-0.11983395987970616
0,line,line2,2.00799448613194,-0.09977624408317676
0,line,line2,2.008340669228169,-0.07969190863369295
0,line,line2,2.0086094804079044,-0.05955700168284541
0,line,line2,2.00871464978804,-0.04945242710001245
0,line,line2,2.0087999626412536,-0.039298787937350144
0,line,line2,2.008864485546375,-0.029047367706732184
0,line,line2,2.008891995326336,-0.02279889738614254
0,line,line2,2.008904441067473,-0.018551973328571423
0,line,line2,2.0089098470929816,-0.013060593059115777
0,line,line2,2.0089029498772475,-0.009571060719421742
0,line,line2,2.0088892477169953,-0.007082689127590986
0,line,line2,2.0088597558302554,-0.0043517999644556785
0,line,line2,2.0087915313456883,-0.001137692731633925
0,line,line2,2.0087216548098374,0.0008297580760593826
0,line,line2,2.0085929468268877,0.003273587981421653
0,line,line2,2.0083180684174105,0.006656364926611388
0,line,line2,2.007972665016087,0.00960317747541898
0,line,line2,2.007562852978472,0.012307270516297457
0,line,line2,2.006577482774017,0.017265727825693484
0,line,line2,2.005420396303389,0.021800675537921792
0,line,line2,2.004150781142166,0.025999836572837068
0,line,line2,2.002151547713266,0.03176790006577331
0,line,line2,1.998893769679093,0.0402621428690189
0,line,line2,1.9965583774809312,0.04633996342109867
0,line,line2,1.9936406195048015,0.05474627731333051
0,line,line2,1.9901653219918047,0.06791836227177661
0,line,line2,1.9878903849873883,0.08085589843347535
0,line,line2,1.9863237013081099,0.09388212773859397
0,line,line2,1.9842490041642526,0.1204012449130983
0,line,line2,1.982771135314434,0.14743351775618688
0,line,line2,1.9814767407981564,0.1748053272087923
0,line,line2,1.9795417985891883,0.2162510079499523
0,line,line2,1.9758811899100863,0.28587191822080493
0,line,line2,1.9723863310908805,0.34179894647166126
0,line,line2,1.9660818169502448,0.4258222485242463
0,line,line2,1.952624419040454,0.5658102433323323
0,line,line3,2.226369070021113,-0.25363582775105364
0,line,line3,2.2288376924398814,-0.19016127327826635
0,line,line3,2.2299805850701544,-0.1520344475085288
0,line,line3,2.2306014177124363,-0.12659042223306152
0,line,line3,2.231109249150027,-0.10111212602171486
0,line,line3,2.231503830387607,-0.07556980813599987
0,line,line3,2.231658440155792,-0.06275199999751907
0,line,line3,2.231784251171334,-0.049872718692369464
0,line,line3,2.231880386538438,-0.036871069154357936
0,line,line3,2.2319226737425963,-0.028947967704466407
0,line,line3,2.2319433005625986,-0.023564237629318262
0,line,line3,2.2319572697008168,-0.01660599603548306
0,line,line3,2.2319549127951115,-0.012187425796199313
0,line,line3,2.2319442862318843,-0.009038905290188796
0,line,line3,2.2319184249371213,-0.005586626404819531
0,line,line3,2.231855763379494,-0.0015284444407810903
0,line,line3,2.231790648935943,0.000953283285068107
0,line,line3,2.231670042419016,0.004034836557621038
0,line,line3,2.23141142086544,0.008303730500989752
0,line,line3,2.2310853410353717,0.012032899427580592
0,line,line3,2.2306971563340507,0.015469943259829769
0,line,line3,2.2297583095776963,0.0218279907256827
0,line,line3,2.228646000954799,0.02772792348306509
0,line,line3,2.2274130823905764,0.03328204902680373
0,line,line3,2.2254445336108013,0.041078192860765965
0,line,line3,2.2221622413893463,0.052938411654256515
0,line,line3,2.2197482970492284,0.06168078025469754
0,line,line3,2.2166522488634524,0.07402071864767472
0,line,line3,2.2128217929915093,0.09360168843130835
0,line,line3,2.210191867189826,0.11283535737148181
0,line,line3,2.2082845579399404,0.1321056569687062
0,line,line3,2.2055342280355887,0.17106292205364576
0,line,line3,2.2033276631728347,0.2105228011694374
0,line,line3,2.201209943836534,0.2503252937722225
0,line,line3,2.197822321120066,0.31041808181742236
0,line,line3,2.191101722640093,0.4110856731982759
0,line,line3,2.184561776881583,0.49178980380955434
0,line,line3,2.172683242760012,0.6128273504829288
0,line,line3,2.1472617548085107,0.8139550813855447
0,line,line4,2.4126559540963903,-0.3082137890895032
0,line,line4,2.416023091324881,-0.23108456818036757
0,line,line4,2.4175820989420727,-0.18474822830244617
0,line,line4,2.4184290077603827,-0.1538220083677307
0,line,line4,2.4191217905114506,-0.12285036333493124
0,line,line4,2.419660105337948,-0.09179478881209567
0,line,line4,2.419871053291581,-0.0762061473926239
0,line,line4,2.4200427366410326,-0.06053747785340992
0,line,line4,2.4201739925163808,-0.044709635408989146
0,line,line4,2.4202318169842933,-0.035054146711478794
0,line,line4,2.4202601215583592,-0.028484980191827113
0,line,line4,2.4202795983816485,-0.019976363387454812
0,line,line4,2.420276923474847,-0.014554494481539879
0,line,line4,2.4202630885118404,-0.01067629741204736
0,line,line4,2.4202290313238035,-0.006403300621617331
0,line,line4,2.420146210821054,-0.0013429388821254778
0,line,line4,2.4200600875304294,0.001775288804056954
0,line,line4,2.419900609699126,0.005672481221572482
0,line,line4,2.4195590228457062,0.011110636077074442
0,line,line4,2.4191291890247624,0.015887696836845204
0,line,line4,2.4186187545541395,0.0203037853865762
0,line,line4,2.417389910296971,0.02848903230745041
0,line,line4,2.415944281522957,0.036090401485848946
0,line,line4,2.41435464808796,0.043246437012896176
0,line,line4,2.4118435391805555,0.05329320265750611
0,line,line4,2.407726608268036,0.06860725279805586
0,line,line4,2.404750115826805,0.07994485323700483
0,line,line4,2.400986429981809,0.0960438252487551
0,line,line4,2.396382422943854,0.12179145846370754
0,line,line4,2.393209290741822,0.14721865544448892
0,line,line4,2.390855903977956,0.17274132172301693
0,line,line4,2.387275053907343,0.2243432228993618
0,line,line4,2.3841723901361056,0.2765605781444375
0,line,line4,2.381027715276563,0.32917721792325433
0,line,line4,2.375807294115774,0.40853331624499895
0,line,line4,2.365196551358975,0.5412962883148165
0,line,line4,2.354775692568865,0.6475945282703759
0,line,line4,2.3357927403020975,0.8067914971897923
0,line,line4,2.2951513850913168,1.0706558303958027
0,line,line5,2.6155325249693435,-0.5000739629976351
0,line,line5,2.62219500207908,-0.37498819010674206
0,line,line5,2.625280512877134,-0.29982123165942914
0,line,line5,2.626956979359104,-0.24964668293503905
0,line,line5,2.6283287059981393,-0.19939552525048457
0,line,line5,2.62939530969735,-0.14900785070837033
0,line,line5,2.629813936650751,-0.1237166738670006
0,line,line5,2.630155737477086,-0.0982983833345119
0,line,line5,2.630419780705406,-0.07262796662061001
0,line,line5,2.6305396690467187,-0.05697447958074438
0,line,line5,2.630602324273708,-0.046329746148711506
0,line,line5,2.6306577312568136,-0.03255373456131373
0,line,line5,2.630674077404308,-0.02378694724829886
0,line,line5,2.630673102601539,-0.01752499747206078
0,line,line5,2.630654197663581,-0.010637348154575338
0,line,line5,2.6305945806467843,-0.0024998274508081725
0,line,line5,2.630528362594334,0.0025046491579569885
0,line,line5,2.630402906093163,0.00875326872721724
0,line,line5,2.6301303163929535,0.017478530939273967
0,line,line5,2.629783938980887,0.02517177805760053
0,line,line5,2.6293690647004215,0.032327672580571974
0,line,line5,2.628355755222406,0.04575771734709472
0,line,line5,2.6271373572727086,0.05848661820405408
0,line,line5,2.6257635466998392,0.07074554625929044
0,line,line5,2.623516362231857,0.08846156570653611
0,line,line5,2.619606762845676,0.11660946663729432
0,line,line5,2.6165803957292426,0.1382061777667582
0,line,line5,2.6124617855840135,0.16958866368677636
0,line,line5,2.6068278501765194,0.2204600842924778
0,line,line5,2.602362552091774,0.27067831599625075
0,line,line5,2.5985676156068886,0.3208014339728342
0,line,line5,2.591688920871017,0.42134111425188026
0,line,line5,2.584654739870337,0.5223383192503117
0,line,line5,2.576866660280964,0.6236371880442008
0,line,line5,2.563262382126369,0.7758293195008987
0,line,line5,2.534782339540623,1.029344130404502
0,line,line5,2.506538328417931,1.231494947610388
0,line,line5,2.4549978125105487,1.5328796270423533
0,line,line5,2.3449681223991594,2.0283457223493526
0,line,line6,2.8323530427789376,-0.66318942608474
0,line,line6,2.841034648074118,-0.49725310299614284
0,line,line6,2.8450551787725176,-0.3975313781944531
0,line,line6,2.8472396618924343,-0.3309592028680982
0,line,line6,2.8490270663087234,-0.2642738597593059
0,line,line6,2.8504169218493045,-0.19738356075373514
0,line,line6,2.85096246047224,-0.1637911563082575
0,line,line6,2.8514079513603274,-0.13000583244967312
0,line,line6,2.8517522695265316,-0.09583735784396939
0,line,line6,2.85190883179881,-0.0749542577713891
0,line,line6,2.851990896871848,-0.06071421125966726
0,line,line6,2.852064174428136,-0.042199101558545234
0,line,line6,2.8520868631635015,-0.030327617719504475
0,line,line6,2.8520872884066684,-0.021778208586398735
0,line,line6,2.85206576712371,-0.012276671748026467
0,line,line6,2.8519947681611164,-0.0008726257341159617
0,line,line6,2.8519151497755,0.00625435148106834
0,line,line6,2.851763800749124,0.015277291472558772
0,line,line6,2.8514341671656904,0.028078832314883992
0,line,line6,2.85101444917388,0.03951708395503961
0,line,line6,2.8505106906892195,0.05024914536069099
0,line,line6,2.849275723040022,0.07056647456470166
0,line,line6,2.847782186890714,0.08998733099316948
0,line,line6,2.846086565943113,0.10881946702664375
0,line,line6,2.8432853833691585,0.13623698301881304
0,line,line6,2.838323581509093,0.18023384904718148
0,line,line6,2.8343961761549603,0.21428362927675088
0,line,line6,2.828906822799361,0.2640677374410223
0,line,line6,2.821048951705539,0.345146037020057
0,line,line6,2.814433394409708,0.42529354242870016
0,line,line6,2.8084778688217096,0.5052468452814491
0,line,line6,2.7969401301156,0.665388917159751
0,line,line6,2.7844948266450884,0.8259830745247972
0,line,line6,2.7703669987863453,0.9868407117669098
0,line,line6,2.745358669503554,1.228182537557234
0,line,line6,2.692638532068274,1.6293969702142692
0,line,line6,2.6402710144077712,1.9485780721280705
0,line,line6,2.5447821070454677,2.423041591827675
0,line,line6,2.341574093988702,3.19859639653412
0,line,line7,3.1063096685915808,-1.0074875727000965
0,line,line7,3.1261507721690185,-0.7555571265062487
0,line,line7,3.135346060488375,-0.6039448799030741
0,line,line7,3.140343973154796,-0.5026368561706466
0,line,line7,3.144434426676974,-0.40105940860131123
0,line,line7,3.147615915783395,-0.2990166798106662
0,line,line7,3.1488650702169054,-0.24766859743946398
0,line,line7,3.149885592843902,-0.19589666486568744
0,line,line7,3.150675374802308,-0.14328627412216685
0,line,line7,3.1510357802647047,-0.11088546651963585
0,line,line7,3.1512260787297546,-0.0885906810365756
0,line,line7,3.1514000052221087,-0.059161411675709846
0,line,line7,3.1514598843383164,-0.039839854559609714
0,line,line7,3.151470570456981,-0.02557280493967139
0,line,line7,3.1514392192492497,-0.009227919272893228
0,line,line7,3.1513155645892335,0.011268613349801155
0,line,line7,3.15117263653621,0.024626213416372365
0,line,line7,3.15089918334362,0.042120596795657994
0,line,line7,3.150304867536774,0.06785884056156988
0,line,line7,3.1495547759175557,0.09149923241830239
0,line,line7,3.148665359791219,0.11403878995432193
0,line,line7,3.1465339603661255,0.15729137784611608
0,line,line7,3.1440425660575513,0.19908223844051115
0,line,line7,3.141315809101878,0.23990953690246353
0,line,line7,3.1370098493117755,0.29984820823112357
0,line,line7,3.1298160022390578,0.39737564261737807
0,line,line7,3.124324664319785,0.47406027519756466
0,line,line7,3.1165876852480396,0.5879067314557285
0,line,line7,3.104379132740186,0.7763677871631353
0,line,line7,3.091939624889221,0.9644296845063671
0,line,line7,3.078444893365545,1.1524589467541633
0,line,line7,3.046720578640193,1.5283695635903047
0,line,line7,3.007606671464518,1.9035219423695249
0,line,line7,2.960644749696235,2.277270477800003
0,line,line7,2.8753051045645597,2.834115363804816
0,line,line7,2.6939771715700043,3.7485630083717223
0,line,line7,2.5150855165750468,4.464578204612782
0,line,line7,2.194147637979391,5.5068221749631485
0,line,line7,1.5353388735598397,7.142119546246725
0,line,line8,3.2510285644864205,-1.3546142539202672
0,line,line8,3.2794722617643917,-1.0155519465404725
0,line,line8,3.2926560176226474,-0.8113480042489897
0,line,line8,3.2998216641688694,-0.6747949250846041
0,line,line8,3.3056852356255537,-0.5377389742508744
0,line,line8,3.310242673474619,-0.399789749975489
0,line,line8,3.3120289063511597,-0.33017923114917197
0,line,line8,3.3134828394988163,-0.25973894496153005
0,line,line8,3.314594650439227,-0.18765363540627703
0,line,line8,3.315084757563999,-0.14276399372673945
0,line,line8,3.315325061703478,-0.11147481849573562
0,line,line8,3.3154920569410815,-0.0693019566250755
0,line,line8,3.315473163282711,-0.0407387581342529
0,line,line8,3.315362295494645,-0.01898710245992473
0,line,line8,3.31509025148359,0.006814988762746087
0,line,line8,3.3144444628093614,0.040670940014157025
0,line,line8,3.313797078182977,0.06359082361855249
0,line,line8,3.312659003245884,0.09441087107727358
0,line,line8,3.3104535947390694,0.14078800389417487
0,line,line8,3.3080457236373793,0.18388361038102363
0,line,line8,3.3055948660981094,0.2251224692824532
0,line,line8,3.300922951400013,0.3044450667395246
0,line,line8,3.296755859581981,0.381497298863211
0,line,line8,3.2930478204953806,0.45744129644560527
0,line,line8,3.288023104852794,0.5704165712660693
0,line,line8,3.280038747299097,0.7578450015888691
0,line,line8,3.2733172641321553,0.907588727487176
0,line,line8,3.2619887796376568,1.1321305935366055
0,line,line8,3.23883339742466,1.5061299459164912
0,line,line8,3.2097707113634897,1.879530408890051
0,line,line8,3.1745998322740916,2.2520007624635245
0,line,line8,3.0858422738414877,2.993051504591214
0,line,line8,2.9728098237069407,3.727325703110592
0,line,line8,2.836091815152245,4.453094110319305
0,line,line8,2.5883102378155582,5.522338460765132
0,line,line8,2.069478840437211,7.2408748789364745
0,line,line8,1.569272054869886,8.547606271625533
0,line,line8,0.7008855242874457,10.37661950245167
0,line,line8,-0.9712050668278394,13.038651519806772
0,line,line9,3.415309252846978,-2.1494796292640594
0,line,line9,3.4452078774016877,-1.6088354873289643
0,line,line9,3.4590540958066733,-1.283232631655062
0,line,line9,3.466576293870222,-1.0653046807770974
0,line,line9,3.4727291710909682,-0.8461730041205193
0,line,line9,3.4775083291700315,-0.6247119804507584
0,line,line9,3.479379162156017,-0.51225809313196
0,line,line9,3.480898380724969,-0.39751893997674453
0,line,line9,3.48205133373332,-0.2782193336139034
0,line,line9,3.482548115250724,-0.2020836921719904
0,line,line9,3.4827788822079886,-0.1475318853150248
0,line,line9,3.4828993891239963,-0.070807459260785
0,line,line9,3.482808465518359,-0.015673549344586014
0,line,line9,3.4826040661160587,0.028660107119320676
0,line,line9,3.4821531998106963,0.08434978894024307
0,line,line9,3.481104474243266,0.16271434596429796
0,line,line9,3.4800346252253704,0.2188623738215288
0,line,line9,3.478081964087983,0.2975508638223687
0,line,line9,3.4739924840074208,0.42106705102609704
0,line,line9,3.4690005151992276,0.539637061166269
0,line,line9,3.463267266823451,0.655364556709672
0,line,line9,3.450170617770182,0.8815134218028964
0,line,line9,3.4356889963459674,1.103001258767604
0,line,line9,3.420440280076006,1.3214063419167261
0,line,line9,3.396709943826076,1.6453121288955317
0,line,line9,3.354951594836571,2.179873619702682
0,line,line9,3.3187222398820757,2.605304104692857
0,line,line9,3.2578577669902287,3.2417622824836587
0,line,line9,3.1350941368822465,4.299328159521687
0,line,line9,2.9826854477363947,5.352027479005871
0,line,line9,2.79943025647578,6.398069630246996
0,line,line9,2.340201310273338,8.463219741290754
0,line,line9,1.760399069234431,10.482143914411058
0,line,line9,1.0658298355243043,12.443918107921201
0,line,line9,-0.17506679256036956,15.258931255861418
0,line,line9,-2.7018357151531442,19.548531361439064
0,line,line9,-5.050759190142001,22.57222682258507
0,line,line9,-8.939527069686207,26.383852746916485
0,line,line9,-15.822967614511857,30.85881187148766
0,line,line10,2.915167709387047,-6.0607110679741085
0,line,line10,3.014872650223759,-4.518564844174438
0,line,line10,3.0610527816356754,-3.5852765765586083
0,line,line10,3.086138455383327,-2.9570224105654748
0,line,line10,3.106649033289302,-2.3200101510751643
0,line,line10,3.1225560249843114,-1.665788155585447
0,line,line10,3.128758900869295,-1.325862497896404
0,line,line10,3.133755202862453,-0.9688996728891502
0,line,line10,3.1374444779504116,-0.5779010659863525
0,line,line10,3.138898917981538,-0.3092824144779447
0,line,line10,3.1394203340729145,-0.10185900848231438
0,line,line10,3.1391886773035833,0.22118909766295455
0,line,line10,3.138068565155454,0.48303361082504204
0,line,line10,3.1363855064331623,0.7142724428171865
0,line,line10,3.1330302963596215,1.0305175052511708
0,line,line10,3.1254976578326437,1.5167487804748694
0,line,line10,3.117824711087715,1.8873249080252468
0,line,line10,3.1036371784726278,2.42778757394651
0,line,line10,3.0729224777381794,3.3078159249922816
0,line,line10,3.0334162026072975,4.175058340780979
0,line,line10,2.985144064627389,5.035499220799544
0,line,line10,2.862382198913165,6.744615320070974
0,line,line10,2.7048073570342406,8.443266567124192
0,line,line10,2.5126241534871343,10.133444329371505
0,line,line10,2.160008090898916,12.653191711697616
0,line,line10,1.4033526158328513,16.80685376454719
0,line,line10,0.6494231707927217,20.081276733003282
0,line,line10,-0.7203299530681938,24.895731698309433
0,line,line10,-3.6017864786362157,32.60472047946227
0,line,line10,-7.157609173172367,39.83955043481514
0,line,line10,-11.291132869434643,46.52611922436297
0,line,line10,-20.87397388606018,58.06932121080644
0,line,line10,-31.527933014081835,67.07281997703366
0,line,line10,-42.53477851402148,73.65041004606634
0,line,line10,-58.56237962927962,79.61736785132175
0,line,line10,-81.72307819149586,82.17576863343962
0,line,line10,-96.40148752603231,80.37271770161216
0,line,line10,-112.8102450712048,74.98025527205169
0,line,line10,-129.86235037614549,64.65971732600735
0,line,line11,2.2093614804537856,-7.302511230510714
0,line,line11,2.3051272120987667,-5.398685441394205
0,line,line11,2.349429702770715,-4.2371232883875845
0,line,line11,2.373450885698089,-3.4471521554230735
0,line,line11,2.393014300082611,-2.6340405131546927
0,line,line11,2.4079992037054283,-1.774880393127711
0,line,line11,2.4136633166029102,-1.310834420152219
0,line,line11,2.417922998251637,-0.8008715285756253
0,line,line11,2.4203033745625997,-0.1991055835914073
0,line,line11,2.4202058381735774,0.2537421169160422
0,line,line11,2.4188804356588838,0.6321236126627243
0,line,line11,2.414010028479227,1.277171026940117
0,line,line11,2.406958920686774,1.8477180992907993
0,line,line11,2.3980399370260215,2.3809873393324907
0,line,line11,2.381375897397677,3.143553621703151
0,line,line11,2.345108085505067,4.36449852712672
0,line,line11,2.3085495222729393,5.318513709084111
0,line,line11,2.2412145828226575,6.730082362417475
0,line,line11,2.095792232412853,9.055040591752762
0,line,line11,1.9090349706633127,11.360590936462174
0,line,line11,1.68113890172649,13.653065280283005
0,line,line11,1.1028782467718066,18.205544682412988
0,line,line11,0.3632788782820134,22.714946306215648
0,line,line11,-0.5347933847299857,27.176520869543463
0,line,line11,-2.1713563406596044,33.764635500722
0,line,line11,-5.634979737238653,44.40826094138407
0,line,line11,-9.022267638362953,52.56037572020554
0,line,line11,-15.018917624047697,64.0763093016573
0,line,line11,-27.00931855840042,81.09138515574867
0,line,line11,-40.741083985355914,95.13866112749291
0,line,line11,-55.392224896414746,106.19236921594354
0,line,line11,-84.84241901926339,120.21398676364227
0,line,line11,-111.76305620051363,125.84027053808258
0,line,line11,-134.7492454568182,125.97877336525325
0,line,line11,-161.79641141144674,120.65832076825856
0,line,line11,-191.54254091045118,106.89193467674616
0,line,line11,-206.4026248514045,95.9068729882302
0,line,line11,-220.36765391974126,81.86580458310179
0,line,line11,-232.59147117614293,64.78417463692774
0,line,line12,0.24230319883570708,-11.077994847311865
0,line,line12,0.3826681386078403,-8.09714548340841
0,line,line12,0.447458097494334,-6.258377469697795
0,line,line12,0.48243662819170485,-4.9912931893924375
0,line,line12,0.5106462736355741,-3.662706485962932
0,line,line12,0.5315602518724313,-2.2114417327456906
0,line,line12,0.5387911174985933,-1.3939008557915948
0,line,line12,0.5430527307328359,-0.4538709684345103
0,line,line12,0.5422489069103369,0.7310836716560352
0,line,line12,0.5365818041115625,1.6869436122357397
0,line,line12,0.5278858617203382,2.5282262047445383
0,line,line12,0.5035566357379488,4.038825616263603
0,line,line12,0.4711224457190325,5.434619201016438
0,line,line12,0.4310454533868302,6.772810608362918
0,line,line12,0.35692627860947185,8.722060933263611
0,line,line12,0.19648449333754311,11.891858622301587
0,line,line12,0.03511556589584703,14.39040997773952
0,line,line12,-0.2617060286464879,18.103499655825786
0,line,line12,-0.9016115580853938,24.233194300058255
0,line,line12,-1.721441565242934,30.307253085336452
0,line,line12,-2.7189909326911885,36.32922326161334
0,line,line12,-5.236215964803464,48.20337942455491
0,line,line12,-8.426981848343521,59.813738366903145
0,line,line12,-12.25867167190824,71.11121904043091
0,line,line12,-19.123241996657153,87.3685610150072
0,line,line12,-33.168795693502204,112.29981998444907
0,line,line12,-46.30508469668092,130.03809520651825
0,line,line12,-68.221225626494,152.68734645345967
0,line,line12,-107.53628820947176,179.9813948370299
0,line,line12,-146.4215170403723,195.78833516707243
0,line,line12,-182.11753704880505,202.78913261400686
0,line,line12,-240.27354580384176,200.52788271069198
0,line,line12,-281.8933021145127,188.1651112852833
0,line,line12,-311.15549389619997,173.07051068774027
0,line,line12,-340.0246384323559,151.31335889175273
0,line,line12,-366.4622605146412,122.35326252619059
0,line,line12,-378.0067149627742,105.21914052969805
0,line,line12,-388.0066016031036,86.47581304474436
0,line,line12,-396.15713210780666,66.3446367052869
0,scatter,,1.907005,-0.172504
0,scatter,,1.90515,-0.126896
0,scatter,,1.90731,-0.1075955
0,scatter,,1.906255,-0.08670765
0,scatter,,1.906755,-0.0682093
0,scatter,,1.90696,-0.04946835
0,scatter,,1.909065,-0.0429387
0,scatter,,1.908475,-0.03226855
0,scatter,,1.906165,-0.0244155
0,scatter,,1.907475,-0.0189809
0,scatter,,1.90735,-0.01699735
0,scatter,,1.9054,-0.0107114
0,scatter,,1.905915,-0.00846961
0,scatter,,1.90556,-0.005556255
0,scatter,,1.905535,-0.003795055
0,scatter,,1.90597,-0.001683945
0,scatter,,1.905835,0.000627056
0,scatter,,1.905355,0.001864495
0,scatter,,1.904855,0.005560755
0,scatter,,1.90464,0.00847016
0,scatter,,1.904255,0.0106471
0,scatter,,1.904445,0.01361415
0,scatter,,1.901955,0.01896445
0,scatter,,1.901885,0.021921
0,scatter,,1.899425,0.02858275
0,scatter,,1.90071,0.0332069
0,scatter,,1.89396,0.040381
0,scatter,,1.890515,0.04829745
0,scatter,,1.896705,0.0615849
0,scatter,,1.88226,0.0677222
0,scatter,,1.879525,0.0773982
0,scatter,,1.89564,0.1188245
0,scatter,,1.87876,0.1152155
0,scatter,,1.880045,0.1370035
0,scatter,,1.88171,0.1719415
0,scatter,,1.881345,0.232851
0,scatter,,1.877685,0.284821
0,scatter,,1.870375,0.3608595
0,scatter,,1.854035,0.6265545
0,scatter,,2.012225,-0.1994605
0,scatter,,2.011285,-0.150027
0,scatter,,2.006185,-0.121961
0,scatter,,2.01082,-0.09948995
0,scatter,,2.009315,-0.0792043
0,scatter,,2.010565,-0.05973165
0,scatter,,2.008185,-0.0495531
0,scatter,,2.01076,-0.03849885
0,scatter,,2.00801,-0.0287393
0,scatter,,2.006815,-0.02202985
0,scatter,,2.009365,-0.0182352
0,scatter,,2.008185,-0.01239225
0,scatter,,2.007965,-0.009022745
0,scatter,,2.0083,-0.006972465
0,scatter,,2.008345,-0.003779145
0,scatter,,2.00743,-0.00253715
0,scatter,,2.007905,4.6998e-05
0,scatter,,2.007485,0.002041405
0,scatter,,2.00649,0.006771285
0,scatter,,2.00594,0.009248275
0,scatter,,2.005845,0.01195315
0,scatter,,2.00527,0.01537315
0,scatter,,2.00385,0.02165045
0,scatter,,2.00312,0.02510575
0,scatter,,2.00067,0.0316651
0,scatter,,2.001215,0.0392648
0,scatter,,1.995415,0.04636185
0,scatter,,1.99227,0.05609895
0,scatter,,1.99753,0.0713065
0,scatter,,1.98205,0.0805604
0,scatter,,1.98003,0.09232985
0,scatter,,1.99609,0.1379315
0,scatter,,1.97762,0.1394815
0,scatter,,1.978815,0.1656165
0,scatter,,1.980475,0.2087195
0,scatter,,1.979995,0.2812985
0,scatter,,1.97262,0.3432865
0,scatter,,1.963925,0.4331955
0,scatter,,1.93851,0.722712
0,scatter,,2.23385,-0.254248
0,scatter,,2.235585,-0.1879395
0,scatter,,2.22884,-0.153331
0,scatter,,2.232915,-0.126902
0,scatter,,2.231905,-0.1014225
0,scatter,,2.232655,-0.077449
0,scatter,,2.232905,-0.06244035
0,scatter,,2.23377,-0.04889235
0,scatter,,2.231895,-0.0364354
0,scatter,,2.229755,-0.03078115
0,scatter,,2.23114,-0.0240276
0,scatter,,2.23037,-0.0155665
0,scatter,,2.23227,-0.0122546
0,scatter,,2.23098,-0.008837995
0,scatter,,2.230425,-0.00566825
0,scatter,,2.231045,-0.00255483
0,scatter,,2.2303,0.0002807358
0,scatter,,2.23089,0.001956605
0,scatter,,2.229835,0.008589105
0,scatter,,2.228555,0.01222495
0,scatter,,2.228935,0.01467645
0,scatter,,2.229115,0.0202272
0,scatter,,2.22678,0.02714845
0,scatter,,2.225375,0.0322259
0,scatter,,2.223415,0.0410513
0,scatter,,2.224285,0.05135305
0,scatter,,2.218635,0.0619151
0,scatter,,2.214525,0.0745335
0,scatter,,2.22002,0.0976075
0,scatter,,2.205335,0.1118895
0,scatter,,2.201805,0.12932
0,scatter,,2.21992,0.190734
0,scatter,,2.199115,0.202886
0,scatter,,2.198715,0.2412905
0,scatter,,2.197825,0.302032
0,scatter,,2.19237,0.406921
0,scatter,,2.185085,0.492299
0,scatter,,2.1701,0.620497
0,scatter,,2.11896,0.970198
0,scatter,,2.427365,-0.3093305
0,scatter,,2.427295,-0.231593
0,scatter,,2.425475,-0.186243
0,scatter,,2.425285,-0.152945
0,scatter,,2.422275,-0.1231655
0,scatter,,2.418585,-0.0909555
0,scatter,,2.42261,-0.07555085
0,scatter,,2.42221,-0.05870105
0,scatter,,2.420525,-0.0445266
0,scatter,,2.417515,-0.03289315
0,scatter,,2.4191,-0.02840435
0,scatter,,2.41721,-0.0202387
0,scatter,,2.418375,-0.01482215
0,scatter,,2.4183,-0.01104305
0,scatter,,2.41843,-0.006362495
0,scatter,,2.41813,-0.00312525
0,scatter,,2.417665,0.000559829
0,scatter,,2.41765,0.003629875
0,scatter,,2.41632,0.01021515
0,scatter,,2.415065,0.01453135
0,scatter,,2.41505,0.0190102
0,scatter,,2.4141,0.0248223
0,scatter,,2.412575,0.03340965
0,scatter,,2.41108,0.04090555
0,scatter,,2.40896,0.05004125
0,scatter,,2.40953,0.06449195
0,scatter,,2.40296,0.0784203
0,scatter,,2.40063,0.09469155
0,scatter,,2.403215,0.1240575
0,scatter,,2.38869,0.1458195
0,scatter,,2.38552,0.171333
0,scatter,,2.395475,0.241856
0,scatter,,2.379235,0.2700895
0,scatter,,2.376855,0.3204655
0,scatter,,2.37536,0.4001895
0,scatter,,2.366355,0.5380905
0,scatter,,2.356105,0.6483085
0,scatter,,2.332925,0.814467
0,scatter,,2.256155,1.22487
0,scatter,,2.63081,-0.5017725
0,scatter,,2.62865,-0.3720485
0,scatter,,2.631955,-0.303039
0,scatter,,2.631135,-0.249425
0,scatter,,2.63083,-0.1999115
0,scatter,,2.62676,-0.1487405
0,scatter,,2.62911,-0.123608
0,scatter,,2.63158,-0.09712085
0,scatter,,2.629395,-0.0727381
0,scatter,,2.630185,-0.0591983
0,scatter,,2.628225,-0.04484335
0,scatter,,2.62787,-0.03126485
0,scatter,,2.62923,-0.02386745
0,scatter,,2.63012,-0.0171706
0,scatter,,2.627155,-0.0113319
0,scatter,,2.62786,-0.004123185
0,scatter,,2.628795,0.0006992875
0,scatter,,2.628275,0.00736942
0,scatter,,2.627615,0.01815145
0,scatter,,2.626955,0.0247016
0,scatter,,2.627455,0.032323
0,scatter,,2.62679,0.0440758
0,scatter,,2.62451,0.0575262
0,scatter,,2.624085,0.0702441
0,scatter,,2.62135,0.0900755
0,scatter,,2.619875,0.1136475
0,scatter,,2.615225,0.1369065
0,scatter,,2.61142,0.1700575
0,scatter,,2.613685,0.223653
0,scatter,,2.59852,0.268392
0,scatter,,2.593435,0.319363
0,scatter,,2.60468,0.438918
0,scatter,,2.57873,0.520712
0,scatter,,2.57547,0.614778
0,scatter,,2.562805,0.767162
0,scatter,,2.53735,1.02417
0,scatter,,2.50812,1.232375
0,scatter,,2.450645,1.539525
0,scatter,,2.27996,2.14594
0,scatter,,2.85681,-0.6665985
0,scatter,,2.855805,-0.4967655
0,scatter,,2.853145,-0.398404
0,scatter,,2.8534,-0.3316405
0,scatter,,2.85168,-0.262797
0,scatter,,2.85215,-0.196651
0,scatter,,2.853015,-0.1618685
0,scatter,,2.85228,-0.1286015
0,scatter,,2.849615,-0.0948046
0,scatter,,2.850595,-0.0744065
0,scatter,,2.85018,-0.0603215
0,scatter,,2.84804,-0.0416598
0,scatter,,2.848735,-0.0315331
0,scatter,,2.851165,-0.0225735
0,scatter,,2.848455,-0.0107991
0,scatter,,2.848165,-0.001269725
0,scatter,,2.848325,0.00424145
0,scatter,,2.847315,0.01442095
0,scatter,,2.847335,0.02753705
0,scatter,,2.847455,0.03852455
0,scatter,,2.84513,0.04980695
0,scatter,,2.846325,0.06798585
0,scatter,,2.84554,0.0876242
0,scatter,,2.84194,0.104695
0,scatter,,2.83979,0.1345105
0,scatter,,2.83854,0.1773545
0,scatter,,2.82941,0.2125555
0,scatter,,2.826345,0.262116
0,scatter,,2.82953,0.346848
0,scatter,,2.81435,0.420761
0,scatter,,2.80302,0.5018925
0,scatter,,2.810295,0.6832595
0,scatter,,2.77518,0.8257405
0,scatter,,2.76658,0.979951
0,scatter,,2.74273,1.22455
0,scatter,,2.694065,1.62502
0,scatter,,2.64224,1.94743
0,scatter,,2.54228,2.428515
0,scatter,,2.24489,3.24644
0,scatter,,3.15022,-1.01329
0,scatter,,3.147895,-0.7485445
0,scatter,,3.141115,-0.607838
0,scatter,,3.151055,-0.5008205
0,scatter,,3.14845,-0.4009215
0,scatter,,3.15096,-0.3004865
0,scatter,,3.148945,-0.2450355
0,scatter,,3.15068,-0.192924
0,scatter,,3.14861,-0.1448435
0,scatter,,3.149235,-0.114606
0,scatter,,3.14701,-0.0882802
0,scatter,,3.1435,-0.0601661
0,scatter,,3.143865,-0.0398859
0,scatter,,3.147095,-0.02560645
0,scatter,,3.143835,-0.009757445
0,scatter,,3.1464,0.01133065
0,scatter,,3.144455,0.02395655
0,scatter,,3.145455,0.03974825
0,scatter,,3.144495,0.06589145
0,scatter,,3.14289,0.09016925
0,scatter,,3.14479,0.1125725
0,scatter,,3.141945,0.1520675
0,scatter,,3.14107,0.1951725
0,scatter,,3.13709,0.2355735
0,scatter,,3.135345,0.2974305
0,scatter,,3.133185,0.3943715
0,scatter,,3.122595,0.472194
0,scatter,,3.11652,0.5765
0,scatter,,3.111295,0.7820985
0,scatter,,3.084095,0.9633205
0,scatter,,3.068025,1.14733
0,scatter,,3.06503,1.55801
0,scatter,,3.00798,1.894465
0,scatter,,2.95275,2.27522
0,scatter,,2.866795,2.8133
0,scatter,,2.690135,3.72957
0,scatter,,2.519225,4.458715
0,scatter,,2.190835,5.5346
0,scatter,,1.48261,6.88561
0,scatter,,3.308915,-1.35257
0,scatter,,3.311225,-1.02008
0,scatter,,3.315995,-0.8075485
0,scatter,,3.30338,-0.674086
0,scatter,,3.308775,-0.537331
0,scatter,,3.30139,-0.398086
0,scatter,,3.308985,-0.3254675
0,scatter,,3.313445,-0.2590425
0,scatter,,3.30744,-0.1877445
0,scatter,,3.30683,-0.1421425
0,scatter,,3.308345,-0.1107525
0,scatter,,3.308315,-0.072478
0,scatter,,3.30635,-0.04347705
0,scatter,,3.305305,-0.01977015
0,scatter,,3.305205,0.003260195
0,scatter,,3.30743,0.037702
0,scatter,,3.30556,0.06127095
0,scatter,,3.30405,0.0835905
0,scatter,,3.31011,0.12809
0,scatter,,3.30116,0.1774515
0,scatter,,3.30407,0.2233705
0,scatter,,3.299625,0.294575
0,scatter,,3.300235,0.378212
0,scatter,,3.29825,0.4478815
0,scatter,,3.287475,0.5774165
0,scatter,,3.282425,0.759674
0,scatter,,3.276055,0.9169145
0,scatter,,3.261015,1.158365
0,scatter,,3.23758,1.511895
0,scatter,,3.191725,1.872065
0,scatter,,3.16097,2.23685
0,scatter,,3.087575,2.97036
0,scatter,,2.975005,3.7028
0,scatter,,2.86194,4.39225
0,scatter,,2.600535,5.45439
0,scatter,,2.100785,7.2046
0,scatter,,1.554615,8.541135
0,scatter,,0.652252,10.5154
0,scatter,,-0.511677,12.25955
0,scatter,,3.47489,-2.15645
0,scatter,,3.48915,-1.599485
0,scatter,,3.4573,-1.280185
0,scatter,,3.45964,-1.064365
0,scatter,,3.483955,-0.847949
0,scatter,,3.484935,-0.6145045
0,scatter,,3.472185,-0.51456
0,scatter,,3.473365,-0.3869845
0,scatter,,3.474595,-0.2724085
0,scatter,,3.470665,-0.193185
0,scatter,,3.472865,-0.146574
0,scatter,,3.45922,-0.0647686
0,scatter,,3.474275,-0.010687685
0,scatter,,3.478195,0.02871915
0,scatter,,3.4692,0.08630385
0,scatter,,3.47279,0.1622005
0,scatter,,3.478415,0.22019
0,scatter,,3.487355,0.2867535
0,scatter,,3.454025,0.4177675
0,scatter,,3.457465,0.5282445
0,scatter,,3.44823,0.65769
0,scatter,,3.44865,0.881235
0,scatter,,3.42645,1.10194
0,scatter,,3.4249,1.338495
0,scatter,,3.398405,1.641735
0,scatter,,3.33349,2.19854
0,scatter,,3.31365,2.61798
0,scatter,,3.311985,3.231695
0,scatter,,3.13908,4.316385
0,scatter,,3.048135,5.362575
0,scatter,,2.800175,6.394725
0,scatter,,2.35985,8.47626
0,scatter,,1.66405,10.4916
0,scatter,,1.09853,12.2551
0,scatter,,-0.10313345,15.1107
0,scatter,,-2.62798,19.53865
0,scatter,,-5.021615,22.63785
0,scatter,,-9.154145,26.6316
0,scatter,,-8.35156,27.1725
0,scatter,,3.25092,-4.76722
0,scatter,,3.29386,-3.63398
0,scatter,,3.37852,-2.789285
0,scatter,,3.255445,-2.28897
0,scatter,,3.26518,-1.794585
0,scatter,,3.2438,-1.200625
0,scatter,,3.288505,-1.01553
0,scatter,,3.320975,-0.705087
0,scatter,,3.25459,-0.3910285
0,scatter,,3.265785,-0.1407145
0,scatter,,3.24461,0.039624
0,scatter,,3.23043,0.3083475
0,scatter,,3.26038,0.5413005
0,scatter,,3.236195,0.7551705
0,scatter,,3.251615,1.052335
0,scatter,,3.24738,1.505375
0,scatter,,3.224045,1.89196
0,scatter,,3.2116,2.38495
0,scatter,,3.174265,3.21567
0,scatter,,3.12663,4.050605
0,scatter,,3.089105,4.861555
0,scatter,,2.958215,6.478045
0,scatter,,2.788625,8.10969
0,scatter,,2.590935,9.732505
0,scatter,,2.262505,12.1311
0,scatter,,1.539255,15.99615
0,scatter,,0.825656,19.112
0,scatter,,-0.344938,23.51975
0,scatter,,-3.00141,30.9296
0,scatter,,-6.24931,37.8163
0,scatter,,-9.90202,44.24995
0,scatter,,-18.90615,55.75615
0,scatter,,-28.6513,64.87555
0,scatter,,-39.6677,72.21975
0,scatter,,-56.0587,78.86355
0,scatter,,-83.1771,82.3588
0,scatter,,-102.5925,79.43865
0,scatter,,-126.3805,68.5484
0,scatter,,-27.39535,85.2727
0,scatter,,2.47384,-7.07645
0,scatter,,2.323375,-5.52944
0,scatter,,2.87023,-4.00332
0,scatter,,2.351315,-3.512595
0,scatter,,2.60361,-2.72828
0,scatter,,2.21916,-1.744015
0,scatter,,2.45889,-1.28207
0,scatter,,2.58247,-0.8423685
0,scatter,,2.504945,-0.2746005
0,scatter,,2.42573,0.221401
0,scatter,,2.557535,0.563501
0,scatter,,2.48056,1.193455
0,scatter,,2.46995,1.701095
0,scatter,,2.485615,2.209065
0,scatter,,2.48569,2.902205
0,scatter,,2.46943,4.01366
0,scatter,,2.405,5.0181
0,scatter,,2.32929,6.25457
0,scatter,,2.206365,8.403345
0,scatter,,1.977095,10.5006
0,scatter,,1.829255,12.5546
0,scatter,,1.27744,16.71055
0,scatter,,0.643401,20.8786
0,scatter,,-0.1556205,24.98005
0,scatter,,-1.533845,30.99915
0,scatter,,-4.464605,40.51195
0,scatter,,-7.27578,48.1447
0,scatter,,-11.9217,58.4322
0,scatter,,-22.00765,74.408
0,scatter,,-33.3065,87.93565
0,scatter,,-46.02925,99.58285
0,scatter,,-73.0299,116.0505
0,scatter,,-99.9562,124.338
0,scatter,,-126.142,126.9045
0,scatter,,-160.0195,121.316
0,scatter,,-205.671,98.40595
0,scatter,,-231.1765,73.4328
0,scatter,,-253.1575,32.3084
0,scatter,,-15.1918,116.075
0,scatter,,0.6470195,-11.3776
0,scatter,,0.6773155,-7.0298
0,scatter,,1.430885,-7.224105
0,scatter,,0.5518635,-5.160735
0,scatter,,0.49118315,-3.74306
0,scatter,,0.102063,-1.8642
0,scatter,,0.0620752,-1.485315
0,scatter,,0.310416,-0.531476
0,scatter,,0.5985725,0.6187025
0,scatter,,0.8455645,1.57395
0,scatter,,0.509551,2.524945
0,scatter,,0.357086,3.979035
0,scatter,,0.454109,5.255595
0,scatter,,0.401918,6.672455
0,scatter,,0.4761125,8.38962
0,scatter,,0.286351,11.3136
0,scatter,,0.03317265,13.84375
0,scatter,,-0.3040215,17.67655
0,scatter,,-0.88418,23.3742
0,scatter,,-1.64638,29.14155
0,scatter,,-2.4902,34.648
0,scatter,,-4.77381,45.9078
0,scatter,,-7.756995,57.02445
0,scatter,,-11.04365,67.63535
0,scatter,,-16.97695,82.9064
0,scatter,,-28.92265,105.742
0,scatter,,-40.24415,122.602
0,scatter,,-58.84735,143.591
0,scatter,,-92.4707,171.9915
0,scatter,,-126.949,189.7055
0,scatter,,-162.8415,201.243
0,scatter,,-229.2395,203.9935
0,scatter,,-282.098,189.3565
0,scatter,,-328.321,165.039
0,scatter,,-375.789,117.123
0,scatter,,-421.029,27.6725
0,scatter,,-430.068,-42.819
0,scatter,,-410.551,-132.7735
0,scatter,,11.66865,131.2095
1,line,$R$,0.0034482758620689655,0.9034766405709184
1,line,$R$,0.003703703703703704,1.0171947449733236
1,line,$R$,0.004,1.0576459895899413
1,line,$R$,0.004347826086956522,1.0921913924174544
1,line,$R$,0.004761904761904762,1.2162320255994317
1,line,$R$,0.005263157894736842,1.3465646412460521
1,line,$R$,0.0058823529411764705,1.3513445834504287
1,line,$R$,0.006666666666666667,1.452611537720743
1,line,$R$,0.007692307692307693,1.8329122024680746
1,line,$R$,0.00909090909090909,2.214886625386929
1,line,$R$,0.011111111111111112,2.402860892942948
1,line,$R$,0.014285714285714285,2.610337138776699
1,line,$R_{neg}$,0.0034482758620689655,0.787078519512916
1,line,$R_{neg}$,0.003703703703703704,0.9253489988838522
1,line,$R_{neg}$,0.004,0.9644607903078871
1,line,$R_{neg}$,0.004347826086956522,0.9989932473347283
1,line,$R_{neg}$,0.004761904761904762,1.1415851289742909
1,line,$R_{neg}$,0.005263157894736842,1.287797170452887
1,line,$R_{neg}$,0.0058823529411764705,1.2865633961322214
1,line,$R_{neg}$,0.006666666666666667,1.3990705041278164
1,line,$R_{neg}$,0.007692307692307693,1.8107143268010506
1,line,$R_{neg}$,0.00909090909090909,2.206493068336707
1,line,$R_{neg}$,0.011111111111111112,2.398683470273846
1,line,$R_{neg}$,0.014285714285714285,2.6097577324223336
1,line,$R_{est}$,0.0034482758620689655,-1.6137264182729298
1,line,$R_{est}$,0.003703703703703704,-1.5883111050889689
1,line,$R_{est}$,0.004,-1.5718004020838228
1,line,$R_{est}$,0.004347826086956522,-1.491192960326059
1,line,$R_{est}$,0.004761904761904762,-1.4872744370232522
1,line,$R_{est}$,0.005263157894736842,-1.3856119086857337
1,line,$R_{est}$,0.0058823529411764705,-1.400554576050013
1,line,$R_{est}$,0.006666666666666667,-1.5638861071897185
1,line,$R_{est}$,0.007692307692307693,-1.0370601136958955
1,line,$R_{est}$,0.00909090909090909,1.9240209660127878
1,line,$R_{est}$,0.011111111111111112,1.8578223966293979
1,line,$R_{est}$,0.014285714285714285,2.6250843233000434
2,line,line1,30.0,1.910926912265577
2,line,line1,40.0,1.909141513192367
2,line,line1,50.0,1.9083142350349183
2,line,line1,60.0,1.9078645466866175
2,line,line1,75.0,1.9074963465027341
2,line,line1,100.0,1.9072094991084967
2,line,line1,120.0,1.9070964100353427
2,line,line1,150.0,1.9070032341883805
2,line,line1,200.0,1.9069291637182073
2,line,line1,250.0,1.9068928270069654
2,line,line1,300.0,1.9068709126816514
2,line,line1,400.0,1.9068430528778597
2,line,line1,500.0,1.906821970790656
2,line,line1,600.0,1.9068018469609236
2,line,line1,750.0,1.9067694566607278
2,line,line1,1000.0,1.9067048062756347
2,line,line1,1200.0,1.9066418677845718
2,line,line1,1500.0,1.906528001888985
2,line,line1,2000.0,1.906286952830597
2,line,line1,2500.0,1.9059848185578
2,line,line1,3000.0,1.9056263413244734
2,line,line1,4000.0,1.9047631676775438
2,line,line1,5000.0,1.9037468620144216
2,line,line1,6000.0,1.9026283826419979
2,line,line1,7500.0,1.9008608056369536
2,line,line1,10000.0,1.8979688584100978
2,line,line1,12000.0,1.895894291264471
2,line,line1,15000.0,1.8933200518544895
2,line,line1,20000.0,1.8903509755697656
2,line,line1,25000.0,1.8885778232856845
2,line,line1,30000.0,1.8875575838255678
2,line,line1,40000.0,1.8867867616048193
2,line,line1,50000.0,1.8869393287601044
2,line,line1,60000.0,1.8876200875456568
2,line,line1,75000.0,1.889305532324233
2,line,line1,100000.0,1.8934416393171782
2,line,line1,120000.0,1.8977682314447797
2,line,line1,150000.0,1.90582000065856
2,line,line1,200000.0,1.9232046480738814
2,line,line2,30.0,2.0150517036175946
2,line,line2,40.0,2.0123818496249712
2,line,line2,50.0,2.011144504915513
2,line,line2,60.0,2.010471873769842
2,line,line2,75.0,2.0099211536718378
2,line,line2,100.0,2.009492244631455
2,line,line2,120.0,2.0093232907671106
2,line,line2,150.0,2.009184333166284
2,line,line2,200.0,2.009074481162954
2,line,line2,250.0,2.009021363402652
2,line,line2,300.0,2.0089901017812406
2,line,line2,400.0,2.00895230228052
2,line,line2,500.0,2.0089257495559165
2,line,line2,600.0,2.0089017333055974
2,line,line2,750.0,2.0088644694845206
2,line,line2,1000.0,2.0087918535156666
2,line,line2,1200.0,2.0087218261870996
2,line,line2,1500.0,2.0085956144582693
2,line,line2,2000.0,2.0083290993076495
2,line,line2,2500.0,2.007995628598188
2,line,line2,3000.0,2.007600577198219
2,line,line2,4000.0,2.006651763444036
2,line,line2,5000.0,2.0055388890179997
2,line,line2,6000.0,2.0043194219122284
2,line,line2,7500.0,2.0024035605954196
2,line,line2,10000.0,1.999299212876927
2,line,line2,12000.0,1.9970960785348204
2,line,line2,15000.0,1.9943921566781084
2,line,line2,20000.0,1.991323909561783
2,line,line2,25000.0,1.989534080893512
2,line,line2,30000.0,1.9885410984656753
2,line,line2,40000.0,1.9878985311890172
2,line,line2,50000.0,1.9882449590515885
2,line,line2,60000.0,1.9891724351459974
2,line,line2,75000.0,1.991318716529599
2,line,line2,100000.0,1.9964541643292844
2,line,line2,120000.0,2.0017827951312004
2,line,line2,150000.0,2.0116665474875854
2,line,line2,200000.0,2.0329494222171056
2,line,line3,30.0,2.240770039309174
2,line,line3,40.0,2.2369351284951353
2,line,line3,50.0,2.235157238992159
2,line,line3,60.0,2.2341906408589836
2,line,line3,75.0,2.233399235173019
2,line,line3,100.0,2.2327830483359272
2,line,line3,120.0,2.23254052752067
2,line,line3,150.0,2.2323414236729473
2,line,line3,200.0,2.232184924139475
2,line,line3,250.0,2.232110392969066
2,line,line3,300.0,2.2320676894353624
2,line,line3,400.0,2.232019044021501
2,line,line3,500.0,2.231988186818598
2,line,line3,600.0,2.231962588990237
2,line,line3,750.0,2.2319254167575555
2,line,line3,1000.0,2.231856286742646
2,line,line3,1200.0,2.231790852527839
2,line,line3,1500.0,2.2316736898876006
2,line,line3,2000.0,2.2314268711093703
2,line,line3,2500.0,2.231117789282214
2,line,line3,3000.0,2.230750797920127
2,line,line3,4000.0,2.229865148458513
2,line,line3,5000.0,2.2288184841553385
2,line,line3,6000.0,2.2276617190211154
2,line,line3,7500.0,2.225823620619321
2,line,line3,10000.0,2.222792725938475
2,line,line3,12000.0,2.2206051024227107
2,line,line3,15000.0,2.217887792288086
2,line,line3,20000.0,2.2148005697162327
2,line,line3,25000.0,2.2130702446296637
2,line,line3,30000.0,2.21223249081988
2,line,line3,40000.0,2.2121581666639645
2,line,line3,50000.0,2.2133622932350887
2,line,line3,60000.0,2.215397925779246
2,line,line3,75000.0,2.219635632425467
2,line,line3,100000.0,2.2293313324100708
2,line,line3,120000.0,2.2392336564421007
2,line,line3,150000.0,2.257456496783512
2,line,line3,200000.0,2.296357097268775
2,line,line4,30.0,2.432263244926764
2,line,line4,40.0,2.427049166264693
2,line,line4,50.0,2.4246309230450005
2,line,line4,60.0,2.423315925717312
2,line,line4,75.0,2.422239139535742
2,line,line4,100.0,2.42140069146292
2,line,line4,120.0,2.421070691132114
2,line,line4,150.0,2.420799792092248
2,line,line4,200.0,2.4205869341031905
2,line,line4,250.0,2.420485662247303
2,line,line4,300.0,2.420427741144571
2,line,line4,400.0,2.4203620368524668
2,line,line4,500.0,2.4203206852841803
2,line,line4,600.0,2.4202866361113724
2,line,line4,750.0,2.420237502048385
2,line,line4,1000.0,2.4201465834193487
2,line,line4,1200.0,2.4200607386815993
2,line,line4,1500.0,2.41990725811247
2,line,line4,2000.0,2.4195845327799783
2,line,line4,2500.0,2.4191813599030527
2,line,line4,3000.0,2.418703976013196
2,line,line4,4000.0,2.417557776634803
2,line,line4,5000.0,2.416213833356412
2,line,line4,6000.0,2.4147419367415326
2,line,line4,7500.0,2.4124322628700856
2,line,line4,10000.0,2.4087038787070525
2,line,line4,12000.0,2.4060786144945716
2,line,line4,15000.0,2.4029066260105085
2,line,line4,20000.0,2.3994753335571035
2,line,line4,25000.0,2.3977331047895754
2,line,line4,30000.0,2.39708813309333
2,line,line4,40000.0,2.3977931655314184
2,line,line4,50000.0,2.400159107074132
2,line,line4,60000.0,2.403674400103896
2,line,line4,75000.0,2.4106762058094513
2,line,line4,100000.0,2.42634630634289
2,line,line4,120000.0,2.4422013093434596
2,line,line4,150000.0,2.471202186302393
2,line,line4,200000.0,2.5325923058493083
2,line,line5,30.0,2.662909002884002
2,line,line5,40.0,2.6488719809851204
2,line,line5,50.0,2.6423456515464068
2,line,line5,60.0,2.6387926098319996
2,line,line5,75.0,2.6358813255273406
2,line,line5,100.0,2.6336140632657536
2,line,line5,120.0,2.632722385059852
2,line,line5,150.0,2.6319919786256594
2,line,line5,200.0,2.631422247428512
2,line,line5,250.0,2.6311565977250226
2,line,line5,300.0,2.6310102686710364
2,line,line5,400.0,2.6308591457269497
2,line,line5,500.0,2.630781617768073
2,line,line5,600.0,2.630731475899356
2,line,line5,750.0,2.630675704236609
2,line,line5,1000.0,2.6305957684269003
2,line,line5,1200.0,2.630529554990902
2,line,line5,1500.0,2.6304174703070933
2,line,line5,2000.0,2.6301883925401794
2,line,line5,2500.0,2.6299044058924292
2,line,line5,3000.0,2.629567788975604
2,line,line5,4000.0,2.628754028947471
2,line,line5,5000.0,2.6277883054931914
2,line,line5,6000.0,2.626716417029681
2,line,line5,7500.0,2.6250073431336394
2,line,line5,10000.0,2.6222008618060206
2,line,line5,12000.0,2.6202278364461926
2,line,line5,15000.0,2.6179604458409753
2,line,line5,20000.0,2.6161334234366143
2,line,line5,25000.0,2.6164016517500093
2,line,line5,30000.0,2.618294714679747
2,line,line5,40000.0,2.625715102048315
2,line,line5,50000.0,2.6369067947296583
2,line,line5,60000.0,2.6512572729139747
2,line,line5,75000.0,2.6781010385385717
2,line,line5,100000.0,2.7358126484913465
2,line,line5,120000.0,2.7927252277691172
2,line,line5,150000.0,2.894258836115575
2,line,line5,200000.0,3.100493809773075
2,line,line6,30.0,2.9089592595651306
2,line,line6,40.0,2.8842223423302373
2,line,line6,50.0,2.8726938867393277
2,line,line6,60.0,2.866410243879342
2,line,line6,75.0,2.861257747479554
2,line,line6,100.0,2.8572428840441075
2,line,line6,120.0,2.8556635820605205
2,line,line6,150.0,2.8543701269372606
2,line,line6,200.0,2.853362193256972
2,line,line6,250.0,2.8528936407882637
2,line,line6,300.0,2.8526370766868983
2,line,line6,400.0,2.8523763460014866
2,line,line6,500.0,2.8522481027123785
2,line,line6,600.0,2.8521704351353434
2,line,line6,750.0,2.8520921893704916
2,line,line6,1000.0,2.8519949016598978
2,line,line6,1200.0,2.851922007775013
2,line,line6,1500.0,2.8518047217328584
2,line,line6,2000.0,2.8515724136875886
2,line,line6,2500.0,2.851288303438036
2,line,line6,3000.0,2.8509535552763765
2,line,line6,4000.0,2.8501494299839316
2,line,line6,5000.0,2.849203591130569
2,line,line6,6000.0,2.848166149866581
2,line,line6,7500.0,2.846547432737205
2,line,line6,10000.0,2.8440402588031284
2,line,line6,12000.0,2.8424846802010872
2,line,line6,15000.0,2.841204952487236
2,line,line6,20000.0,2.8420842659551058
2,line,line6,25000.0,2.846385414661919
2,line,line6,30000.0,2.853563091001877
2,line,line6,40000.0,2.874998522178767
2,line,line6,50000.0,2.9044206787266025
2,line,line6,60000.0,2.9408821632913287
2,line,line6,75000.0,3.0075615654178804
2,line,line6,100000.0,3.147258608840753
2,line,line6,120000.0,3.281461188662787
2,line,line6,150000.0,3.5138364401413966
2,line,line6,200000.0,3.964087302969004
2,line,line7,30.0,3.2656072890552332
2,line,line7,40.0,3.2161600118382374
2,line,line7,50.0,3.192983610509317
2,line,line7,60.0,3.180315091136531
2,line,line7,75.0,3.1699079659982217
2,line,line7,100.0,3.1617869833526
2,line,line7,120.0,3.1585900279380588
2,line,line7,150.0,3.155971284931325
2,line,line7,200.0,3.1539318752530905
2,line,line7,250.0,3.1529862155096198
2,line,line7,300.0,3.1524711113716855
2,line,line7,400.0,3.151955276577599
2,line,line7,500.0,3.15171169630171
2,line,line7,600.0,3.151574324811162
2,line,line7,750.0,3.151452729633816
2,line,line7,1000.0,3.151335711927434
2,line,line7,1200.0,3.151268861211591
2,line,line7,1500.0,3.151180700669182
2,line,line7,2000.0,3.1510356362104592
2,line,line7,2500.0,3.1508835897313348
2,line,line7,3000.0,3.1507298191948183
2,line,line7,4000.0,3.150462909047187
2,line,line7,5000.0,3.1503392507544703
2,line,line7,6000.0,3.150463711647881
2,line,line7,7500.0,3.151307624250369
2,line,line7,10000.0,3.154941458920791
2,line,line7,12000.0,3.1600850862907675
2,line,line7,15000.0,3.171553739845928
2,line,line7,20000.0,3.199986990713758
2,line,line7,25000.0,3.2388601791860583
2,line,line7,30000.0,3.287093638070281
2,line,line7,40000.0,3.4085803213682455
2,line,line7,50000.0,3.5593670329596705
2,line,line7,60000.0,3.735154369361906
2,line,line7,75000.0,4.037274989357242
2,line,line7,100000.0,4.616192980007788
2,line,line7,120000.0,5.124267137922169
2,line,line7,150000.0,5.927847360038584
2,line,line7,200000.0,7.3052814503989865
2,line,line8,30.0,3.521954926462092
2,line,line8,40.0,3.433115796445584
2,line,line8,50.0,3.391145711169818
2,line,line8,60.0,3.3681109254652144
2,line,line8,75.0,3.3491369159025366
2,line,line8,100.0,3.3342972875071974
2,line,line8,120.0,3.3284461541668233
2,line,line8,150.0,3.3236475215014702
2,line,line8,200.0,3.3199023454917365
2,line,line8,250.0,3.3181573964684024
2,line,line8,300.0,3.317198652465334
2,line,line8,400.0,3.316216268706169
2,line,line8,500.0,3.3157234418543093
2,line,line8,600.0,3.315416664681431
2,line,line8,750.0,3.3150972564245182
2,line,line8,1000.0,3.314693986239042
2,line,line8,1200.0,3.314407166933858
2,line,line8,1500.0,3.3140040863528797
2,line,line8,2000.0,3.3134459803898015
2,line,line8,2500.0,3.3131525307239196
2,line,line8,3000.0,3.313251808261788
2,line,line8,4000.0,3.314932748901764
2,line,line8,5000.0,3.318755698560539
2,line,line8,6000.0,3.3246678763093334
2,line,line8,7500.0,3.3371351490194017
2,line,line8,10000.0,3.3664496476579986
2,line,line8,12000.0,3.396810740963854
2,line,line8,15000.0,3.4528669941518912
2,line,line8,20000.0,3.571899941244124
2,line,line8,25000.0,3.719578279518968
2,line,line8,30000.0,3.8922476192055133
2,line,line8,40000.0,4.298927755634296
2,line,line8,50000.0,4.767657196673998
2,line,line8,60000.0,5.279532549320445
2,line,line8,75000.0,6.0988172593074665
2,line,line8,100000.0,7.5308041857049135
2,line,line8,120000.0,8.690465336040855
2,line,line8,150000.0,10.40026311286479
2,line,line8,200000.0,13.074772378010698
2,line,line9,30.0,4.035418190126439
2,line,line9,40.0,3.802342560027919
2,line,line9,50.0,3.6894093327606385
2,line,line9,60.0,3.6265721093215
2,line,line9,75.0,3.574333035497463
2,line,line9,100.0,3.533175517571361
2,line,line9,120.0,3.51688608118385
2,line,line9,150.0,3.503523204514842
2,line,line9,200.0,3.4931486496212205
2,line,line9,250.0,3.4884063974368344
2,line,line9,300.0,3.4859022360844447
2,line,line9,400.0,3.4836190737575303
2,line,line9,500.0,3.4828437328762547
2,line,line9,600.0,3.4827219933649882
2,line,line9,750.0,3.4831746717392935
2,line,line9,1000.0,3.4849052094682684
2,line,line9,1200.0,3.4869100549687655
2,line,line9,1500.0,3.490786539660591
2,line,line9,2000.0,3.4994172715467733
2,line,line9,2500.0,3.510722537062232
2,line,line9,3000.0,3.524730183097997
2,line,line9,4000.0,3.561003117738502
2,line,line9,5000.0,3.6084027846757465
2,line,line9,6000.0,3.6668142071864196
2,line,line9,7500.0,3.774213884238371
2,line,line9,10000.0,4.0009435389133055
2,line,line9,12000.0,4.219185559253984
2,line,line9,15000.0,4.595939504178903
2,line,line9,20000.0,5.320999705917072
2,line,line9,25000.0,6.127039302646295
2,line,line9,30000.0,6.983702796823544
2,line,line9,40000.0,8.78081035907157
2,line,line9,50000.0,10.62893907807295
2,line,line9,60000.0,12.489479217122824
2,line,line9,75000.0,15.25993549963308
2,line,line9,100000.0,19.734360760380454
2,line,line9,120000.0,23.13040406320289
2,line,line9,150000.0,27.85718632598463
2,line,line9,200000.0,34.67899327041889
2,line,line10,30.0,6.725356601944375
2,line,line10,40.0,5.432024056286607
2,line,line10,50.0,4.714260521267288
2,line,line10,60.0,4.274135246150061
2,line,line10,75.0,3.8773335318397826
2,line,line10,100.0,3.5390968210059737
2,line,line10,120.0,3.398094116280026
2,line,line10,150.0,3.2801201574930445
2,line,line10,200.0,3.1902237373403284
2,line,line10,250.0,3.1540992421309415
2,line,line10,300.0,3.1410723155635067
2,line,line10,400.0,3.146971586880945
2,line,line10,500.0,3.175026895760647
2,line,line10,600.0,3.2166907167976273
2,line,line10,750.0,3.2981578443937996
2,line,line10,1000.0,3.474084407752544
2,line,line10,1200.0,3.644561185866098
2,line,line10,1500.0,3.9403954420599225
2,line,line10,2000.0,4.514919572685774
2,line,line10,2500.0,5.160690458375246
2,line,line10,3000.0,5.853831009625486
2,line,line10,4000.0,7.326872980227721
2,line,line10,5000.0,8.86593103752695
2,line,line10,6000.0,10.440305269155614
2,line,line10,7500.0,12.836233693950964
2,line,line10,10000.0,16.86534114766846
2,line,line10,12000.0,20.091775075443717
2,line,line10,15000.0,24.906150486084684
2,line,line10,20000.0,32.803058750390235
2,line,line10,25000.0,40.47741528215531
2,line,line10,30000.0,47.87660651669942
2,line,line10,40000.0,61.70712156372016
2,line,line10,50000.0,74.11324942149007
2,line,line10,60000.0,85.05051606657406
2,line,line10,75000.0,98.83560882301755
2,line,line10,100000.0,115.8944280782728
2,line,line10,120000.0,125.5110375543713
2,line,line10,150000.0,135.45549111677724
2,line,line10,200000.0,145.06932511697966
2,line,line11,30.0,7.629413373454609
2,line,line11,40.0,5.870214302653692
2,line,line11,50.0,4.844897696469731
2,line,line11,60.0,4.185227244661751
2,line,line11,75.0,3.558747935066504
2,line,line11,100.0,2.9914311917467122
2,line,line11,120.0,2.7466447682527795
2,line,line11,150.0,2.547105579036182
2,line,line11,200.0,2.4284792480761253
2,line,line11,250.0,2.4334710520214746
2,line,line11,300.0,2.500112562205767
2,line,line11,400.0,2.7310456330229185
2,line,line11,500.0,3.0343884755120665
2,line,line11,600.0,3.379304107302771
2,line,line11,750.0,3.943714053684621
2,line,line11,1000.0,4.95463210803714
2,line,line11,1200.0,5.797929714174038
2,line,line11,1500.0,7.093451304631598
2,line,line11,2000.0,9.294412579594917
2,line,line11,2500.0,11.519871568070625
2,line,line11,3000.0,13.756177505199888
2,line,line11,4000.0,18.238919858657702
2,line,line11,5000.0,22.717851069977232
2,line,line11,6000.0,27.181782328189634
2,line,line11,7500.0,33.8343819044288
2,line,line11,10000.0,44.76434559420196
2,line,line11,12000.0,53.32911408590456
2,line,line11,15000.0,65.8129265442556
2,line,line11,20000.0,85.47114153600108
2,line,line11,25000.0,103.49493110985559
2,line,line11,30000.0,119.77110610940463
2,line,line11,40000.0,147.13816187056784
2,line,line11,50000.0,168.3055388879908
2,line,line11,60000.0,184.46682761351883
2,line,line11,75000.0,201.83287422082188
2,line,line11,100000.0,219.35001864000293
2,line,line11,120000.0,227.59651102758616
2,line,line11,150000.0,235.0827787272591
2,line,line11,200000.0,241.44519408609167
2,line,line12,30.0,11.080644416153524
2,line,line12,40.0,8.106182818305223
2,line,line12,50.0,6.27435313815171
2,line,line12,60.0,5.0145540980925025
2,line,line12,75.0,3.698131747124868
2,line,line12,100.0,2.2744297831984053
2,line,line12,120.0,1.4944080647774634
2,line,line12,150.0,0.7077465113612855
2,line,line12,200.0,0.9102292085005428
2,line,line12,250.0,1.7702256306376836
2,line,line12,300.0,2.5827487731796905
2,line,line12,400.0,4.07009602392656
2,line,line12,500.0,5.455001578268958
2,line,line12,600.0,6.786513369885801
2,line,line12,750.0,8.729360989896414
2,line,line12,1000.0,11.893481729457136
2,line,line12,1200.0,14.390452822284407
2,line,line12,1500.0,18.105391181466207
2,line,line12,2000.0,24.249961018237723
2,line,line12,2500.0,30.356102362477003
2,line,line12,3000.0,36.43082999993556
2,line,line12,4000.0,48.486944073406676
2,line,line12,5000.0,60.40444785358652
2,line,line12,6000.0,72.16010327442574
2,line,line12,7500.0,89.43692659240784
2,line,line12,10000.0,117.09576668819824
2,line,line12,12000.0,138.03647008564909
2,line,line12,15000.0,167.23504833909615
2,line,line12,20000.0,209.66009579639476
2,line,line12,25000.0,244.4838089524497
2,line,line12,30000.0,272.56234077191243
2,line,line12,40000.0,312.95815783836645
2,line,line12,50000.0,338.9246861502228
2,line,line12,60000.0,356.0493547972013
2,line,line12,75000.0,372.1726579427333
2,line,line12,100000.0,386.3481709964519
2,line,line12,120000.0,392.3775529904283
2,line,line12,150000.0,397.52633765492715
2,line,line12,200000.0,401.67410190282203
2,scatter,,30.0,1.9147912941208503
2,scatter,,40.0,1.9093713932380991
2,scatter,,50.0,1.9103424372923956
2,scatter,,60.0,1.9082259671206454
2,scatter,,75.0,1.9079746168729526
2,scatter,,100.0,1.9076015200381138
2,scatter,,120.0,1.9095478276761466
2,scatter,,150.0,1.9087477792898941
2,scatter,,200.0,1.906321359022463
2,scatter,,250.0,1.9075694352211168
2,scatter,,300.0,1.9074257344407994
2,scatter,,400.0,1.9054301073746998
2,scatter,,500.0,1.9059338187666832
2,scatter,,600.0,1.9055681004807004
2,scatter,,750.0,1.9055387791035512
2,scatter,,1000.0,1.9059707438916167
2,scatter,,1200.0,1.9058351031566783
2,scatter,,1500.0,1.9053559122553994
2,scatter,,2000.0,1.9048631166100018
2,scatter,,2500.0,1.9046588338099886
2,scatter,,3000.0,1.9042847648824506
2,scatter,,4000.0,1.9044936605578981
2,scatter,,5000.0,1.9020495451982322
2,scatter,,6000.0,1.9020113257985611
2,scatter,,7500.0,1.899640045962014
2,scatter,,10000.0,1.9010000532108382
2,scatter,,12000.0,1.8943904314478048
2,scatter,,15000.0,1.891131832766162
2,scatter,,20000.0,1.8977045494314995
2,scatter,,25000.0,1.8834779011108254
2,scatter,,30000.0,1.8811179407438121
2,scatter,,40000.0,1.8993604901124614
2,scatter,,50000.0,1.8822894966078545
2,scatter,,60000.0,1.8850302811990183
2,scatter,,75000.0,1.8895492593532062
2,scatter,,100000.0,1.8957000282813736
2,scatter,,120000.0,1.899164016420383
2,scatter,,150000.0,1.9048680320077949
2,scatter,,200000.0,1.9570427493274771
2,scatter,,30.0,2.0220865317006713
2,scatter,,40.0,2.0168726910625767
2,scatter,,50.0,2.0098887381509454
2,scatter,,60.0,2.013279742745901
2,scatter,,75.0,2.010875453717482
2,scatter,,100.0,2.0114520847479125
2,scatter,,120.0,2.0087962823403993
2,scatter,,150.0,2.0111285237526024
2,scatter,,200.0,2.008215652629092
2,scatter,,250.0,2.0069359129070423
2,scatter,,300.0,2.0094477414812357
2,scatter,,400.0,2.0082232351222964
2,scatter,,500.0,2.0079852716472635
2,scatter,,600.0,2.008312103550685
2,scatter,,750.0,2.0083485556451426
2,scatter,,1000.0,2.0074316033255335
2,scatter,,1200.0,2.007905000550029
2,scatter,,1500.0,2.0074860379488007
2,scatter,,2000.0,2.0065014254668623
2,scatter,,2500.0,2.0059613192159205
2,scatter,,3000.0,2.0058806150466486
2,scatter,,4000.0,2.005328927293705
2,scatter,,5000.0,2.0039669569344705
2,scatter,,6000.0,2.003277323059157
2,scatter,,7500.0,2.0009205700022203
2,scatter,,10000.0,2.0016001600579574
2,scatter,,12000.0,1.9959535173346152
2,scatter,,15000.0,1.993059669224959
2,scatter,,20000.0,1.998802320851727
2,scatter,,25000.0,1.9836865126698222
2,scatter,,30000.0,1.9821815260215252
2,scatter,,40000.0,2.0008499161087143
2,scatter,,50000.0,1.982532711771044
2,scatter,,60000.0,1.9857335242416718
2,scatter,,75000.0,1.9914429580847275
2,scatter,,100000.0,1.9998772577653985
2,scatter,,120000.0,2.0022675359407516
2,scatter,,150000.0,2.011133945525571
2,scatter,,200000.0,2.0688483886075364
2,scatter,,30.0,2.248272196155083
2,scatter,,40.0,2.243470870745874
2,scatter,,50.0,2.2341079072329966
2,scatter,,60.0,2.236518167784246
2,scatter,,75.0,2.2342082383992876
2,scatter,,100.0,2.2339979177756635
2,scatter,,120.0,2.2337778619041604
2,scatter,,150.0,2.234305009345976
2,scatter,,200.0,2.232192381807214
2,scatter,,250.0,2.2299674525024624
2,scatter,,300.0,2.231269375302265
2,scatter,,400.0,2.230424321249715
2,scatter,,500.0,2.2323036370801264
2,scatter,,600.0,2.230997505725997
2,scatter,,750.0,2.230432202440384
2,scatter,,1000.0,2.231046462802003
2,scatter,,1200.0,2.230300017668607
2,scatter,,1500.0,2.2308908580213256
2,scatter,,2000.0,2.2298515421322787
2,scatter,,2500.0,2.2285885303096
2,scatter,,3000.0,2.2289833181093126
2,scatter,,4000.0,2.229206769872378
2,scatter,,5000.0,2.2269454880480133
2,scatter,,6000.0,2.225608321168801
2,scatter,,7500.0,2.2237939363746566
2,scatter,,10000.0,2.22487772629628
2,scatter,,12000.0,2.2194987593673057
2,scatter,,15000.0,2.2157789190817865
2,scatter,,20000.0,2.2221647158696967
2,scatter,,25000.0,2.2081715790298655
2,scatter,,30000.0,2.2055994469588076
2,scatter,,40000.0,2.228098800582236
2,scatter,,50000.0,2.208454100093774
2,scatter,,60000.0,2.2119151784404507
2,scatter,,75000.0,2.218481025307406
2,scatter,,100000.0,2.229814099233611
2,scatter,,120000.0,2.2398559691698927
2,scatter,,150000.0,2.2570667994122373
2,scatter,,200000.0,2.330509738405742
2,scatter,,30.0,2.446995341527084
2,scatter,,40.0,2.438318341536642
2,scatter,,50.0,2.432614936785927
2,scatter,,60.0,2.430102776478806
2,scatter,,75.0,2.4254042788812034
2,scatter,,100.0,2.4202946732175508
2,scatter,,120.0,2.423787767737869
2,scatter,,150.0,2.42292119091214
2,scatter,,200.0,2.4209345083526235
2,scatter,,250.0,2.417738764743189
2,scatter,,300.0,2.4192667519516986
2,scatter,,400.0,2.4172947253236807
2,scatter,,500.0,2.4184204218364562
2,scatter,,600.0,2.418325213645448
2,scatter,,750.0,2.4184383693289817
2,scatter,,1000.0,2.4181320195736964
2,scatter,,1200.0,2.417665064816363
2,scatter,,1500.0,2.4176527249571054
2,scatter,,2000.0,2.4163415925091223
2,scatter,,2500.0,2.415108716881669
2,scatter,,3000.0,2.4151248187627985
2,scatter,,4000.0,2.414227610764422
2,scatter,,5000.0,2.4128063194832117
2,scatter,,6000.0,2.411426969746503
2,scatter,,7500.0,2.409479696594591
2,scatter,,10000.0,2.4103929207734582
2,scatter,,12000.0,2.404239277828247
2,scatter,,15000.0,2.4024968026079456
2,scatter,,20000.0,2.406414885162417
2,scatter,,25000.0,2.3931366953603486
2,scatter,,30000.0,2.3916648317205738
2,scatter,,40000.0,2.407653380443497
2,scatter,,50000.0,2.3945161355136553
2,scatter,,60000.0,2.398361488123767
2,scatter,,75000.0,2.408835147018212
2,scatter,,100000.0,2.4267627350475056
2,scatter,,120000.0,2.443672376198833
2,scatter,,150000.0,2.471011037958754
2,scatter,,200000.0,2.5672050757438525
2,scatter,,30.0,2.6782339139545392
2,scatter,,40.0,2.6548485660866326
2,scatter,,50.0,2.649343269103874
2,scatter,,60.0,2.6429309901792744
2,scatter,,75.0,2.6384145043438965
2,scatter,,100.0,2.630967851179533
2,scatter,,120.0,2.6320141203580194
2,scatter,,150.0,2.633371556750912
2,scatter,,200.0,2.6304009004744144
2,scatter,,250.0,2.630851111892859
2,scatter,,300.0,2.628607535685809
2,scatter,,400.0,2.6280559788074385
2,scatter,,500.0,2.629338328946943
2,scatter,,600.0,2.630176048082021
2,scatter,,750.0,2.6271794392432755
2,scatter,,1000.0,2.6278632346936446
2,scatter,,1200.0,2.6287950930089643
2,scatter,,1500.0,2.6282853315376804
2,scatter,,2000.0,2.627677693965168
2,scatter,,2500.0,2.6270711336139265
2,scatter,,3000.0,2.627653811550144
2,scatter,,4000.0,2.627159755371881
2,scatter,,5000.0,2.6251403779200913
2,scatter,,6000.0,2.6250250133684077
2,scatter,,7500.0,2.6228971421312446
2,scatter,,10000.0,2.6223387976921
2,scatter,,12000.0,2.6188060619998668
2,scatter,,15000.0,2.6169512738502125
2,scatter,,20000.0,2.623236539779438
2,scatter,,25000.0,2.612343862523462
2,scatter,,30000.0,2.613024650667115
2,scatter,,40000.0,2.6414024519417714
2,scatter,,50000.0,2.630777337564698
2,scatter,,60000.0,2.6478288672389687
2,scatter,,75000.0,2.6751648551573415
2,scatter,,100000.0,2.7362509408678144
2,scatter,,120000.0,2.794532890310114
2,scatter,,150000.0,2.8940971202863945
2,scatter,,200000.0,3.131018378291638
2,scatter,,30.0,2.9335502273358554
2,scatter,,40.0,2.8986890416212723
2,scatter,,50.0,2.8808266414765398
2,scatter,,60.0,2.8726080451812863
2,scatter,,75.0,2.8637634479141254
2,scatter,,100.0,2.8589213417477928
2,scatter,,120.0,2.8576031917530558
2,scatter,,150.0,2.8551776729657736
2,scatter,,200.0,2.851191603594217
2,scatter,,250.0,2.8515659173982373
2,scatter,,300.0,2.8508182537233497
2,scatter,,400.0,2.8483446737598386
2,scatter,,500.0,2.8489095170995884
2,scatter,,600.0,2.8512543590720294
2,scatter,,750.0,2.848475470771305
2,scatter,,1000.0,2.8481652830245956
2,scatter,,1200.0,2.8483281579767286
2,scatter,,1500.0,2.847351519047815
2,scatter,,2000.0,2.847468154580083
2,scatter,,2500.0,2.8477155963996306
2,scatter,,3000.0,2.8455659277494
2,scatter,,4000.0,2.8471368216903845
2,scatter,,5000.0,2.846888809213602
2,scatter,,6000.0,2.8438677899341593
2,scatter,,7500.0,2.8429738512181655
2,scatter,,10000.0,2.8440752363941164
2,scatter,,12000.0,2.8373827356703663
2,scatter,,15000.0,2.838473332001025
2,scatter,,20000.0,2.8507093075240064
2,scatter,,25000.0,2.8456292347424674
2,scatter,,30000.0,2.8475984973230073
2,scatter,,40000.0,2.8921620859428416
2,scatter,,50000.0,2.895422491751463
2,scatter,,60000.0,2.9350074716772014
2,scatter,,75000.0,3.003679502776553
2,scatter,,100000.0,3.1462161757617677
2,scatter,,120000.0,3.2823643646767797
2,scatter,,150000.0,3.515803279995199
2,scatter,,200000.0,3.947012007291085
2,scatter,,30.0,3.3091755276050256
2,scatter,,40.0,3.235670224158397
2,scatter,,50.0,3.1993859531899242
2,scatter,,60.0,3.1906063352042118
2,scatter,,75.0,3.173873887170416
2,scatter,,100.0,3.1652552911704057
2,scatter,,120.0,3.1584643435196873
2,scatter,,150.0,3.1565810827818126
2,scatter,,200.0,3.151939810908871
2,scatter,,250.0,3.1513196633253506
2,scatter,,300.0,3.148247978449607
2,scatter,,400.0,3.1440757321650525
2,scatter,,500.0,3.144118004026536
2,scatter,,600.0,3.1471991721698527
2,scatter,,750.0,3.1438501419371008
2,scatter,,1000.0,3.1464204016039274
2,scatter,,1200.0,3.1445462571431353
2,scatter,,1500.0,3.1457061338279937
2,scatter,,2000.0,3.145185286784882
2,scatter,,2500.0,3.144183208043953
2,scatter,,3000.0,3.1468042061520523
2,scatter,,4000.0,3.145622817119251
2,scatter,,5000.0,3.1471277460020985
2,scatter,,6000.0,3.1459225263827224
2,scatter,,7500.0,3.1494210851131434
2,scatter,,10000.0,3.1579070797344957
2,scatter,,12000.0,3.158095424090444
2,scatter,,15000.0,3.1693925538500274
2,scatter,,20000.0,3.2080889390300964
2,scatter,,25000.0,3.2310413731094885
2,scatter,,30000.0,3.2755371360320433
2,scatter,,40000.0,3.4382850465021075
2,scatter,,50000.0,3.5548475799427743
2,scatter,,60000.0,3.7276478657324916
2,scatter,,75000.0,4.016611813708788
2,scatter,,100000.0,4.598534408170173
2,scatter,,120000.0,5.121194592265558
2,scatter,,150000.0,5.952441109093394
2,scatter,,200000.0,7.043419445425638
2,scatter,,30.0,3.574683773723908
2,scatter,,40.0,3.4647906440396943
2,scatter,,50.0,3.412910403142346
2,scatter,,60.0,3.3714553771028917
2,scatter,,75.0,3.3521212096500923
2,scatter,,100.0,3.325304256078833
2,scatter,,120.0,3.3249527551201763
2,scatter,,150.0,3.3235554433213914
2,scatter,,200.0,3.312764306569402
2,scatter,,250.0,3.3098835537230387
2,scatter,,300.0,3.3101982954622597
2,scatter,,400.0,3.309108822584866
2,scatter,,500.0,3.3066358396982123
2,scatter,,600.0,3.3053641254566832
2,scatter,,750.0,3.30520660789858
2,scatter,,1000.0,3.3076448790195117
2,scatter,,1200.0,3.306127801963182
2,scatter,,1500.0,3.30510722582343
2,scatter,,2000.0,3.3125873966131065
2,scatter,,2500.0,3.3059259490273294
2,scatter,,3000.0,3.311611834918194
2,scatter,,4000.0,3.3127480392040076
2,scatter,,5000.0,3.3218361446900113
2,scatter,,6000.0,3.3285208277164573
2,scatter,,7500.0,3.337798928949623
2,scatter,,10000.0,3.369186617998623
2,scatter,,12000.0,3.401950699721448
2,scatter,,15000.0,3.4606398690776827
2,scatter,,20000.0,3.5731989515593727
2,scatter,,25000.0,3.700234565517435
2,scatter,,30000.0,3.872367397781362
2,scatter,,40000.0,4.284408700185476
2,scatter,,50000.0,4.749882376441021
2,scatter,,60000.0,5.242381198091188
2,scatter,,75000.0,6.042611402227103
2,scatter,,100000.0,7.50463581902713
2,scatter,,120000.0,8.681463867715514
2,scatter,,150000.0,10.535609608916989
2,scatter,,200000.0,12.270223288711133
2,scatter,,30.0,4.089637773030761
2,scatter,,40.0,3.8382964955465595
2,scatter,,50.0,3.686705429543429
2,scatter,,60.0,3.619665976692463
2,scatter,,75.0,3.5856603225383745
2,scatter,,100.0,3.538698593373735
2,scatter,,120.0,3.510105506651474
2,scatter,,150.0,3.4948564242991798
2,scatter,,200.0,3.4852570643924174
2,scatter,,250.0,3.4760373971592995
2,scatter,,300.0,3.475956738180296
2,scatter,,400.0,3.459826293319646
2,scatter,,500.0,3.474291438874358
2,scatter,,600.0,3.4783135637262093
2,scatter,,750.0,3.4702733313854144
2,scatter,,1000.0,3.4765758133974654
2,scatter,,1200.0,3.48537724619947
2,scatter,,1500.0,3.4991245284766945
2,scatter,,2000.0,3.4791979513504616
2,scatter,,2500.0,3.4975858070968395
2,scatter,,3000.0,3.5103911846117666
2,scatter,,4000.0,3.559460906896577
2,scatter,,5000.0,3.599282062592483
2,scatter,,6000.0,3.6771604363999404
2,scatter,,7500.0,3.7741820775169286
2,scatter,,10000.0,3.993210952566869
2,scatter,,12000.0,4.223043405282499
2,scatter,,15000.0,4.627428790727093
2,scatter,,20000.0,5.337134316712013
2,scatter,,25000.0,6.168333454738807
2,scatter,,30000.0,6.9809374625654685
2,scatter,,40000.0,8.798629189260108
2,scatter,,50000.0,10.622746017979532
2,scatter,,60000.0,12.304236838215527
2,scatter,,75000.0,15.111051948772754
2,scatter,,100000.0,19.714591618973497
2,scatter,,120000.0,23.188119152504047
2,scatter,,150000.0,28.16097457903446
2,scatter,,200000.0,28.42698208891686
2,scatter,,30.0,5.77017048056641
2,scatter,,40.0,4.904622752057491
2,scatter,,50.0,4.381153752337961
2,scatter,,60.0,3.97961126354384
2,scatter,,75.0,3.7258469848646496
2,scatter,,100.0,3.458863806313426
2,scatter,,120.0,3.4417388506284143
2,scatter,,150.0,3.3949996506912927
2,scatter,,200.0,3.27799624098507
2,scatter,,250.0,3.2688151120452273
2,scatter,,300.0,3.2448519401470386
2,scatter,,400.0,3.2451126583920398
2,scatter,,500.0,3.3050089221816408
2,scatter,,600.0,3.3231371566781966
2,scatter,,750.0,3.41766134373346
2,scatter,,1000.0,3.579333842354608
2,scatter,,1200.0,3.738178540897291
2,scatter,,1500.0,4.000295121925381
2,scatter,,2000.0,4.518461224700839
2,scatter,,2500.0,5.116953783543975
2,scatter,,3000.0,5.759972805408894
2,scatter,,4000.0,7.121523924571902
2,scatter,,5000.0,8.575750771024365
2,scatter,,6000.0,10.071474457558336
2,scatter,,7500.0,12.340280227167655
2,scatter,,10000.0,16.07003798307661
2,scatter,,12000.0,19.12982623628181
2,scatter,,15000.0,23.522279274899017
2,scatter,,20000.0,31.074887258815597
2,scatter,,25000.0,38.329184979152636
2,scatter,,30000.0,45.34432792624564
2,scatter,,40000.0,58.87436429079298
2,scatter,,50000.0,70.92061745002296
2,scatter,,60000.0,82.39671542818014
2,scatter,,75000.0,96.75762173747606
2,scatter,,100000.0,117.05298758190668
2,scatter,,120000.0,129.75253434932398
2,scatter,,150000.0,143.7738290608204
2,scatter,,200000.0,89.56527545266916
2,scatter,,30.0,7.496401066385123
2,scatter,,40.0,5.997731079685467
2,scatter,,50.0,4.9259304984236225
2,scatter,,60.0,4.226938119164982
2,scatter,,75.0,3.7712460527655844
2,scatter,,100.0,2.8224562752724798
2,scatter,,120.0,2.7730567100223538
2,scatter,,150.0,2.7163828873507962
2,scatter,,200.0,2.5199513661230153
2,scatter,,250.0,2.435812890125389
2,scatter,,300.0,2.618877365060457
2,scatter,,400.0,2.7527282376989195
2,scatter,,500.0,2.999062720505358
2,scatter,,600.0,3.3253947288179186
2,scatter,,750.0,3.8211841931690493
2,scatter,,1000.0,4.7124888456631915
2,scatter,,1200.0,5.564652065493403
2,scatter,,1500.0,6.674221886407433
2,scatter,,2000.0,8.688167453626225
2,scatter,,2500.0,10.685106691045485
2,scatter,,3000.0,12.687164971538166
2,scatter,,4000.0,16.759305900188707
2,scatter,,5000.0,20.888511263534337
2,scatter,,6000.0,24.98053473692107
2,scatter,,7500.0,31.037074301656155
2,scatter,,10000.0,40.7572176504791
2,scatter,,12000.0,48.69136589477029
2,scatter,,15000.0,59.63597008291221
2,scatter,,20000.0,77.59437558562153
2,scatter,,25000.0,94.03191736411898
2,scatter,,30000.0,109.70613414793631
2,scatter,,40000.0,137.11704797092153
2,scatter,,50000.0,159.53426015260797
2,scatter,,60000.0,178.93170843718562
2,scatter,,75000.0,200.8078988392887
2,scatter,,100000.0,228.00063867542673
2,scatter,,120000.0,242.5591685920984
2,scatter,,150000.0,255.21080015706625
2,scatter,,200000.0,117.06492391933632
2,scatter,,30.0,11.395982449678494
2,scatter,,40.0,7.062354021609243
2,scatter,,50.0,7.3644500768387315
2,scatter,,60.0,5.190157903460862
2,scatter,,75.0,3.775150202368632
2,scatter,,100.0,1.866991830718335
2,scatter,,120.0,1.4866115765996308
2,scatter,,150.0,0.6154874747970099
2,scatter,,200.0,0.8608610928962349
2,scatter,,250.0,1.786700289964786
2,scatter,,300.0,2.575847331389421
2,scatter,,400.0,3.9950256498076455
2,scatter,,500.0,5.2751771333203585
2,scatter,,600.0,6.684548885732605
2,scatter,,750.0,8.403118876765713
2,scatter,,1000.0,11.317223239611428
2,scatter,,1200.0,13.84378974440193
2,scatter,,1500.0,17.679164261213316
2,scatter,,2000.0,23.390917038722527
2,scatter,,2500.0,29.18801986272621
2,scatter,,3000.0,34.73737180674439
2,scatter,,4000.0,46.15533948262216
2,scatter,,5000.0,57.549620930398184
2,scatter,,6000.0,68.53103512238087
2,scatter,,7500.0,84.62675695229318
2,scatter,,10000.0,109.62613852098642
2,scatter,,12000.0,129.03814169935376
2,scatter,,15000.0,155.18178334786109
2,scatter,,20000.0,195.27392665366258
2,scatter,,25000.0,228.26349977876447
2,scatter,,30000.0,258.87467850535324
2,scatter,,40000.0,306.8616893691684
2,scatter,,50000.0,339.7575101395847
2,scatter,,60000.0,367.4677544520063
2,scatter,,75000.0,393.61805046262805
2,scatter,,100000.0,421.9374196456745
2,scatter,,120000.0,432.1943444620718
2,scatter,,150000.0,431.48687801977246
2,scatter,,200000.0,131.72733309026071
3,line,$L$,290.0,1.9707826446656886
3,line,$L$,270.0,2.8689216418345738
3,line,$L$,250.0,2.724285085560923
3,line,$L$,230.0,2.6279937870182013
3,line,$L$,210.0,2.8668204594894697
3,line,$L$,190.0,3.9393861684846025
3,line,$L$,170.0,2.646878349010825
3,line,$L$,150.0,3.135636396982504
3,line,$L$,130.0,11.386206841075131
3,line,$L$,110.0,23.31688454097717
3,line,$L$,90.0,45.547207408036044
3,line,$L$,70.0,76.98758104889212
4,line,line1,30.0,0.09033136446796362
4,line,line1,40.0,0.06774644859625724
4,line,line1,50.0,0.054170825978332636
4,line,line1,60.0,0.045107816404231
4,line,line1,75.0,0.036030330126738175
4,line,line1,100.0,0.026927934192924285
4,line,line1,120.0,0.022359277449080818
4,line,line1,150.0,0.01776799113183931
4,line,line1,200.0,0.013131958761603776
4,line,line1,250.0,0.010305814904507027
4,line,line1,300.0,0.008384692544640814
4,line,line1,400.0,0.0059000864593519615
4,line,line1,500.0,0.00432068073645421
4,line,line1,600.0,0.003193987208803833
4,line,line1,750.0,0.001956890237482495
4,line,line1,1000.0,0.0004998059079518812
4,line,line1,1200.0,-0.0003928192064809353
4,line,line1,1500.0,-0.0015023532391045967
4,line,line1,2000.0,-0.003039480120359183
4,line,line1,2500.0,-0.004379501928328206
4,line,line1,3000.0,-0.005609762133479502
4,line,line1,4000.0,-0.007866614789971985
4,line,line1,5000.0,-0.00993087015257599
4,line,line1,6000.0,-0.011841204144240827
4,line,line1,7500.0,-0.01446066234978058
4,line,line1,10000.0,-0.01829835562802037
4,line,line1,12000.0,-0.0210222924637287
4,line,line1,15000.0,-0.024755258007720774
4,line,line1,20000.0,-0.03054220081530669
4,line,line1,25000.0,-0.03619084738880312
4,line,line1,30000.0,-0.04186997816327538
4,line,line1,40000.0,-0.053439431006889415
4,line,line1,50000.0,-0.06524912386339103
4,line,line1,60000.0,-0.07721670695575368
4,line,line1,75000.0,-0.0953396589277014
4,line,line1,100000.0,-0.12574576401128262
4,line,line1,120000.0,-0.15010676610741985
4,line,line1,150000.0,-0.1865517728060183
4,line,line1,200000.0,-0.2467305729147759
4,line,line2,30.0,0.09938487118485406
4,line,line2,40.0,0.07455341668443269
4,line,line2,50.0,0.05962027204325796
4,line,line2,60.0,0.04964866627510716
4,line,line2,75.0,0.039659666953837346
4,line,line2,100.0,0.029642176748132056
4,line,line2,120.0,0.02461396885118154
4,line,line2,150.0,0.01956082053871758
4,line,line2,200.0,0.014458587805560332
4,line,line2,250.0,0.011348503894287964
4,line,line2,300.0,0.009234608470157656
4,line,line2,400.0,0.006501241989785002
4,line,line2,500.0,0.004764286051701296
4,line,line2,600.0,0.0035256596594471917
4,line,line2,750.0,0.0021663001333797538
4,line,line2,1000.0,0.0005663567335081779
4,line,line2,1200.0,-0.0004130776540780558
4,line,line2,1500.0,-0.0016297901912581717
4,line,line2,2000.0,-0.003314385633203879
4,line,line2,2500.0,-0.004782487544473804
4,line,line2,3000.0,-0.00613037660183449
4,line,line2,4000.0,-0.008604353374347716
4,line,line2,5000.0,-0.010870447347226213
4,line,line2,6000.0,-0.012972266551104472
4,line,line2,7500.0,-0.015865549520795226
4,line,line2,10000.0,-0.020139489103367672
4,line,line2,12000.0,-0.023205755219735308
4,line,line2,15000.0,-0.02745355508870758
4,line,line2,20000.0,-0.03411375570181238
4,line,line2,25000.0,-0.040651815674595394
4,line,line2,30000.0,-0.04722911634879987
4,line,line2,40000.0,-0.060604189596611006
4,line,line2,50000.0,-0.07422071695124705
4,line,line2,60000.0,-0.08799192168169494
4,line,line2,75000.0,-0.10881147724786387
4,line,line2,100000.0,-0.14368370466364713
4,line,line2,120000.0,-0.1715880262186525
4,line,line2,150000.0,-0.21328986756272658
4,line,line2,200000.0,-0.2820444318635299
4,line,line3,30.0,0.11343447971221082
4,line,line3,40.0,0.08511246358965383
4,line,line3,50.0,0.06807213602864529
4,line,line3,60.0,0.05669088957821863
4,line,line3,75.0,0.045288229975619224
4,line,line3,100.0,0.033852032087377436
4,line,line3,120.0,0.028111590839212507
4,line,line3,150.0,0.022342849458245082
4,line,line3,200.0,0.016518678906844424
4,line,line3,250.0,0.01296924172099353
4,line,line3,300.0,0.010557330084839492
4,line,line3,400.0,0.007439967539655389
4,line,line3,500.0,0.0054603722506626024
4,line,line3,600.0,0.004049767698659382
4,line,line3,750.0,0.0025030550736654857
4,line,line3,1000.0,0.0006848310840316758
4,line,line3,1200.0,-0.000427138283578709
4,line,line3,1500.0,-0.0018079877780059178
4,line,line3,2000.0,-0.0037212734924767627
4,line,line3,2500.0,-0.005393241817705915
4,line,line3,3000.0,-0.006934915040442731
4,line,line3,4000.0,-0.00978908494093426
4,line,line3,5000.0,-0.012440958727387591
4,line,line3,6000.0,-0.01494090733680268
4,line,line3,7500.0,-0.018456325420885825
4,line,line3,10000.0,-0.02381842303468447
4,line,line3,12000.0,-0.027780137246580294
4,line,line3,15000.0,-0.03338061878081754
4,line,line3,20000.0,-0.04227449428231444
4,line,line3,25000.0,-0.05100800663185397
4,line,line3,30000.0,-0.05975153993350755
4,line,line3,40000.0,-0.07740579728556927
4,line,line3,50000.0,-0.09525847896065037
4,line,line3,60000.0,-0.11323520989924377
4,line,line3,75000.0,-0.1403108519283832
4,line,line3,100000.0,-0.18545997821660956
4,line,line3,120000.0,-0.22142920461163318
4,line,line3,150000.0,-0.2749180512903331
4,line,line3,200000.0,-0.3623310798758112
4,line,line4,30.0,0.12706053693909383
4,line,line4,40.0,0.09535659487719403
4,line,line4,50.0,0.07627035799423158
4,line,line4,60.0,0.06351854111052627
4,line,line4,75.0,0.0507394542718824
4,line,line4,100.0,0.03791887503221531
4,line,line4,120.0,0.03148141723170503
4,line,line4,150.0,0.025009829172411954
4,line,line4,200.0,0.018471626602443277
4,line,line4,250.0,0.01448278447953216
4,line,line4,300.0,0.011768844520160008
4,line,line4,400.0,0.008253554586991103
4,line,line4,500.0,0.006013493290615593
4,line,line4,600.0,0.004411184971667515
4,line,line4,750.0,0.0026457354233341223
4,line,line4,1000.0,0.0005548998396396003
4,line,line4,1200.0,-0.000733572069040797
4,line,line4,1500.0,-0.002344092484283838
4,line,line4,2000.0,-0.0045919764213990305
4,line,line4,2500.0,-0.006567432814224991
4,line,line4,3000.0,-0.008394588198823497
4,line,line4,4000.0,-0.011784492595125661
4,line,line4,5000.0,-0.014937313545815727
4,line,line4,6000.0,-0.01791029862503351
4,line,line4,7500.0,-0.022092864151745818
4,line,line4,10000.0,-0.02848691093204567
4,line,line4,12000.0,-0.03323231820464103
4,line,line4,15000.0,-0.039980503489845304
4,line,line4,20000.0,-0.05077935716365947
4,line,line4,25000.0,-0.061437743474155766
4,line,line4,30000.0,-0.07212550074312844
4,line,line4,40000.0,-0.0936994216007121
4,line,line4,50000.0,-0.11548244701336292
4,line,line4,60000.0,-0.13737922745336564
4,line,line4,75000.0,-0.1702901900824505
4,line,line4,100000.0,-0.22498435249223145
4,line,line4,120000.0,-0.2683785340356215
4,line,line4,150000.0,-0.3325742824814211
4,line,line4,200000.0,-0.4364787351152904
4,line,line5,30.0,0.18891403218415562
4,line,line5,40.0,0.14204239776022717
4,line,line5,50.0,0.1137127353541654
4,line,line5,60.0,0.09474810376421441
4,line,line5,75.0,0.07571895792474273
4,line,line5,100.0,0.056609458618512506
4,line,line5,120.0,0.04700922990084103
4,line,line5,150.0,0.03735621164538071
4,line,line5,200.0,0.027603776201850318
4,line,line5,250.0,0.021655470067092886
4,line,line5,300.0,0.017610018995883218
4,line,line5,400.0,0.012374119455996133
4,line,line5,500.0,0.009041902684621529
4,line,line5,600.0,0.006661693621899036
4,line,line5,750.0,0.004043591205632026
4,line,line5,1000.0,0.0009502896100787536
4,line,line5,1200.0,-0.0009521465104432454
4,line,line5,1500.0,-0.0033277169807556387
4,line,line5,2000.0,-0.006645402145142138
4,line,line5,2500.0,-0.009571512315257774
4,line,line5,3000.0,-0.012294220786745401
4,line,line5,4000.0,-0.017407497182866934
4,line,line5,5000.0,-0.022258812835017874
4,line,line5,6000.0,-0.026936330704604577
4,line,line5,7500.0,-0.033705931606557854
4,line,line5,10000.0,-0.044484744405711485
4,line,line5,12000.0,-0.052770351000970266
4,line,line5,15000.0,-0.06482431628495265
4,line,line5,20000.0,-0.0843694922398171
4,line,line5,25000.0,-0.10363985703786809
4,line,line5,30000.0,-0.12283168233717005
4,line,line5,40000.0,-0.16116395465367375
4,line,line5,50000.0,-0.19940638835685012
4,line,line5,60000.0,-0.2374481928873313
4,line,line5,75000.0,-0.29390692458055345
4,line,line5,100000.0,-0.38574342066077216
4,line,line5,120000.0,-0.45667391568789073
4,line,line5,150000.0,-0.5581615817208818
4,line,line5,200000.0,-0.7131255243138217
4,line,line6,30.0,0.2300042713666318
4,line,line6,40.0,0.17327026968188422
4,line,line6,50.0,0.13882830116994516
4,line,line6,60.0,0.11571930522398458
4,line,line6,75.0,0.09249465849591293
4,line,line6,100.0,0.0691368926072947
4,line,line6,120.0,0.057388095952069805
4,line,line6,150.0,0.0455620039907896
4,line,line6,200.0,0.033593837679465055
4,line,line6,250.0,0.02627608773794539
4,line,line6,300.0,0.021285145769966395
4,line,line6,400.0,0.014794906410347862
4,line,line6,500.0,0.010633082439061277
4,line,line6,600.0,0.007635735910921207
4,line,line6,750.0,0.004304457515416364
4,line,line6,1000.0,0.00030597030423288506
4,line,line6,1200.0,-0.0021930320945977144
4,line,line6,1500.0,-0.005357086489344883
4,line,line6,2000.0,-0.009846948283814742
4,line,line6,2500.0,-0.013859822279622708
4,line,line6,3000.0,-0.017626294653311222
4,line,line6,4000.0,-0.02476139860303852
4,line,line6,5000.0,-0.03158858092326472
4,line,line6,6000.0,-0.03821615517600419
4,line,line6,7500.0,-0.04787872014570609
4,line,line6,10000.0,-0.06341496244592752
4,line,line6,12000.0,-0.07545761488160889
4,line,line6,15000.0,-0.09307649665895282
4,line,line6,20000.0,-0.12174166961456236
4,line,line6,25000.0,-0.14997691245706818
4,line,line6,30000.0,-0.1779966531520967
4,line,line6,40000.0,-0.23355734634273398
4,line,line6,50000.0,-0.28836825595914334
4,line,line6,60000.0,-0.34219901900737937
4,line,line6,75000.0,-0.4206620635829339
4,line,line6,100000.0,-0.5441831908102439
4,line,line6,120000.0,-0.635791006447579
4,line,line6,150000.0,-0.7608972628860745
4,line,line6,200000.0,-0.9388740720580043
4,line,line7,30.0,0.31363107681371943
4,line,line7,40.0,0.23714164329810394
4,line,line7,50.0,0.19029390614467073
4,line,line7,60.0,0.1587117147424135
4,line,line7,75.0,0.12686083927635686
4,line,line7,100.0,0.09471359481078245
4,line,line7,120.0,0.0784916973473603
4,line,line7,150.0,0.0621116800163639
4,line,line7,200.0,0.04544664105751311
4,line,line7,250.0,0.03517564910134984
4,line,line7,300.0,0.02810568039379502
4,line,line7,400.0,0.01877085200467554
4,line,line7,500.0,0.012641040634236586
4,line,line7,600.0,0.008114384412005802
4,line,line7,750.0,0.002928151951303069
4,line,line7,1000.0,-0.0035758289164937594
4,line,line7,1200.0,-0.007814777208678944
4,line,line7,1500.0,-0.013367005942282226
4,line,line7,2000.0,-0.02153707373826194
4,line,line7,2500.0,-0.029043312632452353
4,line,line7,3000.0,-0.0362023119476258
4,line,line7,4000.0,-0.04994719860405765
4,line,line7,5000.0,-0.06323604097260574
4,line,line7,6000.0,-0.07622433865204706
4,line,line7,7500.0,-0.09529457239430043
4,line,line7,10000.0,-0.12628883884960246
4,line,line7,12000.0,-0.15058347996679616
4,line,line7,15000.0,-0.18644703170050506
4,line,line7,20000.0,-0.245061429951518
4,line,line7,25000.0,-0.302353988283746
4,line,line7,30000.0,-0.35821296544096
4,line,line7,40000.0,-0.46496206604222473
4,line,line7,50000.0,-0.5642618779473793
4,line,line7,60000.0,-0.6556641007549466
4,line,line7,75000.0,-0.7781839414966206
4,line,line7,100000.0,-0.9476502067454631
4,line,line7,120000.0,-1.0577672891302992
4,line,line7,150000.0,-1.1916340255015492
4,line,line7,200000.0,-1.3590491847854007
4,line,line8,30.0,0.39479610435734014
4,line,line8,40.0,0.3003039543883299
4,line,line8,50.0,0.24159832304679038
4,line,line8,60.0,0.20171330284533498
4,line,line8,75.0,0.16125845689864493
4,line,line8,100.0,0.12019142240381282
4,line,line8,120.0,0.09936263003283004
4,line,line8,150.0,0.07822852856656168
4,line,line8,200.0,0.05655398371267481
4,line,line8,250.0,0.04303836733439489
4,line,line8,300.0,0.033611436132150854
4,line,line8,400.0,0.020899421595295113
4,line,line8,500.0,0.01228684596245454
4,line,line8,600.0,0.005726944203445691
4,line,line8,750.0,-0.002055744684311434
4,line,line8,1000.0,-0.01227020073516651
4,line,line8,1200.0,-0.01918736065336842
4,line,line8,1500.0,-0.028492314374443727
4,line,line8,2000.0,-0.0425027002414139
4,line,line8,2500.0,-0.055529633715177606
4,line,line8,3000.0,-0.06799846873143797
4,line,line8,4000.0,-0.0919700956563175
4,line,line8,5000.0,-0.11520658634090201
4,line,line8,6000.0,-0.13802793392624146
4,line,line8,7500.0,-0.171773501403245
4,line,line8,10000.0,-0.2270631034809211
4,line,line8,12000.0,-0.27047426395075064
4,line,line8,15000.0,-0.33406004508242687
4,line,line8,20000.0,-0.43527605639068834
4,line,line8,25000.0,-0.529738146070026
4,line,line8,30000.0,-0.6169942210795614
4,line,line8,40000.0,-0.7701349318269168
4,line,line8,50000.0,-0.8975377567121536
4,line,line8,60000.0,-1.003698828958342
4,line,line8,75000.0,-1.132502215314334
4,line,line8,100000.0,-1.2924127258233928
4,line,line8,120000.0,-1.3892263171453458
4,line,line8,150000.0,-1.503354078136343
4,line,line8,200000.0,-1.6451456455264095
4,line,line9,30.0,0.5617327742353101
4,line,line9,40.0,0.4368825963612317
4,line,line9,50.0,0.3552397930960459
4,line,line9,60.0,0.2981473102339192
4,line,line9,75.0,0.23900488477338944
4,line,line9,100.0,0.17774766419917362
4,line,line9,120.0,0.14617673996839084
4,line,line9,150.0,0.11370749494708068
4,line,line9,200.0,0.07973160024011872
4,line,line9,250.0,0.05796253898846022
4,line,line9,300.0,0.04233508393807142
4,line,line9,400.0,0.020327232750677045
4,line,line9,500.0,0.004500231262294801
4,line,line9,600.0,-0.008229319096281511
4,line,line9,750.0,-0.024218720936900674
4,line,line9,1000.0,-0.04670816438495875
4,line,line9,1200.0,-0.06280814062281986
4,line,line9,1500.0,-0.08534247554632371
4,line,line9,2000.0,-0.12061715883991457
4,line,line9,2500.0,-0.15432292989018476
4,line,line9,3000.0,-0.18702159491314582
4,line,line9,4000.0,-0.2501469904221068
4,line,line9,5000.0,-0.31064807788508925
4,line,line9,6000.0,-0.36866349279076593
4,line,line9,7500.0,-0.4510769884545304
4,line,line9,10000.0,-0.576198158552599
4,line,line9,12000.0,-0.6655474192406743
4,line,line9,15000.0,-0.7829217953201252
4,line,line9,20000.0,-0.9407370041279465
4,line,line9,25000.0,-1.0623657146946877
4,line,line9,30000.0,-1.1583498364348004
4,line,line9,40000.0,-1.3010228259521122
4,line,line9,50000.0,-1.4044064056037044
4,line,line9,60000.0,-1.4853541922085565
4,line,line9,75000.0,-1.5822688938315939
4,line,line9,100000.0,-1.70813791434149
4,line,line9,120000.0,-1.7909301099858361
4,line,line9,150000.0,-1.8974818292798772
4,line,line9,200000.0,-2.0445947008211425
4,line,line10,30.0,1.1224685229165763
4,line,line10,40.0,0.9824113850398966
4,line,line10,50.0,0.8641093913929312
4,line,line10,60.0,0.7640357660867196
4,line,line10,75.0,0.6414426568483232
4,line,line10,100.0,0.49006327109588166
4,line,line10,120.0,0.40082520547870376
4,line,line10,150.0,0.29985891572795914
4,line,line10,200.0,0.18215313349924228
4,line,line10,250.0,0.09821511138509949
4,line,line10,300.0,0.03243378657945851
4,line,line10,400.0,-0.07034433460549036
4,line,line10,500.0,-0.15272834502996105
4,line,line10,600.0,-0.22391845580826686
4,line,line10,750.0,-0.3177736493806591
4,line,line10,1000.0,-0.4518042997631423
4,line,line10,1200.0,-0.544332238400071
4,line,line10,1500.0,-0.6638171557546397
4,line,line10,2000.0,-0.8221944415517287
4,line,line10,2500.0,-0.9424685843735304
4,line,line10,3000.0,-1.0356730509622853
4,line,line10,4000.0,-1.1694380831100033
4,line,line10,5000.0,-1.2607751829261524
4,line,line10,6000.0,-1.327744598555147
4,line,line10,7500.0,-1.401717596081779
4,line,line10,10000.0,-1.4874907424092343
4,line,line10,12000.0,-1.5384678588486436
4,line,line10,15000.0,-1.599722130224118
4,line,line10,20000.0,-1.6808184838893807
4,line,line10,25000.0,-1.7485607800314678
4,line,line10,30000.0,-1.8088773382745318
4,line,line10,40000.0,-1.915879509073814
4,line,line10,50000.0,-2.0102024892282278
4,line,line10,60000.0,-2.094524363389989
4,line,line10,75000.0,-2.204983683925297
4,line,line10,100000.0,-2.3534324860686358
4,line,line10,120000.0,-2.4466209029539288
4,line,line10,150000.0,-2.5549818110397533
4,line,line10,200000.0,-2.6796187230609942
4,line,line11,30.0,1.2770033953872952
4,line,line11,40.0,1.1672503455760472
4,line,line11,50.0,1.0645147446190635
4,line,line11,60.0,0.967813204305717
4,line,line11,75.0,0.8333072843312873
4,line,line11,100.0,0.635178839784909
4,line,line11,120.0,0.49752191693472414
4,line,line11,150.0,0.31984998614058263
4,line,line11,200.0,0.08207989654978656
4,line,line11,250.0,-0.10446156178218576
4,line,line11,300.0,-0.25561250621280107
4,line,line11,400.0,-0.4866292514873856
4,line,line11,500.0,-0.6547059491518326
4,line,line11,600.0,-0.7818299633567602
4,line,line11,750.0,-0.9224853819495371
4,line,line11,1000.0,-1.0777446474328354
4,line,line11,1200.0,-1.1612775913702522
4,line,line11,1500.0,-1.2493328073613512
4,line,line11,2000.0,-1.3433509032811033
4,line,line11,2500.0,-1.404311622777168
4,line,line11,3000.0,-1.4482803171516305
4,line,line11,4000.0,-1.5102910193218662
4,line,line11,5000.0,-1.5548047454953755
4,line,line11,6000.0,-1.5904722953099883
4,line,line11,7500.0,-1.6350164917718488
4,line,line11,10000.0,-1.6970121531381746
4,line,line11,12000.0,-1.740794858838078
4,line,line11,15000.0,-1.801031190505969
4,line,line11,20000.0,-1.892312203582737
4,line,line11,25000.0,-1.9753983423973676
4,line,line11,30000.0,-2.051591155801231
4,line,line11,40000.0,-2.1853786979729466
4,line,line11,50000.0,-2.2970169610502067
4,line,line11,60000.0,-2.389820206077731
4,line,line11,75000.0,-2.5008224721517074
4,line,line11,100000.0,-2.6325835877086177
4,line,line11,120000.0,-2.706615250676646
4,line,line11,150000.0,-2.785897107435073
4,line,line11,200000.0,-2.8699457168054767
4,line,line12,30.0,1.5489273357408995
4,line,line12,40.0,1.523571829276841
4,line,line12,50.0,1.4994203227164657
4,line,line12,60.0,1.4744400083909233
4,line,line12,75.0,1.432271494493133
4,line,line12,100.0,1.3349032356236035
4,line,line12,120.0,1.2019515454359804
4,line,line12,150.0,0.6961786931661459
4,line,line12,200.0,-0.9326247552050964
4,line,line12,250.0,-1.2628366630683232
4,line,line12,300.0,-1.3649566695775543
4,line,line12,400.0,-1.446757431441885
4,line,line12,500.0,-1.484323372836764
4,line,line12,600.0,-1.5072385358167004
4,line,line12,750.0,-1.5298969061766081
4,line,line12,1000.0,-1.554275224194737
4,line,line12,1200.0,-1.5683561255601415
4,line,line12,1500.0,-1.5852514214209978
4,line,line12,2000.0,-1.6079848158799341
4,line,line12,2500.0,-1.6275350189100495
4,line,line12,3000.0,-1.6455001295913616
4,line,line12,4000.0,-1.6789996298089802
4,line,line12,5000.0,-1.7107621716244819
4,line,line12,6000.0,-1.741505818357031
4,line,line12,7500.0,-1.786278210596785
4,line,line12,10000.0,-1.8579901749370378
4,line,line12,12000.0,-1.9128849676227202
4,line,line12,15000.0,-1.9909887807589093
4,line,line12,20000.0,-2.1093649382606108
4,line,line12,25000.0,-2.212923980327668
4,line,line12,30000.0,-2.302540559756644
4,line,line12,40000.0,-2.446118141604642
4,line,line12,50000.0,-2.5530100797698103
4,line,line12,60000.0,-2.6339875337606955
4,line,line12,75000.0,-2.722898623334797
4,line,line12,100000.0,-2.819353020506414
4,line,line12,120000.0,-2.870112264533766
4,line,line12,150000.0,-2.9223045789106514
4,line,line12,200000.0,-2.9756619610460953
4,scatter,,30.0,0.09021254929791148
4,scatter,,40.0,0.06650859050031242
4,scatter,,50.0,0.05635244534226525
4,scatter,,60.0,0.04545453037514419
4,scatter,,75.0,0.03575720384989585
4,scatter,,100.0,0.025935131406369553
4,scatter,,120.0,0.022488213570385024
4,scatter,,150.0,0.016906417707454928
4,scatter,,200.0,0.012808001881201814
4,scatter,,250.0,0.009950470413042367
4,scatter,,300.0,0.00891126435849747
4,scatter,,400.0,0.005621542545817614
4,scatter,,500.0,0.004443825799404004
4,scatter,,600.0,0.0029158038863781916
4,scatter,,750.0,0.0019915929029781436
4,scatter,,1000.0,0.0008835105284147296
4,scatter,,1200.0,-0.0003290190270264705
4,scatter,,1500.0,-0.0009785548650367187
4,scatter,,2000.0,-0.0029192454038503095
4,scatter,,2500.0,-0.004447089299252611
4,scatter,,3000.0,-0.005591157199692232
4,scatter,,4000.0,-0.007148496333744311
4,scatter,,5000.0,-0.009970699383813739
4,scatter,,6000.0,-0.011525423126685074
4,scatter,,7500.0,-0.01504697095940967
4,scatter,,10000.0,-0.017469010030750506
4,scatter,,12000.0,-0.02131770620229744
4,scatter,,15000.0,-0.025541689335241778
4,scatter,,20000.0,-0.03245801084280365
4,scatter,,25000.0,-0.0359636822173693
4,scatter,,30000.0,-0.04115640640916513
4,scatter,,40000.0,-0.06260114728709058
4,scatter,,50000.0,-0.06124858482739464
4,scatter,,60000.0,-0.07274387344453395
4,scatter,,75000.0,-0.09112208902002657
4,scatter,,100000.0,-0.12314212731856515
4,scatter,,120000.0,-0.1505397256140252
4,scatter,,150000.0,-0.19059248285849426
4,scatter,,200000.0,-0.3258917344850929
4,scatter,,30.0,0.09880159971110486
4,scatter,,40.0,0.0744547253594598
4,scatter,,50.0,0.06071777397851144
4,scatter,,60.0,0.049436988452473865
4,scatter,,75.0,0.0393981605951623
4,scatter,,100.0,0.029700151892824548
4,scatter,,120.0,0.024670558896383112
4,scatter,,150.0,0.019144078191184598
4,scatter,,200.0,0.01431135198293689
4,scatter,,250.0,0.010977078183500234
4,scatter,,300.0,0.009074856694841628
4,scatter,,400.0,0.006170792385212924
4,scatter,,500.0,0.0044934469842048685
4,scatter,,600.0,0.0034718104794351223
4,scatter,,750.0,0.0018817187980737342
4,scatter,,1000.0,0.0012638790139932019
4,scatter,,1200.0,-2.3406485860345567e-05
4,scatter,,1500.0,-0.001016896413344261
4,scatter,,2000.0,-0.0033746788148213544
4,scatter,,2500.0,-0.004610411813470622
4,scatter,,3000.0,-0.005959088818560873
4,scatter,,4000.0,-0.007666223916850479
4,scatter,,5000.0,-0.010804006087956095
4,scatter,,6000.0,-0.01253266681566045
4,scatter,,7500.0,-0.015825926486000105
4,scatter,,10000.0,-0.019617963418070584
4,scatter,,12000.0,-0.02323000991422553
4,scatter,,15000.0,-0.028150868245538314
4,scatter,,20000.0,-0.03568218475675033
4,scatter,,25000.0,-0.04062262888815619
4,scatter,,30000.0,-0.04659677696805252
4,scatter,,40000.0,-0.06899117236296728
4,scatter,,50000.0,-0.07041337835620619
4,scatter,,60000.0,-0.08350018204977429
4,scatter,,75000.0,-0.10500101070643063
4,scatter,,100000.0,-0.1411258718991614
4,scatter,,120000.0,-0.17230012405805611
4,scatter,,150000.0,-0.21710002549294097
4,scatter,,200000.0,-0.35685657515654423
4,scatter,,30.0,0.1133283810107245
4,scatter,,40.0,0.08387005017572725
4,scatter,,50.0,0.06868586281106596
4,scatter,,60.0,0.05677136664553336
4,scatter,,75.0,0.045410881887325276
4,scatter,,100.0,0.03467528865012001
4,scatter,,120.0,0.027956443348760757
4,scatter,,150.0,0.021884323147576754
4,scatter,,200.0,0.0163234219449809
4,scatter,,250.0,0.01380384611692387
4,scatter,,300.0,0.010768786894482428
4,scatter,,400.0,0.0069792219468069105
4,scatter,,500.0,0.005489692956154023
4,scatter,,600.0,0.003961464812683388
4,scatter,,750.0,0.0025413263380299044
4,scatter,,1000.0,0.0011451265587520984
4,scatter,,1200.0,-0.00012587355894602803
4,scatter,,1500.0,-0.0008770510864786323
4,scatter,,2000.0,-0.0038518825478612026
4,scatter,,2500.0,-0.0054855399031333366
4,scatter,,3000.0,-0.006584417177902129
4,scatter,,4000.0,-0.009073845388718357
4,scatter,,5000.0,-0.012191193115394103
4,scatter,,6000.0,-0.014480097810769248
4,scatter,,7500.0,-0.018461077356532157
4,scatter,,10000.0,-0.02308334079443171
4,scatter,,12000.0,-0.02789960246417871
4,scatter,,15000.0,-0.03364395344394756
4,scatter,,20000.0,-0.04393864833531126
4,scatter,,25000.0,-0.05069236291852371
4,scatter,,30000.0,-0.058666232738538264
4,scatter,,40000.0,-0.08570882148566177
4,scatter,,50000.0,-0.09199759795963526
4,scatter,,60000.0,-0.10930420795048086
4,scatter,,75000.0,-0.13656772222148106
4,scatter,,100000.0,-0.18351940084353613
4,scatter,,120000.0,-0.22159968499574828
4,scatter,,150000.0,-0.278499212377787
4,scatter,,200000.0,-0.42937532841720655
4,scatter,,30.0,0.12675150251325612
4,scatter,,40.0,0.09512401628641826
4,scatter,,50.0,0.07663581462024242
4,scatter,,60.0,0.06297929244249954
4,scatter,,75.0,0.05080328181904915
4,scatter,,100.0,0.03758919265535127
4,scatter,,120.0,0.031175621321301358
4,scatter,,150.0,0.02422975799921578
4,scatter,,200.0,0.018393356209767446
4,scatter,,250.0,0.013605342845399649
4,scatter,,300.0,0.011741161903968603
4,scatter,,400.0,0.008372556413737763
4,scatter,,500.0,0.006128894158142327
4,scatter,,600.0,0.004566419899363934
4,scatter,,750.0,0.0026308308783559095
4,scatter,,1000.0,0.0012924235917438633
4,scatter,,1200.0,-0.00023155771787827534
4,scatter,,1500.0,-0.001501405196157535
4,scatter,,2000.0,-0.0042275398724324394
4,scatter,,2500.0,-0.0060168875953223325
4,scatter,,3000.0,-0.007871392882888873
4,scatter,,4000.0,-0.010281854639266978
4,scatter,,5000.0,-0.013847243953844958
4,scatter,,6000.0,-0.016964026915770168
4,scatter,,7500.0,-0.02076998123369764
4,scatter,,10000.0,-0.026758976342277658
4,scatter,,12000.0,-0.03262329695592937
4,scatter,,15000.0,-0.039424020650692816
4,scatter,,20000.0,-0.05157569367715303
4,scatter,,25000.0,-0.06097014155705467
4,scatter,,30000.0,-0.07169896142915157
4,scatter,,40000.0,-0.10062271162638904
4,scatter,,50000.0,-0.11303557824571912
4,scatter,,60000.0,-0.1340193457062832
4,scatter,,75000.0,-0.16690791564515206
4,scatter,,100000.0,-0.22359013484238088
4,scatter,,120000.0,-0.26851600041008794
4,scatter,,150000.0,-0.33588919728940414
4,scatter,,200000.0,-0.4973769991139085
4,scatter,,30.0,0.18846572361790492
4,scatter,,40.0,0.14060205613017757
4,scatter,,50.0,0.11463358533399848
4,scatter,,60.0,0.09451504578635993
4,scatter,,75.0,0.07584224479768416
4,scatter,,100.0,0.056564677130889675
4,scatter,,120.0,0.04698055434097715
4,scatter,,150.0,0.03688916606866799
4,scatter,,200.0,0.02765638249771688
4,scatter,,250.0,0.02250347669918228
4,scatter,,300.0,0.017060563373214325
4,scatter,,400.0,0.0118968499058836
4,scatter,,500.0,0.009077484446528578
4,scatter,,600.0,0.006528354624758424
4,scatter,,750.0,0.004313346461630974
4,scatter,,1000.0,0.0015690263623076332
4,scatter,,1200.0,-0.00026601065640559634
4,scatter,,1500.0,-0.0028038925484033645
4,scatter,,2000.0,-0.0069078465757101215
4,scatter,,2500.0,-0.009402853116833098
4,scatter,,3000.0,-0.012301397955098952
4,scatter,,4000.0,-0.016777764587327965
4,scatter,,5000.0,-0.021915325190473525
4,scatter,,6000.0,-0.026762596765877854
4,scatter,,7500.0,-0.034348741083931614
4,scatter,,10000.0,-0.04335179942617083
4,scatter,,12000.0,-0.05230205473443728
4,scatter,,15000.0,-0.06502888155426127
4,scatter,,20000.0,-0.08536204886687666
4,scatter,,25000.0,-0.10292152923229872
4,scatter,,30000.0,-0.12252600873073308
4,scatter,,40000.0,-0.1669429123466825
4,scatter,,50000.0,-0.19924655892404455
4,scatter,,60000.0,-0.2343203101897172
4,scatter,,75000.0,-0.29085545981997574
4,scatter,,100000.0,-0.3836383463844374
4,scatter,,120000.0,-0.45670698238404206
4,scatter,,150000.0,-0.5609058525089801
4,scatter,,200000.0,-0.7551265666113655
4,scatter,,30.0,0.2292350869613626
4,scatter,,40.0,0.1722260809578478
4,scatter,,50.0,0.13873969263355992
4,scatter,,60.0,0.11570728148160767
4,scatter,,75.0,0.09189559387503124
4,scatter,,100.0,0.06883939058434285
4,scatter,,120.0,0.05667518451144428
4,scatter,,150.0,0.04505674868181494
4,scatter,,200.0,0.03325699971429992
4,scatter,,250.0,0.026096168943240364
4,scatter,,300.0,0.021160942829399794
4,scatter,,400.0,0.014626490196328713
4,scatter,,500.0,0.011068706712594118
4,scatter,,600.0,0.007917124528356674
4,scatter,,750.0,0.0037911949674082827
4,scatter,,1000.0,0.00044580454990642465
4,scatter,,1200.0,-0.0014891021442310262
4,scatter,,1500.0,-0.005064710681622867
4,scatter,,2000.0,-0.009670864693261122
4,scatter,,2500.0,-0.013528642125529525
4,scatter,,3000.0,-0.017504248652082048
4,scatter,,4000.0,-0.02388094311475798
4,scatter,,5000.0,-0.030783794801632392
4,scatter,,6000.0,-0.03682262007125011
4,scatter,,7500.0,-0.04733097889448058
4,scatter,,10000.0,-0.06239977240099744
4,scatter,,12000.0,-0.07498276749001524
4,scatter,,15000.0,-0.09247575537623397
4,scatter,,20000.0,-0.12197298667829183
4,scatter,,25000.0,-0.148406362126241
4,scatter,,30000.0,-0.17717666833650286
4,scatter,,40000.0,-0.23849987483240664
4,scatter,,50000.0,-0.28920283847014516
4,scatter,,60000.0,-0.340420666016207
4,scatter,,75000.0,-0.41991551510049424
4,scatter,,100000.0,-0.5427582313342644
4,scatter,,120000.0,-0.6351533706431874
4,scatter,,150000.0,-0.7625154770535522
4,scatter,,200000.0,-0.9658027166654984
4,scatter,,30.0,0.3112052144907034
4,scatter,,40.0,0.23345626712803222
4,scatter,,50.0,0.19114771497749206
4,scatter,,60.0,0.15761901775126816
4,scatter,,75.0,0.1266576635719944
4,scatter,,100.0,0.09507595913860604
4,scatter,,120.0,0.07765861588146847
4,scatter,,150.0,0.061156138793557024
4,scatter,,200.0,0.045969953754868904
4,scatter,,250.0,0.036375642699283575
4,scatter,,300.0,0.02804473276333962
4,scatter,,400.0,0.01913750744682889
4,scatter,,500.0,0.012686219105908203
4,scatter,,600.0,0.008136355892039527
4,scatter,,750.0,0.0031036659588247716
4,scatter,,1000.0,-0.0036011317762419883
4,scatter,,1200.0,-0.007618517836742212
4,scatter,,1500.0,-0.012636052477456187
4,scatter,,2000.0,-0.020951475001972843
4,scatter,,2500.0,-0.02868204818986032
4,scatter,,3000.0,-0.035781229857347024
4,scatter,,4000.0,-0.04836142208467731
4,scatter,,5000.0,-0.062055892905596446
4,scatter,,6000.0,-0.07495232706988482
4,scatter,,7500.0,-0.09458068628554686
4,scatter,,10000.0,-0.12521073381459918
4,scatter,,12000.0,-0.15008137977777877
4,scatter,,15000.0,-0.18291432999773238
4,scatter,,20000.0,-0.24627136974639596
4,scatter,,25000.0,-0.3027492200728773
4,scatter,,30000.0,-0.3578618294102419
4,scatter,,40000.0,-0.4702798655188112
4,scatter,,50000.0,-0.562052886720371
4,scatter,,60000.0,-0.6565193370236324
4,scatter,,75000.0,-0.7759804655515401
4,scatter,,100000.0,-0.9459183145201129
4,scatter,,120000.0,-1.0565011108687035
4,scatter,,150000.0,-1.1938783349721873
4,scatter,,200000.0,-1.3587142622225916
4,scatter,,30.0,0.388039852622904
4,scatter,,40.0,0.2988414158933621
4,scatter,,50.0,0.2388812489986802
4,scatter,,60.0,0.20129583991568556
4,scatter,,75.0,0.16099033556619172
4,scatter,,100.0,0.12000196511069469
4,scatter,,120.0,0.098043351394497
4,scatter,,150.0,0.0780205109972002
4,scatter,,200.0,0.05670344428712277
4,scatter,,250.0,0.04295807550702798
4,scatter,,300.0,0.03346421087430374
4,scatter,,400.0,0.021904325311809927
4,scatter,,500.0,0.013148802871441413
4,scatter,,600.0,0.0059812677609727295
4,scatter,,750.0,-0.0009863817653263435
4,scatter,,1000.0,-0.011398689348147096
4,scatter,,1200.0,-0.018533602303285712
4,scatter,,1500.0,-0.02529400963564698
4,scatter,,2000.0,-0.038677301433795844
4,scatter,,2500.0,-0.05370260119545297
4,scatter,,3000.0,-0.06750193956394622
4,scatter,,4000.0,-0.08903924716807668
4,scatter,,5000.0,-0.11410374585779659
4,scatter,,6000.0,-0.13496811835839176
4,scatter,,7500.0,-0.17386787701369674
4,scatter,,10000.0,-0.22743258886656786
4,scatter,,12000.0,-0.27290088465305434
4,scatter,,15000.0,-0.34131409214423836
4,scatter,,20000.0,-0.4368869364505061
4,scatter,,25000.0,-0.5304614613037482
4,scatter,,30000.0,-0.615839565196069
4,scatter,,40000.0,-0.7660515749177144
4,scatter,,50000.0,-0.893956848885893
4,scatter,,60000.0,-0.993305155011699
4,scatter,,75000.0,-1.1258980263679284
4,scatter,,100000.0,-1.2870734269048274
4,scatter,,120000.0,-1.390752278135894
4,scatter,,150000.0,-1.5088474317048202
4,scatter,,200000.0,-1.612509130289153
4,scatter,,30.0,0.5554151467976927
4,scatter,,40.0,0.4298312589501691
4,scatter,,50.0,0.35463023911251007
4,scatter,,60.0,0.2984620659044287
4,scatter,,75.0,0.2387449478777245
4,scatter,,100.0,0.17453749858220619
4,scatter,,120.0,0.1471240721862722
4,scatter,,150.0,0.11095726284779285
4,scatter,,200.0,0.07824003178710018
4,scatter,,250.0,0.05560486419392127
4,scatter,,300.0,0.04218046539135729
4,scatter,,400.0,0.01872128196108109
4,scatter,,500.0,0.0030762249064592837
4,scatter,,600.0,-0.00825672435522955
4,scatter,,750.0,-0.02487203185034881
4,scatter,,1000.0,-0.046672188493747206
4,scatter,,1200.0,-0.06321746997419558
4,scatter,,1500.0,-0.08204207521322021
4,scatter,,2000.0,-0.12036624102574031
4,scatter,,2500.0,-0.1516113324262973
4,scatter,,3000.0,-0.18846896147818887
4,scatter,,4000.0,-0.25017695765814885
4,scatter,,5000.0,-0.31115197697851327
4,scatter,,6000.0,-0.3725614351025587
4,scatter,,7500.0,-0.4500282121072921
4,scatter,,10000.0,-0.5830462453013389
4,scatter,,12000.0,-0.6686500795077729
4,scatter,,15000.0,-0.7731289248096538
4,scatter,,20000.0,-0.9420165709273982
4,scatter,,25000.0,-1.0539295915115
4,scatter,,30000.0,-1.1580600483116312
4,scatter,,40000.0,-1.2992654351966049
4,scatter,,50000.0,-1.4134987702597808
4,scatter,,60000.0,-1.4813966608929554
4,scatter,,75000.0,-1.5776214142239247
4,scatter,,100000.0,-1.704495558941722
4,scatter,,120000.0,-1.7890856135659152
4,scatter,,150000.0,-1.9018767041671767
4,scatter,,200000.0,-1.8689856233459947
4,scatter,,30.0,0.9722997205149134
4,scatter,,40.0,0.8344534435866903
4,scatter,,50.0,0.6901532336232004
4,scatter,,60.0,0.6128171670165818
4,scatter,,75.0,0.5025459531689198
4,scatter,,100.0,0.35449352987394256
4,scatter,,120.0,0.29952151730871174
4,scatter,,150.0,0.20920670607337807
4,scatter,,200.0,0.11957361723593961
4,scatter,,250.0,0.043060861793125876
4,scatter,,300.0,-0.012211646498817758
4,scatter,,400.0,-0.09516260908005024
4,scatter,,500.0,-0.16452306754581902
4,scatter,,600.0,-0.22924902778776213
4,scatter,,750.0,-0.31299641287448765
4,scatter,,1000.0,-0.43407797934570724
4,scatter,,1200.0,-0.530677930241351
4,scatter,,1500.0,-0.6387514413665083
4,scatter,,2000.0,-0.7918777943368688
4,scatter,,2500.0,-0.9134308612437142
4,scatter,,3000.0,-1.0047426009474374
4,scatter,,4000.0,-1.142424027184497
4,scatter,,5000.0,-1.2395989009360528
4,scatter,,6000.0,-1.310616029329786
4,scatter,,7500.0,-1.3864102197929682
4,scatter,,10000.0,-1.474865100729785
4,scatter,,12000.0,-1.5276222514271443
4,scatter,,15000.0,-1.5854611626238428
4,scatter,,20000.0,-1.667533487226921
4,scatter,,25000.0,-1.7345705938716507
4,scatter,,30000.0,-1.7909442207367516
4,scatter,,40000.0,-1.8977156390691647
4,scatter,,50000.0,-1.9866720066088714
4,scatter,,60000.0,-2.0730742017080357
4,scatter,,75000.0,-2.1887548614308394
4,scatter,,100000.0,-2.3611377885017073
4,scatter,,120000.0,-2.482712279395382
4,scatter,,150000.0,-2.6446054373084995
4,scatter,,200000.0,-1.8816486424359131
4,scatter,,30.0,1.234488844586669
4,scatter,,40.0,1.1730130454949408
4,scatter,,50.0,0.9487766696862633
4,scatter,,60.0,0.9809069658408677
4,scatter,,75.0,0.8087758564419649
4,scatter,,100.0,0.6660776898995143
4,scatter,,120.0,0.48062219564624414
4,scatter,,150.0,0.31530525044052266
4,scatter,,200.0,0.10918737934131492
4,scatter,,250.0,-0.09101971638955707
4,scatter,,300.0,-0.2168647925131296
4,scatter,,400.0,-0.44843246039886137
4,scatter,,500.0,-0.6031128477892883
4,scatter,,600.0,-0.7265590553281908
4,scatter,,750.0,-0.8625504168871447
4,scatter,,1000.0,-1.0192343474515448
4,scatter,,1200.0,-1.1238738404285145
4,scatter,,1500.0,-1.2142946801330916
4,scatter,,2000.0,-1.3140337868828207
4,scatter,,2500.0,-1.384691108174166
4,scatter,,3000.0,-1.4261105051217084
4,scatter,,4000.0,-1.4944995982691063
4,scatter,,5000.0,-1.539989785708731
4,scatter,,6000.0,-1.5770260375769307
4,scatter,,7500.0,-1.6202362329960558
4,scatter,,10000.0,-1.6805580458097271
4,scatter,,12000.0,-1.7207845542133378
4,scatter,,15000.0,-1.772060222898697
4,scatter,,20000.0,-1.858367832171769
4,scatter,,25000.0,-1.9328592860491909
4,scatter,,30000.0,-2.0037663487274977
4,scatter,,40000.0,-2.1324776077296925
4,scatter,,50000.0,-2.247915105758608
4,scatter,,60000.0,-2.3531812191444725
4,scatter,,75000.0,-2.492906964557692
4,scatter,,100000.0,-2.6953226686082226
4,scatter,,120000.0,-2.8340245050918047
4,scatter,,150000.0,-3.014657094424293
4,scatter,,200000.0,-1.7009357953210917
4,scatter,,30.0,1.5139896739137144
4,scatter,,40.0,1.4747436340163826
4,scatter,,50.0,1.3752563542592025
4,scatter,,60.0,1.4642660987703349
4,scatter,,75.0,1.4403168437351384
4,scatter,,100.0,1.5161019770297839
4,scatter,,120.0,1.5290280169250137
4,scatter,,150.0,1.042176888957397
4,scatter,,200.0,-0.8019335932020633
4,scatter,,250.0,-1.0778144424449916
4,scatter,,300.0,-1.3716640913134073
4,scatter,,400.0,-1.4812942248422014
4,scatter,,500.0,-1.4846055264148494
4,scatter,,600.0,-1.510633618767883
4,scatter,,750.0,-1.5141069457086649
4,scatter,,1000.0,-1.5454913949637583
4,scatter,,1200.0,-1.5684001128709757
4,scatter,,1500.0,-1.5879937735667893
4,scatter,,2000.0,-1.60860547699845
4,scatter,,2500.0,-1.627232299197215
4,scatter,,3000.0,-1.6425443507254673
4,scatter,,4000.0,-1.6744108310892194
4,scatter,,5000.0,-1.7059957757402515
4,scatter,,6000.0,-1.7326502313050967
4,scatter,,7500.0,-1.7727765798214303
4,scatter,,10000.0,-1.8377869372005138
4,scatter,,12000.0,-1.8879652460211975
4,scatter,,15000.0,-1.9597447369825383
4,scatter,,20000.0,-2.064105963745582
4,scatter,,25000.0,-2.160543733797052
4,scatter,,30000.0,-2.2511088847851766
4,scatter,,40000.0,-2.414402155110288
4,scatter,,50000.0,-2.550428037832914
4,scatter,,60000.0,-2.6758067484349453
4,scatter,,75000.0,-2.8394620772397245
4,scatter,,100000.0,-3.0759611755413276
4,scatter,,120000.0,3.0423563713795896
4,scatter,,150000.0,2.8288056985079804
4,scatter,,200000.0,-1.4820982258568351
5,line,$C$,290.0,-8.317592229251305
5,line,$C$,270.0,-8.38128167038578
5,line,$C$,250.0,-8.302613485562357
5,line,$C$,230.0,-8.251469731089207
5,line,$C$,210.0,-8.21827772438806
5,line,$C$,190.0,-8.278500600154484
5,line,$C$,170.0,-7.999528137190389
5,line,$C$,150.0,-7.911646543370837
5,line,$C$,130.0,-8.134718261402188
5,line,$C$,110.0,-7.997937482896455
5,line,$C$,90.0,-7.942184468870613
5,line,$C$,70.0,-7.9309272456058535
5,line,$C_{neg}$,290.0,-8.763095717082303
5,line,$C_{neg}$,270.0,-11.220062337212896
5,line,$C_{neg}$,250.0,-15.0
5,line,$C_{neg}$,230.0,-15.0
5,line,$C_{neg}$,210.0,-15.0
5,line,$C_{neg}$,190.0,-15.0
5,line,$C_{neg}$,170.0,-8.568445696937026
5,line,$C_{neg}$,150.0,-8.470951445010568
5,line,$C_{neg}$,130.0,-10.380951796149235
5,line,$C_{neg}$,110.0,-10.873915642439123
5,line,$C_{neg}$,90.0,-12.30016227413276
5,line,$C_{neg}$,70.0,-11.842968583847577
5,line,$C_{est}$,290.0,-3.2941444047500203
5,line,$C_{est}$,270.0,-3.309712482666009
5,line,$C_{est}$,250.0,-3.3493532412521194
5,line,$C_{est}$,230.0,-3.409541378594618
5,line,$C_{est}$,210.0,-3.4715616917109275
5,line,$C_{est}$,190.0,-3.5881201144219435
5,line,$C_{est}$,170.0,-3.4470840882990323
5,line,$C_{est}$,150.0,-2.852044313432325
5,line,$C_{est}$,130.0,-3.6035537284656205
5,line,$C_{est}$,110.0,0.891885283853909
5,line,$C_{est}$,90.0,1.2112880382124929
5,line,$C_{est}$,70.0,1.2178360299625743
