axis_index,artist_type,label,x,y
0,scatter,,0.0,0.0
0,scatter,,2.9986842566022432e-05,0.0059970233608646496
0,scatter,,0.0001199154561193911,0.011988150380437382
0,scatter,,0.0002697263782272871,0.017973488057132017
0,scatter,,0.0004793718228907264,0.023953124137753756
0,scatter,,0.0007487833177083712,0.02992718332931008
0,scatter,,0.001077903088738186,0.03589577351227339
0,scatter,,0.0014666822715292379,0.04185898900811868
0,scatter,,0.0019150665678051434,0.04781693291504495
0,scatter,,0.0024230048646086857,0.05376970732733594
0,scatter,,0.00299044533506615,0.05971741456517515
0,scatter,,0.0036173379802588133,0.06566015668467715
0,scatter,,0.004303633686306761,0.07159803558901408
0,scatter,,0.005049283814271742,0.07753115318514608
0,scatter,,0.0058542416310045226,0.0834596116555017
0,scatter,,0.006718460926631227,0.08938351297440701
0,scatter,,0.0076418965994677485,0.09530295894565478
0,scatter,,0.008624504951378939,0.10121805122147536
0,scatter,,0.009666242889939145,0.10712889239776377
0,scatter,,0.010767067927290033,0.11303558601564775
0,scatter,,0.01192693935516134,0.11893823494848821
0,scatter,,0.013145817666148155,0.12483694219631583
0,scatter,,0.014423664433937788,0.13073181107943124
0,scatter,,0.01576044133646497,0.1366229468188269
0,scatter,,0.017156111402343546,0.14251045451960465
0,scatter,,0.018610638852598147,0.14839443942703576
0,scatter,,0.020123988942619332,0.154275007182259
0,scatter,,0.021696128042794752,0.16015226455469592
0,scatter,,0.02332702366705219,0.16602631970132234
0,scatter,,0.02501664431523559,0.1718972807348868
0,scatter,,0.026764959544556384,0.17776525637294044
0,scatter,,0.028571939914240452,0.1836303556073578
0,scatter,,0.030437557522714265,0.1894926909321658
0,scatter,,0.03236178514528834,0.19535237316208048
0,scatter,,0.03434459680237544,0.20120951484680022
0,scatter,,0.03638596758924558,0.2070642292480428
0,scatter,,0.03848587381949205,0.21291663089546775
0,scatter,,0.04064429311472345,0.21876683594017518
0,scatter,,0.042861204074230594,0.2246149609270831
0,scatter,,0.045136586444878474,0.23046112345032652
0,scatter,,0.04747042113591718,0.23630544222487748
0,scatter,,0.04986269022998461,0.24214803714382951
0,scatter,,0.052313376994109095,0.24798902933568187
0,scatter,,0.054822466003525,0.25382854095348
0,scatter,,0.057389943180925426,0.25966669516495217
0,scatter,,0.06001579558479338,0.2655036167390605
0,scatter,,0.06270001153598534,0.2713394318285616
0,scatter,,0.06544258063278789,0.2771742680176557
0,scatter,,0.06824349376477527,0.28300825437248456
0,scatter,,0.07110274312666706,0.2888415214916304
0,scatter,,0.07402032216067565,0.29467420008038425
0,scatter,,0.07699622557434344,0.30050642108339926
0,scatter,,0.08003044946398327,0.3063383179973748
0,scatter,,0.08312299126684909,0.3121700256481113
0,scatter,,0.08627384977324158,0.3180016802048423
0,scatter,,0.08948302513876652,0.3238334191977177
0,scatter,,0.09275051889659311,0.3296653815352678
0,scatter,,0.09607633397217048,0.33549770668469586
0,scatter,,0.09946047469469556,0.34133053495853716
0,scatter,,0.10290294680656902,0.34716400848664053
0,scatter,,0.10640375747739564,0.3529982706402705
0,scatter,,0.10996291531629168,0.3588334660329381
0,scatter,,0.11358043038419201,0.3646697405212311
0,scatter,,0.11725631420610313,0.37050724120314527
0,scatter,,0.12099057976246053,0.37634611545281615
0,scatter,,0.12478324151266895,0.38218651143936233
0,scatter,,0.12863431542467887,0.38802857892407944
0,scatter,,0.13254381897508555,0.3938724686982976
0,scatter,,0.1365117711610589,0.39971833256680667
0,scatter,,0.14053819251227306,0.40556632333128134
0,scatter,,0.14462310506389822,0.41141659435122024
0,scatter,,0.1487665324321282,0.4172693002174214
0,scatter,,0.15296849959398465,0.4231245942168055
0,scatter,,0.1572290332192039,0.4289826317874267
0,scatter,,0.16154816154317964,0.4348435689938652
0,scatter,,0.16592591437819318,0.44070756250306264
0,scatter,,0.17036232312437585,0.4465747695572515
0,scatter,,0.17485742077650568,0.45244534791761826
0,scatter,,0.17941124172318898,0.45831945440288674
0,scatter,,0.18402382193705713,0.46419724607102514
0,scatter,,0.18869519906143475,0.470078880699751
0,scatter,,0.19342541232954408,0.47596451613347757
0,scatter,,0.19821450256786882,0.4818543101982877
0,scatter,,0.20306251219893479,0.4877484206118702
0,scatter,,0.20796948524350717,0.49364700488841495
0,scatter,,0.21293546732220484,0.499550220238471
0,scatter,,0.2179605054738434,0.5054582228633422
0,scatter,,0.22304464821019349,0.5113711680233629
0,scatter,,0.22818794572846302,0.5172892106214293
0,scatter,,0.23339044977345225,0.5232125046320202
0,scatter,,0.23865221362967767,0.5291412029542525
0,scatter,,0.2439732921125642,0.5350754572587518
0,scatter,,0.24935374155870485,0.5410154178283362
0,scatter,,0.25479361981518833,0.546961233392514
0,scatter,,0.2602929861685836,0.5529130514091646
0,scatter,,0.2658519012910746,0.5588710182020465
0,scatter,,0.27147042738066895,0.5648352776039887
0,scatter,,0.2771486280709752,0.5708059713452466
0,scatter,,0.2828865684106885,0.5767832388965948
0,scatter,,0.28868431484402274,0.5827672172918997
0,scatter,,0.294541935190042,0.588758040945789
0,scatter,,0.30045949862089216,0.5947558414664139
0,scatter,,0.30643707557335087,0.6007607474370688
0,scatter,,0.3124747375700456,0.6067728841572033
0,scatter,,0.3185725575073503,0.6127923735656872
0,scatter,,0.32473060950732263,0.6188193339851832
0,scatter,,0.3309489688709922,0.6248538799026059
0,scatter,,0.33722771204419155,0.6308961217501323
0,scatter,,0.3435669165819896,0.6369461656811903
0,scatter,,0.3499666611117276,0.6430041133414216
0,scatter,,0.35642702523924136,0.6490700615486229
0,scatter,,0.36294808919858257,0.6551441015717768
0,scatter,,0.36952993428482134,0.661226319622464
0,scatter,,0.3761726426849507,0.6673167964093546
0,scatter,,0.382876297378685,0.6734156067983115
0,scatter,,0.38964098208424264,0.6795228195394477
0,scatter,,0.39646678120227213,0.6856384969884464
0,scatter,,0.40335377975792264,0.6917626948221467
0,scatter,,0.41030206331517755,0.6978954617080233
0,scatter,,0.41731171755711444,0.7040368384497113
0,scatter,,0.4243828286529022,0.7101868583569035
0,scatter,,0.4315154831639758,0.7163455468935818
0,scatter,,0.438709767880823,0.7225129212151712
0,scatter,,0.4459657697444429,0.7286889898349309
0,scatter,,0.4532835757654536,0.7348737522838378
0,scatter,,0.46066327294084924,0.7410671987639634
0,scatter,,0.4681049481897928,0.747269309826407
0,scatter,,0.4756086877566894,0.7534800552723593
0,scatter,,0.4831745776787678,0.7596993945972749
0,scatter,,0.49080270363513023,0.7659272765335327
0,scatter,,0.4984931507554757,0.7721636385314296
0,scatter,,0.5062460035110276,0.7784084063564822
0,scatter,,0.5140613456028916,0.7846614936799049
0,scatter,,0.521939259847777,0.7909228016621634
0,scatter,,0.529879828061011,0.7971922185295063
0,scatter,,0.5378831305447129,0.8034696186854681
0,scatter,,0.5459492461212584,0.8097548624553298
0,scatter,,0.554078252451737,0.816047796159508
0,scatter,,0.5622702256051765,0.8223482513079535
0,scatter,,0.5705252399141938,0.828656044125117
0,scatter,,0.578843367826531,0.8349709750661245
0,scatter,,0.5872246797523709,0.8412928283240277
0,scatter,,0.5956692439073309,0.8476213713279842
0,scatter,,0.6041771261510289,0.8539563542322293
0,scatter,,0.6127483898211216,0.8602975093956993
0,scatter,,0.6213830953370366,0.8666445506916364
0,scatter,,0.6300812995611973,0.8729971726384239
0,scatter,,0.6388430566647163,0.8793550505942921
0,scatter,,0.6476684175105829,0.8857178398910569
0,scatter,,0.6565574294035326,0.8920851752222345
0,scatter,,0.6655101358770639,0.8984566700510542
0,scatter,,0.6745265764738639,0.9048319160071878
0,scatter,,0.6836067865194935,0.9112104822720221
0,scatter,,0.6927507968891804,0.9175919149523033
0,scatter,,0.7019586337675773,0.9239757364419796
0,scatter,,0.7112303184383761,0.930361444900131
0,scatter,,0.7205658674636618,0.9367485150892976
0,scatter,,0.7299652918454462,0.9431363957091083
0,scatter,,0.7394285968275841,0.9495245089573843
0,scatter,,0.7489557817321246,0.9559122502245155
0,scatter,,0.7585468396844697,0.962298987418061
0,scatter,,0.7682017573312788,0.9686840602771908
0,scatter,,0.7779205145509986,0.9750667796769015
0,scatter,,0.7877030841568973,0.9814464269219243
0,scatter,,0.7975494315924824,0.9878222530302557
0,scatter,,0.807459514619521,0.9941934780077661
0,scatter,,0.8174332833527314,1.000559291725808
0,scatter,,0.8274706797410881,1.0069188523059645
0,scatter,,0.8375716369056004,1.0132712838777527
0,scatter,,0.8477360790365104,1.0196156769090092
0,scatter,,0.857963921051377,1.0259510874751303
0,scatter,,0.8682550682455452,1.0322765365212645
0,scatter,,0.8786094159349136,1.0385910091175172
0,scatter,,0.8890268490909066,1.044893453707226
0,scatter,,0.8995072419675614,1.0511827813483647
0,scatter,,0.910050457720639,1.0574578649481365
0,scatter,,0.9206563481228841,1.0637175394209528
0,scatter,,0.9313247533409089,1.0699606024625201
0,scatter,,0.9420555011005434,1.076185809933002
0,scatter,,0.9528484064592203,1.0823918767258178
0,scatter,,0.963703271405454,1.0885774761619984
0,scatter,,0.974619884435584,1.0947412392512446
0,scatter,,0.9855980201224654,1.1008817539515887
0,scatter,,0.9966374386760322,1.106997564427887
0,scatter,,1.0077378854956633,1.1130871703093688
0,scatter,,1.0188990907142772,1.1191490259464738
0,scatter,,1.030120768776119,1.125181539962562
0,scatter,,1.041402618390864,1.1311830775087286
0,scatter,,1.0527443215177812,1.1371519557628316
0,scatter,,1.0641455429585533,1.1430864437656412
0,scatter,,1.0756059299626368,1.148984762406199
0,scatter,,1.087125111739342,1.1548450838135278
0,scatter,,1.0987026989628819,1.1606655307615006
0,scatter,,1.1103382832703954,1.1664441760875977
0,scatter,,1.1220314367529356,1.1721790421262803
0,scatter,,1.1337817115595379,1.1778681003229552
0,scatter,,1.145588639395846,1.1835092707286188
0,scatter,,1.1574517307836927,1.1891004211920966
0,scatter,,1.1693704746441052,1.1946393670244613
0,scatter,,1.1813443377625175,1.2001238705293233
0,scatter,,1.1933727642469434,1.205551640552107
0,scatter,,1.205455174979953,1.2109203320501882
0,scatter,,1.2175909670644747,1.2162275456846692
0,scatter,,1.2297795133450664,1.2214708278980504
0,scatter,,1.2420201624523475,1.2266476740213144
0,scatter,,1.2543122374007305,1.2317555232222477
0,scatter,,1.2666550351942731,1.2367917592388935
0,scatter,,1.2790478263724014,1.2417537108310983
0,scatter,,1.2914898544474667,1.2466386516778847
0,scatter,,1.3039803353389128,1.2514438003164055
0,scatter,,1.316518456804201,1.2561663201238535
0,scatter,,1.3291033778666175,1.2608033193436836
0,scatter,,1.3417342287898064,1.2653518524962262
0,scatter,,1.3544101104268327,1.2698089203200211
0,scatter,,1.367130092921198,1.2741714681898975
0,scatter,,1.3798932155772738,1.278436387439049
0,scatter,,1.3926984863095593,1.2826005157124365
0,scatter,,1.4055448810925715,1.2866606373798297
0,scatter,,1.4184313434119504,1.2906134840109131
0,scatter,,1.4313567837170336,1.29445573491414
0,scatter,,1.4443200790273476,1.2981840181996944
0,scatter,,1.457320073241197,1.3017949140198983
0,scatter,,1.4703555753403996,1.3052849515297562
0,scatter,,1.4834253591998041,1.3086506107477096
0,scatter,,1.496528163212076,1.3118883239231949
0,scatter,,1.5096626897957652,1.3149944766169492
0,scatter,,1.5228276049104728,1.317965408868115
0,scatter,,1.5360215375795157,1.320797416450285
0,scatter,,1.549243079421318,1.3234867522198002
0,scatter,,1.5624907851371852,1.3260296289694047
0,scatter,,1.5757631716827392,1.328422220403482
0,scatter,,1.589058716946636,1.3306606614632253
0,scatter,,1.6023758599502917,1.332741051002703
0,scatter,,1.6157130004778044,1.3346594537030585
0,scatter,,1.6290684987212896,1.3364119020980525
0,scatter,,1.6424406749422664,1.3379943987133966
0,scatter,,1.6558278091497012,1.3394029183223277
0,scatter,,1.6692281410586478,1.3406334104041073
0,scatter,,1.6826398709119743,1.3416818019940522
0,scatter,,1.696061157439317,1.34254399973535
0,scatter,,1.7094901181841449,1.3432158928083995
0,scatter,,1.7229248294613402,1.3436933558640958
0,scatter,,1.7363633262052707,1.3439722520464898
0,scatter,,1.7498036018440692,1.3440484361504847
0,scatter,,1.7632436082009426,1.3439177579170836
0,scatter,,1.7766812554293592,1.3435760654575457
0,scatter,,1.79011441300215,1.3430192069134006
0,scatter,,1.8035409090810162,1.3422430353286774
0,scatter,,1.816958529876631,1.341243413743703
0,scatter,,1.8303650202640167,1.34001621816251
0,scatter,,1.8437580839166874,1.3385573416274688
0,scatter,,1.857135383478599,1.3368626984399308
0,scatter,,1.8704945407749254,1.334928228529016
0,scatter,,1.8838331370627146,1.332749901970689
0,scatter,,1.8971487134983076,1.3303237224719315
0,scatter,,1.9104387720738583,1.3276457281256313
0,scatter,,1.923700775075044,1.3247120025963768
0,scatter,,1.9369321458423034,1.3215186779616692
0,scatter,,1.950130269341169,1.318061939307171
0,scatter,,1.9632924927302287,1.3143380298122513
0,scatter,,1.9764161259821942,1.31034325596049
0,scatter,,1.9894984424437747,1.3060739924079
0,scatter,,2.002536679103626,1.3015266855706644
0,scatter,,2.0155280380532785,1.2966978619321081
0,scatter,,2.0284696870999634,1.2915841328098892
0,scatter,,2.0413587605893904,1.2861821998570069
0,scatter,,2.054192360331803,1.2804888608600946
0,scatter,,2.066967556585971,1.2745010156466132
0,scatter,,2.0796813891147363,1.2682156706909444
0,scatter,,2.0923308683466435,1.2616299386485326
0,scatter,,2.1049129764594237,1.254741053723971
0,scatter,,2.117424668633021,1.2475463750583722
0,scatter,,2.1298628743509913,1.2400433919300926
0,scatter,,2.142224498760497,1.2322297297377833
0,scatter,,2.15450642409857,1.2241031560280358
0,scatter,,2.1667055109957594,1.2156615855499953
0,scatter,,2.178818599002342,1.2069030808319066
0,scatter,,2.190842509594234,1.1978258656566527
0,scatter,,2.202774047469031,1.1884283290629123
0,scatter,,2.214610002115379,1.1787090304487737
0,scatter,,2.2263471495746043,1.1686667053354511
0,scatter,,2.237982254267381,1.1583002711025663
0,scatter,,2.2495120707193217,1.147608831583432
0,scatter,,2.260933344457625,1.1365916756854941
0,scatter,,2.2722428153852694,1.125248291941877
0,scatter,,2.283437219515549,1.1135783716934915
0,scatter,,2.294513290912332,1.1015818131231854
0,scatter,,2.305467763835765,1.0892587261294935
0,scatter,,2.3162973749487477,1.0766094370707757
0,scatter,,2.3269988653371656,1.06363449259468
0,scatter,,2.3375689809950737,1.0503346583087407
0,scatter,,2.348004477453816,1.0367109301124229
0,scatter,,2.3583021217104294,1.0227645366915823
0,scatter,,2.3684586943332855,1.0084969422014938
0,scatter,,2.378470991892557,0.9939098495923743
0,scatter,,2.388335829437694,0.9790052036956042
0,scatter,,2.3980500427934164,0.9637851936214561
0,scatter,,2.407610489130795,0.9482522514915783
0,scatter,,2.4170140519028207,0.9324090592006652
0,scatter,,2.4262576430468252,0.9162585495548147
0,scatter,,2.4353382052183696,0.8998039070904349
0,scatter,,2.4442527143843917,0.8830485691936187
0,scatter,,2.452998182443256,0.8659962268711543
0,scatter,,2.461571659401981,0.8486508237814678
0,scatter,,2.4699702348943355,0.8310165630335243
0,scatter,,2.478191041335918,0.8130978947262837
0,scatter,,2.4862312580146684,0.794899525318518
0,scatter,,2.4940881126178454,0.7764264129519944
0,scatter,,2.5017588838274474,0.7576837659946968
0,scatter,,2.5092409039064987,0.7386770411045724
0,scatter,,2.5165315611864063,0.7194119410193711
0,scatter,,2.5236283012730087,0.6998944147789364
0,scatter,,2.530528630201333,0.6801306529866704
0,scatter,,2.537230116831374,0.6601270843078897
0,scatter,,2.5437303954488124,0.6398903714130625
0,scatter,,2.550027169309335,0.6194274048429804
0,scatter,,2.5561182115343706,0.5987453005456383
0,scatter,,2.562001368004733,0.5778513938322136
0,scatter,,2.567674558224806,0.55675323651789
0,scatter,,2.573135777922915,0.5354585903427166
0,scatter,,2.5783831017972356,0.5139754196523656
0,scatter,,2.5834146851511677,0.4923118856211682
0,scatter,,2.5882287659317904,0.4704763389967777
0,scatter,,2.5928236665692674,0.4484773132997188
0,scatter,,2.5971977958615895,0.4263235171114622
0,scatter,,2.601349650386789,0.4040238267274078
0,scatter,,2.605277816050253,0.38158727813602344
0,scatter,,2.608980970117106,0.35902305771776544
0,scatter,,2.6124578825217895,0.336340493750231
0,scatter,,2.6157074169087626,0.3135490485257266
0,scatter,,2.6187285322524696,0.29065830797644343
0,scatter,,2.621520284107952,0.26767797194819337
0,scatter,,2.6240818255482274,0.24461784511762016
0,scatter,,2.626412407927881,0.22148782805315306
0,scatter,,2.6285113822167414,0.1982979051775996
0,scatter,,2.6303781996916356,0.17505813487378347
0,scatter,,2.6320124123326796,0.15177864119532
0,scatter,,2.633413673653342,0.1284696015663911
0,scatter,,2.634581739322863,0.10514123507116004
0,scatter,,2.635516467522102,0.08180379175671648
0,scatter,,2.6362178188945733,0.058467544694291676
0,scatter,,2.636685856579071,0.03514278021343942
0,scatter,,2.636920746826141,0.01183978173072267
0,scatter,,2.6369227587336876,-0.01143117947513243
0,scatter,,2.6366922640367068,-0.03465985412684422
0,scatter,,2.636229736622445,-0.05783602128241493
0,scatter,,2.6355357524645773,-0.08094950594800243
0,scatter,,2.63461098905676,-0.1039901883411893
0,scatter,,2.6334562248076523,-0.12694801426637564
0,scatter,,2.6320723382701283,-0.14981299982267432
0,scatter,,2.6304603073981427,-0.17257524734455174
0,scatter,,2.6286212086323437,-0.1952249560056312
0,scatter,,2.6265562158669007,-0.21775243131775768
0,scatter,,2.6242665995033465,-0.2401480905587946
0,scatter,,2.621753725193995,-0.26240247369463304
0,scatter,,2.619019052402476,-0.284506256324511
0,scatter,,2.616064133049733,-0.30645025734530573
0,scatter,,2.6128906101880838,-0.3282254458564844
0,scatter,,2.6095002166932457,-0.3498229464469081
0,scatter,,2.6058947730970172,-0.371234053636567
0,scatter,,2.602076185995544,-0.3924502378529873
0,scatter,,2.598046446304928,-0.4134631524959331
0,scatter,,2.5938076280112807,-0.43426463669616067
0,scatter,,2.589361885466487,-0.4548467273699536
0,scatter,,2.5847114514518497,-0.47520166501651234
0,scatter,,2.5798586351225006,-0.4953218995421201
0,scatter,,2.5748058206233524,-0.5152000926597068
0,scatter,,2.5695554643725624,-0.5348291254676218
0,scatter,,2.564110092536522,-0.5542021045359313
0,scatter,,2.558472298857805,-0.5733123657934999
0,scatter,,2.552644742845934,-0.5921534772917537
0,scatter,,2.5466301476239694,-0.6107192423415483
0,scatter,,2.540431296584546,-0.6290037052240809
0,scatter,,2.534051031259446,-0.6470011532241462
0,scatter,,2.5274922490578877,-0.6647061188983469
0,scatter,,2.5207579016528983,-0.6821133810904795
0,scatter,,2.513850991186605,-0.6992179682375227
0,scatter,,2.5067745680307127,-0.7160151592852773
0,scatter,,2.4995317283318306,-0.7325004845799472
0,scatter,,2.4921256127879663,-0.748669726331513
0,scatter,,2.484559402598866,-0.764518918911253
0,scatter,,2.4768363168686434,-0.7800443486419564
0,scatter,,2.4689596101688207,-0.7952425531839467
0,scatter,,2.4609325698925826,-0.8101103205897343
0,scatter,,2.452758516230565,-0.8246446895452622
0,scatter,,2.444440797855543,-0.8388429466947401
0,scatter,,2.4359827883654326,-0.8527026240461478
0,scatter,,2.42738788450372,-0.8662214970623031
0,scatter,,2.418659503566673,-0.8793975818999458
0,scatter,,2.4098010825201492,-0.892229135747518
0,scatter,,2.400816075487468,-0.9047146535201684
0,scatter,,2.3917079493722126,-0.9168528604351738
0,scatter,,2.382480182407582,-0.9286427101434099
0,scatter,,2.373136261739081,-0.9400833805553848
0,scatter,,2.3636796820135846,-0.9511742724404447
0,scatter,,2.3541139442857313,-0.961915008653331
0,scatter,,2.3444425511845735,-0.9723054213533739
0,scatter,,2.334669005738182,-0.9823455502545392
0,scatter,,2.3247968092385336,-0.9920356375257634
0,scatter,,2.3148294595411136,-1.0013761244051897
0,scatter,,2.3047704505546047,-1.010367653033505
0,scatter,,2.294623268037685,-1.0190110504573153
0,scatter,,2.2843913883047406,-1.0273073259649994
0,scatter,,2.274078276455136,-1.035257665775161
0,scatter,,2.26368738467816,-1.0428634279842575
0,scatter,,2.253222151829299,-1.0501261454573811
0,scatter,,2.242686000263601,-1.0570475101041563
0,scatter,,2.2320823343667526,-1.063629367918798
0,scatter,,2.2214145391685154,-1.0698737140972445
0,scatter,,2.2106859788378728,-1.0757826870129854
0,scatter,,2.199899996053044,-1.0813585703789543
0,scatter,,2.1890599099769257,-1.0866037807279505
0,scatter,,2.1781690147321497,-1.091520859297951
0,scatter,,2.1672305783463894,-1.09611246802639
0,scatter,,2.156247841535661,-1.1003813832899532
0,scatter,,2.1452240168863845,-1.104330495900627
0,scatter,,2.13416228768705,-1.1079628035926268
0,scatter,,2.123065806610964,-1.1112813997024427
0,scatter,,2.1119376949118913,-1.1142894702022117
0,scatter,,2.1007810415147086,-1.1169902877331965
0,scatter,,2.089598902186634,-1.1193872091675554
0,scatter,,2.0783942987624737,-1.121483672777466
0,scatter,,2.0671702183566736,-1.1232831850855536
0,scatter,,2.055929612705473,-1.1247893185567241
0,scatter,,2.044675397544703,-1.1260057061829223
0,scatter,,2.0334104519609357,-1.126936037690635
0,scatter,,2.022137617649392,-1.1275840587749797
0,scatter,,2.0108596987893925,-1.1279535591099583
0,scatter,,1.9995794615148765,-1.1280483696341614
0,scatter,,1.9882996335359464,-1.1278723579655339
0,scatter,,1.9770229037506168,-1.1274294242064589
0,scatter,,1.965751921453395,-1.1267235003689349
0,scatter,,1.9544892967109935,-1.1257585412098159
0,scatter,,1.9432376000686153,-1.1245385207564416
0,scatter,,1.9319993623463407,-1.1230674286169837
0,scatter,,1.9207770745128874,-1.1213492660264326
0,scatter,,1.90957318693477,-1.1193880445778415
0,scatter,,1.898390109940666,-1.1171877801856005
0,scatter,,1.8872302139141277,-1.114752489146298
0,scatter,,1.8760958291912448,-1.1120861852344006
0,scatter,,1.8649892461512154,-1.109192876330348
0,scatter,,1.8539127146638317,-1.1060765623882423
0,scatter,,1.8428684445140222,-1.1027412318510703
0,scatter,,1.8318586060087998,-1.0991908579319778
0,scatter,,1.820885329913049,-1.0954293962852342
0,scatter,,1.8099507076951444,-1.0914607823157942
0,scatter,,1.7990567911989446,-1.087288928871859
0,scatter,,1.7882055927416238,-1.0829177238935186
0,scatter,,1.7773990864988733,-1.0783510276494488
0,scatter,,1.7666392083401574,-1.0735926707736703
0,scatter,,1.7559278562049538,-1.068646452209185
0,scatter,,1.7452668905175739,-1.0635161372731186
0,scatter,,1.7346581336337212,-1.0582054555963125
0,scatter,,1.7241033696428782,-1.052718099265307
0,scatter,,1.7136043469476343,-1.0470577217663346
0,scatter,,1.7031627777494174,-1.0412279362773966
0,scatter,,1.6927803385063527,-1.0352323143153581
0,scatter,,1.6824586704344762,-1.0290743845080437
0,scatter,,1.672199379286511,-1.022757630453331
0,scatter,,1.662004035130304,-1.0162854886613548
0,scatter,,1.6518741747929493,-1.0096613502576013
0,scatter,,1.641811301563968,-1.002888558988472
0,scatter,,1.6318168857081985,-0.9959704104274332
0,scatter,,1.6218923650248762,-0.988910151328466
0,scatter,,1.6120391448015758,-0.9817109778333828
0,scatter,,1.6022585975076757,-0.9743760332261003
0,scatter,,1.592552065270951,-0.966908411354405
0,scatter,,1.582920859670023,-0.9593111547248098
0,scatter,,1.5733662622628104,-0.9515872541482318
0,scatter,,1.5638895251683755,-0.9437396485638148
0,scatter,,1.5544918711967322,-0.935771223683536
0,scatter,,1.545174493558787,-0.9276848095458721
0,scatter,,1.5359385581282439,-0.9194831851294091
0,scatter,,1.5267852033788867,-0.9111690766512727
0,scatter,,1.5177155409075775,-0.9027451575326243
0,scatter,,1.5087306560149802,-0.8942140485831195
0,scatter,,1.4998316079578702,-0.8855783171372004
0,scatter,,1.4910194297044033,-0.8768404745756152
0,scatter,,1.4822951299348823,-0.8680029814480817
0,scatter,,1.4736596931015722,-0.8590682461291042
0,scatter,,1.4651140799290716,-0.8500386250096558
0,scatter,,1.4566592279750237,-0.8409164229470925
0,scatter,,1.4482960519806796,-0.8317038929222517
0,scatter,,1.4400254436287856,-0.8224032333643002
0,scatter,,1.4318482733790168,-0.8130165938896043
0,scatter,,1.4237653905068064,-0.8035460738631123
0,scatter,,1.4157776236203259,-0.793993722936998
0,scatter,,1.4078857811853072,-0.7843615416738339
0,scatter,,1.4000906518867053,-0.7746514814458418
0,scatter,,1.392393004521764,-0.7648654421585919
0,scatter,,1.3847935894884016,-0.7550052776119031
0,scatter,,1.3772931389780545,-0.7450727947545654
0,scatter,,1.3698923673923706,-0.7350697540568872
0,scatter,,1.3625919718181183,-0.7249978702140096
0,scatter,,1.3553926324948906,-0.7148588128694388
0,scatter,,1.3482950132612366,-0.7046542072698728
0,scatter,,1.3412997616146662,-0.6943856325535396
0,scatter,,1.3344075094870211,-0.6840546246218668
0,scatter,,1.3276188737374195,-0.6736626773022888
0,scatter,,1.320934456430026,-0.6632112422281013
0,scatter,,1.31435484521381,-0.6527017294377999
0,scatter,,1.3078806136864074,-0.6421355079519914
0,scatter,,1.3015123217411062,-0.6315139063234928
0,scatter,,1.2952505166586032,-0.6208382159184359
0,scatter,,1.2890957338450504,-0.6101096929488291
0,scatter,,1.2830484955710428,-0.5993295532961899
0,scatter,,1.2771093120837436,-0.5884989759616115
0,scatter,,1.2712786819588493,-0.5776191037925122
0,scatter,,1.2655570924278263,-0.566691044148973
0,scatter,,1.2599450196917361,-0.5557158695497811
0,scatter,,1.2544429293846364,-0.5446946190085122
0,scatter,,1.2490512777325034,-0.533628302440081
0,scatter,,1.243770510623068,-0.5225178959933573
0,scatter,,1.2386010642147074,-0.5113643441320158
0,scatter,,1.2335433653436796,-0.5001685608717321
0,scatter,,1.228597831810656,-0.48893143052630134
0,scatter,,1.2237648726568269,-0.4776538084431011
0,scatter,,1.2190448884374225,-0.4663365217565902
0,scatter,,1.214438271915622,-0.4549803717386531
0,scatter,,1.2099454079958136,-0.4435861333350122
0,scatter,,1.2055666738028772,-0.4321545552727339
0,scatter,,1.2013024390933857,-0.4206863614324
0,scatter,,1.1971530664966195,-0.4091822516093687
0,scatter,,1.1931189117470102,-0.39764290226702487
0,scatter,,1.1892003239079638,-0.38606896728120776
0,scatter,,1.1853976456427973,-0.3744610790933293
0,scatter,,1.1817112134805399,-0.36281984987998345
0,scatter,,1.1781413578645503,-0.35114587114882506
0,scatter,,1.1746884034149863,-0.3394397149920307
0,scatter,,1.1713526691190619,-0.3277019348521708
0,scatter,,1.1681344685107506,-0.31593306626233253
0,scatter,,1.1650341098423578,-0.30413362757830414
0,scatter,,1.1620518962593909,-0.29230412080632145
0,scatter,,1.1591881260409809,-0.28044503309220026
0,scatter,,1.1564430926403455,-0.2685568364568256
0,scatter,,1.153817084848226,-0.25663998871445504
0,scatter,,1.151310386942162,-0.24469493432632128
0,scatter,,1.1489232788148926,-0.23272210512811545
0,scatter,,1.1466560360951332,-0.22072192105143248
0,scatter,,1.1445089302661364,-0.2086947908273029
0,scatter,,1.1424822287803458,-0.19664111328181672
0,scatter,,1.1405761951831175,-0.1845612776405154
0,scatter,,1.1387910891476487,-0.17245566402564874
0,scatter,,1.1371271665876619,-0.16032464437989777
0,scatter,,1.1355846797349625,-0.14816858318700743
0,scatter,,1.134163877209828,-0.13598783818841476
0,scatter,,1.1328650040842283,-0.12378276109585507
0,scatter,,1.1316883019376467,-0.11155369855257107
0,scatter,,1.1306340089056306,-0.09930099320023562
0,scatter,,1.1297023597223492,-0.08702498346529755
0,scatter,,1.1288935857547708,-0.07472600465713916
0,scatter,,1.1282079150300062,-0.062404389701689544
0,scatter,,1.1276455722555034,-0.0500604698466486
0,scatter,,1.127206778832077,-0.0376945753635448
0,scatter,,1.126891752859764,-0.025307036246608988
0,scatter,,1.1267007091321364,-0.012898183097277166
0,scatter,,1.1266338590902156,-0.0004683494385731013
0,scatter,,1.1266914108583979,0.01198212981979667
0,scatter,,1.126873569212161,0.024452917286619642
0,scatter,,1.1271805355398916,0.036943672053089356
0,scatter,,1.1276125078047692,0.049454048971602424
0,scatter,,1.1281696804994341,0.06198369793560876
0,scatter,,1.1288522445934364,0.0745322631605325
0,scatter,,1.129660387472929,0.08709938245614804
0,scatter,,1.130594292779842,0.09968468483745331
0,scatter,,1.1316541403992115,0.11228779090523842
0,scatter,,1.1328401064393048,0.12490831322804757
0,scatter,,1.134152363091784,0.13754585471608471
0,scatter,,1.135591078533116,0.15020000785982185
0,scatter,,1.137156416818624,0.16287035396714494
0,scatter,,1.1388485377691766,0.17555646239902475
0,scatter,,1.1406675968505198,0.18825788980372968
0,scatter,,1.1426137449668412,0.20097417848269672
0,scatter,,1.144687128224627,0.21370485450787857
0,scatter,,1.146887888058077,0.2264494299163527
0,scatter,,1.1492161609586626,0.23920740060823234
0,scatter,,1.1516720783063112,0.25197824544810726
0,scatter,,1.1542557661996193,0.26476142543559095
0,scatter,,1.156967345278452,0.27755638287163864
0,scatter,,1.1598069305389362,0.2903625405206535
0,scatter,,1.1627746310957128,0.30317930050085845
0,scatter,,1.1658705496245823,0.31600604132128574
0,scatter,,1.169094782655161,0.3288421199975769
0,scatter,,1.1724474202547297,0.34168687060030145
0,scatter,,1.1759285457303401,0.35453960295236764
0,scatter,,1.1795382353889763,0.3673996017113866
0,scatter,,1.1832765582896345,0.38026612544503025
0,scatter,,1.1871435759873314,0.3931384056993998
0,scatter,,1.1911393422654093,0.4060156460474859
0,scatter,,1.1952639023978624,0.4188970194850853
0,scatter,,1.199517293196132,0.431781668643193
0,scatter,,1.2038995429949084,0.44466870580488405
0,scatter,,1.2084106711142772,0.45755721107842734
0,scatter,,1.2130506875419789,0.470446231376335
0,scatter,,1.2178195926069018,0.4833347793849625
0,scatter,,1.2227173766438082,0.4962218325246459
0,scatter,,1.2277440196492944,0.5091063319003938
0,scatter,,1.232899490645554,0.5219871807127907
0,scatter,,1.2381837469947905,0.5348632425835126
0,scatter,,1.2435967349442039,0.54773334219031
0,scatter,,1.2491383888274186,0.5605962633950136
0,scatter,,1.2548086306401023,0.5734507480786342
0,scatter,,1.260607369626128,0.586295495003134
0,scatter,,1.2665345018540997,0.5991291586621222
0,scatter,,1.272589909784257,0.6119503481204889
0,scatter,,1.2787734617285083,0.6247576258347941
0,scatter,,1.2850850106885503,0.6375495064111811
0,scatter,,1.2915243949099133,0.6503244554971005
0,scatter,,1.2980914371890755,0.6630808885580847
0,scatter,,1.304785944249029,0.6758171696499952
0,scatter,,1.311607706230003,0.6885316101906841
0,scatter,,1.318556496169608,0.7012224677204989
0,scatter,,1.3256320694724244,0.7138879446516495
0,scatter,,1.332834163363101,0.7265261870228973
0,scatter,,1.340162495749475,0.7391352848592686
0,scatter,,1.3476167650975057,0.7517132696688703
0,scatter,,1.3551966501664394,0.7642581122889619
0,scatter,,1.3629018091365663,0.7767677223856156
0,scatter,,1.3707318789989973,0.789239947181908
0,scatter,,1.378686474934021,0.8016725701773336
0,scatter,,1.3867651896780409,0.8140633098584366
0,scatter,,1.394967592879097,0.8264098184006756
0,scatter,,1.40329323029435,0.838709681957005
0,scatter,,1.411741622947255,0.8509604212521164
0,scatter,,1.4203122668815382,0.863159485549
0,scatter,,1.4290046322716108,0.8753042534859923
0,scatter,,1.4378181626983197,0.8873920319814477
0,scatter,,1.4467522744208103,0.8994200550477444
0,scatter,,1.455806355636077,0.911385482606152
0,scatter,,1.4649797658926724,0.923285400794498
0,scatter,,1.4742718353950732,0.9351168214060307
0,scatter,,1.4836818639025438,0.9468766778049309
0,scatter,,1.4932091201113262,0.9585618252850246
0,scatter,,1.5028528408670678,0.9701690400180357
0,scatter,,1.512612230363796,0.9816950179925048
0,scatter,,1.5224864593313678,0.9931363739604977
0,scatter,,1.5324746644086125,1.0044896447638128
0,scatter,,1.5425759472753158,1.0157512875781312
0,scatter,,1.5527893735775458,1.0269176738402814
0,scatter,,1.5631139722129395,1.0379850914172883
0,scatter,,1.5735487344722017,1.0489497438519186
0,scatter,,1.5840926131697952,1.059807749631952
0,scatter,,1.5947445217695833,1.0705551415279926
0,scatter,,1.6055033342950493,1.081187872129294
0,scatter,,1.6163678839769273,1.0917018096863194
0,scatter,,1.6273369618559785,1.1020927337128272
0,scatter,,1.6384093162672795,1.112356337538396
0,scatter,,1.6495836519459843,1.122488228030345
0,scatter,,1.6608586291247147,1.1324839253583205
0,scatter,,1.672232862649629,1.142338862989774
0,scatter,,1.6837049221145721,1.1520483948679083
0,scatter,,1.6952733302459009,1.161607790522596
0,scatter,,1.7069365616900898,1.1710122330838686
0,scatter,,1.7186930424670777,1.1802568220271445
0,scatter,,1.730541149104622,1.1893365738004733
0,scatter,,1.742479207896733,1.1982464228553384
0,scatter,,1.7545054945028604,1.2069812236256956
0,scatter,,1.7666182324328388,1.2155357497975305
0,scatter,,1.778815592400639,1.2239046958541207
0,scatter,,1.7910956915263367,1.2320826783313685
0,scatter,,1.8034565925004233,1.240064237071196
0,scatter,,1.8158963036835933,1.247843841594611
0,scatter,,1.8284127781880903,1.255415892087306
0,scatter,,1.8410039121522797,1.2627747161360763
0,scatter,,1.8536675445177109,1.2699145736339672
0,scatter,,1.8664014562953313,1.2768296590275614
0,scatter,,1.8792033700058188,1.2835141042222675
0,scatter,,1.8920709504328328,1.2899619857502935
0,scatter,,1.9050018023517745,1.2961673224721024
0,scatter,,1.9179934701169494,1.302124079267128
0,scatter,,1.931043437296709,1.3078261709832768
0,scatter,,1.9441491261028259,1.3132674658419758
0,scatter,,1.957307897639375,1.31844179150081
0,scatter,,1.9705170521824518,1.3233429413198512
0,scatter,,1.9837738268174943,1.327964672514234
0,scatter,,1.9970753958595293,1.332300713073224
0,scatter,,2.0104188705131785,1.3363447664216797
0,scatter,,2.0238012986106444,1.3400905163605954
0,scatter,,2.0372196662609015,1.343531636255512
0,scatter,,2.0506708960930844,1.346661791023209
0,scatter,,2.064151846709717,1.3494746418559531
0,scatter,,2.077659313109158,1.3519638531651355
0,scatter,,2.091190026634528,1.3541230986375452
0,scatter,,2.1047406555780697,1.3559460683562317
0,scatter,,2.1183078070350376,1.3574264778051426
0,scatter,,2.1318880242656637,1.358558070841061
0,scatter,,2.145477787835063,1.3593346280355385
0,scatter,,2.1590735160381147,1.359749974191802
0,scatter,,2.172671565253051,1.3597979859174667
0,scatter,,2.1862682321880405,1.3594726000273647
0,scatter,,2.199859753812061,1.3587678214037864
0,scatter,,2.2134423065192004,1.3576777308193906
0,scatter,,2.227012007702837,1.356196493758821
0,scatter,,2.2405649165276094,1.3543183691913734
0,scatter,,2.2540970350861818,1.3520377182440417
0,scatter,,2.2676043115595443,1.349349011105804
0,scatter,,2.281082638603288,1.3462468391517144
0,scatter,,2.294527854983061,1.3427259240138096
0,scatter,,2.3079357471204585,1.3387811270415226
0,scatter,,2.321302050418751,1.3344074592862625
0,scatter,,2.334622451757935,1.329600088303311
0,scatter,,2.347892591708233,1.3243543462820058
0,scatter,,2.361108064012118,1.318665747121551
0,scatter,,2.3742644183211454,1.3125299938399209
0,scatter,,2.387357162064742,1.3059429891346457
0,scatter,,2.4003817624738795,1.2989008455908893
0,scatter,,2.4133336501584703,1.2913998856985378
0,scatter,,2.4262082199221866,1.2834366621983053
0,scatter,,2.439000832894043,1.2750079699123829
0,scatter,,2.4517068192789546,1.2661108539934092
0,scatter,,2.46432148085331,1.256742620771623
0,scatter,,2.4768400937737276,1.2469008446587817
0,scatter,,2.489257911849927,1.2365833682954668
0,scatter,,2.5015701685935126,1.2257883274141896
0,scatter,,2.513772080429853,1.2145141559147363
0,scatter,,2.525858849781684,1.2027595950544965
0,scatter,,2.537825667694213,1.1905237001191973
0,scatter,,2.5496677172678206,1.177805851021669
0,scatter,,2.561380177245472,1.1646057631607416
0,scatter,,2.5729582252364236,1.1509234956279586
0,scatter,,2.5843970411597357,1.1367594577742894
0,scatter,,2.595691810595747,1.1221144062380695
0,scatter,,2.606837728723508,1.1069894665770892
0,scatter,,2.6178300040099054,1.091386137492835
0,scatter,,2.6286638620365954,1.075306297107662
0,scatter,,2.6393345485642388,1.0587522032790657
0,scatter,,2.6498373334453302,1.041726499480142
0,scatter,,2.660167515513053,1.024232227221049
0,scatter,,2.670320426215407,1.00627282794438
0,scatter,,2.680291433583983,0.9878521465820741
0,scatter,,2.690075945001766,0.9689744251985315
0,scatter,,2.699669412793246,0.949644316869585
0,scatter,,2.7090673382831536,0.9298668871716392
0,scatter,,2.718265275899385,0.9096476150878225
0,scatter,,2.7272588364318615,0.8889923896735827
0,scatter,,2.7360436905087804,0.8679075070069969
0,scatter,,2.744615574832017,0.8463996794193919
0,scatter,,2.752970295637632,0.8244760308890673
0,scatter,,2.761103732851358,0.8021440951659181
0,scatter,,2.7690118420594616,0.7794118056515937
0,scatter,,2.7766906605801838,0.7562874987849639
0,scatter,,2.784136311816924,0.7327799107859306
0,scatter,,2.7913450090106555,0.7088981716268102
0,scatter,,2.7983130583781604,0.6846517976504339
0,scatter,,2.8050368613421806,0.6600506816408163
0,scatter,,2.8115129214900207,0.6351050919595966
0,scatter,,2.8177378473953936,0.609825662482853
0,scatter,,2.823708356352021,0.5842233838303248
0,scatter,,2.8294212755242687,0.5583095918061344
0,scatter,,2.834873547057822,0.5320959584546736
0,scatter,,2.840062232450741,0.5055944817959139
0,scatter,,2.844984515286698,0.47881747348803255
0,scatter,,2.8496377038371,0.45177754669338477
0,scatter,,2.8540192317498003,0.4244876040907617
0,scatter,,2.8581266643632155,0.39696082241657993
0,scatter,,2.8619577006253376,0.36921063834315027
0,scatter,,2.8655101757010115,0.341250733274565
0,scatter,,2.8687820614321207,0.31309502172073495
0,scatter,,2.871771469264007,0.28475763388796704
0,scatter,,2.8744766540146762,0.2562528956987414
0,scatter,,2.876896015105601,0.2275953129316356
0,scatter,,2.8790280981166143,0.1987995545989623
0,scatter,,2.88087159421183,0.16988044348792525
0,scatter,,2.882425344236789,0.1408529273674542
0,scatter,,2.8836883395484936,0.1117320617934664
0,scatter,,2.884659722958905,0.08253299133975858
0,scatter,,2.885338788771958,0.05327093591740656
0,scatter,,2.8857249829532607,0.02396117468105943
0,scatter,,2.8858179048247456,-0.0053809816972180055
0,scatter,,2.8856173067989865,-0.03474020714799059
0,scatter,,2.8851230947796567,-0.0641011781435134
0,scatter,,2.8843353279106934,-0.09344859451623366
0,scatter,,2.883254218234621,-0.12276720004670434
0,scatter,,2.881880130205841,-0.15204180084551142
0,scatter,,2.880213579358215,-0.18125727660198887
0,scatter,,2.8782552320486725,-0.21039860826220164
0,scatter,,2.876005904239497,-0.2394508958459457
0,scatter,,2.8734665602699763,-0.26839937431066374
0,scatter,,2.8706383115545906,-0.2972294285749102
0,scatter,,2.867522414684775,-0.32592661747598917
0,scatter,,2.864120269695774,-0.35447668977161473
0,scatter,,2.8604334182396034,-0.38286559633193384
0,scatter,,2.856463541373659,-0.41107950827453643
0,scatter,,2.8522124571142546,-0.439104836443265
0,scatter,,2.847682118017592,-0.46692824536891553
0,scatter,,2.8428746090707597,-0.49453666295849286
0,scatter,,2.837792144435393,-0.5219172998074527
0,scatter,,2.8324370644961756,-0.549057663232328
0,scatter,,2.826811833026156,-0.5759455686628754
0,scatter,,2.820919034539746,-0.6025691482468485
0,scatter,,2.814761370211945,-0.6289168681499117
0,scatter,,2.8083416546228337,-0.6549775382757873
0,scatter,,2.8016628127877405,-0.680740320187378
0,scatter,,2.7947278766037105,-0.7061947363828552
0,scatter,,2.7875399804939356,-0.7313306818403669
0,scatter,,2.780102357859955,-0.7561384308574003
0,scatter,,2.7724183374325784,-0.780608643985077
0,scatter,,2.764491339895616,-0.804732373688889
0,scatter,,2.7563248731866197,-0.8285010705061503
0,scatter,,2.747922528789116,-0.8519065870338147
0,scatter,,2.73928797769298,-0.8749411821519427
0,scatter,,2.73042496588774,-0.897597530403716
0,scatter,,2.7213373107153527,-0.9198687179412015
0,scatter,,2.7120288966991746,-0.9417482448747073
0,scatter,,2.702503671374967,-0.9632300266236846
0,scatter,,2.6927656407887417,-0.9843083988313012
0,scatter,,2.682818865537099,-1.0049781142673697
0,scatter,,2.6726674567141493,-1.0252343403294826
0,scatter,,2.6623155716892177,-1.0450726582575653
0,scatter,,2.651767409912225,-1.0644890624625336
0,scatter,,2.641027208786825,-1.0834799581787293
0,scatter,,2.630099239689367,-1.1020421556590427
0,scatter,,2.6189878039014785,-1.1201728669824362
0,scatter,,2.6076972285876265,-1.1378697018133823
0,scatter,,2.5962318627550522,-1.155130663511977
0,scatter,,2.5845960735050806,-1.1719541416491597
0,scatter,,2.5727942421707244,-1.1883389063422716
0,scatter,,2.5608307605387637,-1.2042841017565502
0,scatter,,2.548710026960464,-1.2197892404204882
0,scatter,,2.536436442912503,-1.2348541945008276
0,scatter,,2.5240144094382795,-1.2494791880999745
0,scatter,,2.511448323668508,-1.2636647892223225
0,scatter,,2.4987425752332233,-1.2774119020262271
0,scatter,,2.4859015430633566,-1.2907217577150742
0,scatter,,2.472929592264004,-1.3035959052369306
0,scatter,,2.4598310709576987,-1.3160362021957712
0,scatter,,2.4466103070769,-1.3280448056650365
0,scatter,,2.433271605376753,-1.3396241626300256
0,scatter,,2.4198192449184504,-1.3507769997098247
0,scatter,,2.4062574762324407,-1.3615063133977021
0,scatter,,2.3925905187339427,-1.3718153599792933
0,scatter,,2.3788225578696736,-1.381707645577315
0,scatter,,2.3649577423081443,-1.3911869161771717
0,scatter,,2.3510001824912754,-1.4002571469267313
0,scatter,,2.336953948089373,-1.4089225321097816
0,scatter,,2.322823065909709,-1.4171874749567395
0,scatter,,2.308611517678648,-1.4250565771409407
0,scatter,,2.2943232376376645,-1.432534627916062
0,scatter,,2.2799621115684037,-1.4396265951845137
0,scatter,,2.2655319748147913,-1.4463376151055352
0,scatter,,2.251036610682516,-1.4526729822031181
0,scatter,,2.2364797488017643,-1.4586381392115428
0,scatter,,2.2218650631438885,-1.4642386659106525
0,scatter,,2.2071961715090582,-1.4694802716339515
0,scatter,,2.1924766340919937,-1.4743687853301477
0,scatter,,2.177709952336692,-1.4789101463058667
0,scatter,,2.1628995678404794,-1.4831103948921684
0,scatter,,2.1480488608891175,-1.4869756613492757
0,scatter,,2.1331611502261003,-1.4905121598255688
0,scatter,,2.1182396921650257,-1.4937261793737282
0,scatter,,2.103287679864302,-1.4966240755170657
0,scatter,,2.0883082427016446,-1.4992122620476938
0,scatter,,2.073304445327126,-1.501497200729859
0,scatter,,2.0582792876506404,-1.503485396175315
0,scatter,,2.043235704440046,-1.5051833882737005
0,scatter,,2.0281765649696144,-1.5065977447351102
0,scatter,,2.0131046727909423,-1.5077350541373558
0,scatter,,1.998022765285457,-1.5086019168489209
0,scatter,,1.9829335138152495,-1.5092049405740215
0,scatter,,1.9678395237248663,-1.5095507343925236
0,scatter,,1.952743334318419,-1.5096459023422806
0,scatter,,1.9376474189543065,-1.5094970377200592
0,scatter,,1.9225541850293337,-1.5091107155904822
0,scatter,,1.9074659742824795,-1.5084934887610968
0,scatter,,1.892385063103327,-1.5076518834289023
0,scatter,,1.8773136627890399,-1.506592393847171
0,scatter,,1.8622539198961472,-1.5053214778152841
0,scatter,,1.8472079165726907,-1.5038455508616981
0,scatter,,1.8321776710153688,-1.5021709826188678
0,scatter,,1.817165137987375,-1.5003040939173988
0,scatter,,1.8021722093074157,-1.498251152526245
0,scatter,,1.7872007143994941,-1.4960183697277296
0,scatter,,1.7722524208812467,-1.4936118961176865
0,scatter,,1.7573290351799944,-1.4910378184414288
0,scatter,,1.7424322031722363,-1.4883021578637343
0,scatter,,1.7275635108580534,-1.4854108667492005
0,scatter,,1.712724485057418,-1.4823698262093183
0,scatter,,1.6979165941670202,-1.4791848432935344
0,scatter,,1.6831412489321431,-1.4758616484634417
0,scatter,,1.668399803141313,-1.4724058946851863
0,scatter,,1.6536935544386695,-1.4688231552070343
0,scatter,,1.639023745121623,-1.465118921953247
0,scatter,,1.6243915630134316,-1.4612986037429865
0,scatter,,1.6097981423741692,-1.4573675245225213
0,scatter,,1.5952445645593536,-1.4533309232484302
0,scatter,,1.5807318589394919,-1.44919395248667
0,scatter,,1.566261003757014,-1.4449616775516265
0,scatter,,1.551832926983263,-1.4406390758127727
0,scatter,,1.5374485072801565,-1.4362310357622547
0,scatter,,1.5231085752026439,-1.4317423553261404
0,scatter,,1.5088139135752698,-1.427177743367455
0,scatter,,1.4945652585334803,-1.4225418188355738
0,scatter,,1.480363300434255,-1.4178391105029695
0,scatter,,1.4662086847367493,-1.4130740569037215
0,scatter,,1.4521020129388298,-1.4082510063373
0,scatter,,1.438043843873872,-1.4033742167605803
0,scatter,,1.4240346940899564,-1.398447856279669
0,scatter,,1.4100750388264196,-1.3934760033845879
0,scatter,,1.396165312948144,-1.3884626472799813
0,scatter,,1.3823059118152823,-1.3834116883182384
0,scatter,,1.3684971921691378,-1.3783269385130745
0,scatter,,1.3547394734049556,-1.3732121223302889
0,scatter,,1.3410330380360274,-1.3680708771025154
0,scatter,,1.3273781325282745,-1.3629067537033228
0,scatter,,1.313774968234105,-1.3577232173290528
0,scatter,,1.3002237222253024,-1.3525236482752871
0,scatter,,1.2867245381191321,-1.3473113427628531
0,scatter,,1.2732775272569798,-1.342089514439498
0,scatter,,1.2598827692847057,-1.336861294889182
0,scatter,,1.2465403128019663,-1.3316297343144265
0,scatter,,1.2332501762818895,-1.3263978027413372
0,scatter,,1.2200123488512513,-1.321168391026547
0,scatter,,1.206826791055719,-1.3159443118812146
0,scatter,,1.1936934358585802,-1.3107283015511868
0,scatter,,1.1806121893646153,-1.3055230208384772
0,scatter,,1.1675829312945867,-1.3003310555274519
0,scatter,,1.1546055158591788,-1.2951549178888107
0,scatter,,1.1416797724747487,-1.2899970478191523
0,scatter,,1.128805506463623,-1.2848598139823677
0,scatter,,1.1159824998848888,-1.279745515429851
0,scatter,,1.1032105123346543,-1.2746563831693216
0,scatter,,1.0904892812901723,-1.2695945802838318
0,scatter,,1.0778185229120296,-1.2645622035988189
0,scatter,,1.0651979326931644,-1.2595612848896311
0,scatter,,1.0526271860896599,-1.2545937920705046
0,scatter,,1.0401059392116534,-1.2496616306707762
0,scatter,,1.0276338296008225,-1.2447666457012716
0,scatter,,1.0152104765400127,-1.2399106217187694
0,scatter,,1.0028354817393044,-1.2350952844225873
0,scatter,,0.9905084299224217,-1.2303223019006795
0,scatter,,0.9782288893864387,-1.225593285811841
0,scatter,,0.965996412590885,-1.2209097927543835
0,scatter,,0.9538105368957737,-1.2162733263742158
0,scatter,,0.9416707847824645,-1.2116853371206353
0,scatter,,0.9295766644503607,-1.2071472237914624
0,scatter,,0.9175276703429234,-1.2026603347943672
0,scatter,,0.9055232836360703,-1.1982259692763053
0,scatter,,0.893562972713384,-1.193845378232869
0,scatter,,0.8816461936282357,-1.1895197655964296
0,scatter,,0.8697723906260426,-1.185250289670081
0,scatter,,0.8579409969047115,-1.1810380658015878
0,scatter,,0.8461514345696024,-1.176884165043538
0,scatter,,0.8344031152033826,-1.1727896159459554
0,scatter,,0.8226954403284364,-1.1687554058444656
0,scatter,,0.8110278018247086,-1.1647824819586627
0,scatter,,0.7993995823400772,-1.1608717524855696
0,scatter,,0.7878101556939585,-1.1570240876898001
0,scatter,,0.7762588871710037,-1.1532403206501574
0,scatter,,0.7647451334819714,-1.1495212469276934
0,scatter,,0.7532682437877007,-1.1458676277530704
0,scatter,,0.7418275598617357,-1.1422801903934594
0,scatter,,0.7304224163893263,-1.1387596289851267
0,scatter,,0.7190521413062219,-1.135306605513192
0,scatter,,0.7077160561313869,-1.131921750787127
0,scatter,,0.6964134762942688,-1.12860566541381
0,scatter,,0.6851437113475782,-1.1253589202856227
0,scatter,,0.6739060648585058,-1.122182055668443
0,scatter,,0.6626998353661676,-1.1190755850161425
0,scatter,,0.6515243164637983,-1.1160399949382451
0,scatter,,0.6403787970289168,-1.1130757458377694
0,scatter,,0.6292625614915178,-1.1101832727328904
0,scatter,,0.6181748900966894,-1.1073629860690013
0,scatter,,0.6071150591621126,-1.1046152725223153
0,scatter,,0.5960823412358728,-1.1019404954575063
0,scatter,,0.5850760049984578,-1.0993389944827765
0,scatter,,0.5740953160397702,-1.0968110881310638
0,scatter,,0.5631395369051914,-1.0943570739448492
0,scatter,,0.5522079272705858,-1.0919772290280367
0,scatter,,0.5412997441452978,-1.0896718107048904
0,scatter,,0.5304142420691873,-1.0874410571647277
0,scatter,,0.5195506733039369,-1.0852851880929135
0,scatter,,0.5087082880012143,-1.0832044051609748
0,scatter,,0.497886334322905,-1.0811988921956897
0,scatter,,0.4870840587111912,-1.0792688164560051
0,scatter,,0.4763007060236738,-1.0774143289573035
0,scatter,,0.46553551968865126,-1.0756355649635412
0,scatter,,0.4547877418611009,-1.0739326445055402
0,scatter,,0.4440566135738772,-1.0723056728846958
0,scatter,,0.4333413748843291,-1.070754741162507
0,scatter,,0.42264126500620475,-1.0692799265613357
0,scatter,,0.41195552241470734,-1.0678812926871908
0,scatter,,0.40128338503338945,-1.0665588903628267
0,scatter,,0.3906240903440357,-1.0653127579165762
0,scatter,,0.3799768755074541,-1.0641429215644382
0,scatter,,0.3693409774834743,-1.0630493957994394
0,scatter,,0.3587156331473591,-1.0620321837670144
0,scatter,,0.3481000794028046,-1.0610912776267354
0,scatter,,0.3374935532834038,-1.0602266588364815
0,scatter,,0.32689529203456225,-1.0594382982959607
0,scatter,,0.31630453325786434,-1.058726156983492
0,scatter,,0.305720514996125,-1.0580901861422782
0,scatter,,0.29514247582753683,-1.0575303275449066
0,scatter,,0.2845696549592753,-1.0570465137604654
0,scatter,,0.2740012923185839,-1.0566386684080242
0,scatter,,0.2634366286414885,-1.0563067063967004
0,scatter,,0.2528749055577173,-1.056050534109679
0,scatter,,0.24231536566904294,-1.0558700495006244
0,scatter,,0.23175725264209684,-1.0557651424914107
0,scatter,,0.22119981128403088,-1.0557356950823922
0,scatter,,0.21064228762129494,-1.055781581507217
0,scatter,,0.20008392897665497,-1.05590266838465
0,scatter,,0.1895239840448025,-1.056098814857049
0,scatter,,0.17896170296668912,-1.0563698727156383
0,scatter,,0.1683963374013884,-1.0567156864528078
0,scatter,,0.15782714059540762,-1.0571360932321336
0,scatter,,0.1472533674604665,-1.0576309232662868
0,scatter,,0.13667427464141335,-1.0581999997722522
0,scatter,,0.12608912058580968,-1.058843139015984
0,scatter,,0.11549716561330853,-1.059560150357412
0,scatter,,0.1048976719846828,-1.0603508362829945
0,scatter,,0.09428990397063441,-1.0612149924259535
0,scatter,,0.0836731279205169,-1.0621524075743307
0,scatter,,0.0730466123311023,-1.0631628636670096
0,scatter,,0.062409627915536156,-1.0642461357778379
0,scatter,,0.051761447676905055,-1.0654019916433544
0,scatter,,0.0411013469792511,-1.0666301914894039
0,scatter,,0.030428603608150535,-1.0679304889785841
0,scatter,,0.019742497846949265,-1.069302630608272
0,scatter,,0.009042312548844626,-1.070746355611558
0,scatter,,-0.001672666790131748,-1.0722613958546974
0,scatter,,-0.012403151957012554,-1.0738474757223244
0,scatter,,-0.02314985194653088,-1.0755043119905294
0,scatter,,-0.03391347288438895,-1.077231613687898
0,scatter,,-0.04469471794898842,-1.079029081944605
0,scatter,,-0.05549428729135342,-1.0808964098262583
0,scatter,,-0.06631287791005104,-1.0828332812622896
0,scatter,,-0.07715118359755653,-1.0848393714798703
0,scatter,,-0.08800989488590724,-1.0869143474540361
0,scatter,,-0.09888969893262949,-1.089057867156305
0,scatter,,-0.10979127942947102,-1.0912695793114766
0,scatter,,-0.12071531650859141,-1.0935491231414805
0,scatter,,-0.1316624866461033,-1.0958961280963144
0,scatter,,-0.14263346256279028,-1.0983102135721092
0,scatter,,-0.153628913121894,-1.1007909886163645
0,scatter,,-0.16464950322382424,-1.1033380516203974
0,scatter,,-0.17569589369623925,-1.1059509899498183
0,scatter,,-0.18676874115355677,-1.1086293786172183
0,scatter,,-0.19786869791563474,-1.1113727811172736
0,scatter,,-0.20899641188947551,-1.1141807490914926
0,scatter,,-0.22015252643708633,-1.1170528216294133
0,scatter,,-0.23133768024825538,-1.1199885248636585
0,scatter,,-0.24255250720926508,-1.122987371550899
0,scatter,,-0.2537976362673944,-1.1260488606387136
0,scatter,,-0.265073691291074,-1.1291724768183327
0,scatter,,-0.27638129092555785,-1.1323576900632526
0,scatter,,-0.28772104844397495,-1.1356039551537123
0,scatter,,-0.2990935715827751,-1.1389107110781829
0,scatter,,-0.3104994623166525,-1.142277379861912
0,scatter,,-0.3219393168010033,-1.1457033671143904
0,scatter,,-0.3334137251753544,-1.1491880612183485
0,scatter,,-0.34492327137610795,-1.1527308326514192
0,scatter,,-0.35646853295543945,-1.156331033410066
0,scatter,,-0.3680500808945003,-1.1599879964181588
0,scatter,,-0.3796684794107843,-1.163701034920143
0,scatter,,-0.39132428575951766,-1.1674694418587594
0,scatter,,-0.40301805002892144,-1.1712924892372565
0,scatter,,-0.4147503149292341,-1.1751694274660616
0,scatter,,-0.42652161553758033,-1.1790994846441176
0,scatter,,-0.438332478995919,-1.1830818657713513
0,scatter,,-0.4501834244594378,-1.1871157522842997
0,scatter,,-0.4620749627853604,-1.1912003012428902
0,scatter,,-0.47400759627846095,-1.1953346445853346
0,scatter,,-0.48598181843695604,-1.1995178883770408
0,scatter,,-0.49799811369095015,-1.203749112043378
0,scatter,,-0.5100569571333187,-1.208027367586252
0,scatter,,-0.5221588142428398,-1.2123516787844155
0,scatter,,-0.5343041405994589,-1.216721040377473
0,scatter,,-0.546493381591526,-1.2211344172335128
0,scatter,,-0.5587269720687743,-1.2255907439514817
0,scatter,,-0.5710053360212127,-1.2300889241119375
0,scatter,,-0.5833288863618125,-1.2346278284123577
0,scatter,,-0.5956980245453151,-1.2392062943056577
0,scatter,,-0.6081131402306115,-1.2438231251099936
0,scatter,,-0.6205746109348711,-1.2484770890951802
0,scatter,,-0.6330828016784945,-1.25316691855366
0,scatter,,-0.6456380646207203,-1.2578913088560049
0,scatter,,-0.6582407386857415,-1.262648917490932
0,scatter,,-0.6708911491791776,-1.2674383630898287
0,scatter,,-0.6835896073950596,-1.2722582244448806
0,scatter,,-0.6963364102808646,-1.2771070415141512
0,scatter,,-0.7091318399754054,-1.2819833129643219
0,scatter,,-0.7219761633382027,-1.2868854937482648
0,scatter,,-0.7348696315557844,-1.2918119952396243
0,scatter,,-0.7478124796988236,-1.2967611842144269
0,scatter,,-0.760804926268696,-1.3017313818208471
0,scatter,,-0.773847172733314,-1.3067208625372424
0,scatter,,-0.7869394030520878,-1.3117278531185634
0,scatter,,-0.8000817831898699,-1.3167505315312562
0,scatter,,-0.8132744606197213,-1.321787025876757
0,scatter,,-0.8265175638304432,-1.326835413477922
0,scatter,,-0.839811202128652,-1.3318937232751762
0,scatter,,-0.8531554647652361,-1.3369599310058895
0,scatter,,-0.8665504203793257,-1.3420319579459594
0,scatter,,-0.8799961165459028,-1.3471076708943097
0,scatter,,-0.8934925792220726,-1.3521848811777666
0,scatter,,-0.9070398121823685,-1.3572613436586256
0,scatter,,-0.9206377964429765,-1.362334755745551
0,scatter,,-0.9342864896748163,-1.3674027564084665
0,scatter,,-0.9479858256819815,-1.372462925314665
0,scatter,,-0.9617357140023253,-1.3775127821732895
0,scatter,,-0.9755360388959411,-1.3825497851719712
0,scatter,,-0.9893866588622566,-1.3875713302418016
0,scatter,,-1.0032874060264667,-1.3925747501484718
0,scatter,,-1.017238085495333,-1.3975573135625488
0,scatter,,-1.0312384747021772,-1.402516224139848
0,scatter,,-1.0452883227410041,-1.407448619612607
0,scatter,,-1.0593873496897463,-1.4123515708923349
0,scatter,,-1.0735352463835097,-1.4172220848297514
0,scatter,,-1.0877316735762987,-1.4220571022398063
0,scatter,,-1.101976260731438,-1.4268534930923829
0,scatter,,-1.1162686056390008,-1.4316080583441273
0,scatter,,-1.1306082737092233,-1.4363175293120938
0,scatter,,-1.1449947972570098,-1.4409785670817155
0,scatter,,-1.1594276747775518,-1.445587761950556
0,scatter,,-1.1739063702131418,-1.4501416329093217
0,scatter,,-1.1884303123054767,-1.4546366274633868
0,scatter,,-1.2029988948987842,-1.4590691245652752
0,scatter,,-1.2176114748791718,-1.4634354300521903
0,scatter,,-1.232267371576827,-1.4677317768357991
0,scatter,,-1.2469658662559395,-1.471954325444945
0,scatter,,-1.2617062013737346,-1.4760991639030252
0,scatter,,-1.2764875798349264,-1.4801623076656405
0,scatter,,-1.2913091642418306,-1.4841396996204985
0,scatter,,-1.306170076140279,-1.4880272101515382
0,scatter,,-1.3210693957213726,-1.4918206391450006
0,scatter,,-1.336006161790611,-1.4955157191698603
0,scatter,,-1.3509793693163195,-1.4991081088676177
0,scatter,,-1.3659879694073798,-1.5025933963384266
0,scatter,,-1.3810308686399384,-1.5059670999584134
0,scatter,,-1.3961069283359822,-1.5092246690888313
0,scatter,,-1.411214963843848,-1.5123614848825475
0,scatter,,-1.4263537438210947,-1.5153728611906057
0,scatter,,-1.4415219895314915,-1.5182540456000908
0,scatter,,-1.4567183757087654,-1.5210002244789473
0,scatter,,-1.4719415288310775,-1.5236065216599337
0,scatter,,-1.4871900254862436,-1.5260679974523526
0,scatter,,-1.5024623925086331,-1.5283796521773616
0,scatter,,-1.5177571063595923,-1.53053642792071
0,scatter,,-1.533072592519762,-1.5325332104218528
0,scatter,,-1.5484072248939913,-1.5343648311028792
0,scatter,,-1.5637593252294637,-1.536026069240683
0,scatter,,-1.5791271628427086,-1.5375116547403778
0,scatter,,-1.5945089560664152,-1.5388162736866833
0,scatter,,-1.6099028688927408,-1.539934566622933
0,scatter,,-1.6253070111323242,-1.5408611323804493
0,scatter,,-1.6407194383169057,-1.541590531647678
0,scatter,,-1.6561381512988518,-1.5421172902095603
0,scatter,,-1.6715610958764742,-1.5424359023663174
0,scatter,,-1.6869861624460638,-1.5425408345355556
0,scatter,,-1.7024111856816595,-1.542426529041614
0,scatter,,-1.7178339453367117,-1.5420874080135851
0,scatter,,-1.7332521668134508,-1.541517877498174
0,scatter,,-1.7486635181139318,-1.5407123320468772
0,scatter,,-1.7640656110571973,-1.539665159186562
0,scatter,,-1.7794560012422618,-1.5383707441939587
0,scatter,,-1.7948321880141145,-1.536823475083199
0,scatter,,-1.8101916144730619,-1.5350177478073495
0,scatter,,-1.8255316675286812,-1.532947971677831
0,scatter,,-1.8408496780469152,-1.530608574865582
0,scatter,,-1.8561429228907333,-1.5279940046469174
0,scatter,,-1.871408623436973,-1.5250987384841985
0,scatter,,-1.8866439453252817,-1.5219172918304769
0,scatter,,-1.9018459995154446,-1.5184442224395083
0,scatter,,-1.917011842719957,-1.5146741369276926
0,scatter,,-1.9321384778980462,-1.5106016975587704
0,scatter,,-1.9472228548127166,-1.5062216292542778
0,scatter,,-1.962261870652484,-1.5015287268327404
0,scatter,,-1.9772523708960168,-1.4965178605151443
0,scatter,,-1.9921911509084285,-1.491183974278695
0,scatter,,-2.00707495567675,-1.4855221059310604
0,scatter,,-2.021900481070034,-1.479527391250157
0,scatter,,-2.0366643749778777,-1.4731950705307866
0,scatter,,-2.051363238445726,-1.4665204962423886
0,scatter,,-2.0659936268899997,-1.459499140831802
0,scatter,,-2.0805520502588695,-1.4521266066164336
0,scatter,,-2.0950349748733386,-1.444398633080011
0,scatter,,-2.1094388256179695,-1.436311103853162
0,scatter,,-2.1237599868986297,-1.4278600560930492
0,scatter,,-2.137994804194657,-1.419041689129754
0,scatter,,-2.1521395856946612,-1.409852373255963
0,scatter,,-2.1661906041283117,-1.4002886570585493
0,scatter,,-2.18014409967426,-1.390347260380256
0,scatter,,-2.1939962801956767,-1.3800251020106715
0,scatter,,-2.2077433229780246,-1.3693193127853527
0,scatter,,-2.2213813786662473,-1.3582272225076237
0,scatter,,-2.2349065716182626,-1.3467463855696218
0,scatter,,-2.2483150031194272,-1.3348745807766766
0,scatter,,-2.2616027533583356,-1.3226098213801252
0,scatter,,-2.2747658838554377,-1.3099503627296893
0,scatter,,-2.287800439925398,-1.2968947099486356
0,scatter,,-2.3007024532265166,-1.2834416255188716
0,scatter,,-2.3134679443717694,-1.2695901366518618
0,scatter,,-2.326092925564306,-1.2553395424252791
0,scatter,,-2.338573403417839,-1.240689420951287
0,scatter,,-2.3509053817280923,-1.225639635809322
0,scatter,,-2.3630848643952844,-1.2101903428296759
0,scatter,,-2.375107858360829,-1.1943419961555508
0,scatter,,-2.386970376617572,-1.178095354126462
0,scatter,,-2.3986684413047565,-1.1614514851059345
0,scatter,,-2.410198086789973,-1.1444117723862484
0,scatter,,-2.421555362898182,-1.1269779194971379
0,scatter,,-2.4327363380867473,-1.1091519544081703
0,scatter,,-2.443737102742464,-1.090936233846831
0,scatter,,-2.454553772487288,-1.0723334470288406
0,scatter,,-2.4651824914850424,-1.0533466187383402
0,scatter,,-2.4756194358542816,-1.033979112402876
0,scatter,,-2.4858608169101473,-1.0142346317512634
0,scatter,,-2.495902884820872,-0.9941172237442661
0,scatter,,-2.505741932061769,-0.9736312800150062
0,scatter,,-2.5153742969299024,-0.952781537985925
0,scatter,,-2.524796366699948,-0.9315730800377188
0,scatter,,-2.534004580693731,-0.9100113317611671
0,scatter,,-2.5429954345875214,-0.8881020643684086
0,scatter,,-2.551765483535862,-0.8658513919626245
0,scatter,,-2.5603113455962307,-0.8432657693923221
0,scatter,,-2.56862970498214,-0.8203519912611109
0,scatter,,-2.5767173154803817,-0.7971171879590884
0,scatter,,-2.5845710038453196,-0.7735688207956246
0,scatter,,-2.5921876730191307,-0.7497146778934388
0,scatter,,-2.5995643053872874,-0.7255628693545367
0,scatter,,-2.6066979663129355,-0.7011218263976796
0,scatter,,-2.6135858069403994,-0.67640029043458
0,scatter,,-2.620225067303461,-0.6514073066158812
0,scatter,,-2.626613079384703,-0.6261522169761153
0,scatter,,-2.6327472700509498,-0.6006446533526234
0,scatter,,-2.638625163902838,-0.5748945312384107
0,scatter,,-2.6442443860600524,-0.5489120371638131
0,scatter,,-2.649602664837297,-0.5227076202018658
0,scatter,,-2.654697834326621,-0.49629198179676504
0,scatter,,-2.659527836858663,-0.4696760669564757
0,scatter,,-2.6640907253688146,-0.4428710531988829
0,scatter,,-2.6683846656658785,-0.41588833685744137
0,scatter,,-2.672407938552927,-0.38873952187694116
0,scatter,,-2.676158941838029,-0.36143640727341897
0,scatter,,-2.6796361923613192,-0.33399097703187075
0,scatter,,-2.6828383276354373,-0.30641538456169115
0,scatter,,-2.6857641074400376,-0.2787219385936525
0,scatter,,-2.6884124153182243,-0.2509230896032924
0,scatter,,-2.6907822599598696,-0.2230314159526109
0,scatter,,-2.6928727766483815,-0.1950596119143168
0,scatter,,-2.6946832279895516,-0.16702046956086747
0,scatter,,-2.6962130048760375,-0.13892686445420854
0,scatter,,-2.697461627233425,-0.1107917405056865
0,scatter,,-2.698428744871489,-0.08262809614369734
0,scatter,,-2.6991141380746537,-0.054448969736120595
0,scatter,,-2.6995177173358456,-0.026267420749081893
0,scatter,,-2.699639523701012,0.0019034845290650387
0,scatter,,-2.699479728705191,0.030050688748952142
0,scatter,,-2.6990386341315937,0.058161159312077666
0,scatter,,-2.6983166720755762,0.08622190229625609
0,scatter,,-2.697314405236276,0.11421997475122075
0,scatter,,-2.6960325247794863,0.1421425057213072
0,scatter,,-2.6944718501143616,0.16997670893909916
0,scatter,,-2.6926333279953787,0.19770989727888505
0,scatter,,-2.6905180314406474,0.22532949699596205
0,scatter,,-2.688127158544397,0.25282306290295486
0,scatter,,-2.6854620312726487,0.2801782972757569
0,scatter,,-2.682524093795402,0.3073830574517554
0,scatter,,-2.6793149109289374,0.33442537099615544
0,scatter,,-2.6758361664169255,0.3612934491979595
0,scatter,,-2.6720896609969573,0.3879756996994198
0,scatter,,-2.668077309883873,0.4144607381472004
0,scatter,,-2.663801141170006,0.4407374004614294
0,scatter,,-2.659263293445634,0.4667947538191192
0,scatter,,-2.6544660133497002,0.49262210708145737
0,scatter,,-2.6494116530943472,0.5182090212304035
0,scatter,,-2.6441026682009774,0.5435453246981323
0,scatter,,-2.6385416145342027,0.5686211174421563
0,scatter,,-2.6327311455778033,0.5934267801728622
0,scatter,,-2.626674009666157,0.6179529835661323
0,scatter,,-2.6203730470713236,0.6421906960286284
0,scatter,,-2.613831186483193,0.6661311890701048
0,scatter,,-2.6070514423462403,0.6897660451736897
0,scatter,,-2.6000369117729893,0.7130871638221006
0,scatter,,-2.592790771231871,0.7360867663109669
0,scatter,,-2.5853162732916175,0.7587574003193507
0,scatter,,-2.5776167434919683,0.7810919462796646
0,scatter,,-2.5696955769338676,0.8030836195810899
0,scatter,,-2.561556234887992,0.8247259728018426
0,scatter,,-2.553202241485497,0.8460128987799156
0,scatter,,-2.544637180354171,0.866938632496272
0,scatter,,-2.535864690790242,0.8874977516892932
0,scatter,,-2.526888464463871,0.9076851777379668
0,scatter,,-2.5177122422502816,0.9274961761853767
0,scatter,,-2.5083398106263695,0.946926356041129
0,scatter,,-2.4987749982329834,0.9659716687914021
0,scatter,,-2.48902167251872,0.9846284072893772
0,scatter,,-2.4790837363528175,1.0028932038446428
0,scatter,,-2.46896512459499,1.0207630274216986
0,scatter,,-2.458669800803577,1.0382351809988661
0,scatter,,-2.4482017539531027,1.0553072983128466
0,scatter,,-2.4375649949489975,1.0719773395632832
0,scatter,,-2.426763553233496,1.0882435868408877
0,scatter,,-2.4158014739972806,1.1041046406097128
0,scatter,,-2.4046828148476016,1.1195594143104841
0,scatter,,-2.393411642701935,1.1346071290710962
0,scatter,,-2.3819920307550304,1.1492473079137195
0,scatter,,-2.370428055514315,1.1634797695727424
0,scatter,,-2.358723793845923,1.1773046227142145
0,scatter,,-2.346883320137292,1.1907222593188778
0,scatter,,-2.3349107035222882,1.203733347976786
0,scatter,,-2.3228100050919727,1.2163388265892627
0,scatter,,-2.3105852750394016,1.2285398942153096
0,scatter,,-2.298240550391342,1.2403380051989426
0,scatter,,-2.2857798524083157,1.2517348612045291
0,scatter,,-2.2732071841553902,1.2627324035777758
0,scatter,,-2.2605265280996893,1.2733328048773045
0,scatter,,-2.2477418437815007,1.2835384602047457
0,scatter,,-2.23485706577517,1.2933519809125185
0,scatter,,-2.221876101541978,1.3027761859347038
0,scatter,,-2.2088028294281488,1.311814093762003
0,scatter,,-2.195641096515357,1.3204689129946767
0,scatter,,-2.182394716744968,1.3287440340165129
0,scatter,,-2.169067469409271,1.3366430223630839
0,scatter,,-2.1556630973490574,1.3441696098146498
0,scatter,,-2.14218530536199,1.3513276862731198
0,scatter,,-2.128637758421734,1.3581212905624633
0,scatter,,-2.1150240803563913,1.364554602822611
0,scatter,,-2.101347852632227,1.3706319370619628
0,scatter,,-2.087612613000597,1.3763577328918457
0,scatter,,-2.073821854302324,1.3817365476810761
0,scatter,,-2.059979022990478,1.3867730476769624
0,scatter,,-2.0460875183631435,1.391472001242147
0,scatter,,-2.032150691653638,1.395838271528266
0,scatter,,-2.0181718450711026,1.3998768088957407
0,scatter,,-2.004154230963821,1.403592643588609
0,scatter,,-1.9901010507895394,1.4069908773291493
0,scatter,,-1.976015454723716,1.4100766776931348
0,scatter,,-1.9619005410262536,1.4128552712111064
0,scatter,,-1.9477593554709625,1.41533193661906
0,scatter,,-1.933594890832805,1.417511998179922
0,scatter,,-1.9194100862587802,1.4194008181013757
0,scatter,,-1.9052078271878068,1.4210037920440457
0,scatter,,-1.8909909449969398,1.422326342818111
0,scatter,,-1.8767622167584654,1.4233739145834043
0,scatter,,-1.8625243650178456,1.4241519668903253
0,scatter,,-1.8482800575545588,1.4246659683042897
0,scatter,,-1.8340319075004679,1.4249213927715763
0,scatter,,-1.8197824732634544,1.4249237141181466
0,scatter,,-1.8055342585588603,1.4246784012355507
0,scatter,,-1.7912897124205331,1.4241909125810435
0,scatter,,-1.7770512292869247,1.4234666912347098
0,scatter,,-1.7628211493254209,1.4225111625782683
0,scatter,,-1.748601758578838,1.4213297294196139
0,scatter,,-1.7343952892219392,1.4199277681871112
0,scatter,,-1.720203919858854,1.4183106253556232
0,scatter,,-1.7060297758567686,1.4164836140646946
0,scatter,,-1.6918749295093056,1.4144520074616316
0,scatter,,-1.6777414005258364,1.4122210372226283
0,scatter,,-1.6636311565723274,1.4097958926358112
0,scatter,,-1.6495461136228067,1.4071817161974816
0,scatter,,-1.6354881364183993,1.4043836007975128
0,scatter,,-1.6214590389451662,1.401406587027822
0,scatter,,-1.607460584969069,1.3982556607940506
0,scatter,,-1.5934944891812957,1.3949357538054794
0,scatter,,-1.5795624171471871,1.3914517385382117
0,scatter,,-1.5656659858691653,1.3878084260940837
0,scatter,,-1.5518067645170535,1.384010564877038
0,scatter,,-1.5379862750361477,1.3800628387381517
0,scatter,,-1.5242059927633107,1.3759698651935335
0,scatter,,-1.5104673471670838,1.3717361947381956
0,scatter,,-1.4967717230636022,1.3673663143411265
0,scatter,,-1.4831204605097599,1.3628646393967774
0,scatter,,-1.4695148556817306,1.3582355143298532
0,scatter,,-1.45595616162766,1.3534832121406695
0,scatter,,-1.4424455889618504,1.3486119334861972
0,scatter,,-1.4289843065604693,1.343625805828268
0,scatter,,-1.4155734424641626,1.3385288840641714
0,scatter,,-1.402214084910657,1.3333251521123661
0,scatter,,-1.3889072824210085,1.3280185180499033
0,scatter,,-1.3756540447911974,1.322612815541863
0,scatter,,-1.362455343848103,1.3171118037138987
0,scatter,,-1.3493121141918758,1.3115191669958692
0,scatter,,-1.3362252539382047,1.3058385150290543
0,scatter,,-1.3231956254988413,1.3000733835344176
0,scatter,,-1.3102240563236682,1.2942272343890928
0,scatter,,-1.2973113395944769,1.2883034546963337
0,scatter,,-1.284458234989691,1.2823053576048304
0,scatter,,-1.2716654694208442,1.2762361826040447
0,scatter,,-1.2589337377652967,1.2700990958682354
0,scatter,,-1.2462637035953417,1.2638971906687817
0,scatter,,-1.2336559999290615,1.2576334886992195
0,scatter,,-1.2211112299303761,1.2513109399413882
0,scatter,,-1.2086299676159535,1.244932422977063
0,scatter,,-1.1962127585727487,1.2385007458770914
0,scatter,,-1.1838601206612809,1.2320186468578005
0,scatter,,-1.171572544712529,1.2254887949694706
0,scatter,,-1.1593504952123272,1.2189137908715295
0,scatter,,-1.147194410932618,1.2122961680925382
0,scatter,,-1.135104705662407,1.2056383932512407
0,scatter,,-1.1230817688643875,1.1989428669628648
0,scatter,,-1.111125966322806,1.1922119247745924
0,scatter,,-1.0992376407910558,1.185447838042067
0,scatter,,-1.0874171126308876,1.178652814823842
0,scatter,,-1.07566468043234,1.1718290008663426
0,scatter,,-1.063980621602509,1.1649784807589596
0,scatter,,-1.0523651930271014,1.1581032785367404
0,scatter,,-1.0408186316553365,1.1512053587639386
0,scatter,,-1.0293411550896594,1.144286627532517
0,scatter,,-1.017932962168865,1.1373489334529283
0,scatter,,-1.0065942335422928,1.1303940686524274
0,scatter,,-0.9953251321740055,1.123423769836989
0,scatter,,-0.984125803865447,1.1164397193321196
0,scatter,,-0.9729963779323901,1.1094435459733558
0,scatter,,-0.9619369676741382,1.1024368261864335
0,scatter,,-0.9509476708965579,1.095421085009621
0,scatter,,-0.9400285704274645,1.0883977971152947
0,scatter,,-0.9291797346234667,1.0813683878307605
0,scatter,,-0.9184012178685529,1.0743342341573905
0,scatter,,-0.9076930610179288,1.0672966657975957
0,scatter,,-0.8970552915618931,1.0602569662388392
0,scatter,,-0.8864879245231695,1.0532163736695384
0,scatter,,-0.8759909628183166,1.0461760820076045
0,scatter,,-0.8655643976501586,1.0391372419155818
0,scatter,,-0.8552082089404406,1.032100961799986
0,scatter,,-0.8449223657539761,1.0250683088054315
0,scatter,,-0.8347068267145442,1.0180403098033053
0,scatter,,-0.8245615404121187,1.0110179523736387
0,scatter,,-0.8144864455856478,1.0040021854234327
0,scatter,,-0.8044814716164024,0.9969939203239359
0,scatter,,-0.7945465390706609,0.9899940321351991
0,scatter,,-0.7846815599489924,0.9830033603517505
0,scatter,,-0.7748864380416199,0.9760227098283455
0,scatter,,-0.7651610692758439,0.9690528516972025
0,scatter,,-0.7555053420557897,0.9620945242768654
0,scatter,,-0.7459191375947952,0.9551484339729299
0,scatter,,-0.7364023301675964,0.9482152559930478
0,scatter,,-0.7269547872425622,0.9412956347791253
0,scatter,,-0.71757637012679,0.934390185694898
0,scatter,,-0.7082669341360216,0.9274994955662028
0,scatter,,-0.6990263288642061,0.9206241234712518
0,scatter,,-0.6898543984609455,0.9137646015574333
0,scatter,,-0.6807509819019109,0.9069214358481466
0,scatter,,-0.671715913252511,0.9000951070400908
0,scatter,,-0.662749021916758,0.893286071263577
0,scatter,,-0.6538501326993483,0.8864947602295616
0,scatter,,-0.6450190662310279,0.8797215826047995
0,scatter,,-0.636255639221687,0.8729669248214952
0,scatter,,-0.627559664629716,0.866231151617499
0,scatter,,-0.6189309518779428,0.8595146067431114
0,scatter,,-0.610369307063312,0.8528176136571584
0,scatter,,-0.6018745331605083,0.8461404762127723
0,scatter,,-0.593446430219766,0.8394834793333893
0,scatter,,-0.5850847954913522,0.8328468893842189
0,scatter,,-0.5767894235704457,0.8262309546471789
0,scatter,,-0.5685601067272198,0.8196359066171394
0,scatter,,-0.5603966350035062,0.8130619602944772
0,scatter,,-0.5522987963750742,0.8065093147768868
0,scatter,,-0.5442663769099272,0.7999781538466058
0,scatter,,-0.5362991609213644,0.7934686465472724
0,scatter,,-0.5283969311160107,0.7869809477508887
0,scatter,,-0.5205594687238706,0.7805151986530483
0,scatter,,-0.5127865535430035,0.7740715268761538
0,scatter,,-0.5050779641961137,0.7676500475909237
0,scatter,,-0.4974334782304128,0.7612508639065118
0,scatter,,-0.48985287222255786,0.7548740672967298
0,scatter,,-0.4823359218938227,0.7485197380863652
0,scatter,,-0.4748824022208035,0.7421879459275937
0,scatter,,-0.46749208754182314,0.7358787502668989
0,scatter,,-0.4601647516590659,0.7295922008022064
0,scatter,,-0.4529001678898997,0.7233283376527395
0,scatter,,-0.4456981091813984,0.717087191919671
0,scatter,,-0.43855834823694595,0.7108687863328782
0,scatter,,-0.43148065757445175,0.704673135504431
0,scatter,,-0.4244648096062105,0.6985002463242954
0,scatter,,-0.41751057671506714,0.6923501183468997
0,scatter,,-0.41061773132698876,0.6862227441688828
0,scatter,,-0.4037860459801773,0.6801181097983825
0,scatter,,-0.3970152933809556,0.6740361949448949
0,scatter,,-0.3903052464398667,0.6679769731818507
0,scatter,,-0.3836556783775623,0.6619404126277016
0,scatter,,-0.37706636276255157,0.6559264761498602
0,scatter,,-0.37053707356038357,0.6499351216652459
0,scatter,,-0.3640675851820429,0.6439663024486719
0,scatter,,-0.3576576725294168,0.6380199674332929
0,scatter,,-0.351307111037938,0.6320960615034048
0,scatter,,-0.3450156767155986,0.6261945257712904
0,scatter,,-0.338783146159008,0.6203152976530912
0,scatter,,-0.3326092966101817,0.6144583113508086
0,scatter,,-0.3264939059905822,0.608623498134121
0,scatter,,-0.3204367529236881,0.6028107865291349
0,scatter,,-0.3144376167616881,0.597020102562206
0,scatter,,-0.30849627760988385,0.5912513699972174
0,scatter,,-0.30261251634889097,0.5855045105665914
0,scatter,,-0.29678611465471494,0.579779444196302
0,scatter,,-0.29101685501678176,0.5740760892251684
0,scatter,,-0.2853045207467804,0.5683943625356
0,scatter,,-0.2796488959642144,0.5627341794329143
0,scatter,,-0.2740497656565483,0.5570954543992601
0,scatter,,-0.2685069156735932,0.5514781011062501
0,scatter,,-0.2630201327315398,0.5458820325535212
0,scatter,,-0.25758920441873057,0.5403071612418447
0,scatter,,-0.2522139191997266,0.5347533993405973
0,scatter,,-0.24689406641772438,0.529220658849781
0,scatter,,-0.24162943629537934,0.5237088517567732
0,scatter,,-0.23641981993408534,0.5182178901879928
0,scatter,,-0.23126500931782315,0.512747686479467
0,scatter,,-0.226164797311648,0.5072981532918872
0,scatter,,-0.22111897764418065,0.5018692039051932
0,scatter,,-0.21612734490811064,0.49646075226498515
0,scatter,,-0.2111896945530772,0.4910727131044154
0,scatter,,-0.2063058228772553,0.4857050020625821
0,scatter,,-0.2014755270177832,0.480357535798425
0,scatter,,-0.1966986049400746,0.47503023210026696
0,scatter,,-0.19197485542606157,0.4697230099911493
0,scatter,,-0.187304078061386,0.46443578982732747
0,scatter,,-0.18268607322118002,0.459168493288216
0,scatter,,-0.17812064205572276,0.45392104356823665
0,scatter,,-0.17360758647488073,0.4486933654927805
0,scatter,,-0.16914670913138122,0.443485385560903
0,scatter,,-0.16473781340338756,0.4382970320232432
0,scatter,,-0.1603807033762493,0.4331282349561415
0,scatter,,-0.15607518382345567,0.4279789263320545
0,scatter,,-0.1518210601868248,0.42284904008637025
0,scatter,,-0.14761813855594352,0.4177385121807072
0,scatter,,-0.14346622565167724,0.41264728065886835
0,scatter,,-0.1393651288296912,0.4075752856823985
0,scatter,,-0.13531465601882664,0.40252246961605825
0,scatter,,-0.13131461570918887,0.3974887770686385
0,scatter,,-0.1273648169331043,0.3924741549360781
0,scatter,,-0.12346506924186303,0.3874785524445754
0,scatter,,-0.11961518268200497,0.3825019211907005
0,scatter,,-0.1158149677711633,0.37754421517856973
0,scatter,,-0.1120642354735002,0.37260539085417116
0,scatter,,-0.1083627971747452,0.3676854071368979
0,scatter,,-0.10471046466401955,0.36278422545252814
0,scatter,,-0.10110705011365481,0.3579018097625907
0,scatter,,-0.09755236603429007,0.35303812657695743
0,scatter,,-0.09404622525811462,0.3481931449804683
0,scatter,,-0.09058844091313382,0.34336683665204815
0,scatter,,-0.08717882639692802,0.3385591758812857
0,scatter,,-0.08381719535021181,0.3337701395827121
0,scatter,,-0.08050336163019958,0.32899970730782246
0,scatter,,-0.07723713928379586,0.3242478612549
0,scatter,,-0.07401834252082298,0.3195145862768177
0,scatter,,-0.07084678570208136,0.31479986989579867
0,scatter,,-0.06772228330034769,0.3101037022998627
0,scatter,,-0.06464464986636678,0.3054260763403681
0,scatter,,-0.06161370000867324,0.3007669875360351
0,scatter,,-0.05862924836672179,0.2961264340710778
0,scatter,,-0.055691109584002266,0.2915044167915278
0,scatter,,-0.05279909828114235,0.2869009391997782
0,scatter,,-0.049953029029011574,0.2823160074473954
0,scatter,,-0.047152716321835264,0.27774963032623545
0,scatter,,-0.04439797455277407,0.2732018192620629
0,scatter,,-0.041688618004697336,0.26867258833232555
0,scatter,,-0.03902446079857167,0.26416195421025046
0,scatter,,-0.036405316872549574,0.25966993615949524
0,scatter,,-0.03383099995906033,0.2551965560238053
0,scatter,,-0.03130132355897137,0.25074183821011425
0,scatter,,-0.028816100915892748,0.24630580967033264
0,scatter,,-0.0263751449906324,0.24188849988185787
0,scatter,,-0.023978268435809195,0.23748994082683997
0,scatter,,-0.02162528357062998,0.2331101669702333
0,scatter,,-0.019316002360032267,0.22874921524569328
0,scatter,,-0.017050236395123403,0.224407125042734
0,scatter,,-0.01482779685462313,0.22008393815149765
0,scatter,,-0.012648494486856513,0.21577969875025013
0,scatter,,-0.010512139586203006,0.21149445337947306
0,scatter,,-0.008418541969447819,0.20722825091429015
0,scatter,,-0.0063675109523759574,0.20298114253597865
0,scatter,,-0.004358855326612548,0.19875318170259323
0,scatter,,-0.0023923833367147963,0.1945444241187321
0,scatter,,-0.0004679026575858877,0.19035492770459206
0,scatter,,0.0014147796125632377,0.1861847525918676
0,scatter,,0.0032558569857458024,0.1820339610704868
0,scatter,,0.0050555236164075805,0.17790261753650768
0,scatter,,0.006813974313908025,0.17379078847447554
0,scatter,,0.008531404563490752,0.1696985424232346
0,scatter,,0.010208010546962024,0.16562594994109403
0,scatter,,0.011843989163077313,0.16157308357036668
0,scatter,,0.01343953804763473,0.15754001780130386
0,scatter,,0.014994855593280718,0.15352682903543208
0,scatter,,0.016510140969023875,0.14953359554832288
0,scatter,,0.017985594139463507,0.14556039745179927
0,scatter,,0.019421415883734108,0.14160731665559712
0,scatter,,0.020817807783773748,0.13767443688752834
0,scatter,,0.022174972243241352,0.13376184365305896
0,scatter,,0.023493112560374566,0.1298696240890822
0,scatter,,0.024772432913470407,0.12599786698637933
0,scatter,,0.026013138377159094,0.12214666275126929
0,scatter,,0.02721543493854229,0.11831610336654252
0,scatter,,0.028379529512979184,0.11450628235211453
0,scatter,,0.02950562995952115,0.11071729472541873
0,scatter,,0.030593945095997523,0.10694923696155219
0,scatter,,0.03164468471375556,0.10320220695318746
0,scatter,,0.03265805959205803,0.09947630397026255
0,scatter,,0.03363428151214134,0.09577162861946417
0,scatter,,0.03457356325877975,0.09208828282875517
0,scatter,,0.035476118619503526,0.08842636983590244
0,scatter,,0.03634216244085539,0.0847859940577226
0,scatter,,0.03717191062087061,0.08116726109090994
0,scatter,,0.037965580119735665,0.07757027767430602
0,scatter,,0.03872338897121019,0.07399515164878942
0,scatter,,0.039445556293686616,0.07044199191714252
0,scatter,,0.04013230230089154,0.06691090840390626
0,scatter,,0.04078384831223293,0.0634020120152366
0,scatter,,0.0414004167627996,0.05991541459876348
0,scatter,,0.04198223121301585,0.056451228903473635
0,scatter,,0.042529516357958916,0.053009568539616046
0,scatter,,0.04304249802801338,0.04959054795151426
0,scatter,,0.043521403170505624,0.04619428241930262
0,scatter,,0.04396645991110063,0.04282088793697699
0,scatter,,0.04437789754253296,0.03947048120228454
0,scatter,,0.044755946528145296,0.03614317958333375
0,scatter,,0.045100838508522235,0.032839101080008544
0,scatter,,0.04541280630776247,0.029558364285574873
0,scatter,,0.045692083939398324,0.026301088348449842
0,scatter,,0.04593890661196407,0.0230673929341777
0,scatter,,0.04615351073422126,0.01985739818759029
0,scatter,,0.04633613392004541,0.016671224695170298
0,scatter,,0.04648701499297949,0.013508993447634322
0,scatter,,0.04660639398764169,0.010370825806612475
0,scatter,,0.04669451213215142,0.007256843497362341
0,scatter,,0.0467516118845338,0.004167168526631456
0,scatter,,0.04677793692858987,0.0011019231563763748
0,scatter,,0.0467737321720843,-0.0019387701259211479
0,scatter,,0.04673924374892967,-0.004954788642619397
0,scatter,,0.04667471902104156,-0.007946009560996007
0,scatter,,0.04658040657986954,-0.010912309928025735
0,scatter,,0.04645655624761062,-0.013853566704842302
0,scatter,,0.046303419078110475,-0.01676965680090725
0,scatter,,0.0461212473574599,-0.019660457107850166
0,scatter,,0.04591029460429168,-0.022525844533011274
0,scatter,,0.045670815568823665,-0.025365696031710003
0,scatter,,0.04540306621278123,-0.02817988862077808
0,scatter,,0.045107303732640255,-0.030968299434431055
0,scatter,,0.04478378655919211,-0.03373080575690958
0,scatter,,0.04443277434975315,-0.03646728504787565
0,scatter,,0.04405452798636413,-0.03917761497358403
0,scatter,,0.04364930957369961,-0.04186167343771156
0,scatter,,0.04321738243669748,-0.0445193386118128
0,scatter,,0.042759011117910584,-0.047150488965432655
0,scatter,,0.04227446137459116,-0.04975500329584685
0,scatter,,0.041764000175511226,-0.0523327607574548
0,scatter,,0.04122789569752675,-0.05488364089081638
0,scatter,,0.04066641732174214,-0.057407523651167885
0,scatter,,0.04007983561128996,-0.059904289417890236
0,scatter,,0.03946842232223027,-0.062373819038011404
0,scatter,,0.03883245040918315,-0.06481599386418604
0,scatter,,0.03817219401076282,-0.0672306957717051
0,scatter,,0.03748792844428809,-0.069617807184972
0,scatter,,0.03677993020024941,-0.07197721110358796
0,scatter,,0.03604847693653248,-0.0743087911280702
0,scatter,,0.03529384747240649,-0.07661243148519768
0,scatter,,0.034516321782285725,-0.07888801705297908
0,scatter,,0.03371618098926382,-0.08113543338526795
0,scatter,,0.03289370735843545,-0.08335456673600325
0,scatter,,0.03204918429000257,-0.08554530408310614
0,scatter,,0.031182896302753838,-0.08770753314067964
0,scatter,,0.030295129028342742,-0.08984114238409564
0,scatter,,0.02938616921860133,-0.09194602109063833
0,scatter,,0.02845630472869934,-0.0940220593509893
0,scatter,,0.027505824508944496,-0.09606914809100169
0,scatter,,0.026535018596417024,-0.09808717909314181
0,scatter,,0.025544178106403796,-0.10007604501759125
0,scatter,,0.02453359522364844,-0.10203563942299221
0,scatter,,0.023503563193411896,-0.10396585678686496
0,scatter,,0.022454376312359917,-0.10586659252568192
0,scatter,,0.02138632991927428,-0.10773774301462297
0,scatter,,0.020299720385596947,-0.10957920560701151
0,scatter,,0.019194845099232007,-0.11139087864310716
0,scatter,,0.018072002448696632,-0.11317266145940708
0,scatter,,0.016931491834286883,-0.11492445444022095
0,scatter,,0.01577361364774061,-0.11664615901981207
0,scatter,,0.014598669261261127,-0.11833767769913114
0,scatter,,0.013406961016823014,-0.11999891406295037
0,scatter,,0.01219879221532712,-0.12162977279667908
0,scatter,,0.010974467105598993,-0.12323015970288384
0,scatter,,0.009734290873239307,-0.12479998171751391
0,scatter,,0.00847856962933542,-0.12633914692583462
0,scatter,,0.007207610399027697,-0.127847564578091
0,scatter,,0.0059217211099489055,-0.12932514510489235
0,scatter,,0.004621210577574341,-0.13077180012481196
0,scatter,,0.0033063884852602005,-0.13218744243847758
0,scatter,,0.001977565389459264,-0.13357198608696708
0,scatter,,0.0006350527010729832,-0.13492534634939077
0,scatter,,-0.0007208373278995168,-0.13624743975402584
0,scatter,,-0.0020897916168645045,-0.13753818409169588
0,scatter,,-0.0034714962692497953,-0.13879749842888836
0,scatter,,-0.004865636585245656,-0.14002530312063388
0,scatter,,-0.0062718970746510755,-0.14122151982314013
0,scatter,,-0.007689961469837301,-0.14238607150620364
0,scatter,,-0.009119512738809527,-0.14351888246539474
0,scatter,,-0.010560233098375331,-0.1446198783340346
0,scatter,,-0.012011804027412476,-0.1456889860949652
0,scatter,,-0.01347390628857362,-0.14672613406185891
0,scatter,,-0.01494621993736039,-0.1477312519064944
0,scatter,,-0.01642842432698715,-0.14870427070140346
0,scatter,,-0.017920198128306947,-0.14964512290808285
0,scatter,,-0.019421219343724656,-0.1505537423871016
0,scatter,,-0.02093116532121319,-0.15143006440800083
0,scatter,,-0.02244971276841374,-0.1522740256589816
0,scatter,,-0.023976537766830393,-0.15308556425639658
0,scatter,,-0.025511315786111398,-0.15386461975404941
0,scatter,,-0.027053721698408646,-0.15461113315230607
0,scatter,,-0.028603429792826512,-0.15532504690703294
0,scatter,,-0.030160113789940393,-0.15600630493836098
0,scatter,,-0.03172344685688133,-0.1566548526350751
0,scatter,,-0.03329310162610446,-0.15727063682715955
0,scatter,,-0.03486875020397007,-0.15785360584807057
0,scatter,,-0.03645006418681841,-0.15840370953185298
0,scatter,,-0.03803671467681101,-0.1589208992126925
0,scatter,,-0.03962837229696211,-0.15940512773206825
0,scatter,,-0.041224707206229665,-0.1598563494457228
0,scatter,,-0.04282538911468154,-0.16027452023046035
0,scatter,,-0.04443008729871711,-0.16065959749077302
0,scatter,,-0.046038470616360246,-0.16101154016530558
0,scatter,,-0.04765020752260429,-0.16133030873315912
0,scatter,,-0.04926496608482127,-0.16161586522004304
0,scatter,,-0.050882413998227745,-0.1618681732042785
0,scatter,,-0.05250221860174208,-0.16208719780539255
0,scatter,,-0.054124046893808855,-0.16227290567736227
0,scatter,,-0.05574756554700503,-0.16242526506528338
0,scatter,,-0.057372440924227455,-0.16254424578513643
0,scatter,,-0.058998339094442465,-0.16262981922748543
0,scatter,,-0.060624925848470845,-0.16268195836191487
0,scatter,,-0.062251866714818735,-0.16270063774128937
0,scatter,,-0.06387882697554743,-0.16268583350583793
0,scatter,,-0.06550547168219484,-0.16263752338706502
0,scatter,,-0.06713146567172938,-0.1625556867114912
0,scatter,,-0.0687564735825534,-0.16244030440422424
0,scatter,,-0.07038015987053621,-0.16229135899236433
0,scatter,,-0.07200218882498484,-0.16210883460747258
0,scatter,,-0.0736222245807256,-0.16189271696016422
0,scatter,,-0.07523993113856432,-0.1616429933735338
0,scatter,,-0.07685497238232851,-0.1613596527919952
0,scatter,,-0.07846701209340912,-0.1610426857720882
0,scatter,,-0.08007571396692435,-0.16069208448431932
0,scatter,,-0.08168074162789712,-0.160307842714798
0,scatter,,-0.08328175864746307,-0.15988995586666305
0,scatter,,-0.08487842855908957,-0.15943842096130265
0,scatter,,-0.08647041487482232,-0.15895323663936242
0,scatter,,-0.0880573811015407,-0.15843440316154428
0,scatter,,-0.08963899075723461,-0.1578819224091912
0,scatter,,-0.09121490738729589,-0.1572957978846577
0,scatter,,-0.0927847945790225,-0.15667603470660627
0,scatter,,-0.09434831597216146,-0.15602263959429977
0,scatter,,-0.09590513528674723,-0.15533562089851088
0,scatter,,-0.09745491633523667,-0.15461498858962994
0,scatter,,-0.09899732303795539,-0.15386075425452084
0,scatter,,-0.1005320194392965,-0.15307293109515213
0,scatter,,-0.10205866972391223,-0.15225153392696392
0,scatter,,-0.10357693823289076,-0.15139657917696897
0,scatter,,-0.10508648947993043,-0.15050808488157696
0,scatter,,-0.10658698816749262,-0.149586070684146
0,scatter,,-0.10807809920294865,-0.14863055783224713
0,scatter,,-0.10955948771470206,-0.147641569174647
0,scatter,,-0.11103081906830128,-0.1466191291579932
0,scatter,,-0.11249175887628236,-0.14556326381714096
0,scatter,,-0.113941973016726,-0.14447400077365832
0,scatter,,-0.11538112765704091,-0.14335136923912606
0,scatter,,-0.11680888926472932,-0.14219540000550446
0,scatter,,-0.1182249246232093,-0.14100612544010824
0,scatter,,-0.11962890084758634,-0.13978357948024883
0,scatter,,-0.12102048540038701,-0.13852779762752293
0,scatter,,-0.12239934610723598,-0.13723881694175386
0,scatter,,-0.12376515117248969,-0.13591667603456456
0,scatter,,-0.1251175691948093,-0.1345614150625889
0,scatter,,-0.12645626918268202,-0.13317307572030207
0,scatter,,-0.12778092056988402,-0.13175170123246724
0,scatter,,-0.12909119322994878,-0.13029733634681626
0,scatter,,-0.13038675748225945,-0.12881002733188915
0,scatter,,-0.13166728412068304,-0.12728982195934344
0,scatter,,-0.13293244442648436,-0.12573676949631443
0,scatter,,-0.13418191018110961,-0.12415092069739395
0,scatter,,-0.13541535368104943,-0.1225323277947319
0,scatter,,-0.13663244775260786,-0.120881044487707
0,scatter,,-0.13783286576657017,-0.11919712593216349
0,scatter,,-0.13901628165277635,-0.11748062872919096
0,scatter,,-0.14018236991458324,-0.11573161091345682
0,scatter,,-0.141330805643226,-0.11395013194106306
0,scatter,,-0.142461264532061,-0.112136252676938
0,scatter,,-0.14357342289070063,-0.1102900353817339
0,scatter,,-0.14466695765631823,-0.10841154370769644
0,scatter,,-0.1457415464025131,-0.10650084268786106
0,scatter,,-0.14679686736694603,-0.10455799870186698
0,scatter,,-0.1478325994571993,-0.1025830794678543
0,scatter,,-0.14884842226475017,-0.10057615402979207
0,scatter,,-0.14984401607816794,-0.09853729274167959
0,scatter,,-0.1508190618961634,-0.0964665672512235
0,scatter,,-0.1517732414404747,-0.09436405048300411
0,scatter,,-0.1527062371685956,-0.09222981662109811
0,scatter,,-0.1536177322863306,-0.09006394109117091
0,scatter,,-0.1545074107601801,-0.08786650054201085
0,scatter,,-0.15537495732954776,-0.08563757282650258
0,scatter,,-0.15622005751864937,-0.08337723698291372
0,scatter,,-0.15704239764295388,-0.08108557325686871
0,scatter,,-0.1578416648267359,-0.07876266303440856
0,scatter,,-0.1586175470160585,-0.0764085888086214
0,scatter,,-0.15936973298753285,-0.07402343417704832
0,scatter,,-0.16009791235929816,-0.07160728381951625
0,scatter,,-0.16080177560178563,-0.06916022347536836
0,scatter,,-0.16148101404825865,-0.06668233992009129
0,scatter,,-0.16213531990513047,-0.06417372094130916
0,scatter,,-0.16276438626204676,-0.06163445531416223
0,scatter,,-0.1633679071017358,-0.05906463277603305
0,scatter,,-0.1639455773096132,-0.0564643440006401
0,scatter,,-0.1644970926831442,-0.05383368057146071
0,scatter,,-0.16502214994095074,-0.051172734954503
0,scatter,,-0.16552044673166416,-0.04848160047040125
0,scatter,,-0.16599168163378186,-0.04576037138073491
0,scatter,,-0.16643555416919223,-0.04300914279031299
0,scatter,,-0.1668517648206191,-0.040228010493618765
0,scatter,,-0.1672400150324719,-0.0374170710352231
0,scatter,,-0.16760000721823298,-0.034576421679779944
0,scatter,,-0.16793144476754873,-0.03170616038139307
0,scatter,,-0.1682340320530251,-0.028806385752314895
0,scatter,,-0.16850747443671696,-0.02587719703100242
0,scatter,,-0.1687514782763104,-0.02291869404949783
0,scatter,,-0.16896575093099014,-0.019930977200137076
0,scatter,,-0.16915000076698716,-0.016914147401590557
0,scatter,,-0.16930393716280287,-0.013868306064202545
0,scatter,,-0.16942727051410217,-0.010793555054655636
0,scatter,,-0.16951971223827267,-0.007689996659919174
0,scatter,,-0.1695809747756646,-0.004557733675188427
0,scatter,,-0.16961077159263274,-0.0013968694012211763
0,scatter,,-0.1696088171925003,0.001792492705402965
0,scatter,,-0.16957482711466507,0.0050102489012049944
0,scatter,,-0.16950851793726512,0.008256295189611594
0,scatter,,-0.16940960727956214,0.01153052735900659
0,scatter,,-0.16927781380394974,0.014832841021415546
0,scatter,,-0.16911285721758232,0.01816313165178986
0,scatter,,-0.1689144582736177,0.021521294627931162
0,scatter,,-0.16868233877207015,0.024907225271022904
0,scatter,,-0.16841622156026648,0.028320818886802084
0,scatter,,-0.1681158305329009,0.03176197080736286
0,scatter,,-0.16778089063168442,0.03523057643358306
0,scatter,,-0.16741112784458032,0.03872653127820753
0,scatter,,-0.16700626920478812,0.042249730904567344
0,scatter,,-0.16656604278941836,0.045800070791595524
0,scatter,,-0.16609017771669962,0.04937744686931192
0,scatter,,-0.16557840414384636,0.052981755350410636
0,scatter,,-0.16503045326419263,0.056612892753979994
0,scatter,,-0.16444605730384998,0.06027075594948436
0,scatter,,-0.16382494951791643,0.06395524220123762
0,scatter,,-0.16316686418623336,0.06766624921335426
0,scatter,,-0.16247153660867988,0.07140367517520965
0,scatter,,-0.16173870310000613,0.07516741880736799
0,scatter,,-0.16096810098419262,0.07895737940801902
0,scatter,,-0.1601594685883382,0.08277345689988154
0,scatter,,-0.15931254523606492,0.08661555187760608
0,scatter,,-0.15842707124043648,0.09048356565566236
0,scatter,,-0.15750278790369202,0.0943774002391808
0,scatter,,-0.15653943754112104,0.09829695803374164
0,scatter,,-0.15553676341130263,0.10224214254420858
0,scatter,,-0.15449450972689502,0.10621285821366021
0,scatter,,-0.15341242165075694,0.11020901041308702
0,scatter,,-0.15229024528619664,0.11423050548836429
0,scatter,,-0.15112772766672394,0.11827725080746374
0,scatter,,-0.1499246167452914,0.12234915480793268
0,scatter,,-0.14868066138302327,0.12644612704462002
0,scatter,,-0.14739561133743206,0.13056807823762795
0,scatter,,-0.14606921725010688,0.13471492032051913
0,scatter,,-0.1447012306338828,0.1388865664887274
0,scatter,,-0.14329140385947162,0.1430829312482128
0,scatter,,-0.14183949014156452,0.14730393046430648
0,scatter,,-0.14034524353364827,0.15154948136555044
0,scatter,,-0.13880841901126686,0.15581950211312035
0,scatter,,-0.13722877230789213,0.1601139125760067
0,scatter,,-0.13560605992322056,0.16443263426154145
0,scatter,,-0.13394003913281666,0.16877559023680694
0,scatter,,-0.1322304679718464,0.17314270517398744
0,scatter,,-0.13047710521830594,0.1775339053955956
0,scatter,,-0.1286797103757228,0.18194911891960996
0,scatter,,-0.12683804365534548,0.18638827550446171
0,scatter,,-0.12495186595780229,0.1908513066938961
0,scatter,,-0.12302093885423228,0.19533814586168005
0,scatter,,-0.12104502456689183,0.19984872825612557
0,scatter,,-0.11902388594921665,0.2043829910444562
0,scatter,,-0.11695728646535686,0.20894087335695277
0,scatter,,-0.11484499017408614,0.21352231631466784
0,scatter,,-0.11268676187503102,0.21812726251974507
0,scatter,,-0.11048236688964402,0.2227556567484268
0,scatter,,-0.10823157100947284,0.22740744609020735
0,scatter,,-0.10593414054268761,0.2320825797607948
0,scatter,,-0.10358984229195721,0.23678100913939207
0,scatter,,-0.10119844353186751,0.241502687805358
0,scatter,,-0.0987597119858604,0.24624757157426874
0,scatter,,-0.09627341580271835,0.25101561853330584
0,scatter,,-0.09373932353256634,0.2558067890760031
0,scatter,,-0.09115720410241823,0.26062104593627705
0,scatter,,-0.08852682679123836,0.2654583542217727
0,scatter,,-0.08584796120454502,0.27031868144645144
0,scatter,,-0.0831203772485329,0.2752019975624408
0,scatter,,-0.08034384510403272,0.2801082749903202
0,scatter,,-0.07751813541184753,0.2850374881117426
0,scatter,,-0.0746430190909069,0.2899896136905373
0,scatter,,-0.07171826712888768,0.2949646313615554
0,scatter,,-0.06874365070202712,0.29996252328318745
0,scatter,,-0.0657189411488588,0.30498327415798926
0,scatter,,-0.06264390994360247,0.31002687125205747
0,scatter,,-0.05951832866922062,0.3150933044131069
0,scatter,,-0.05634196899015588,0.3201825660872003
0,scatter,,-0.05311460262472449,0.32529465133414376
0,scatter,,-0.049836001317203185,0.3304295578414621
0,scatter,,-0.04650593680957612,0.3355872859369801
0,scatter,,-0.043124180812981444,0.34076783859992066
0,scatter,,-0.03969050497882303,0.3459712214705474
0,scatter,,-0.036204680869586746,0.351197442858264
0,scatter,,-0.03266648013813174,0.3564465132956539
0,scatter,,-0.02907567451067056,0.36171844551574506
0,scatter,,-0.025432035307333633,0.3670132554292149
0,scatter,,-0.02173533366941369,0.37233096156768775
0,scatter,,-0.01798534053547295,0.3776715850690209
0,scatter,,-0.014181826613901754,0.3830351496679228
0,scatter,,-0.010324562355407577,0.38842168168436836
0,scatter,,-0.006413317925399925,0.39383121000982957
0,scatter,,-0.0024478631763208414,0.3992637660912205
0,scatter,,0.0015720323801049312,0.40471938391256246
0,scatter,,0.005646599600678846,0.41019809997430706
0,scatter,,0.00977606973857383,0.4156999532702568
0,scatter,,0.013960674471243965,0.4212249852620883
0,scatter,,0.018200645928345652,0.42677323985137683
0,scatter,,0.022496216535745753,0.432344762977318
0,scatter,,0.02684761879720679,0.4379396020859113
0,scatter,,0.031255086081272115,0.4435578076281988
0,scatter,,0.03571885230157816,0.4491994323192849
0,scatter,,0.04023915191530825,0.4548645310377182
0,scatter,,0.04481621994641678,0.46055316077222513
0,scatter,,0.049450292008535526,0.46626538056510053
0,scatter,,0.054141604327598854,0.47200125145226207
0,scatter,,0.05889039376412088,0.4777608363998489
0,scatter,,0.06369689783516227,0.4835442002373725
0,scatter,,0.06856135473592026,0.4893514095873007
0,scatter,,0.07348400336096855,0.49518253279106955
0,scatter,,0.07846508332511638,0.5010376398314462
0,scatter,,0.08350483498385308,0.5069168022511669
0,scatter,,0.08860349934422988,0.5128200928492707
0,scatter,,0.09376131766631879,0.5187475847550367
0,scatter,,0.09897853227170425,0.5246993529153612
0,scatter,,0.10425538629523409,0.5306754734635692
0,scatter,,0.1095921236355636,0.5366760234831376
0,scatter,,0.11498898896436785,0.5427010808858251
0,scatter,,0.12044622773449178,0.5487507242845641
0,scatter,,0.12596408618698668,0.554825032861
0,scatter,,0.13154281135698132,0.5609240862275674
0,scatter,,0.1371826510784035,0.567047964284062
0,scatter,,0.14288385398745868,0.5731967470685532
0,scatter,,0.14864666952489675,0.5793705146026122
0,scatter,,0.15447134790928008,0.5855693466911406
0,scatter,,0.16035814012443234,0.5917933227384176
0,scatter,,0.16630729798841562,0.5980425216765354
0,scatter,,0.172319074113367,0.6043170217338129
0,scatter,,0.1783937218992934,0.6106169002475401
0,scatter,,0.18453149552721518,0.616942233471595
0,scatter,,0.19073264995080894,0.6232930963776465
0,scatter,,0.19699744088644588,0.629669562449777
0,scatter,,0.20332612480166096,0.6360717034725041
0,scatter,,0.20971895890195016,0.6424995893120353
0,scatter,,0.2161762011159168,0.6489532876907192
0,scatter,,0.22269811007343981,0.6554328639437242
0,scatter,,0.22928494459946164,0.6619383797751534
0,scatter,,0.2359369641266901,0.6684698939023739
0,scatter,,0.242654428911173,0.675027462291104
0,scatter,,0.24943759975610927,0.6816111373745944
0,scatter,,0.2562867379771695,0.6882209677665106
0,scatter,,0.26320210536531646,0.6948569979650809
0,scatter,,0.2701839641469972,0.7015192680483038
0,scatter,,0.27723257694171316,0.7082078133601406
0,scatter,,0.2843482067168912,0.7149226641875347
0,scatter,,0.29153111673997617,0.7216638454281
0,scatter,,0.29878157052775367,0.7284313762484048
0,scatter,,0.30609983174496835,0.7352252696612638
0,scatter,,0.3134861637267832,0.7420455315359938
0,scatter,,0.32094083004850055,0.7488921611669905
0,scatter,,0.3284640943408114,0.7557651507102937
0,scatter,,0.3360562201246213,0.762664484643863
0,scatter,,0.3437174707350678,0.7695901393554763
0,scatter,,0.3514481092418982,0.7765420827195406
0,scatter,,0.35924839836605144,0.7835202736625864
0,scatter,,0.3671186003924655,0.7905246617173635
0,scatter,,0.37505897707895164,0.7975551865653063
0,scatter,,0.38306978956115517,0.8046117775672889
0,scatter,,0.3911512982534483,0.8116943532824362
0,scatter,,0.39930376256536326,0.8188028207139181
0,scatter,,0.4075274404538046,0.8259370743109635
0,scatter,,0.41582258914845904,0.8330969966619513
0,scatter,,0.42418946468237506,0.8402824574525605
0,scatter,,0.4326283217288136,0.8474933128606751
0,scatter,,0.44113941346720303,0.8547294049869472
0,scatter,,0.4497229914439036,0.8619905612713994
0,scatter,,0.4583793054277885,0.8692765938959636
0,scatter,,0.4671086032604599,0.8765872991726925
0,scatter,,0.4759111307010872,0.8839224569175238
0,scatter,,0.48478713126575007,0.8912818298093859
0,scatter,,0.4937368460611653,0.8986651627344359
0,scatter,,0.5027605131470217,0.9060721817914361
0,scatter,,0.5118583674960774,0.9135025937015749
0,scatter,,0.5210306414688413,0.9209560855647856
0,scatter,,0.5302775642020022,0.9284323238492739
0,scatter,,0.5395993614012121,0.9359309536506455
0,scatter,,0.5489962551275461,0.9434515979349384
0,scatter,,0.5584684635769286,0.9509938567649383
0,scatter,,0.5680162008524962,0.9585573065096432
0,scatter,,0.5776396767296806,0.9661414990365935
0,scatter,,0.5873390964140095,0.9737459608869515
0,scatter,,0.5971146602914006,0.9813701924330427
0,scatter,,0.6069665636454428,0.9890136670390619
0,scatter,,0.6168949957727391,0.9966758306887253
0,scatter,,0.6269001404400435,1.0043561004936017
0,scatter,,0.636982175652367,1.0120538637389525
0,scatter,,0.6471412731424168,1.0197684771318838
0,scatter,,0.6573775980633256,1.0274992658583597
0,scatter,,0.6676913086723624,1.0352455226218629
0,scatter,,0.6780825560056036,1.043006506663604
0,scatter,,0.6885514835433173,1.050781442764013
0,scatter,,0.6990982268660385,1.0585695202254115
0,scatter,,0.7097229133010908,1.066369891835605
0,scatter,,0.7204256615595102,1.074181672812275
0,scatter,,0.7312065812670978,1.0820039401740444
0,scatter,,0.7420657721446867,1.089835733673994
0,scatter,,0.7530033243973766,1.0976760510555175
0,scatter,,0.7640193180666983,1.1055238480543765
0,scatter,,0.775113822541045,1.1133780375985072
0,scatter,,0.786286896123431,1.1212374886726164
0,scatter,,0.7975385855881374,1.12910102516498
0,scatter,,0.8088689257260505,1.1369674246963162
0,scatter,,0.8202779388785033,1.1448354174306021
0,scatter,,0.8317656344595656,1.152703684867806
0,scatter,,0.843332008466508,1.1605708586183423
0,scatter,,0.8549770429784157,1.1684355191592417
0,scatter,,0.866700705610515,1.1762961963649547
0,scatter,,0.8785029489593719,1.184151369851585
0,scatter,,0.8903837101555262,1.191999462616339
0,scatter,,0.9023429102685752,1.1998388421920803
0,scatter,,0.9143804537397723,1.207667819541038
0,scatter,,0.9264962278030705,1.215484647856379
0,scatter,,0.938690101893008,1.2232875213583188
0,scatter,,0.9509619270391401,1.2310745740851088
0,scatter,,0.9633115352469956,1.2388438786794056
0,scatter,,0.9757387391735781,1.2465934450634928
0,scatter,,0.9882433315148808,1.25432121920576
0,scatter,,1.0008250838155424,1.262025082079104
0,scatter,,1.0134837460995576,1.2697028483269275
0,scatter,,1.0262190462016887,1.2773522650253206
0,scatter,,1.039030689084205,1.2849710104431047
0,scatter,,1.0519183561407734,1.292556692799582
0,scatter,,1.064881704487257,1.3001068490203014
0,scatter,,1.0779203662396213,1.3076189434957348
0,scatter,,1.0910339479018654,1.3150903706037524
0,scatter,,1.1042220295804552,1.3225184523380358
0,scatter,,1.1174841641147606,1.3299004337807572
0,scatter,,1.130819876381027,1.337233484287115
0,scatter,,1.1442286625142195,1.3445146965751955
0,scatter,,1.1577099891172893,1.35174108585263
0,scatter,,1.1712632924579855,1.3589095889822307
0,scatter,,1.1848879779163464,1.36601706260147
0,scatter,,1.1985834194839209,1.3730602810197765
0,scatter,,1.2123489581699762,1.3800359386209968
0,scatter,,1.2261839015113776,1.386940647704506
0,scatter,,1.2400875227619979,1.393770937646277
0,scatter,,1.2540590600591466,1.4005232541533916
0,scatter,,1.2680977155819477,1.4071939585528912
0,scatter,,1.2822026547215148,1.4137793281326514
0,scatter,,1.2963730053188394,1.4202755603854529
0,scatter,,1.3106078566660502,1.4266787655528168
0,scatter,,1.3249062586760973,1.4329849682201918
0,scatter,,1.339267221020851,1.4391901077083078
0,scatter,,1.3536897122518043,1.4452900379748388
0,scatter,,1.36817265891465,1.4512805275984553
0,scatter,,1.3827149447115312,1.4571572598894564
0,scatter,,1.3973154105728955,1.4629158337912933
0,scatter,,1.4119728528166302,1.4685517634099703
0,scatter,,1.426686022230853,1.4740604783508846
0,scatter,,1.4414536234598887,1.4794373243898662
0,scatter,,1.4562743141551253,1.48467756406814
0,scatter,,1.4711467041284343,1.4897763773965191
0,scatter,,1.4860693545095758,1.4947288626765045
0,scatter,,1.5010407773494254,1.4995300395362947
0,scatter,,1.516059434628601,1.5041748492430937
0,scatter,,1.5311237370729103,1.5086581541977977
0,scatter,,1.5462320436005268,1.5129747405299996
0,scatter,,1.561382660541061,1.5171193197108677
0,scatter,,1.5765738408650818,1.5210865303179602
0,scatter,,1.5918037834249619,1.524870939956245
0,scatter,,1.6070706326865543,1.5284670480435552
0,scatter,,1.6223724785334401,1.531869288848718
0,scatter,,1.6377073542469534,1.5350720319963416
0,scatter,,1.6530732364389187,1.5380695859950577
0,scatter,,1.668468044454801,1.540856201142263
0,scatter,,1.6838896397779313,1.543426072588983
0,scatter,,1.699335825458492,1.5457733436026009
0,scatter,,1.7148043457643993,1.5478921091581384
0,scatter,,1.7302928865444254,1.5497764201768716
0,scatter,,1.7457990734758568,1.5514202866011024
0,scatter,,1.7613204720143563,1.5528176817599555
0,scatter,,1.7768545871243628,1.5539625467965568
0,scatter,,1.7923988629494396,1.5548487952630876
0,scatter,,1.8079506825224552,1.5554703179517986
0,scatter,,1.8235073675796678,1.5558209878802591
0,scatter,,1.839066179392326,1.5558946641764413
0,scatter,,1.8546243175741735,1.5556851990706795
0,scatter,,1.8701789199851027,1.5551864436927028
0,scatter,,1.8857270629717136,1.5543922537294006
0,scatter,,1.9012657614196822,1.5532964956751456
0,scatter,,1.916791968863831,1.5518930533423787
0,scatter,,1.9323025776596,1.5501758346259242
0,scatter,,1.9477944198495605,1.5481387751505522
0,scatter,,1.9632642672018223,1.545775846953364
0,scatter,,1.978708831103497,1.5430810685655447
0,scatter,,1.9941247633599428,1.5400485108935693
0,scatter,,2.009508656742873,1.5366723050950493
0,scatter,,2.02485704561463,1.5329466507153249
0,scatter,,2.0401664066305525,1.5288658240878632
0,scatter,,2.0554331596982505,1.5244241833698284
0,scatter,,2.0706536690210964,1.5196161738072036
0,scatter,,2.0858242435933767,1.5144363462893322
0,scatter,,2.100941138464037,1.5088793621486478
0,scatter,,2.116000555893899,1.5029400022538695
0,scatter,,2.1309986465994566,1.4966131764695918
0,scatter,,2.1459315110923005,1.4898939333409151
0,scatter,,2.1607952010568887,1.4827774677658483
0,scatter,,2.1755857206252176,1.4752591212727435
0,scatter,,2.190299028371037,1.4673344056861897
0,scatter,,2.204931038938677,1.4589990094456207
0,scatter,,2.2194776248444237,1.4502488067468007
0,scatter,,2.2339346184058315,1.4410798678342391
0,scatter,,2.248297813557419,1.4314884660931768
0,scatter,,2.2625629675176557,1.4214710813893365
0,scatter,,2.276725803817892,1.4110244233242413
0,scatter,,2.2907820143070037,1.4001454370217448
0,scatter,,2.3047272615215326,1.3888313132202739
0,scatter,,2.318557181181552,1.3770794989118411
0,scatter,,2.332267384677368,1.3648877003006192
0,scatter,,2.345853461636599,1.352253884545349
0,scatter,,2.3593109829284824,1.3391763060907202
0,scatter,,2.3726355034358124,1.325653509177682
0,scatter,,2.385822565004623,1.3116843368268016
0,scatter,,2.3988676993185347,1.2972679404944925
0,scatter,,2.411766431164804,1.2824037886878838
0,scatter,,2.4245142816937384,1.26709167586094
0,scatter,,2.4371067717036476,1.2513317314852686
0,scatter,,2.449539424921665,1.2351244242178656
0,scatter,,2.4618077711754376,1.218470558930868
0,scatter,,2.47390735043133,1.20137130059548
0,scatter,,2.4858337162903323,1.1838281759401201
0,scatter,,2.4975824396961714,1.1658430796132158
0,scatter,,2.509149111675875,1.1474182736577758
0,scatter,,2.5205293476114643,1.1285563961556204
0,scatter,,2.5317187916504014,1.1092604699730078
0,scatter,,2.542713120306039,1.0895339054270077
0,scatter,,2.553508046194513,1.0693805026958432
0,scatter,,2.5640993208210765,1.048804445981399
0,scatter,,2.5744827401271984,1.027810318133856
0,scatter,,2.584654148219701,1.0064031003184615
0,scatter,,2.5946094414102636,0.9845881731893873
0,scatter,,2.6043445710129505,0.9623713120997344
0,scatter,,2.6138555473850187,0.9397586872052952
0,scatter,,2.623138445505883,0.9167568697901429
0,scatter,,2.632189408404948,0.8933728282064513
0,scatter,,2.641004651063107,0.8696139255408142
0,scatter,,2.6495804622790287,0.8454879097024808
0,scatter,,2.6579132109488386,0.821002917846722
0,scatter,,2.66599934986372,0.7961674717016252
0,scatter,,2.6738354194424234,0.7709904720112055
0,scatter,,2.681418050423737,0.7454811907045351
0,scatter,,2.6887439665947843,0.7196492624871914
0,scatter,,2.69580999121647,0.6935046830491204
0,scatter,,2.702613049698477,0.6670577992557184
0,scatter,,2.7091501731524295,0.6403193005999696
0,scatter,,2.7154184993230257,0.613300207982483
0,scatter,,2.7214152781115835,0.586011865357991
0,scatter,,2.7271378752630477,0.5584659292947128
0,scatter,,2.7325837751314856,0.5306743571513175
0,scatter,,2.7377505829337965,0.5026493954860097
0,scatter,,2.7426360257638533,0.47440356840217923
0,scatter,,2.7472379586187485,0.4459496624124422
0,scatter,,2.7515543660768693,0.41730071293912685
0,scatter,,2.7555833648312373,0.3884699896744549
0,scatter,,2.7593232038866398,0.3594709859689871
0,scatter,,2.762772267980407,0.3303174007662335
0,scatter,,2.7659290807074997,0.3010231202735949
0,scatter,,2.768792305825557,0.2716022024835881
0,scatter,,2.771360748609545,0.24206886173296754
0,scatter,,2.7736333554341335,0.21243745920328105
0,scatter,,2.775609217807074,0.1827224746736883
0,scatter,,2.7772875729687345,0.15293849080723318
0,scatter,,2.778667804853948,0.12310017491413737
0,scatter,,2.7797494439575914,0.09322226702990524
0,scatter,,2.780532167821588,0.06331956233505891
0,scatter,,2.7810158024451446,0.03340688588746203
0,scatter,,2.781200322079778,0.003499076927648448
0,scatter,,2.781085849568268,-0.026389027845731536
0,scatter,,2.780672656104307,-0.05624261455258754
0,scatter,,2.779961160925271,-0.08604691179488161
0,scatter,,2.7789519308359787,-0.11578720820189657
0,scatter,,2.777645678949021,-0.1454488629245128
0,scatter,,2.776043264411257,-0.1750173322126648
0,scatter,,2.7741456912498323,-0.20447818650015134
0,scatter,,2.771954107176953,-0.23381712574319763
0,scatter,,2.7694698023710234,-0.26301999291487177
0,scatter,,2.7666942076445955,-0.29207279745198605
0,scatter,,2.763628892781455,-0.3209617304899845
0,scatter,,2.760275564783825,-0.34967317705524253
0,scatter,,2.7566360658169144,-0.378193731586039
0,scatter,,2.7527123708110848,-0.40651021792318437
0,scatter,,2.7485065851388923,-0.43460970249641895
0,scatter,,2.7440209426014914,-0.4624795036260711
0,scatter,,2.739257802438127,-0.4901072086158038
0,scatter,,2.734219646384444,-0.5174806883378185
0,scatter,,2.7289090759057624,-0.5445881084158446
0,scatter,,2.7233288098293396,-0.5714179364359011
0,scatter,,2.717481680445704,-0.5979589582573268
0,scatter,,2.711370630322516,-0.6242002878621733
0,scatter,,2.704998709245078,-0.6501313758051321
0,scatter,,2.6983690713539095,-0.6757420158333629
0,scatter,,2.691484970658754,-0.7010223571757794
0,scatter,,2.6843497577084787,-0.7259629108633772
0,scatter,,2.676966875984837,-0.7505545564410392
0,scatter,,2.6693398588055204,-0.7747885474423848
0,scatter,,2.6614723249212435,-0.7986565169827912
0,scatter,,2.653367974843941,-0.8221504818011445
0,scatter,,2.6450305870824318,-0.8452628456193176
0,scatter,,2.636464013851965,-0.8679864076220818
0,scatter,,2.627672177434132,-0.8903143611463853
0,scatter,,2.6186590663566602,-0.9122402937840801
0,scatter,,2.609428731382569,-0.9337581891371307
0,scatter,,2.599985281313773,-0.9548624300944613
0,scatter,,2.5903328789823252,-0.9755477989956157
0,scatter,,2.5804757375661986,-0.9958094730225889
0,scatter,,2.5704181165158544,-1.015643024049552
0,scatter,,2.560164317585043,-1.0350444171713151
0,scatter,,2.5497186808322145,-1.054010009871658
0,scatter,,2.5390855808641057,-1.0725365458045308
0,scatter,,2.528269422952461,-1.090621151775235
0,scatter,,2.517274639216864,-1.1082613334896838
0,scatter,,2.506105684746443,-1.125454972121374
0,scatter,,2.4947670340132286,-1.1422003174114568
0,scatter,,2.483263177211127,-1.1584959819731044
0,scatter,,2.47159861666083,-1.1743409351025835
0,scatter,,2.459777863115101,-1.1897344972185042
0,scatter,,2.4478054323991767,-1.204676332143137
0,scatter,,2.435685842082155,-1.2191664393236088
0,scatter,,2.4234236081423672,-1.2332051462987739
0,scatter,,2.411023241608035,-1.2467931010881907
0,scatter,,2.398489245364346,-1.2599312640182472
0,scatter,,2.385826111270511,-1.2726208985330807
0,scatter,,2.3730383171191503,-1.284863562633044
0,scatter,,2.360130323694804,-1.296661099948389
0,scatter,,2.347106571793841,-1.3080156308326794
0,scatter,,2.333971479754534,-1.3189295426881433
0,scatter,,2.320729440778997,-1.3294054806251905
0,scatter,,2.3073848203734664,-1.3394463378786587
0,scatter,,2.2939419538130656,-1.3490552460582788
0,scatter,,2.2804051439724526,-1.3582355655733298
0,scatter,,2.266778659064453,-1.3669908758498246
0,scatter,,2.2530667304597087,-1.3753249655060038
0,scatter,,2.2392735505032926,-1.3832418224281398
0,scatter,,2.2254032707845597,-1.3907456242351142
0,scatter,,2.2114600002454945,-1.3978407285267291
0,scatter,,2.197447803397195,-1.4045316631080154
0,scatter,,2.1833706985596413,-1.4108231160590234
0,scatter,,2.169232656472218,-1.4167199266990451
0,scatter,,2.1550375987990744,-1.422227076068574
0,scatter,,2.1407893967285334,-1.4273496774972667
0,scatter,,2.126491869596788,-1.4320929670521247
0,scatter,,2.1121487838599013,-1.436462295059393
0,scatter,,2.0977638519663278,-1.4404631171001865
0,scatter,,2.0833407313226138,-1.4441009851339737
0,scatter,,2.0688830232907702,-1.4473815385160058
0,scatter,,2.0543942724830835,-1.450310496260433
0,scatter,,2.039877965982043,-1.452893648708836
0,scatter,,2.0253375326465797,-1.4551368493785664
0,scatter,,2.01077634245476,-1.4570460067407216
0,scatter,,1.996197706092318,-1.4586270772823875
0,scatter,,1.9816048744896833,-1.4598860579837611
0,scatter,,1.96700103843747,-1.4608289790018256
0,scatter,,1.952389328242019,-1.4614618963164712
0,scatter,,1.9377728135739665,-1.4617908856452302
0,scatter,,1.9231545032887298,-1.4618220358018204
0,scatter,,1.9085373453052612,-1.461561442141955
0,scatter,,1.8939242265311231,-1.4610152000528673
0,scatter,,1.879317972980236,-1.4601894002405362
0,scatter,,1.8647213498302984,-1.459090122872473
0,scatter,,1.8501370615693298,-1.4577234323609691
0,scatter,,1.8355677521927833,-1.4560953723522356
0,scatter,,1.821016005240491,-1.454211958173632
0,scatter,,1.8064843442412075,-1.4520791742669292
0,scatter,,1.791975233105084,-1.449702970570187
0,scatter,,1.7774910764459722,-1.4470892576433476
0,scatter,,1.7630342200031701,-1.4442439028063119
0,scatter,,1.7486069510831297,-1.441172725734065
0,scatter,,1.7342114990033628,-1.4378814928831392
0,scatter,,1.719850035702993,-1.434375917411066
0,scatter,,1.7055246762779082,-1.430661655010019
0,scatter,,1.6912374795694145,-1.4267443008896583
0,scatter,,1.6769904487843366,-1.4226293870920934
0,scatter,,1.6627855321582945,-1.4183223782337224
0,scatter,,1.6486246236188078,-1.4138286699773583
0,scatter,,1.6345095634694338,-1.40915358778768
0,scatter,,1.6204421391088042,-1.4043023842695925
0,scatter,,1.6064240857609713,-1.3992802373371114
0,scatter,,1.5924570872529507,-1.3940922482799323
0,scatter,,1.5785427769137572,-1.3887434390270887
0,scatter,,1.5646827381812796,-1.3832387523574605
0,scatter,,1.550878505443922,-1.3775830502303825
0,scatter,,1.537131564857714,-1.3717811125793269
0,scatter,,1.5234433551589404,-1.365837636362952
0,scatter,,1.509815268625588,-1.3597572341644897
0,scatter,,1.496248651892521,-1.3535444335585394
0,scatter,,1.4827448066607114,-1.3472036770649116
0,scatter,,1.4693049906140547,-1.3407393213688845
0,scatter,,1.4559304182659014,-1.3341556369550225
0,scatter,,1.4426222618378701,-1.3274568078095454
0,scatter,,1.4293816523331033,-1.3206469309666435
0,scatter,,1.416209680140407,-1.3137300167809056
0,scatter,,1.4031073959365057,-1.3067099888906348
0,scatter,,1.3900758115678715,-1.2995906842920097
0,scatter,,1.3771159008999143,-1.2923758535331449
0,scatter,,1.3642286007987212,-1.2850691610119993
0,scatter,,1.3514148120307063,-1.277674185334929
0,scatter,,1.3386753998945218,-1.2701944196978192
0,scatter,,1.326011195161692,-1.2626332723883549
0,scatter,,1.3134229949095622,-1.254994067330005
0,scatter,,1.3009115633803456,-1.2472800447285481
0,scatter,,1.2884776331605148,-1.239494362204852
0,scatter,,1.2761219055367132,-1.2316400949045008
0,scatter,,1.263845051349992,-1.2237202363212534
0,scatter,,1.251647711854925,-1.2157376991813582
0,scatter,,1.2395304994934542,-1.2076953162665829
0,scatter,,1.2274939986530808,-1.1995958412643668
0,scatter,,1.2155387664083885,-1.1914419496403155
0,scatter,,1.2036653335077552,-1.1832362399713037
0,scatter,,1.191874206329068,-1.1749812369552672
0,scatter,,1.1801658657129295,-1.1666793892034415
0,scatter,,1.1685407681984918,-1.1583330711181843
0,scatter,,1.1569993468891828,-1.1499445841832412
0,scatter,,1.1455420121470594,-1.1415161579983581
0,scatter,,1.134169152269907,-1.1330499513147823
0,scatter,,1.122881134150119,-1.124548053067225
0,scatter,,1.1116783043220946,-1.1160124844758477
0,scatter,,1.1005609904897462,-1.1074452024586947
0,scatter,,1.089529500402525,-1.0988480960681934
0,scatter,,1.0785841231467015,-1.0902229893528457
0,scatter,,1.0677251298355646,-1.0815716426627755
0,scatter,,1.0569527742151692,-1.0728957537635884
0,scatter,,1.0462672932530805,-1.0641969589350126
0,scatter,,1.035668907709703,-1.0554768340508938
0,scatter,,1.0251578231996792,-1.0467368973841777
0,scatter,,1.014734231129045,-1.0379786120225265
0,scatter,,1.004398307964729,-1.0292033825859122
0,scatter,,0.9941502163649606,-1.0204125583777122
0,scatter,,0.9839901057266199,-1.011607434563663
0,scatter,,0.9739181127015883,-1.0027892532755502
0,scatter,,0.9639343616977942,-0.9939592046915833
0,scatter,,0.9540389653645545,-0.9851184280906765
0,scatter,,0.9442320255792983,-0.9762680151396912
0,scatter,,0.9345136338390218,-0.9674090106176507
0,scatter,,0.9248838710633591,-0.9585424106051906
0,scatter,,0.915342808423286,-0.9496691651951894
0,scatter,,0.9058905077844038,-0.9407901795533713
0,scatter,,0.8965270221368303,-0.9319063149539717
0,scatter,,0.8872523960116107,-0.9230183897889345
0,scatter,,0.8780666658891507,-0.9141271805778495
0,scatter,,0.8689698610469176,-0.9052334253360254
0,scatter,,0.8599620036287037,-0.8963378228780762
0,scatter,,0.8510431087925389,-0.887441032575473
0,scatter,,0.8422131852778922,-0.8785436763623822
0,scatter,,0.8334722357675808,-0.8696463396954809
0,scatter,,0.8248202572383101,-0.8607495724888043
0,scatter,,0.8162572412998974,-0.8518538900224037
0,scatter,,0.8077831745390688,-0.8429597739269761
0,scatter,,0.7993980391585715,-0.8340676751287808
0,scatter,,0.7911018129611791,-0.825178012588082
0,scatter,,0.7828944696289158,-0.8162911739945696
0,scatter,,0.7747759791088258,-0.8074075171947012
0,scatter,,0.766746307902513,-0.7985273710339689
0,scatter,,0.7588054193462598,-0.7896510361757314
0,scatter,,0.7509532738817476,-0.7807787858957832
0,scatter,,0.743189829339079,-0.7719108670336191
0,scatter,,0.7355150413706437,-0.7630475022690253
0,scatter,,0.7279288634655359,-0.754188888907689
0,scatter,,0.7204312472292969,-0.7453351999554181
0,scatter,,0.7130221426503958,-0.7364865851270644
0,scatter,,0.7057014983271426,-0.7276431715670825
0,scatter,,0.6984692616869179,-0.7188050645491051
0,scatter,,0.6913253791978841,-0.7099723481541911
0,scatter,,0.6842697965910126,-0.7011450861609398
0,scatter,,0.6773024591287659,-0.6923233236224355
0,scatter,,0.670423311683634,-0.6835070860132688
0,scatter,,0.6636322989584154,-0.6746963803100473
0,scatter,,0.6569293656744342,-0.6658911957173621
0,scatter,,0.6503144567455348,-0.6570915042708503
0,scatter,,0.6437875174459273,-0.6482972614220937
0,scatter,,0.6373484935720677,-0.6395084066052573
0,scatter,,0.6309973316031813,-0.6307248640320159
0,scatter,,0.6247339788598045,-0.6219465436743505
0,scatter,,0.6185583836320848,-0.6131733408476322
0,scatter,,0.6124704953266117,-0.6044051371066123
0,scatter,,0.6064702646020539,-0.5956418007852975
0,scatter,,0.6005576434992874,-0.5868831874915705
0,scatter,,0.594732585566734,-0.57812914058652
0,scatter,,0.5889950459810925,-0.5693794916485502
0,scatter,,0.5833449816474042,-0.5606340611439048
0,scatter,,0.5777823513020859,-0.55189265898275
0,scatter,,0.5723071156552814,-0.543155084463798
0,scatter,,0.5669192374762618,-0.5344211269304547
0,scatter,,0.5616186816914791,-0.5256905661855785
0,scatter,,0.5564054154791186,-0.5169631728894533
0,scatter,,0.5512794083599609,-0.5082387089450869
0,scatter,,0.5462406322847149,-0.49951692787105706
0,scatter,,0.5412890616684393,-0.49079757536052315
0,scatter,,0.536424673489645,-0.4820803895559673
0,scatter,,0.5316474474182974,-0.4733651011840209
0,scatter,,0.5269573658556016,-0.4646514340198611
0,scatter,,0.5223544140035868,-0.45593910520959086
0,scatter,,0.5178385799318568,-0.4472278255818066
0,scatter,,0.5134098546416672,-0.438517299948555
0,scatter,,0.5090682321274929,-0.4298072273958858
0,scatter,,0.5048137094337846,-0.4210973015694584
0,scatter,,0.5006462865838237,-0.4123872112305697
0,scatter,,0.49656596674206777,-0.4036766402764894
0,scatter,,0.4925727563114256,-0.3949652678920035
0,scatter,,0.4886666649285902,-0.3862527689147414
0,scatter,,0.4848477055081628,-0.3775388140786289
0,scatter,,0.4811158942847788,-0.36882307024914324
0,scatter,,0.4774712508533745,-0.3601052006506165
0,scatter,,0.4739137982077348,-0.35138486508583316
0,scatter,,0.4704435627684633,-0.34266172014937024
0,scatter,,0.4670605742779604,-0.33393541945293886
0,scatter,,0.46376486599561834,-0.3252056137994289
0,scatter,,0.460556474724261,-0.3164719513746564
0,scatter,,0.45743544080099396,-0.30773407793744895
0,scatter,,0.45440180812253267,-0.2989916369981434
0,scatter,,0.4514556241691877,-0.2902442699908924
0,scatter,,0.448596940027627,-0.28149161644002907
0,scatter,,0.4458258104125312,-0.2727333141207386
0,scatter,,0.4431422936675043,-0.2639689992109795
0,scatter,,0.44054645165019274,-0.25519830641953045
0,scatter,,0.4380383499429296,-0.24642086916184264
0,scatter,,0.4356180578249731,-0.23763631969253052
0,scatter,,0.4332856482626437,-0.2288442892361959
0,scatter,,0.43104119792101886,-0.22004440811740847
0,scatter,,0.4288847871747883,-0.21123630588644077
0,scatter,,0.4268165001183378,-0.20241961144089463
0,scatter,,0.4248364245751756,-0.1935939531435304
0,scatter,,0.4229446520710188,-0.18475895891841382
0,scatter,,0.42114127772698734,-0.17591425630370355
0,scatter,,0.419426400472578,-0.1670594726624376
0,scatter,,0.4178001229791286,-0.15819423524977208
0,scatter,,0.4162625516497271,-0.14931817130596092
0,scatter,,0.41481379662080975,-0.1404309081527343
0,scatter,,0.41345397176322113,-0.13153207328711775
0,scatter,,0.41218319468279296,-0.12262129447281915
0,scatter,,0.4110015867205261,-0.11369819982948606
0,scatter,,0.4099092729006152,-0.10476241789463928
0,scatter,,0.40890638186039896,-0.0958135776751879
0,scatter,,0.4079930460258148,-0.08685130881729845
0,scatter,,0.4071694015301975,-0.07787524164969702
0,scatter,,0.40643558820421677,-0.06888500726055079
0,scatter,,0.4057917495698412,-0.0598802375753605
0,scatter,,0.40523803283393295,-0.05086056543392063
0,scatter,,0.4047745888815186,-0.04182562466646383
0,scatter,,0.4044015722687957,-0.032775050169285586
0,scatter,,0.4041191411410314,-0.023708477966297117
0,scatter,,0.40392745720902656,-0.01462554528114908
0,scatter,,0.4038266858811002,-0.005525890637705311
0,scatter,,0.4038169961772368,0.0035908460789545182
0,scatter,,0.40389856071604024,0.012725023547817509
0,scatter,,0.4040715557019784,0.021876998936614295
0,scatter,,0.4043361609122727,0.031047127825720153
0,scatter,,0.4046925596834676,0.04023576413119041
0,scatter,,0.4051409388974838,0.049443260026592106
0,scatter,,0.4056814888650369,0.05866996584567466
0,scatter,,0.4063144033639107,0.06791623001061696
0,scatter,,0.407039879707503,0.0771823989639449
0,scatter,,0.40785811866657984,0.0864688170729103
0,scatter,,0.4087693244497827,0.09577582654205585
0,scatter,,0.409773704683627,0.10510376732348074
0,scatter,,0.4108714703920005,0.11445297702450857
0,scatter,,0.4120628359751895,0.12382379081266634
0,scatter,,0.41334801918348707,0.13321654131450505
0,scatter,,0.41472724091938123,0.14263155840199482
0,scatter,,0.4162007254006498,0.15206916920661462
0,scatter,,0.41776870017473516,0.16152969803510453
0,scatter,,0.41943139602501917,0.17101346621260677
0,scatter,,0.42118904694367487,0.18052079196467258
0,scatter,,0.42304189010390425,0.19005199029503228
0,scatter,,0.4249901658315522,0.1996073728588202
0,scatter,,0.4270341175761245,0.20918724783116188
0,scatter,,0.4291739918811998,0.2187919197708158
0,scatter,,0.43141003835425934,0.22842168947875222
0,scatter,,0.4337425096264108,0.23807685384321903
0,scatter,,0.4361716608404174,0.24775770527311144
0,scatter,,0.43869775008751166,0.25746453194413593
0,scatter,,0.4413210385288066,0.2671976177675909
0,scatter,,0.44404179014899736,0.2769572420365344
0,scatter,,0.4468602717125942,0.2867436792406723
0,scatter,,0.44977675271889805,0.29655719887414744
0,scatter,,0.4527915053556728,0.3063980652358994
0,scatter,,0.4559048044515228,0.3162665372224589
0,scatter,,0.4591169274269518,0.32616286811291834
0,scatter,,0.4624281542440745,0.33608730534582143
0,scatter,,0.46583876734867036,0.3460400902795727
0,scatter,,0.46934905112750813,0.3560214573128568
0,scatter,,0.47295929228953904,0.3660316342051228
0,scatter,,0.47666978002699667,0.37607084210239955
0,scatter,,0.4804808057169585,0.38613929495547766
0,scatter,,0.48439266285197097,0.3962371992297969
0,scatter,,0.4884056469684597,0.40636475360473767
0,scatter,,0.4925200555728713,0.41652214866202547
0,scatter,,0.49673618806549097,0.42670956656295467
0,scatter,,0.5010543456619302,0.43692718071426684
0,scatter,,0.5054748313121995,0.4471751554223139
0,scatter,,0.5099979496131424,0.4574536455292057
0,scatter,,0.5146240061515777,0.46776279521102293
0,scatter,,0.5193533078697024,0.4781027382565187
0,scatter,,0.5241861633070701,0.4884735981570593
0,scatter,,0.5291228821932761,0.49887548724149866
0,scatter,,0.5341637753388323,0.5093085062361283
0,scatter,,0.5393091545223864,0.5197727438097342
0,scatter,,0.5445593323742671,0.5302682761035752
0,scatter,,0.549914622256228,0.5407951662458672
0,scatter,,0.5553753381373746,0.5513534638505853
0,scatter,,0.5609417944661464,0.5619432045001712
0,scatter,,0.5666143060362077,0.5725644092088903
0,scatter,,0.5723931872132599,0.583217082957622
0,scatter,,0.5782787522327943,0.5939012147555678
0,scatter,,0.5842713155303833,0.6046167777374947
0,scatter,,0.5903711912001919,0.6153637279976301
0,scatter,,0.5965786928267857,0.6261420039480422
0,scatter,,0.6028941333113712,0.6369515256572154
0,scatter,,0.6093178246924323,0.647792194168586
0,scatter,,0.6158500779605839,0.6586638907985719
0,scatter,,0.6224912028675915,0.6695664764138315
0,scatter,,0.6292415077294271,0.6804997906873672
0,scatter,,0.6361012992226783,0.6914636513324542
0,scatter,,0.6430708814859234,0.7024578525341585
0,scatter,,0.650150556292868,0.7134821645801936
0,scatter,,0.6573406234756728,0.7245363337599742
0,scatter,,0.6646413802163802,0.7356200809655014
0,scatter,,0.672053120794546,0.7467331007934175
0,scatter,,0.6795761363268765,0.7578750606219854
0,scatter,,0.6872107144986975,0.769045599662556
0,scatter,,0.6949571392871677,0.7802443279852203
0,scatter,,0.7028156906760082,0.7914708255181224
0,scatter,,0.7107866443616814,0.8027246410201624
0,scatter,,0.7188702714507832,0.8140052910265579
0,scatter,,0.7270668374383449,0.8253122584676629
0,scatter,,0.735376602184129,0.8366449916842841
0,scatter,,0.7437998204102051,0.8480029036383078
0,scatter,,0.752336740798381,0.8593853705085042
0,scatter,,0.7609876056225318,0.8707917304866535
0,scatter,,0.7697526503699396,0.8822212825436687
0,scatter,,0.778632103351349,0.8936732851651633
0,scatter,,0.7876261852996383,0.9051469550561768
0,scatter,,0.7967351089568135,0.9166414658145059
0,scatter,,0.8059590786492296,0.9281559465723532
0,scatter,,0.8152982898507448,0.9396894806057473
0,scatter,,0.82475292809432,0.9512411046451934
0,scatter,,0.8343231686722729,0.9628098072339805
0,scatter,,0.8440091770724333,0.9743945261939307
0,scatter,,0.8538111079150792,0.985994147763342
0,scatter,,0.8637291044337421,0.9976075050614335
0,scatter,,0.8737632979423592,1.0092333765187629
0,scatter,,0.8839138072875865,1.0208704842740843
0,scatter,,0.8941807382861172,1.0325174925373786
0,scatter,,0.9045641831467333,1.0441730059186465
0,scatter,,0.9150642198768114,1.0558355677220566
0,scatter,,0.9256809116731373,1.0675036582051791
0,scatter,,0.936414305968973,1.0791756946429638
0,scatter,,0.9472644337637803,1.0908500296780768
0,scatter,,0.9582313095138293,1.1025249463926445
0,scatter,,0.9693149301386141,1.1141986582152665
0,scatter,,0.9805152743073148,1.1258693071230699
0,scatter,,0.9918323017079178,1.1375349618076962
0,scatter,,1.0032659522970029,1.1491936158144385
0,scatter,,1.0148161455298417,1.1608431856545334
0,scatter,,1.0264827795757183,1.1724815089045533
0,scatter,,1.0382657310043955,1.184106343603235
0,scatter,,1.0501648535985204,1.1957153653220047
0,scatter,,1.062179977249733,1.2073061644908114
0,scatter,,1.074310907333596,1.2188762450445303
0,scatter,,1.0865574238371012,1.230423022434288
0,scatter,,1.0989192804663304,1.2419438216176057
0,scatter,,1.1113962037339964,1.2534358750275665
0,scatter,,1.1239878920265833,1.2648963205212218
0,scatter,,1.1366940146490467,1.2763221996850531
0,scatter,,1.1495142108199492,1.2877104617678916
0,scatter,,1.1624480887103448,1.2990579548409498
0,scatter,,1.1754952244265569,1.3103614238031023
0,scatter,,1.188655160963885,1.3216175099234622
0,scatter,,1.2019274071466928,1.332822748864455
0,scatter,,1.2153114365471718,1.343973568695851
0,scatter,,1.228806686382893,1.3550662878998516
0,scatter,,1.242412556626909,1.36609711516029
0,scatter,,1.2561284094084164,1.3770621515329666
0,scatter,,1.2699535668876236,1.3879573810734982
0,scatter,,1.283887310452407,1.398778671751954
0,scatter,,1.2979288795849029,1.409521773991789
0,scatter,,1.3120774706724412,1.42018231893585
0,scatter,,1.3263322358124334,1.430755817139146
0,scatter,,1.340692281759865,1.4412376625765957
0,scatter,,1.3551566685025442,1.451623125036412
0,scatter,,1.369724408007452,1.4619073487665388
0,scatter,,1.3843944629837024,1.472085352289705
0,scatter,,1.3991657455906996,1.482152027044972
0,scatter,,1.4140371161282919,1.4921021360601519
0,scatter,,1.4290073824368406,1.5019303192838334
0,scatter,,1.4440752984883165,1.511631091747142
0,scatter,,1.4592395621869911,1.5211988347245675
0,scatter,,1.4744988145148,1.5306277993335
0,scatter,,1.4898516381865057,1.5399121058654495
0,scatter,,1.5052965562903304,1.549045743181185
0,scatter,,1.5208320313193682,1.5580225713091715
0,scatter,,1.5364564649731194,1.5668363301879618
0,scatter,,1.552168194825486,1.5754806243032693
0,scatter,,1.567965493625956,1.5839489279047343
0,scatter,,1.5838465680401381,1.5922345860546536
0,scatter,,1.599809557285538,1.6003308150402815
0,scatter,,1.6158525318533938,1.6082307034842787
0,scatter,,1.631973493954178,1.6159272243491172
0,scatter,,1.6481703747271048,1.623413226954317
0,scatter,,1.6644410327598433,1.6306814373131653
0,scatter,,1.6807832532371265,1.6377244625476246
0,scatter,,1.6971947467090827,1.6445347930658576
0,scatter,,1.7136731484634544,1.6511048062871787
0,scatter,,1.7302160170380958,1.6574267685991875
0,scatter,,1.7468208327312542,1.6634928374892501
0,scatter,,1.7634849966550212,1.6692950650860225
0,scatter,,1.7802058295855872,1.6748254014200303
0,scatter,,1.7969805720983136,1.6800757040788872
0,scatter,,1.81380638367767,1.6850377430379395
0,scatter,,1.830680340116776,1.6897031973391048
0,scatter,,1.847599433363186,1.6940636638042144
0,scatter,,1.8645605706014672,1.6981106621962305
0,scatter,,1.8815605742579025,1.7018356431439894
0,scatter,,1.8985961822518838,1.7052299969558757
0,scatter,,1.9156640450352287,1.7082850537229366
0,scatter,,1.9327607258399464,1.710992092531379
0,scatter,,1.94988270009937,1.71334234858539
0,scatter,,1.9670263555198468,1.7153270222303791
0,scatter,,1.9841879934627071,1.7169372916004013
0,scatter,,2.0013638258297144,1.7181643137640772
0,scatter,,2.018549975665659,1.7189992357639832
0,scatter,,2.035742477075343,1.7194332040814668
0,scatter,,2.0529372754893416,1.7194573747832742
0,scatter,,2.0701302301411126,1.7190629273525297
0,scatter,,2.0873171112134887,1.7182410705607702
0,scatter,,2.104493600643795,1.716983054258581
0,scatter,,2.121655292726497,1.7152801811239653
0,scatter,,2.1387976947027023,1.713123818465979
0,scatter,,2.1559162299709977,1.7105054118389136
0,scatter,,2.1730062362827796,1.7074164961960956
0,scatter,,2.190062966513263,1.7038487088287284
0,scatter,,2.207081590102636,1.699793803023981
0,scatter,,2.2240571941610865,1.6952436617804878
0,scatter,,2.2409847875040656,1.6901903094744153
0,scatter,,2.2578592999226386,1.684625928120177
0,scatter,,2.2746755826766174,1.6785428730559597
0,scatter,,2.291428411027363,1.671933687348696
0,scatter,,2.308112485964235,1.6647911173757821
0,scatter,,2.324722436412299,1.6571081279328321
0,scatter,,2.3412528261036387,1.648877907175075
0,scatter,,2.3576981508271224,1.6400938944966628
0,scatter,,2.3740528409280333,1.6307497968850784
0,scatter,,2.3903112648654066,1.6208396034656505
0,scatter,,2.406467731939173,1.6103576026110349
0,scatter,,2.4225164955597327,1.59929839667585
0,scatter,,2.438451758912507,1.587656902094143
0,scatter,,2.4542676755389032,1.5754283843441603
0,scatter,,2.4699583533756293,1.5626084712367676
0,scatter,,2.4855178587624134,1.5491931676287474
0,scatter,,2.5009402196870827,1.535178869491159
0,scatter,,2.51621942948234,1.5205623792318832
0,scatter,,2.5313494519308235,1.5053409260164805
0,scatter,,2.5463242250921048,1.4895121805713345
0,scatter,,2.5611376657799876,1.4730742701597508
0,scatter,,2.575783674976552,1.4560257753471468
0,scatter,,2.590256141893382,1.4383657619683734
0,scatter,,2.6045489489214386,1.420093795965765
0,scatter,,2.618655976886805,1.4012099547008265
0,scatter,,2.632571109756757,1.381714834491786
0,scatter,,2.6462882391906266,1.361609554326905
0,scatter,,2.6598012714906196,1.3408957854603831
0,scatter,,2.6731041326559652,1.3195757569351994
0,scatter,,2.6861907740572772,1.2976522662610754
0,scatter,,2.6990551768356825,1.2751286722437258
0,scatter,,2.711691358746694,1.252008915812683
0,scatter,,2.7240933805578873,1.2282975332293353
0,scatter,,2.736255351833134,1.203999659617084
0,scatter,,2.74817143641993,1.1791210308890463
0,scatter,,2.7598358564798486,1.1536679741518976
0,scatter,,2.7712429018401648,1.1276474335279734
0,scatter,,2.78238693538885,1.1010669671407651
0,scatter,,2.7932623993434804,1.0739347487606452
0,scatter,,2.8038638189441514,1.046259555094099
0,scatter,,2.8141858096575354,1.0180507699506438
0,scatter,,2.824223085280894,0.9893183917942325
0,scatter,,2.833970463313188,0.9600730259088462
0,scatter,,2.84342287064259,0.9303258783077085
0,scatter,,2.8525753458802865,0.9000887372985344
0,scatter,,2.8614230500860263,0.8693739818708988
0,scatter,,2.8699612719614445,0.8381945704749154
0,scatter,,2.8781854335996866,0.8065640304944135
0,scatter,,2.886091093577444,0.7744964420332207
0,scatter,,2.8936739520269414,0.7420064243298408
0,scatter,,2.9009298601543563,0.7091091295051652
0,scatter,,2.907854824056707,0.6758202242851182
0,scatter,,2.914445009764567,0.6421558736240799
0,scatter,,2.9206967436372047,0.6081327209761974
0,scatter,,2.92660652197884,0.5737678715933637
0,scatter,,2.932171015650167,0.5390788723056098
0,scatter,,2.9373870740762738,0.5040836898088622
0,scatter,,2.9422517285000196,0.4688006893289205
0,scatter,,2.9467621929564474,0.43324861412324456
0,scatter,,2.9509158696101023,0.39744655954297564
0,scatter,,2.954710355277243,0.3614139467461444
0,scatter,,2.958143443938292,0.32517049694160693
0,scatter,,2.9612131282039345,0.28873620580228915
0,scatter,,2.9639175998342777,0.2521313180973401
0,scatter,,2.9662552545371614,0.21537629712896184
0,scatter,,2.9682246941694266,0.17849179751204539
0,scatter,,2.9698247280859302,0.14149863550272695
0,scatter,,2.971054374403086,0.10441775980618119
0,scatter,,2.971912861071615,0.06727022245093636
0,scatter,,2.9723996270476865,0.030077147242835466
0,scatter,,2.9725143227503965,-0.00714029879078041
0,scatter,,2.972256810480177,-0.04436093710206335
0,scatter,,2.9716271638859304,-0.08156360790541681
0,scatter,,2.9706256685017696,-0.11872719940860144
0,scatter,,2.969252820267972,-0.15583067998379752
0,scatter,,2.9675093249525992,-0.1928531257126722
0,scatter,,2.965396096947244,-0.22977375339564124
0,scatter,,2.9629142576861236,-0.2665719493944625
0,scatter,,2.9600651331232326,-0.30322729350000593
0,scatter,,2.9568502534845758,-0.33971959502215876
0,scatter,,2.9532713498069887,-0.37602891753850565
0,scatter,,2.949330348907642,-0.4121356010846562
0,scatter,,2.9450293752808268,-0.44802029890540584
0,scatter,,2.9403707446561715,-0.4836639960715464
0,scatter,,2.93535695910648,-0.5190480314167916
0,scatter,,2.9299907082671672,-0.5541541336814898
0,scatter,,2.924274861030653,-0.5889644319740143
0,scatter,,2.9182124620006613,-0.6234614802196504
0,scatter,,2.9118067303588884,-0.6576282892087173
0,scatter,,2.9050610509217987,-0.6914483291784967
0,scatter,,2.897978971452526,-0.7249055579627884
0,scatter,,2.890564199379613,-0.7579844461933741
0,scatter,,2.8828205927584833,-0.7906699731123449
0,scatter,,2.874752157891655,-0.8229476584106586
0,scatter,,2.8663630442983745,-0.8548035784755108
0,scatter,,2.8576575360271557,-0.8862243575156112
0,scatter,,2.8486400490444015,-0.9171972017454801
0,scatter,,2.839315124927394,-0.9477099052280342
0,scatter,,2.829687422938152,-0.9777508400422228
0,scatter,,2.819761716547057,-1.0073089884915791
0,scatter,,2.8095428865671708,-1.036373939323118
0,scatter,,2.799035913906053,-1.0649358778150644
0,scatter,,2.788245875342721,-1.0929856171675572
0,scatter,,2.777177936659729,-1.1205145936670933
0,scatter,,2.765837346355717,-1.1475148546172471
0,scatter,,2.7542294290570837,-1.1739790584931784
0,scatter,,2.7423595786995625,-1.1999004782583897
0,scatter,,2.7302332521787602,-1.2252729933588977
0,scatter,,2.717855967946709,-1.2500911163633535
0,scatter,,2.7052332955475853,-1.2743499607932351
0,scatter,,2.69237084922897,-1.2980452336690265
0,scatter,,2.679274282994714,-1.321173235555429
0,scatter,,2.6659492865614616,-1.3437308641754244
0,scatter,,2.65240157677321,-1.3657155906874567
0,scatter,,2.638636892357355,-1.3871254539501097
0,scatter,,2.6246609892917627,-1.4079590543192848
0,scatter,,2.610479635534593,-1.4282155438314679
0,scatter,,2.596098604091847,-1.4478946093621745
0,scatter,,2.5815236681546314,-1.4669964619721518
0,scatter,,2.5667605969123453,-1.4855218294208026
0,scatter,,2.5518151497294066,-1.503471938917264
0,scatter,,2.5366930708426834,-1.520848501280343
0,scatter,,2.521400084834084,-1.5376536981787787
0,scatter,,2.5059418929330635,-1.5538901739831021
0,scatter,,2.490324167345102,-1.569561012628119
0,scatter,,2.4745525470507492,-1.5846697231165834
0,scatter,,2.458632633925927,-1.5992202267869553
0,scatter,,2.4425699890621724,-1.6132168448508044
0,scatter,,2.4263701281122936,-1.6266642749342475
0,scatter,,2.4100385178333292,-1.6395675771804858
0,scatter,,2.393580572560061,-1.6519321584991409
0,scatter,,2.3770016509987957,-1.6637637605419975
0,scatter,,2.3603070529039516,-1.6750684392001483
0,scatter,,2.3435020161741287,-1.685852550028725
0,scatter,,2.326591714076376,-1.69612273303136
0,scatter,,2.309581251244305,-1.7058858900322793
0,scatter,,2.2924756620531346,-1.7151491737694158
0,scatter,,2.275279908547613,-1.7239199739861124
0,scatter,,2.257998878023401,-1.7322059010857356
0,scatter,,2.240637380361821,-1.7400147673954978
0,scatter,,2.2232001459591837,-1.7473545712705614
0,scatter,,2.2056918247305344,-1.7542334869279987
0,scatter,,2.1881169841712733,-1.760659848056742
0,scatter,,2.170480107732667,-1.7666421329059734
0,scatter,,2.1527855929997814,-1.7721889480236215
0,scatter,,2.1350377511144223,-1.7773090177832396
0,scatter,,2.117240805504723,-1.7820111701943946
0,scatter,,2.0993988909055714,-1.7863043238113265
0,scatter,,2.0815160523085323,-1.7901974734512318
0,scatter,,2.063596244462894,-1.793699679520331
0,scatter,,2.045643331294653,-1.79682005619707
0,scatter,,2.0276610854252524,-1.7995677598849407
0,scatter,,2.009653187657534,-1.801951976729913
0,scatter,,1.991623226781719,-1.8039819124251286
0,scatter,,1.9735746995369114,-1.8056667828820638
0,scatter,,1.9555110105235307,-1.8070158039932742
0,scatter,,1.9374354722177098,-1.8080381815956164
0,scatter,,1.9193513050572486,-1.8087431015489899
0,scatter,,1.9012616377957219,-1.8091397227206378
0,scatter,,1.8831695077859427,-1.8092371682285031
0,scatter,,1.8650778613732082,-1.8090445173898797
0,scatter,,1.8469895543090282,-1.8085707968079308
0,scatter,,1.8289073523864652,-1.8078249751777646
0,scatter,,1.8108339320433895,-1.8068159562544035
0,scatter,,1.7927718810429631,-1.8055525725115595
0,scatter,,1.774723699220645,-1.8040435792957554
0,scatter,,1.7566917992708189,-1.8022976473505878
0,scatter,,1.7386785076090294,-1.800323358700717
0,scatter,,1.7206860652760265,-1.7981292023141517
0,scatter,,1.702716628873219,-1.7957235688396962
0,scatter,,1.684772271538613,-1.7931147461416166
0,scatter,,1.666854984110826,-1.7903109163539603
0,scatter,,1.6489666763477524,-1.7873201533735181
0,scatter,,1.6311091777046365,-1.784150416749151
0,scatter,,1.6132842386019939,-1.7808095495947296
0,scatter,,1.595493531587245,-1.7773052756541896
0,scatter,,1.5777386525455324,-1.7736451970109217
0,scatter,,1.5600211221095024,-1.7698367946567901
0,scatter,,1.5423423866723396,-1.765887423205853
0,scatter,,1.5247038196786447,-1.7618043096848548
0,scatter,,1.507106722909091,-1.7575945522610898
0,scatter,,1.489552327754781,-1.753265118855185
0,scatter,,1.4720417966985597,-1.7488228478145318
0,scatter,,1.4545762245334206,-1.7442744462173077
0,scatter,,1.437156639586563,-1.7396264883512338
0,scatter,,1.4197840051060386,-1.7348854158539124
0,scatter,,1.402459220588056,-1.7300575374234377
0,scatter,,1.3851831231032885,-1.725149028978366
0,scatter,,1.3679564886215592,-1.7201659341431177
0,scatter,,1.3507800333433448,-1.715114163711843
0,scatter,,1.3336544150197105,-1.7099994963086564
0,scatter,,1.3165802342693147,-1.704827578895322
0,scatter,,1.2995580358918082,-1.6996039274436339
0,scatter,,1.282588310192156,-1.6943339281808236
0,scatter,,1.2656714942583849,-1.6890228379619319
0,scatter,,1.2488079732529376,-1.6836757853142674
0,scatter,,1.2319980816943523,-1.6782977715788017
0,scatter,,1.2152421047257693,-1.67289367207311
0,scatter,,1.19854027934329,-1.667468237561691
0,scatter,,1.1818927956456575,-1.6620260955271462
0,scatter,,1.1652997980796276,-1.656571751435189
0,scatter,,1.1487613866423771,-1.6511095902954467
0,scatter,,1.1322776180799006,-1.6456438781926888
0,scatter,,1.1158485070628454,-1.6401787639293925
0,scatter,,1.0994740273383026,-1.6347182807836376
0,scatter,,1.0831541129028386,-1.6292663480066156
0,scatter,,1.066888659127403,-1.623826772616292
0,scatter,,1.0506775238733346,-1.6184032511620523
0,scatter,,1.0345205285844548,-1.6129993715227782
0,scatter,,1.0184174592924462,-1.6076186148146383
0,scatter,,1.0023680677719595,-1.6022643571146689
0,scatter,,0.9863720725753101,-1.5969398713276064
0,scatter,,0.970429160047341,-1.5916483290689405
0,scatter,,0.9545389853376303,-1.586392802540179
0,scatter,,0.9387011733964558,-1.581176266409803
0,scatter,,0.9229153199551261,-1.576001599696852
0,scatter,,0.9071809923402194,-1.5708715877493127
0,scatter,,0.8914977302425933,-1.5657889242388814
0,scatter,,0.8758650470627759,-1.5607562127776562
0,scatter,,0.8602824306259962,-1.5557759689164632
0,scatter,,0.844749344054615,-1.5508506220262352
0,scatter,,0.8292652266319661,-1.5459825171657633
0,scatter,,0.8138294946509252,-1.5411739169391654
0,scatter,,0.7984415422386599,-1.5364270033334195
0,scatter,,0.783100741806634,-1.531743879207418
0,scatter,,0.7678064451277203,-1.5271265703641426
0,scatter,,0.752557984222139,-1.5225770274425174
0,scatter,,0.7373546719854605,-1.5180971275656963
0,scatter,,0.7221958029237862,-1.513688676084762
0,scatter,,0.7070806538743538,-1.5093534083035953
0,scatter,,0.6920084847121,-1.505092991184817
0,scatter,,0.6769785389654017,-1.5009090248538157
0,scatter,,0.661990044191502,-1.4968030435471484
0,scatter,,0.6470422130884598,-1.492776518307851
0,scatter,,0.6321342439920198,-1.4888308582384455
0,scatter,,0.617265321463929,-1.4849674119769687
0,scatter,,0.6024346168972685,-1.4811874692192826
0,scatter,,0.5876412891090455,-1.4774922622167925
0,scatter,,0.5728844849208691,-1.473882967250297
0,scatter,,0.5581633395346599,-1.4703607054295489
0,scatter,,0.5434769770940496,-1.4669265441308772
0,scatter,,0.5288245114625446,-1.4635814991765412
0,scatter,,0.514205046606868,-1.4603265356965474
0,scatter,,0.49961767710255955,-1.4571625694116581
0,scatter,,0.48506148862857756,-1.454090467887969
0,scatter,,0.47053555845149414,-1.4511110517637804
0,scatter,,0.45603895588151055,-1.448225095869639
0,scatter,,0.441570742530511,-1.4454333294941821
0,scatter,,0.4271299729907216,-1.4427364385094876
0,scatter,,0.41271569525058943,-1.440135066354672
0,scatter,,0.3983269510790151,-1.437629814891224
0,scatter,,0.3839627764402714,-1.4352212454015323
0,scatter,,0.3696222019003007,-1.4329098795572146
0,scatter,,0.3553042530249621,-1.4306962003581696
0,scatter,,0.3410079507131046,-1.4285806527396279
0,scatter,,0.3267323114955757,-1.4265636440098446
0,scatter,,0.3124763480872043,-1.4246455456265872
0,scatter,,0.29823906967287805,-1.4228266935806135
0,scatter,,0.2840194822569875,-1.4211073891166477
0,scatter,,0.26981658901035965,-1.4194878994441336
0,scatter,,0.25562939061113876,-1.4179684584172454
0,scatter,,0.24145688557858286,-1.4165492671752837
0,scatter,,0.22729807051774126,-1.4152304942264744
0,scatter,,0.21315194050167446,-1.4140122763971412
0,scatter,,0.19901748942123904,-1.4128947195767076
0,scatter,,0.18489371026409746,-1.411877899014423
0,scatter,,0.1707795954203031,-1.4109618597789553
0,scatter,,0.15667413698401525,-1.4101466171865304
0,scatter,,0.14257632705161785,-1.4094321571982267
0,scatter,,0.12848515800573657,-1.408818436700747
0,scatter,,0.11439962275787877,-1.4083053834529702
0,scatter,,0.10031871510732213,-1.4078928969383047
0,scatter,,0.0862414300055474,-1.4075808484595687
0,scatter,,0.07216676383259667,-1.4073690813130795
0,scatter,,0.05809371467716545,-1.4072574109737863
0,scatter,,0.04402128261520694,-1.407245625249154
0,scatter,,0.02994846998756357,-1.407333484402256
0,scatter,,0.015874281659038245,-1.407520721063508
0,scatter,,0.0017977252924192555,-1.4078070402678047
0,scatter,,-0.012282188350093981,-1.408192119739689
0,scatter,,-0.026366445145854442,-1.4086756097363398
0,scatter,,-0.040456027336530906,-1.4092571329979962
0,scatter,,-0.0545519132521596,-1.4099362846674064
0,scatter,,-0.06865507703402757,-1.4107126321782613
0,scatter,,-0.08276648835697702,-1.4115857151005662
0,scatter,,-0.09688711215983402,-1.4125550448024131
0,scatter,,-0.11101790835209227,-1.4136201044167875
0,scatter,,-0.12515983153029392,-1.4147803485920432
0,scatter,,-0.1393138306936059,-1.4160352031815988
0,scatter,,-0.15348084895430691,-1.417384064937171
0,scatter,,-0.16766182324493978,-1.4188263011711137
0,scatter,,-0.18185768402197536,-1.4203612493880675
0,scatter,,-0.19606935496613437,-1.4219882168624465
0,scatter,,-0.21029775268011736,-1.4237064801677832
0,scatter,,-0.22454378637558958,-1.425515284796751
0,scatter,,-0.23880835756186347,-1.4274138446347782
0,scatter,,-0.25309235972685795,-1.4294013414331428
0,scatter,,-0.26739667801298145,-1.4314769242540704
0,scatter,,-0.28172218888738365,-1.4336397088856625
0,scatter,,-0.2960697598061327,-1.4358887772271927
0,scatter,,-0.3104402488732457,-1.4382231766759572
0,scatter,,-0.3248345044911379,-1.4406419194288087
0,scatter,,-0.33925336500453357,-1.4431439817635314
0,scatter,,-0.3536976583382008,-1.4457283033200423
0,scatter,,-0.36816820162667135,-1.448393786338687
0,scatter,,-0.3826658008362522,-1.4511392948694872
0,scatter,,-0.39719125037887326,-1.453963653952464
0,scatter,,-0.4117453327176388,-1.4568656487692062
0,scatter,,-0.4263288179668636,-1.4598440238243675
0,scatter,,-0.4409424634919089,-1.4628974822566325
0,scatter,,-0.4555870134677842,-1.4660246845426121
0,scatter,,-0.47026319845501724,-1.469224247659356
0,scatter,,-0.4849717349607846,-1.472494744129016
0,scatter,,-0.49971332498849963,-1.4758347010120938
0,scatter,,-0.5144886555770841,-1.4792425988739661
0,scatter,,-0.5292983983294636,-1.4827168707248437
0,scatter,,-0.5441432089302108,-1.4862559009339076
0,scatter,,-0.5590237267074348,-1.4898580246745212
0,scatter,,-0.573940574104543,-1.493521526555685
0,scatter,,-0.5888943561122153,-1.4972446389480905
0,scatter,,-0.6038856597759146,-1.501025541163828
0,scatter,,-0.6189150536571517,-1.5048623582713385
0,scatter,,-0.6339830872821888,-1.5087531598878965
0,scatter,,-0.6490902905780709,-1.5126959589499722
0,scatter,,-0.66423717329553,-1.5166887104617248
0,scatter,,-0.6794242244492683,-1.5207293104448092
0,scatter,,-0.6946519119036865,-1.5248155960252059
0,scatter,,-0.7099206814823306,-1.5289453421331491
0,scatter,,-0.725230956406511,-1.5331162606815283
0,scatter,,-0.7405831366860692,-1.5373259994812065
0,scatter,,-0.7559775984668943,-1.5415721409282241
0,scatter,,-0.7714146933641167,-1.5458522006769584
0,scatter,,-0.7868947477809017,-1.550163626299827
0,scatter,,-0.8024180622124231,-1.554503795934013
0,scatter,,-0.8179849107701859,-1.5588700184267377
0,scatter,,-0.8335955404780052,-1.5632595321001748
0,scatter,,-0.8492501701437745,-1.567669500880518
0,scatter,,-0.8649489898277595,-1.5720970143477135
0,scatter,,-0.8806921600860231,-1.5765390864340376
0,scatter,,-0.8964798111980958,-1.580992654115521
0,scatter,,-0.9123120423795871,-1.5854545761039378
0,scatter,,-0.9281889209797275,-1.589921631540325
0,scatter,,-0.9441104817235852,-1.5943905190350784
0,scatter,,-0.96007672652008,-1.598857859039976
0,scatter,,-0.9760876228156291,-1.6033201879865242
0,scatter,,-0.9921431028424758,-1.6077739576441505
0,scatter,,-1.0082430628967443,-1.6122155347464822
0,scatter,,-1.0243873624688078,-1.616641199872826
0,scatter,,-1.0405758233597777,-1.62104714635209
0,scatter,,-1.056808228783845,-1.6254294791905928
0,scatter,,-1.0730843224565672,-1.6297842140253236
0,scatter,,-1.0894038081571724,-1.6341072785333821
0,scatter,,-1.1057663491662595,-1.6383945133210245
0,scatter,,-1.1221715660514342,-1.642641664695861
0,scatter,,-1.1386190363307362,-1.6468443868842837
0,scatter,,-1.1551082935483268,-1.6509982414301678
0,scatter,,-1.1716388263217854,-1.6550986965602748
0,scatter,,-1.188210077378804,-1.6591411266058578
0,scatter,,-1.2048214425831627,-1.6631208114827374
0,scatter,,-1.2214722700236496,-1.667032936540413
0,scatter,,-1.238161860506739,-1.6708725984100445
0,scatter,,-1.2548894649850093,-1.6746347981006384
0,scatter,,-1.2716542834772926,-1.678314440467025
0,scatter,,-1.2884554645191675,-1.6819063360172042
0,scatter,,-1.3052921041914327,-1.6854052010631468
0,scatter,,-1.3221632451442504,-1.6888056579709267
0,scatter,,-1.339067875617471,-1.692102235513541
0,scatter,,-1.3560049284572575,-1.6952893693296793
0,scatter,,-1.3729732807054222,-1.698361404453149
0,scatter,,-1.389971753726309,-1.7013125997956118
0,scatter,,-1.406999110128968,-1.704137121841114
0,scatter,,-1.424054053693772,-1.7068290486989819
0,scatter,,-1.4411352285584909,-1.7093823717646888
0,scatter,,-1.4582412183490991,-1.7117909973239342
0,scatter,,-1.4753705453225867,-1.7140487483319147
0,scatter,,-1.4925216695655132,-1.7161493660733982
0,scatter,,-1.5096929882928873,-1.7180865114006492
0,scatter,,-1.5268828348273487,-1.719853768518477
0,scatter,,-1.5440894778794871,-1.7214446469586149
0,scatter,,-1.5613111207870602,-1.7228525841637632
0,scatter,,-1.57854590076261,-1.724070948346084
0,scatter,,-1.5957918881609794,-1.7250930415499877
0,scatter,,-1.6130470860848842,-1.725912103623452
0,scatter,,-1.6303094311413786,-1.7265213188941333
0,scatter,,-1.647576790745549,-1.726913815397492
0,scatter,,-1.6648469631396978,-1.7270826702664988
0,scatter,,-1.6821176770451958,-1.7270209144854838
0,scatter,,-1.699386591193207,-1.726721537553683
0,scatter,,-1.7166512938952356,-1.726177492416769
0,scatter,,-1.7339093027936547,-1.72538170040482
0,scatter,,-1.7511580654640648,-1.7243270548848737
0,scatter,,-1.7683949579314946,-1.7230064293270624
0,scatter,,-1.7856172847140275,-1.721412682796096
0,scatter,,-1.8028222788199395,-1.7195386659255998
0,scatter,,-1.8200071016659454,-1.71737722744742
0,scatter,,-1.8371688430544653,-1.7149212210182334
0,scatter,,-1.854304521298889,-1.7121635120709182
0,scatter,,-1.871411084238917,-1.7090969823252744
0,scatter,,-1.8884854083936626,-1.705714540786235
0,scatter,,-1.905524299348919,-1.7020091313233252
0,scatter,,-1.9225244922904647,-1.6979737403291641
0,scatter,,-1.9394826524466866,-1.693601405226663
0,scatter,,-1.9563953756116075,-1.6888852232893778
0,scatter,,-1.9732591887891189,-1.6838183603602976
0,scatter,,-1.9900705515449493,-1.67839405311593
0,scatter,,-2.0068258561465457,-1.672605625798064
0,scatter,,-2.0235214284354104,-1.6664465002813613
0,scatter,,-2.0401535289878816,-1.659910204340098
0,scatter,,-2.0567183542192016,-1.6529903818980256
0,scatter,,-2.0732120375896845,-1.6456808035646897
0,scatter,,-2.0896306509146187,-1.6379753772071544
0,scatter,,-2.1059702057526732,-1.6298681506796826
0,scatter,,-2.122226654952192,-1.6213533284678254
0,scatter,,-2.1383958942965084,-1.612425284859757
0,scatter,,-2.1544737642473843,-1.603078572601481
0,scatter,,-2.170456051813542,-1.5933079340117082
0,scatter,,-2.186338492486319,-1.5831083121584022
0,scatter,,-2.2021167717776966,-1.5724748613155888
0,scatter,,-2.217786527985709,-1.5614029593845877
0,scatter,,-2.233343354463944,-1.5498882194104817
0,scatter,,-2.248782801953137,-1.5379265011085934
0,scatter,,-2.2641003811292415,-1.5255139226458048
0,scatter,,-2.279291565165698,-1.5126468705998761
0,scatter,,-2.2943517920091443,-1.4993220028645653
0,scatter,,-2.309276467933254,-1.485536271444789
0,scatter,,-2.32406097037471,-1.471286930674751
0,scatter,,-2.338700651011305,-1.4565715473749619
0,scatter,,-2.353190839015333,-1.4413880117507998
0,scatter,,-2.3675268439472843,-1.425734546581991
0,scatter,,-2.3817039582682114,-1.4096097146111037
0,scatter,,-2.3957174625232738,-1.3930124340733312
0,scatter,,-2.4095626283672837,-1.375941986582725
0,scatter,,-2.4232347222549735,-1.358398026566912
0,scatter,,-2.4367290092894454,-1.340380590575928
0,scatter,,-2.4500407564718403,-1.3218901028846874
0,scatter,,-2.4631652363535954,-1.3029273821662652
0,scatter,,-2.4760977323694036,-1.2834936553394691
0,scatter,,-2.4888335424272103,-1.2635905621612842
0,scatter,,-2.5013679831564413,-1.24322016205026
0,scatter,,-2.513696394246233,-1.2223849404199307
0,scatter,,-2.5258141413625865,-1.2010878121166249
0,scatter,,-2.5377166210745257,-1.1793321273055102
0,scatter,,-2.5493992663863763,-1.1571216775841555
0,scatter,,-2.5608575505746956,-1.1344606986954844
0,scatter,,-2.572086991737305,-1.111353873583751
0,scatter,,-2.5830831573308037,-1.0878063347219322
0,scatter,,-2.5938416671371787,-1.063823665255329
0,scatter,,-2.6043581991413705,-1.0394119001580553
0,scatter,,-2.614628494447965,-1.014577526315037
0,scatter,,-2.6246483614552325,-0.9893274815607391
0,scatter,,-2.634413680460473,-0.9636691529665671
0,scatter,,-2.6439204079107967,-0.9376103739940556
0,scatter,,-2.6531645799731103,-0.9111594283532551
0,scatter,,-2.662142317494519,-0.8843250353944498
0,scatter,,-2.6708498314935616,-0.8571163509122358
0,scatter,,-2.6792834267923733,-0.8295429596836227
0,scatter,,-2.687439506388977,-0.8016148686026577
0,scatter,,-2.6953145755657912,-0.773342499902772
0,scatter,,-2.702905245101748,-0.7447366881193307
0,scatter,,-2.710208236131686,-0.7158086661052975
0,scatter,,-2.717220383854871,-0.686570056280811
0,scatter,,-2.72393864192825,-0.657032857971335
0,scatter,,-2.730360086147983,-0.6272094359232934
0,scatter,,-2.7364819179020183,-0.5971125084087723
0,scatter,,-2.7423014675874873,-0.5667551345529588
0,scatter,,-2.7478161969512795,-0.5361507048770463
0,scatter,,-2.753023703651404,-0.5053129210570261
0,scatter,,-2.7579217239953286,-0.4742557821535042
0,scatter,,-2.762508135473083,-0.44299356929981976
0,scatter,,-2.7667809597956974,-0.411540828504847
0,scatter,,-2.770738365661811,-0.379912352922862
0,scatter,,-2.7743786708179505,-0.34812316605296895
0,scatter,,-2.77770034384568,-0.3161885047928482
0,scatter,,-2.780702007041319,-0.2841237975669656
0,scatter,,-2.783382438014593,-0.251944645778156
0,scatter,,-2.7857405708087826,-0.21966680712668762
0,scatter,,-2.787775497851365,-0.18730617251058423
0,scatter,,-2.7894864712729555,-0.15487874502047716
0,scatter,,-2.7908729035845625,-0.12240062202828694
0,scatter,,-2.7919343684796063,-0.08988797442529789
0,scatter,,-2.7926706018223935,-0.05735702235843193
0,scatter,,-2.7930815019201294,-0.02482401520587782
0,scatter,,-2.793167129434648,0.007694785699976087
0,scatter,,-2.7929277076706875,0.0401831328685031
0,scatter,,-2.7923636222855963,0.07262481338896194
0,scatter,,-2.791475420832224,0.10500366918530377
0,scatter,,-2.7902638121218954,0.13730361618294612
0,scatter,,-2.7887296652474296,0.16950866725731506
0,scatter,,-2.786874008441852,0.20160295158495178
0,scatter,,-2.7846980281144638,0.23357073628504216
0,scatter,,-2.7822030675035356,0.2653964469386273
0,scatter,,-2.7793906244659903,0.29706468466215774
0,scatter,,-2.7762623497414496,0.3285602458539271
0,scatter,,-2.7728200452801945,0.3598681426398577
0,scatter,,-2.76906566182299,0.39097362024731874
0,scatter,,-2.7650012962595456,0.4218621736606455
0,scatter,,-2.7606291891211923,0.452519565085838
0,scatter,,-2.7559517221279446,0.48293184137139583
0,scatter,,-2.750971415004049,0.5130853489129801
0,scatter,,-2.7456909223680217,0.5429667486088777
0,scatter,,-2.7401130305640335,0.5725630304176764
0,scatter,,-2.7342406544770266,0.601861527719429
0,scatter,,-2.728076833821522,0.6308499292711358
0,scatter,,-2.721624729541006,0.659516291331181
0,scatter,,-2.7148876201300207,0.6878490492971643
0,scatter,,-2.7078688979059495,0.7158370289149967
0,scatter,,-2.700572064865548,0.7434694546491036
0,scatter,,-2.693000728690183,0.7707359587141376
0,scatter,,-2.685158598694949,0.797626589744139
0,scatter,,-2.6770494816487242,0.8241318200759373
0,scatter,,-2.6686772774063425,0.8502425509574864
0,scatter,,-2.660045974615268,0.8759501182114457
0,scatter,,-2.6511596464314464,0.9012462983279751
0,scatter,,-2.642022446035585,0.9261233110104181
0,scatter,,-2.6326386021459225,0.9505738213528377
0,scatter,,-2.623012414559588,0.9745909420405796
0,scatter,,-2.613148249651735,0.9981682342429542
0,scatter,,-2.6030505359832543,1.0212997112618494
0,scatter,,-2.592723759769526,1.0439798369127153
0,scatter,,-2.5821724603449976,1.0662035225536692
0,scatter,,-2.5714012257552903,1.0879661265749836
0,scatter,,-2.560414688348767,1.109263452057033
0,scatter,,-2.5492175200359264,1.1300917424570582
0,scatter,,-2.537814427928872,1.1504476778860422
0,scatter,,-2.526210150352606,1.1703283719578053
0,scatter,,-2.5144094524058933,1.1897313662805926
0,scatter,,-2.5024171217611113,1.208654625080871
0,scatter,,-2.4902379642509334,1.2270965271055332
0,scatter,,-2.477876799638782,1.245055857913271
0,scatter,,-2.4653384580154176,1.2625318060241772
0,scatter,,-2.452627775668851,1.2795239538450773
0,scatter,,-2.4397495912317892,1.2960322696941917
0,scatter,,-2.4267087417085484,1.3120570980332718
0,scatter,,-2.4135100585293205,1.3275991489147358
0,scatter,,-2.4001583644032913,1.3426594918792758
0,scatter,,-2.386658469606327,1.3572395450801127
0,scatter,,-2.3730151685504612,1.3713410653869689
0,scatter,,-2.3592332364293553,1.3849661377621743
0,scatter,,-2.3453174259294074,1.3981171637715661
0,scatter,,-2.3312724642129927,1.41079685267565
0,scatter,,-2.317103049873957,1.423008210093957
0,scatter,,-2.3028138500369066,1.4347545271154318
0,scatter,,-2.2884094975449147,1.4460393689453857
0,scatter,,-2.273894588192657,1.4568665623992616
0,scatter,,-2.2592736782663096,1.4672401865751123
0,scatter,,-2.2445512820489726,1.477164561104296
0,scatter,,-2.2297318694648953,1.4866442348736164
0,scatter,,-2.2148198638496197,1.4956839746542732
0,scatter,,-2.199819639871265,1.5042887527958586
0,scatter,,-2.1847355214684914,1.5124637373898875
0,scatter,,-2.1695717799625487,1.520214280926962
0,scatter,,-2.154332632271463,1.527545909256723
0,scatter,,-2.139022239232661,1.5344643106704474
0,scatter,,-2.123644704064866,1.5409753242621522
0,scatter,,-2.1082040708668717,1.5470849302629495
0,scatter,,-2.092704323258654,1.5527992394988173
0,scatter,,-2.0771493831229124,1.5581244830339385
0,scatter,,-2.0615431094538286,1.563067002075493
0,scatter,,-2.0458892974583334,1.5676332374375188
0,scatter,,-2.030191677434018,1.5718297205610197
0,scatter,,-2.0144539139032753,1.5756630640770244
0,scatter,,-1.9986796048624997,1.5791399525027618
0,scatter,,-1.9828722810867023,1.5822671333157965
0,scatter,,-1.9670354055434909,1.5850514082015414
0,scatter,,-1.9511723732606117,1.5874996233702874
0,scatter,,-1.935286510536892,1.5896186624853081
0,scatter,,-1.9193810745901634,1.591415438699618
0,scatter,,-1.9034592533616774,1.5928968866881679
0,scatter,,-1.8875241653165216,1.594069955178066
0,scatter,,-1.871578859333656,1.5949415997507974
0,scatter,,-1.8556263150198735,1.5955187760406724
0,scatter,,-1.8396694423992146,1.595808432943759
0,scatter,,-1.8237110819779363,1.595817506204695
0,scatter,,-1.8077540049666085,1.5955529122992147
0,scatter,,-1.7918009134806807,1.5950215425440657
0,scatter,,-1.7758544408110004,1.5942302574919625
0,scatter,,-1.7599171520882524,1.5931858821794331
0,scatter,,-1.743991544353728,1.591895200501014
0,scatter,,-1.7280800469466453,1.5903649503008006
0,scatter,,-1.7121850220488264,1.5886018189019582
0,scatter,,-1.69630876519193,1.5866124387313991
0,scatter,,-1.6804535058155141,1.5844033832223166
0,scatter,,-1.664621408169449,1.5819811640963959
0,scatter,,-1.648814571691689,1.5793522267761384
0,scatter,,-1.6330350316324977,1.5765229468161837
0,scatter,,-1.6172847598293765,1.5734996269974126
0,scatter,,-1.6015656654357249,1.570288494346989
0,scatter,,-1.585879595682055,1.5668956973969514
0,scatter,,-1.5702283368701988,1.5633273048102339
0,scatter,,-1.5546136150210192,1.5595893021312608
0,scatter,,-1.5390370966677245,1.5556875894234183
0,scatter,,-1.5235003897627206,1.551627979616313
0,scatter,,-1.5080050445471196,1.547416196721744
0,scatter,,-1.4925525544390312,1.5430578742448908
0,scatter,,-1.4771443570893346,1.5385585549212966
0,scatter,,-1.4617818351858385,1.5339236886196468
0,scatter,,-1.4464663173450845,1.5291586309773688
0,scatter,,-1.4311990790934372,1.5242686427867869
0,scatter,,-1.4159813438136926,1.5192588891998813
0,scatter,,-1.4008142836989947,1.5141344390820513
0,scatter,,-1.3856990207897035,1.5089002654260717
0,scatter,,-1.3706366278846887,1.503561244345166
0,scatter,,-1.3556281294858643,1.4981221545523382
0,scatter,,-1.3406745027904132,1.4925876775029132
0,scatter,,-1.3257766786604344,1.486962397369898
0,scatter,,-1.3109355425901654,1.4812508011291459
0,scatter,,-1.296151935718411,1.4754572794548542
0,scatter,,-1.2814266557541516,1.4695861265695558
0,scatter,,-1.2667604579421965,1.4636415403688265
0,scatter,,-1.2521540560265663,1.4576276231213698
0,scatter,,-1.2376081232042229,1.451548382017751
0,scatter,,-1.2231232930724396,1.4454077297990942
0,scatter,,-1.208700160557538,1.4392094861515516
0,scatter,,-1.1943392828568382,1.432957377931656
0,scatter,,-1.1800411803683828,1.426655039705627
0,scatter,,-1.165806337603289,1.4203060148657367
0,scatter,,-1.1516352040935003,1.413913756531291
0,scatter,,-1.137528195289998,1.407481628481543
0,scatter,,-1.1234856934507362,1.401012906133035
0,scatter,,-1.109508048475299,1.3945107795103076
0,scatter,,-1.0955955787950136,1.3879783531589198
0,scatter,,-1.0817485722505134,1.3814186461143168
0,scatter,,-1.067967286913234,1.3748345939005169
0,scatter,,-1.0542519519123161,1.3682290496943006
0,scatter,,-1.0406027682478924,1.3616047854956774
0,scatter,,-1.0270199095904913,1.3549644933046814
0,scatter,,-1.013503523100778,1.3483107883881749
0,scatter,,-1.0000537301867065,1.3416462096980868
0,scatter,,-0.9866706272305823,1.3349732194089232
0,scatter,,-0.9733542863477754,1.3282942053053015
0,scatter,,-0.9601047561108356,1.3216114820731584
0,scatter,,-0.9469220622565385,1.3149272925806286
0,scatter,,-0.9338062083755332,1.3082438091442954
0,scatter,,-0.9207571768831628,1.3015631366250426
0,scatter,,-0.9077749296412444,1.2948873134583558
0,scatter,,-0.8948594082649142,1.2882183108299055
0,scatter,,-0.8820105349586107,1.2815580352080043
0,scatter,,-0.8692282131415359,1.2749083296633177
0,scatter,,-0.8565123280557917,1.2682709751685433
0,scatter,,-0.8438627473570037,1.2616476918747677
0,scatter,,-0.8312793219950936,1.2550401417678794
0,scatter,,-0.8187618868319159,1.2484499301771121
0,scatter,,-0.806310260713791,1.2418786048471178
0,scatter,,-0.7939242472677344,1.2353276583637285
0,scatter,,-0.7816036354360338,1.2287985294335046
0,scatter,,-0.769348199994053,1.2222926041336544
0,scatter,,-0.7571577020521902,1.2158112171341442
0,scatter,,-0.7450318897459666,1.20935565393768
0,scatter,,-0.7329704988215999,1.2029271526338554
0,scatter,,-0.720973252687186,1.1965269029602896
0,scatter,,-0.7090398630706376,1.1901560485245029
0,scatter,,-0.6971700304699402,1.1838156880057062
0,scatter,,-0.68536344458661,1.1775068763148397
0,scatter,,-0.6736197847453292,1.171230625725742
0,scatter,,-0.6619387204177513,1.1649879077042062
0,scatter,,-0.6503199117319389,1.158779654701866
0,scatter,,-0.6387630095548332,1.1526067593692837
0,scatter,,-0.6272676560059424,1.1464700764784153
0,scatter,,-0.6158334848298003,1.140370424023059
0,scatter,,-0.6044601217522463,1.1343085842664231
0,scatter,,-0.5931471848247281,1.128285304760803
0,scatter,,-0.5818942848192097,1.122301299813423
0,scatter,,-0.5707010256430647,1.1163572521640357
0,scatter,,-0.55956700445406,1.1104538124350039
0,scatter,,-0.5484918120489609,1.1045916007219936
0,scatter,,-0.5374750331655491,1.0987712075792089
0,scatter,,-0.5265162467699118,1.0929931949444678
0,scatter,,-0.5156150263336412,1.0872580970386176
0,scatter,,-0.5047709401293345,1.0815664215309224
0,scatter,,-0.4939835515481766,1.0759186510085077
0,scatter,,-0.4832524192403277,1.070315242675359
0,scatter,,-0.4725770974000209,1.0647566296258897
0,scatter,,-0.46195713600471494,1.059243221708799
0,scatter,,-0.4513920810419898,1.053775406328732
0,scatter,,-0.44088147472805833,1.048353549225049
0,scatter,,-0.430424855727222,1.042977995395599
0,scatter,,-0.42002175938050723,1.0376490703172165
0,scatter,,-0.40967171785815476,1.0323670798670157
0,scatter,,-0.39937426036329543,1.0271323113162405
0,scatter,,-0.3891289133159817,1.0219450340722898
0,scatter,,-0.37893520052816965,1.0168055003618233
0,scatter,,-0.36879264337181855,1.0117139458938869
0,scatter,,-0.3587007609398804,1.0066705905927078
0,scatter,,-0.3486590701991683,1.0016756395686066
0,scatter,,-0.33866708614247476,0.996729283209512
0,scatter,,-0.32872432193017076,0.9918316979436453
0,scatter,,-0.31883028902676,0.9869830468639669
0,scatter,,-0.3089844973319469,0.9821834803011591
0,scatter,,-0.2991864553061294,0.9774331363794249
0,scatter,,-0.28943567008440085,0.9727321416127197
0,scatter,,-0.2797316475616682,0.968080611702495
0,scatter,,-0.2700738925490136,0.963478651616636
0,scatter,,-0.26046190886497667,0.9589263562069109
0,scatter,,-0.2508951994310586,0.9544238107291667
0,scatter,,-0.24137326636668402,0.9499710913114471
0,scatter,,-0.23189561107976958,0.9455682654067352
0,scatter,,-0.22246173435321143,0.9412153922305152
0,scatter,,-0.21307113642736192,0.936912523183238
0,scatter,,-0.20372331700800378,0.9326597026417935
0,scatter,,-0.1944177753609817,0.9284569682459958
0,scatter,,-0.18515401046224872,0.9243043508515811
0,scatter,,-0.17593152101373477,0.9202018751790496
0,scatter,,-0.1667498055045758,0.9161495601850589
0,scatter,,-0.15760836226915242,0.9121474194216382
0,scatter,,-0.14850668954199914,0.9081954613833926
0,scatter,,-0.13944428550982915,0.9042936898429537
0,scatter,,-0.13042064834212086,0.9004421041915869
0,scatter,,-0.12143527611622183,0.8966406998610754
0,scatter,,-0.11248766703356125,0.8928894684704848
0,scatter,,-0.10357731941877718,0.8891883981552618
0,scatter,,-0.0947037317351102,0.8855374738690607
0,scatter,,-0.08586640261679745,0.8819366776581665
0,scatter,,-0.07706483089920321,0.8783859889261343
0,scatter,,-0.06829851564677596,0.874885384688853
0,scatter,,-0.059566956179097234,0.871434839820324
0,scatter,,-0.05086965201954013,0.868034327282359
0,scatter,,-0.04220610291506962,0.8646838183521913
0,scatter,,-0.03357580897480256,0.8613832828525942
0,scatter,,-0.024978270619699483,0.8581326893563076
0,scatter,,-0.016412988595696332,0.8549320053883204
0,scatter,,-0.00787946398546073,0.8517811976202213
0,scatter,,0.0006228017812229623,0.8486802320568758
0,scatter,,0.009094306918410929,0.8456290742156263
0,scatter,,0.017535549289897215,0.8426276892832302
0,scatter,,0.0259470265263513,0.8396760421456638
0,scatter,,0.03432923585845623,0.8367740977219058
0,scatter,,0.0426826741412109,0.8339218210835588
0,scatter,,0.05100783787811185,0.8311191775690923
0,scatter,,0.05930522322272712,0.8283661329172418
0,scatter,,0.0675753259812205,0.8256626533940391
0,scatter,,0.07581864161564833,0.8230087059137091
0,scatter,,0.0840356652480161,0.8204042581536168
0,scatter,,0.09222689172165256,0.8178492785585662
0,scatter,,0.10039281562932427,0.8153437364020165
0,scatter,,0.10853393120098226,0.8128876021021194
0,scatter,,0.11665073237315643,0.8104808471975143
0,scatter,,0.12474371280005972,0.8081234444262356
0,scatter,,0.13281336586428655,0.8058153678008291
0,scatter,,0.14086018468793599,0.803556592678241
0,scatter,,0.14888466214396018,0.8013470958246942
0,scatter,,0.15688729087471226,0.7991868554600216
0,scatter,,0.16486856339187694,0.7970758511143714
0,scatter,,0.17282897198336458,0.7950140639149359
0,scatter,,0.18076900873520846,0.7930014766093185
0,scatter,,0.18868916556651738,0.7910380735550439
0,scatter,,0.19658993424452945,0.7891238407494234
0,scatter,,0.20447180639961135,0.787258765854899
0,scatter,,0.21233527354021678,0.7854428382199874
0,scatter,,0.22018082706766107,0.7836760488959992
0,scatter,,0.22800895832460388,0.7819583905548542
0,scatter,,0.2358201586379204,0.7802898574176791
0,scatter,,0.24361491924211798,0.7786704455128582
0,scatter,,0.25139373133769694,0.7771001525516654
0,scatter,,0.2591570861084039,0.7755789779138306
0,scatter,,0.26690547473681864,0.7741069226328234
0,scatter,,0.2746393884195172,0.772683989377146
0,scatter,,0.2823593183818349,0.7713101824277355
0,scatter,,0.29006575589602274,0.7699855076377167
0,scatter,,0.2977591923660193,0.7687099721533225
0,scatter,,0.30544011925471676,0.7674835846804239
0,scatter,,0.31310902809735713,0.7663063554437775
0,scatter,,0.3207664105352876,0.7651782960687755
0,scatter,,0.3284127583282815,0.764099419532149
0,scatter,,0.3360485633661299,0.7630697401091625
0,scatter,,0.3436743176793426,0.7620892733174182
0,scatter,,0.35129051344898304,0.761158035857361
0,scatter,,0.3588976430155144,0.7602760455495946
0,scatter,,0.3664961988866821,0.7594433212691024
0,scatter,,0.3740866738232574,0.7586598825753488
0,scatter,,0.38166956089034676,0.7579257494664708
0,scatter,,0.38924535325563364,0.7572409430910382
0,scatter,,0.3968145442981246,0.756605485268435
0,scatter,,0.40437762761643575,0.7560193983847271
0,scatter,,0.4119350970331679,0.7554827052956038
0,scatter,,0.41948744659818876,0.7549954292258374
0,scatter,,0.42703517059067053,0.7545575936653344
0,scatter,,0.43457876351988023,0.7541692222618396
0,scatter,,0.4421187201247206,0.7538303387103582
0,scatter,,0.4496555353786903,0.7535409665956627
0,scatter,,0.45718970455827496,0.7533011288165677
0,scatter,,0.4647217231400416,0.753110848094979
0,scatter,,0.4722520868093413,0.7529701467577343
0,scatter,,0.47978129147052384,0.7528790464955203
0,scatter,,0.4873098332393077,0.7528375682230003
0,scatter,,0.49483820843367776,0.752845731935291
0,scatter,,0.5023669135631649,0.7529035565608252
0,scatter,,0.509896445316546,0.7530110598106368
0,scatter,,0.5174273005478559,0.7531682580241066
0,scatter,,0.5249599762607489,0.753375166011208
0,scatter,,0.5324949696230252,0.7536317966244377
0,scatter,,0.5400327779481346,0.7539381605883353
0,scatter,,0.5475738986169243,0.7542942668086182
0,scatter,,0.5551188290879234,0.7547001219237869
0,scatter,,0.5626680668738743,0.7551557301185593
0,scatter,,0.5702221095161575,0.7556610929351038
0,scatter,,0.5777814545573372,0.756216209080237
0,scatter,,0.5853465995116826,0.7568210742285929
0,scatter,,0.5929180418337063,0.7574756808217757
0,scatter,,0.6004962788846161,0.7581800178635074
0,scatter,,0.6080818078962545,0.7589340706613673
0,scatter,,0.6156751259302738,0.7597378202887973
0,scatter,,0.6232767298428702,0.760591243871266
0,scatter,,0.6308871162414718,0.7614943142406687
0,scatter,,0.638506781439646,0.7624469996445472
0,scatter,,0.646136221410271,0.7634492635092565
0,scatter,,0.6537759317363124,0.7645010641985822
0,scatter,,0.6614264075592508,0.7656023547678105
0,scatter,,0.669088143525014,0.7667530827132252
0,scatter,,0.6767616337274184,0.7679531897170296
0,scatter,,0.6844473716491255,0.7692026113876893
0,scatter,,0.6921458500764668,0.770501276813624
0,scatter,,0.6998575610449874,0.7718491083703215
0,scatter,,0.7075829957987153,0.7732460216498669
0,scatter,,0.7153226447025667,0.77469192504353
0,scatter,,0.723076997169208,0.7761867194533437
0,scatter,,0.7308465415831041,0.7777302979986077
0,scatter,,0.7386317652216418,0.7793225457172795
0,scatter,,0.7464331541733721,0.7809633392622448
0,scatter,,0.754251193253222,0.7826525465924226
0,scatter,,0.7620863659146797,0.7843900266586894
0,scatter,,0.7699391541489325,0.7861756290572367
0,scatter,,0.7778100383485481,0.788009193589512
0,scatter,,0.7856994972846815,0.789890550135465
0,scatter,,0.7936080079827501,0.791819518253084
0,scatter,,0.8015360456118145,0.7937959068188062
0,scatter,,0.8094840833764928,0.7958195136786325
0,scatter,,0.8174525924054457,0.7978901252936469
0,scatter,,0.8254420416364368,0.8000075163799202
0,scatter,,0.8334528976978127,0.8021714495427376
0,scatter,,0.841485624786445,0.804381674905141
0,scatter,,0.8495406845417215,0.8066379297309978
0,scatter,,0.85761853586737,0.8089399380857968
0,scatter,,0.8657196348342706,0.8112874104157566
0,scatter,,0.8738444345744355,0.8136800431256653
0,scatter,,0.8819933851128808,0.8161175182030909
0,scatter,,0.8901669332217732,0.8185995028132416
0,scatter,,0.8983655222706027,0.8211256488880041
0,scatter,,0.9065895920722619,0.8236955927091065
0,scatter,,0.9148395787250715,0.8263089544854049
0,scatter,,0.9231159144505864,0.8289653379242299
0,scatter,,0.9314190274272228,0.8316643297967902
0,scatter,,0.9397493416043659,0.8344054996544878
0,scatter,,0.9481072764909549,0.837188399758241
0,scatter,,0.9564932470625249,0.8400125637356208
0,scatter,,0.964907663542699,0.8428775064800417
0,scatter,,0.9733509312099089,0.8457827237384972
0,scatter,,0.9818234502041263,0.8487276916457974
0,scatter,,0.9903256153290276,0.8517118662529523
0,scatter,,0.9988578158494696,0.8547346830496512
0,scatter,,1.007420435284321,0.8577955564808527
0,scatter,,1.016013851194482,0.8608938794574208
0,scatter,,1.0246384349660949,0.8640290228608036
0,scatter,,1.033294551588947,0.8672003350417533
0,scatter,,1.0419825594299015,0.8704071413130225
0,scatter,,1.0507028100013989,0.873648743436051
0,scatter,,1.059455647719533,0.8769244193198139
0,scatter,,1.068241409610969,0.8802334245876818
0,scatter,,1.0770604251394662,0.8835749890708642
0,scatter,,1.0859130159412833,0.8869483167855036
0,scatter,,1.0947994955556168,0.8903525858959953
0,scatter,,1.1037201691610614,0.8937869482105186
0,scatter,,1.1126753333066965,0.8972505286737414
0,scatter,,1.1216652756376677,0.9007424248567544
0,scatter,,1.1306902746153116,0.9042617064443631
0,scatter,,1.1397505992316408,0.9078074147197764
0,scatter,,1.1488465087182367,0.9113785620468161
0,scatter,,1.1579782523297824,0.9149741314494654
0,scatter,,1.16714606935612,0.9185930764798687
0,scatter,,1.1763501882404575,0.9222343199817108
0,scatter,,1.1855908264565007,0.9258967538008522
0,scatter,,1.194868190239303,0.9295792383195839
0,scatter,,1.2041824742672302,0.9332806019356822
0,scatter,,1.213533861338536,0.9369996405403254
0,scatter,,1.2229225220424382,0.9407351169949525
0,scatter,,1.232348614424759,0.9444857606072159
0,scatter,,1.2418122836479764,0.94825026660609
0,scatter,,1.2513136616457015,0.9520272956162701
0,scatter,,1.2608528668297072,0.9558154742506253
0,scatter,,1.2704300038299592,0.9596133964476211
0,scatter,,1.2800451629133778,0.9634196187303949
0,scatter,,1.2896984197115455,0.9672326615255141
0,scatter,,1.2993898348599389,0.971051008887196
0,scatter,,1.3091194536251243,0.9748731081022912
0,scatter,,1.3188873055267456,0.9786973693070389
0,scatter,,1.3286934039543505,0.9825221651161912
0,scatter,,1.3385377457807806,0.9863458302585061
0,scatter,,1.3484203113153186,0.9901666600197991
0,scatter,,1.3583410636961075,0.993982910641766
0,scatter,,1.3682999482589033,0.9977927998000348
0,scatter,,1.3782968923207344,1.001594505628222
0,scatter,,1.3883318047820168,1.0053861663741017
0,scatter,,1.3984045757248615,1.0091658800667358
0,scatter,,1.4085150760077387,1.012931704194963
0,scatter,,1.4186631568564163,1.0166816553975522
0,scatter,,1.4288486494696553,1.0204137096226953
0,scatter,,1.4390713647425208,1.0241258053146085
0,scatter,,1.4493310926559109,1.0278158383935556
0,scatter,,1.4596276018951513,1.0314816630360073
0,scatter,,1.469960639453272,1.0351210921727967
0,scatter,,1.480329930207132,1.038731897407137
0,scatter,,1.4907351764907122,1.0423118089602414
0,scatter,,1.5011760576657125,1.0458585156454654
0,scatter,,1.5116522296895942,1.0493696648718813
0,scatter,,1.52216332501749,1.052842862960037
0,scatter,,1.5327089524993782,1.0562756754869929
0,scatter,,1.5432886959678462,1.0596656265685127
0,scatter,,1.5539021142665137,1.0630101993830818
0,scatter,,1.5645487408537337,1.0663068363759127
0,scatter,,1.5752280833892072,1.069552939485234
0,scatter,,1.5859396233214427,1.0727458704066826
0,scatter,,1.5966828154761015,1.0758829508967414
0,scatter,,1.6074570876529388,1.0789614631477658
0,scatter,,1.6182618406566605,1.0819786520465091
0,scatter,,1.629096447536866,1.0849317240995653
0,scatter,,1.639960253015853,1.0878178471949307
0,scatter,,1.650852573280988,1.0906341519519407
0,scatter,,1.6617726956025392,1.093377732364195
0,scatter,,1.6727198779556458,1.0960456464961432
0,scatter,,1.6836933486465417,1.0986349172345828
0,scatter,,1.6946923059433592,1.101142533096395
0,scatter,,1.7057159178717456,1.103565449304932
0,scatter,,1.7167633226999846,1.1059005898288898
0,scatter,,1.7278336273088173,1.108144846681492
0,scatter,,1.738925907210111,1.1102950814505905
0,scatter,,1.750039206359574,1.1123481266117354
0,scatter,,1.7611725368591984,1.1143007867516501
0,scatter,,1.7723248786695476,1.1161498398615795
0,scatter,,1.783495179332362,1.1178920387019975
0,scatter,,1.79468235370372,1.1195241122401303
0,scatter,,1.8058852841356328,1.121042767477962
0,scatter,,1.8171028204318023,1.122444691184528
0,scatter,,1.8283337786680476,1.1237265508760999
0,scatter,,1.8395769414768453,1.1248849969247727
0,scatter,,1.8508310578804101,1.1259166644117755
0,scatter,,1.862094843131876,1.1268181750588762
0,scatter,,1.8733669785729465,1.1275861392452244
0,scatter,,1.884646111508668,1.1282171581112108
0,scatter,,1.8959308551295095,1.1287078257156067
0,scatter,,1.9072197892946465,1.129054730283166
0,scatter,,1.9185114596207047,1.1292544575754153
0,scatter,,1.9298043772869369,1.1293035935279068
0,scatter,,1.9410970193212578,1.1291987264353656
0,scatter,,1.9523878286257932,1.1289364495661813
0,scatter,,1.9636752140264555,1.1285133638708726
0,scatter,,1.974957550347264,1.1279260807859284
0,scatter,,1.9862331785101417,1.1271712251344315
0,scatter,,1.9975004058124828,1.1262454373819237
0,scatter,,2.0087575066394594,1.1251453739949593
0,scatter,,2.0200027217014203,1.1238677152535477
0,scatter,,2.031234258565904,1.1224091669668876
0,scatter,,2.042450291983718,1.1207664634409482
0,scatter,,2.053648964183026,1.1189363708514632
0,scatter,,2.0648283851960003,1.1169156907112807
0,scatter,,2.0759866332186583,1.1147012634330062
0,scatter,,2.087121755004745,1.112289971987843
0,scatter,,2.0982317664537704,1.1096787427036046
0,scatter,,2.1093146531084614,1.106864548501883
0,scatter,,2.120368370416071,1.1038444172870046
0,scatter,,2.131390844410395,1.100615433316542
0,scatter,,2.1423799723066415,1.0971747409916963
0,scatter,,2.1533336231363984,1.0935195487191482
0,scatter,,2.164249638424151,1.0896471328345583
0,scatter,,2.175125832627449,1.0855548412548444
0,scatter,,2.1859599937919927,1.081240097394526
0,scatter,,2.1967498848388165,1.0767004048413251
0,scatter,,2.2074932441382544,1.0719333511863414
0,scatter,,2.218187786369085,1.0669366121961859
0,scatter,,2.2288312034224878,1.0617079560385512
0,scatter,,2.239421165349311,1.0562452475576578
0,scatter,,2.2499553212801957,1.0505464495088903
0,scatter,,2.260431300420757,1.044609625154791
0,scatter,,2.2708467132730688,1.0384329487640103
0,scatter,,2.281199152685925,1.0320147067229686
0,scatter,,2.2914861950182046,1.025353301575535
0,scatter,,2.3017054013495915,1.0184472561014237
0,scatter,,2.3118543187381326,1.0112952173868175
0,scatter,,2.3219304810458574,1.003895959341002
0,scatter,,2.331931409917133,0.996248385534491
0,scatter,,2.341854617248532,0.9883515366613731
0,scatter,,2.3516976060758994,0.9802045927280327
0,scatter,,2.361457871993784,0.971806876768885
0,scatter,,2.371132904628939,0.9631578585442074
0,scatter,,2.380720189156748,0.9542571581792797
0,scatter,,2.3902172074854486,0.9451045477475288
0,scatter,,2.399621439480804,0.935699952769087
0,scatter,,2.4089303655533767,0.9260434606371181
0,scatter,,2.418141467872061,0.9161353214419253
0,scatter,,2.427252232025785,0.9059759508573506
0,scatter,,2.4362601487366935,0.8955659329773266
0,scatter,,2.4451627156109397,0.884906023023852
0,scatter,,2.4539574383412233,0.8739971488135481
0,scatter,,2.4626418317968346,0.8628404117995475
0,scatter,,2.471213423529811,0.8514370924568884
0,scatter,,2.4796697548746707,0.8397886508991713
0,scatter,,2.4880083827548463,0.8278967285985082
0,scatter,,2.4962268815464035,0.8157631499760121
0,scatter,,2.504322844967043,0.8033899237965006
0,scatter,,2.512293887485947,0.7907792438511203
0,scatter,,2.5201376454914373,0.7779334891604313
0,scatter,,2.527851780827624,0.7648552263268525
0,scatter,,2.535433982040721,0.751547209326349
0,scatter,,2.5428819662541504,0.7380123796792321
0,scatter,,2.550193481092751,0.7242538664079041
0,scatter,,2.557366306616921,0.7102749857354438
0,scatter,,2.5643982567426047,0.6960792410992285
0,scatter,,2.5712871802354007,0.6816703233720769
0,scatter,,2.5780309644853117,0.6670521077112969
0,scatter,,2.5846275366526217,0.6522286530495952
0,scatter,,2.591074865475934,0.6372042005541838
0,scatter,,2.597370963125591,0.6219831717314838
0,scatter,,2.603513887046711,0.6065701662303437
0,scatter,,2.6095017415454893,0.5909699602492972
0,scatter,,2.6153326789362317,0.5751875062150819
0,scatter,,2.62100490213553,0.5592279266798824
0,scatter,,2.626516666030223,0.5430965123985747
0,scatter,,2.6318662790592455,0.5267987191987603
0,scatter,,2.637052105029078,0.5103401640647147
0,scatter,,2.6420725653521355,0.4937266201769318
0,scatter,,2.6469261396875807,0.4769640142650834
0,scatter,,2.651611367789723,0.46005842159567695
0,scatter,,2.656126851065463,0.443016061082797
0,scatter,,2.660471253830697,0.42584329118773884
0,scatter,,2.664643304049646,0.40854660767259987
0,scatter,,2.6686417955547284,0.39113263416976635
0,scatter,,2.672465589005139,0.37360811794439147
0,scatter,,2.676113613021485,0.35597992434340014
0,scatter,,2.6795848654385948,0.33825503098577686
0,scatter,,2.68287841482507,0.32044052203589135
0,scatter,,2.685993400898517,0.30254358132110915
0,scatter,,2.6889290356798683,0.28457148597211096
0,scatter,,2.6916846044275036,0.266531599720837
0,scatter,,2.6942594664526904,0.2484313664762649
0,scatter,,2.696653055805611,0.23027830494221804
0,scatter,,2.698864882065633,0.2120799993882885
0,scatter,,2.7008945309200074,0.19384409308542538
0,scatter,,2.7027416646888582,0.1755782810892299
0,scatter,,2.704406022866233,0.15729030310345504
0,scatter,,2.705887422824463,0.1389879370494682
0,scatter,,2.707185759726265,0.12067899016170487
0,scatter,,2.7083010068923015,0.102371291795668
0,scatter,,2.709233215993638,0.08407268585507524
0,scatter,,2.7099825171818868,0.06579102338523118
0,scatter,,2.710549119253678,0.04753415596368193
0,scatter,,2.710933309401328,0.029309926710316722
0,scatter,,2.7111354531254412,0.0111261630481278
0,scatter,,2.7111559940221714,-0.00700933081526485
0,scatter,,2.7109954535668614,-0.02508878131712522
0,scatter,,2.710654431098758,-0.0431044525062596
0,scatter,,2.710133602939128,-0.06104865410621021
0,scatter,,2.7094337220015827,-0.07891374865929329
0,scatter,,2.7085556172313168,-0.09669215871491647
0,scatter,,2.707500192992995,-0.11437637390839492
0,scatter,,2.7062684285835785,-0.13195895775581384
0,scatter,,2.70486137718684,-0.14943255470988057
0,scatter,,2.703280165083348,-0.16678989679845221
0,scatter,,2.7015259907481064,-0.1840238101436914
0,scatter,,2.699600123948269,-0.20112722163035585
0,scatter,,2.6975039046545843,-0.218093164969069
0,scatter,,2.6952387419005497,-0.23491478661842533
0,scatter,,2.6928061126259966,-0.2515853516822837
0,scatter,,2.6902075605197933,-0.26809824963680595
0,scatter,,2.6874446948468584,-0.2844469998978238
0,scatter,,2.6845191889296314,-0.3006252567480944
0,scatter,,2.681432778830956,-0.3166268143853816
0,scatter,,2.678187261930823,-0.3324456116934838
0,scatter,,2.6747844955574087,-0.3480757373013
0,scatter,,2.671226395363478,-0.3635114333213963
0,scatter,,2.667514933770049,-0.3787470993984702
0,scatter,,2.6636521383722824,-0.3937772965110683
0,scatter,,2.659640090371889,-0.4085967509121
0,scatter,,2.65548092289811,-0.4232003573420839
0,scatter,,2.6511768192436524,-0.4375831816541333
0,scatter,,2.646730011159722,-0.45174046370220977
0,scatter,,2.6421427771132926,-0.4656676199764425
0,scatter,,2.637417440562832,-0.4793602464069118
0,scatter,,2.6325563680795643,-0.49281411953737275
0,scatter,,2.6275619675481896,-0.5060251984327171
0,scatter,,2.6224366863327058,-0.5189896261390377
0,scatter,,2.617183009463755,-0.5317037315308131
0,scatter,,2.6118034577523113,-0.5441640297668657
0,scatter,,2.6063005859160167,-0.5563672228574439
0,scatter,,2.6006769807122354,-0.5683102001891136
0,scatter,,2.59493525906759,-0.5799900390658288
0,scatter,,2.5890780661886295,-0.5914040049078655
0,scatter,,2.58310807370791,-0.6025495503451056
0,scatter,,2.5770279777889065,-0.613424314939194
0,scatter,,2.5708404972684082,-0.6240261245684052
0,scatter,,2.5645483717718225,-0.6343529912260064
0,scatter,,2.558154359901478,-0.6444031108330367
0,scatter,,2.551661237396587,-0.6541748620133437
0,scatter,,2.545071795310976,-0.6636668044884722
0,scatter,,2.538388838203353,-0.6728776777999713
0,scatter,,2.5316151823345376,-0.681806401042912
0,scatter,,2.5247536538985864,-0.6904520679939136
0,scatter,,2.5178070872501332,-0.698813945507944
0,scatter,,2.510778323147945,-0.7068914709876251
0,scatter,,2.503670207183892,-0.7146842508430529
0,scatter,,2.496485588321181,-0.7221920594708285
0,scatter,,2.489227316742151,-0.7294148326215685
0,scatter,,2.4818982423616456,-0.7363526655513577
0,scatter,,2.474501213189236,-0.7430058096956415
0,scatter,,2.4670390741632575,-0.7493746713471165
0,scatter,,2.459514665827495,-0.7554598092953527
0,scatter,,2.4519308220187366,-0.761261927375872
0,scatter,,2.4442903687142157,-0.7667818723975013
0,scatter,,2.436596122563058,-0.7720206302590857
0,scatter,,2.4288508899767316,-0.7769793250742999
0,scatter,,2.421057465687998,-0.7816592148595469
0,scatter,,2.4132186309191717,-0.7860616846167932
0,scatter,,2.405337152337989,-0.7901882437725481
0,scatter,,2.3974157807950927,-0.794040522047677
0,scatter,,2.3894572505434066,-0.797620268950429
0,scatter,,2.381464277833922,-0.8009293477322998
0,scatter,,2.373439559574418,-0.8039697294957109
0,scatter,,2.3653857723803937,-0.8067434901811303
0,scatter,,2.3573055715260223,-0.8092528064006375
0,scatter,,2.349201590249214,-0.8114999553434434
0,scatter,,2.3410764385106786,-0.8134873070367202
0,scatter,,2.332932702062017,-0.815217320091115
0,scatter,,2.3247729416104828,-0.8166925381675098
0,scatter,,2.3165996919871943,-0.8179155861795537
0,scatter,,2.308415461470924,-0.81888917005482
0,scatter,,2.3002227308898493,-0.8196160685150852
0,scatter,,2.2920239529145037,-0.8200991294834643
0,scatter,,2.2838215514007447,-0.8203412667998623
0,scatter,,2.2756179207532345,-0.8203454563298199
0,scatter,,2.267415425319087,-0.8201147323952855
0,scatter,,2.259216398697548,-0.8196521871931186
0,scatter,,2.2510231433622616,-0.8189609640567551
0,scatter,,2.2428379301779904,-0.818044254258409
0,scatter,,2.2346629979426846,-0.8169052943516062
0,scatter,,2.2265005529971162,-0.8155473631021065
0,scatter,,2.218352768818886,-0.813973778095335
0,scatter,,2.2102217849191277,-0.8121878865517441
0,scatter,,2.2021097073065947,-0.8101930685574463
0,scatter,,2.194018608202034,-0.8079927340985381
0,scatter,,2.1859505256381104,-0.8055903190136074
0,scatter,,2.1779074632453983,-0.8029892822872337
0,scatter,,2.169891390044031,-0.8001931031492499
0,scatter,,2.1619042398336576,-0.7972052734211051
0,scatter,,2.1539479114858198,-0.7940292997383185
0,scatter,,2.1460242688504683,-0.7906687012155981
0,scatter,,2.1381351405744895,-0.7871270059039692
0,scatter,,2.130282320043704,-0.783407748417981
0,scatter,,2.1224675653348997,-0.7795144675384057
0,scatter,,2.1146925988801866,-0.775450701563759
0,scatter,,2.106959107762726,-0.7712199883145242
0,scatter,,2.099268743770136,-0.7668258632409907
0,scatter,,2.0916231233638443,-0.7622718568294865
0,scatter,,2.0840238277427483,-0.7575614926532847
0,scatter,,2.0764724029249693,-0.752698285465067
0,scatter,,2.0689703597990787,-0.7476857382232783
0,scatter,,2.0615191742872208,-0.7425273413741419
0,scatter,,2.0541202874893347,-0.7372265713732545
0,scatter,,2.0467751058236408,-0.7317868888193872
0,scatter,,2.0394850011957284,-0.7262117369671635
0,scatter,,2.0322513111815588,-0.7205045402849196
0,scatter,,2.0250753391915635,-0.714668701972893
0,scatter,,2.0179583547081457,-0.7087076035875475
0,scatter,,2.0109015935152157,-0.7026246040521831
0,scatter,,2.0039062579232394,-0.6964230381956692
0,scatter,,1.996973517014108,-0.6901062156696651
0,scatter,,1.9901045068976733,-0.68367741991974
0,scatter,,1.9833003310247783,-0.6771399065209369
0,scatter,,1.9765620604278364,-0.6704969028106676
0,scatter,,1.9698907339928653,-0.6637516072395223
0,scatter,,1.9632873587659754,-0.656907188383069
0,scatter,,1.9567529102530898,-0.6499667842227306
0,scatter,,1.9502883327276428,-0.6429335014758409
0,scatter,,1.9438945396151663,-0.635810414419237
0,scatter,,1.9375724137556445,-0.6286005647838074
0,scatter,,1.9313228077046662,-0.6213069614322836
0,scatter,,1.9251465440852673,-0.6139325797183441
0,scatter,,1.9190444159191233,-0.6064803610882135
0,scatter,,1.9130171869599195,-0.5989532127356585
0,scatter,,1.9070655920430097,-0.5913540072495389
0,scatter,,1.9011903376326635,-0.5836855815142423
0,scatter,,1.8953921019480908,-0.5759507373689233
0,scatter,,1.8896715353124323,-0.5681522414088214
0,scatter,,1.8840292605469757,-0.5602928246453068
0,scatter,,1.8784658733201771,-0.5523751823876418
0,scatter,,1.872981942495708,-0.5444019741626859
0,scatter,,1.8675780105126032,-0.5363758236457005
0,scatter,,1.8622545939603803,-0.5282993184767737
0,scatter,,1.857012183638643,-0.5201750104993311
0,scatter,,1.8518512449668274,-0.5120054157628413
0,scatter,,1.8467722183683064,-0.5037930145724596
0,scatter,,1.8417755196194818,-0.4955402515908527
0,scatter,,1.8368615401956554,-0.48724953596602366
0,scatter,,1.8320306476701864,-0.4789232414934432
0,scatter,,1.8272831862529613,-0.4705637068256372
0,scatter,,1.822619476825773,-0.46217323561804563
0,scatter,,1.8180398173805747,-0.4537540967644384
0,scatter,,1.8135444833773098,-0.44530852463793935
0,scatter,,1.809133728079564,-0.4368387193460961
0,scatter,,1.804807782885475,-0.4283468470014663
0,scatter,,1.8005668577411469,-0.4198350401234715
0,scatter,,1.7964111416087205,-0.4113053981332714
0,scatter,,1.7923408024959055,-0.40275998728114026
0,scatter,,1.7883559878954367,-0.39420084114004184
0,scatter,,1.7844568251117132,-0.3856299609653828
0,scatter,,1.7806434215746922,-0.37704931605378966
0,scatter,,1.776915865148245,-0.36846084410955743
0,scatter,,1.773274224541104,-0.35986645183195776
0,scatter,,1.769718549662978,-0.35126801541116176
0,scatter,,1.766248871709291,-0.34266738050358425
0,scatter,,1.7628652035592238,-0.3340663628426793
0,scatter,,1.7595675400687691,-0.32546674865684555
0,scatter,,1.7563558583568393,-0.3168702950876403
0,scatter,,1.7532301180855563,-0.30827873060981636
0,scatter,,1.7501902618641745,-0.2996937557897618
0,scatter,,1.7472362154898067,-0.2911170436345722
0,scatter,,1.744367888090014,-0.28255023970060505
0,scatter,,1.7415851724639628,-0.27399496273377677
0,scatter,,1.7388879453437491,-0.26545280511579195
0,scatter,,1.7362760676500089,-0.2569253333087462
0,scatter,,1.7337493847439982,-0.2484140883042628
0,scatter,,1.731307726799079,-0.23992058645415368
0,scatter,,1.728950908955464,-0.2314463196497339
0,scatter,,1.7266787315073355,-0.2229927556142916
0,scatter,,1.7244909801834596,-0.21456133849586134
0,scatter,,1.7223874263768317,-0.2061534893161215
0,scatter,,1.7203678273688143,-0.19777060641444885
0,scatter,,1.7184319265548245,-0.18941406591116167
0,scatter,,1.7165794537806613,-0.18108522256831833
0,scatter,,1.7148101254273531,-0.17278540978981088
0,scatter,,1.7131236446129223,-0.16451594003982098
0,scatter,,1.7115197014250927,-0.1562781053804783
0,scatter,,1.7099979731189308,-0.1480731778989728
0,scatter,,1.7085581243092194,-0.1399024101270822
0,scatter,,1.707199807157524,-0.1317670354524984
0,scatter,,1.7059226616532261,-0.12366826888785393
0,scatter,,1.7047263157942492,-0.11560730747988038
0,scatter,,1.7036103856235452,-0.10758533019600922
0,scatter,,1.7025744754782741,-0.09960349860542674
0,scatter,,1.7016181781595996,-0.09166295727599719
0,scatter,,1.7007410750978103,-0.08376483416229029
0,scatter,,1.6999427365128856,-0.07591024098467623
0,scatter,,1.6992227215925988,-0.06810027369438222
0,scatter,,1.6985805787160597,-0.060336013144587655
0,scatter,,1.6980158454856786,-0.05261852494321878
0,scatter,,1.6975280489122806,-0.04494885997603257
0,scatter,,1.6971167055648437,-0.037328054785092164
0,scatter,,1.6967813217097314,-0.029757131909630648
0,scatter,,1.6965213934459733,-0.022237100217096236
0,scatter,,1.6963364068406506,-0.014768955240117947
0,scatter,,1.696225838137382,-0.007353679812192558
0,scatter,,1.6961891538030838,7.755941667325628e-06
0,scatter,,1.6962258106440877,0.007314394331601991
0,scatter,,1.6963352559480405,0.014565289722487641
0,scatter,,1.6965169276016123,0.021759508247537414
0,scatter,,1.6967702542050254,0.028896127532073556
0,scatter,,1.6970946551834587,0.035974236427790365
0,scatter,,1.6974895409252444,0.04299293461482394
0,scatter,,1.6979543128922552,0.04995133233344591
0,scatter,,1.6984883636768584,0.056848550368366814
0,scatter,,1.6990910771285637,0.06368371969739312
0,scatter,,1.6997618284538336,0.07045598126653632
0,scatter,,1.7004999843133326,0.07716448577606176
0,scatter,,1.7013049029167808,0.08380839347727921
0,scatter,,1.7021759341251737,0.0903868739385492
0,scatter,,1.70311241957646,0.09689910571203383
0,scatter,,1.7041136927191491,0.10334427639748797
0,scatter,,1.7051790789176748,0.10972158240052907
0,scatter,,1.7063078955423445,0.11603022875987296
0,scatter,,1.7074994520541233,0.12226942900018883
0,scatter,,1.7087530500877928,0.12843840499576537
0,scatter,,1.7100679835346404,0.13453638683993163
0,scatter,,1.711443538647683,0.14056261260615616
0,scatter,,1.712878994097788,0.14651632835794356
0,scatter,,1.7143736210487668,0.1523967880694072
0,scatter,,1.71592668324217,0.15820325350302022
0,scatter,,1.7175374370742071,0.16393499413272564
0,scatter,,1.719205131671803,0.16959128707795978
0,scatter,,1.720929008967898,0.17517141704875552
0,scatter,,1.7227083037876998,0.18067467624027977
0,scatter,,1.7245422439262417,0.18610036428160617
0,scatter,,1.726430050202193,0.19144778831909723
0,scatter,,1.728370936542389,0.19671626294626382
0,scatter,,1.7303641100560219,0.20190511019835633
0,scatter,,1.732408771108668,0.2070136595582393
0,scatter,,1.7345041133963461,0.21204124797328974
0,scatter,,1.736649324023298,0.21698721985085334
0,scatter,,1.7388435835896465,0.22185092697819864
0,scatter,,1.7410860662424437,0.22663172878463786
0,scatter,,1.7433759397588469,0.23132899233046905
0,scatter,,1.7457123656238027,0.23594209236109595
0,scatter,,1.7480944991067147,0.2404704113869034
0,scatter,,1.7505214893388685,0.24491333977427301
0,scatter,,1.7529924793916776,0.2492702758477278
0,scatter,,1.7555066063558735,0.25354062600331206
0,scatter,,1.758063001421724,0.2577238048332237
0,scatter,,1.760660789982112,0.2618192349912615
0,scatter,,1.763299091719644,0.26582634728381443
0,scatter,,1.765977020647772,0.26974458136203344
0,scatter,,1.768693685219966,0.27357338559546657
0,scatter,,1.7714481884179338,0.2773122172372061
0,scatter,,1.774239627841321,0.28096054260266473
0,scatter,,1.7770670957992212,0.28451783725882335
0,scatter,,1.7799296794036321,0.2879835862240062
0,scatter,,1.7828264606649231,0.29135728417814655
0,scatter,,1.7857565165889249,0.2946384356674706
0,scatter,,1.78871891926019,0.2978265548067324
0,scatter,,1.7917127359607967,0.30092116605188785
0,scatter,,1.7947370292781928,0.30392180455565204
0,scatter,,1.79779085720598,0.3068280162277608
0,scatter,,1.8008732732532093,0.3096393579923742
0,scatter,,1.8039833265563603,0.31235539805473755
0,scatter,,1.8071200619941246,0.31497571617708375
0,scatter,,1.8102825203051163,0.31749990396375855
0,scatter,,1.8134697382085638,0.3199275651554964
0,scatter,,1.8166807485153844,0.3222583157947468
0,scatter,,1.8199145801952636,0.3244917838886896
0,scatter,,1.8231702586057605,0.32662761080122926
0,scatter,,1.8264468055958896,0.32866545125689267
0,scatter,,1.8297432396329532,0.33060497356749174
0,scatter,,1.8330585759413693,0.3324458599587484
0,scatter,,1.8363918266450707,0.3341878069040862
0,scatter,,1.8397420009135301,0.3358305254654622
0,scatter,,1.8431081051115226,0.33737374164115397
0,scatter,,1.8464891429527466,0.3388171967204117
0,scatter,,1.8498841155782986,0.3401606471951142
0,scatter,,1.8532920216764708,0.34140386489018804
0,scatter,,1.8567118578407111,0.3425466384322281
0,scatter,,1.8601426186397767,0.34358877306302293
0,scatter,,1.8635832967853052,0.34453009098928117
0,scatter,,1.8670328833056207,0.34537043174902454
0,scatter,,1.8704903677236788,0.3461096525819736
0,scatter,,1.8739547382391886,0.34674762880373794
0,scatter,,1.877424981915029,0.3472842541836438
0,scatter,,1.880900084863844,0.347719441308268
0,scatter,,1.884379032220272,0.34805312101698216
0,scatter,,1.8878608085397386,0.34828524363672436
0,scatter,,1.8913443980796774,0.3484157796997637
0,scatter,,1.8948287849102694,0.3484447199186512
0,scatter,,1.8983129531211715,0.3483720755520461
0,scatter,,1.9017958870325313,0.34819787877047215
0,scatter,,1.905276571410318,0.34792218302173933
0,scatter,,1.9087539916860707,0.34754506339575963
0,scatter,,1.9122271341810761,0.34706661698849434
0,scatter,,1.9156949862810126,0.3464869631023604
0,scatter,,1.9191565363436056,0.34580624262944376
0,scatter,,1.9226107744365524,0.3450246199133566
0,scatter,,1.926056692448443,0.3441422827114725
0,scatter,,1.9294932842729957,0.3431594423609303
0,scatter,,1.9329195460508037,0.34207633410040234
0,scatter,,1.9363344764150852,0.34089321738659617
0,scatter,,1.9397370767415099,0.33961037620512186
0,scatter,,1.943126351402101,0.33822811937537434
0,scatter,,1.9465013080232814,0.3367467808490598
0,scatter,,1.9498609575503436,0.33516671959664224
0,scatter,,1.9532043143361428,0.3334883195278254
0,scatter,,1.956530396995555,0.3317119909660854
0,scatter,,1.959838228396672,0.3298381703367177
0,scatter,,1.9631268359166534,0.3278673203806189
0,scatter,,1.9663952517115473,0.32579993037943433
0,scatter,,1.969642512989381,0.32363651636962004
0,scatter,,1.972867662286472,0.3213776213450079
0,scatter,,1.9760697477469664,0.31902381544742514
0,scatter,,1.979247823401238,0.31657569614031067
0,scatter,,1.9824009490005183,0.3140338879001635
0,scatter,,1.985528190652138,0.31139904273208696
0,scatter,,1.9886286213476179,0.3086718405557857
0,scatter,,1.9917013210274228,0.305852989087475
0,scatter,,1.994745376864704,0.3029432239338912
0,scatter,,1.9977598835509927,0.2999433086699889
0,scatter,,2.0007439435837635,0.2968540348998628
0,scatter,,2.0036966675558507,0.2936762223003771
0,scatter,,2.006617174446618,0.29041071864705653
0,scatter,,2.00950459184762,0.2870583998264064
0,scatter,,2.0123580557359437,0.28362016986102123
0,scatter,,2.015176711518178,0.2800969608273578
0,scatter,,2.017959714167423,0.2764897328169056
0,scatter,,2.0207062284093857,0.27279947387388503
0,scatter,,2.02341542900699,0.2690271999055137
0,scatter,,2.0260865010450626,0.2651739545712362
0,scatter,,2.028718640215011,0.2612408091504134
0,scatter,,2.0313110530994125,0.25722886238796394
0,scatter,,2.0338629574563747,0.25313924031752877
0,scatter,,2.036373582176045,0.24897309599950143
0,scatter,,2.0388421678976467,0.24473161140487767
0,scatter,,2.041267966948456,0.24041599310259115
0,scatter,,2.0436502441483304,0.2360274748770781
0,scatter,,2.045988276788424,0.23156731671397987
0,scatter,,2.0482813548998577,0.22703680451086938
0,scatter,,2.050528781519372,0.2224372497616121
0,scatter,,2.0527298729519794,0.21776998921431207
0,scatter,,2.054883959030613,0.21303638450288154
0,scatter,,2.056990383372165,0.2082378217545252
0,scatter,,2.0590485034361636,0.20337571191757697
0,scatter,,2.061057690808655,0.1984514901861369
0,scatter,,2.0630173315885765,0.19346661499297974
0,scatter,,2.064926826521778,0.18842256793411039
0,scatter,,2.066785591217736,0.18332085333764098
0,scatter,,2.0685930565578583,0.178162997248223
0,scatter,,2.0703486689503388,0.17295054681986666
0,scatter,,2.0720518902957616,0.16768507050791995
0,scatter,,2.0737021983354467,0.16236815712656297
0,scatter,,2.0752990868733945,0.15700141523686362
0,scatter,,2.0768420658077837,0.15158647308136616
0,scatter,,2.078330661196967,0.1461249783800041
0,scatter,,2.07976441581863,0.14061859659013626
0,scatter,,2.081142889190505,0.13506901077319497
0,scatter,,2.082465657741749,0.12947792096881344
0,scatter,,2.0837323149856193,0.12384704350422186
0,scatter,,2.084942471689055,0.1181781102652678
0,scatter,,2.086095756018666,0.1124728681179938
0,scatter,,2.0871918136984244,0.1067330781554191
0,scatter,,2.0882303081576046,0.10096051496735745
0,scatter,,2.0892109206275955,0.09515696599974877
0,scatter,,2.090133350165609,0.08932423105289446
0,scatter,,2.0909973139493028,0.08346412112282128
0,scatter,,2.091802547333163,0.07757845776350844
0,scatter,,2.0925488039498834,0.07166907231482002
0,scatter,,2.093235855793292,0.06573780518154884
0,scatter,,2.0938634932442803,0.059786505323255544
0,scatter,,2.0944315252446315,0.053817029038671846
0,scatter,,2.0949397793468747,0.04783123926033019
0,scatter,,2.0953881017769294,0.041831004747933255
0,scatter,,2.0957763574822574,0.03581819931341091
0,scatter,,2.09610443010165,0.029794701414235958
0,scatter,,2.0963722221088887,0.023762392768048854
0,scatter,,2.0965796548181284,0.01772315765552311
0,scatter,,2.0967266684040666,0.011678882094026084
0,scatter,,2.0968132219129587,0.0056314530409007565
0,scatter,,2.096839293221219,-0.00041724194352631486
0,scatter,,2.096804879093878,-0.006465316166314045
0,scatter,,2.09670999516666,-0.01251088456314806
0,scatter,,2.0965546759201867,-0.018552064467501635
0,scatter,,2.096338974653484,-0.02458697646345791
0,scatter,,2.0960629634488304,-0.030613745239584073
0,scatter,,2.0957267331134113,-0.03663050001549463
0,scatter,,2.0953303931202796,-0.042635375213113835
0,scatter,,2.094874071569929,-0.04862651200883787
0,scatter,,2.094357915104983,-0.054602058765748536
0,scatter,,2.0937820888271066,-0.060560171807822985
0,scatter,,2.093146776204167,-0.0664990161840273
0,scatter,,2.0924521789868327,-0.07241676646969346
0,scatter,,2.0916985172958853,-0.07831160803078015
0,scatter,,2.0908860292893596,-0.08418173718750213
0,scatter,,2.090014971063584,-0.09002536200602938
0,scatter,,2.089085616560349,-0.09584070311494469
0,scatter,,2.0880982574308824,-0.101625994415202
0,scatter,,2.0870532028910396,-0.10737948377351043
0,scatter,,2.0859507796511223,-0.11309943395819397
0,scatter,,2.084791331809843,-0.11878412347241711
0,scatter,,2.083575220520353,-0.12443184668528773
0,scatter,,2.082302823900684,-0.13004091473172225
0,scatter,,2.0809745368598884,-0.1356096561558852
0,scatter,,2.0795907709155568,-0.14113641753322603
0,scatter,,2.078151954013134,-0.14661956409367918
0,scatter,,2.076658530445137,-0.15205748055642035
0,scatter,,2.075110960532267,-0.1574485714476956
0,scatter,,2.0735097204240085,-0.1627912616705394
0,scatter,,2.07185530191211,-0.16808399709609884
0,scatter,,2.0701482122156447,-0.17332524508669284
0,scatter,,2.0683889737601855,-0.17851349499834712
0,scatter,,2.066578123981288,-0.18364725874933274
0,scatter,,2.064716215121048,-0.18872507136317476
0,scatter,,2.062803813921689,-0.19374549120649745
0,scatter,,2.0608415014186217,-0.19870710050813717
0,scatter,,2.058829872698348,-0.2036085057679689
0,scatter,,2.056769536650951,-0.20844833814072758
0,scatter,,2.0546611157218555,-0.21322525381388677
0,scatter,,2.052505245715107,-0.21793793461844713
0,scatter,,2.050302575478228,-0.22258508809031416
0,scatter,,2.0480537666396894,-0.22716544776728625
0,scatter,,2.045759493358498,-0.23167777353442634
0,scatter,,2.0434204420577617,-0.23612085188709506
0,scatter,,2.0410373111552866,-0.24049349617052215
0,scatter,,2.038610810806618,-0.2447945469201429
0,scatter,,2.036141662649131,-0.24902287220750835
0,scatter,,2.0336305994852757,-0.25317736748534136
0,scatter,,2.0310783650224975,-0.257256955888511
0,scatter,,2.028485713595668,-0.2612605883843663
0,scatter,,2.0258534098869516,-0.2651872438920461
0,scatter,,2.0231822286457217,-0.2690359294020293
0,scatter,,2.020472954433073,-0.27280568049218834
0,scatter,,2.0177263813088695,-0.27649556090170463
0,scatter,,2.0149433125468508,-0.28010466255096383
0,scatter,,2.0121245603582385,-0.2836321056858959
0,scatter,,2.0092709456075326,-0.28707703887826047
0,scatter,,2.0063832975282474,-0.29043863900415384
0,scatter,,2.0034624534387913,-0.2937161112007925
0,scatter,,2.000509258458681,-0.29690868880165316
0,scatter,,1.9975245652253584,-0.30001563325001623
0,scatter,,1.994509233627475,-0.30303623474524516
0,scatter,,1.9914641305256449,-0.30596981221509
0,scatter,,1.9883901294455908,-0.3088157118817856
0,scatter,,1.9852881103152433,-0.31157330784646464
0,scatter,,1.982158959189167,-0.31424200196212637
0,scatter,,1.9790035679750195,-0.3168212236888779
0,scatter,,1.9758228341623458,-0.3193104299367032
0,scatter,,1.9726176605540133,-0.32170910489656884
0,scatter,,1.9693889550005255,-0.32401675986077655
0,scatter,,1.9661376300885798,-0.3262329329334285
0,scatter,,1.9628646026777843,-0.32835718841404593
0,scatter,,1.959570793974976,-0.33038911726684117
0,scatter,,1.956257129172913,-0.33232833668300077
0,scatter,,1.952924537166988,-0.33417448978854286
0,scatter,,1.9495739503003762,-0.3359272453966557
0,scatter,,1.9462063041126034,-0.3375862977539897
0,scatter,,1.9428225370917165,-0.33915136628198195
0,scatter,,1.93942359043029,-0.3406221953142983
0,scatter,,1.9360104077801223,-0.34199855379815713
0,scatter,,1.9325839348136027,-0.3432802337513332
0,scatter,,1.9291451191744255,-0.3444670511405812
0,scatter,,1.9256949102990457,-0.3455588459186661
0,scatter,,1.9222342591127122,-0.34655548124448543
0,scatter,,1.9187641178018024,-0.3474568431553672
0,scatter,,1.9152854395901493,-0.3482628402365552
0,scatter,,1.9117991785194466,-0.34897340328878296
0,scatter,,1.908306289233871,-0.3495884849948442
0,scatter,,1.9048077267690002,-0.3501080595861037
0,scatter,,1.9013044462496729,-0.3505321219704463
0,scatter,,1.8977974026207038,-0.35086068702210704
0,scatter,,1.8942875506871302,-0.3510937905963207
0,scatter,,1.890775844798377,-0.35123148851000463
0,scatter,,1.8872632386479962,-0.3512738561526195
0,scatter,,1.8837506850803305,-0.3512209881141772
0,scatter,,1.880239135901033,-0.35107299781372864
0,scatter,,1.8767295416915102,-0.35083001712900397
0,scatter,,1.8732228516272613,-0.35049219602788745
0,scatter,,1.8697200132969152,-0.35005970212724596
0,scatter,,1.8662219725075233,-0.34953271984534007
0,scatter,,1.862729673144469,-0.3489114507343121
0,scatter,,1.8592440569978141,-0.34819611294702535
0,scatter,,1.8557660635959,-0.3473869407873872
0,scatter,,1.8522966300460986,-0.3464841843415097
0,scatter,,1.848836690879309,-0.3454881091127414
0,scatter,,1.8453871778981983,-0.34439899566113
0,scatter,,1.841949020029114,-0.3432171392478601
0,scatter,,1.8385231431775448,-0.3419428494812131
0,scatter,,1.8351104700727259,-0.3405764495235853
0,scatter,,1.8317119201403287,-0.33911827606007494
0,scatter,,1.8283284093765182,-0.33756867920730926
0,scatter,,1.824960850210073,-0.3359280219573203
0,scatter,,1.8216101513746872,-0.3341966798381061
0,scatter,,1.8182772177844804,-0.3323750405801514
0,scatter,,1.8149629504126796,-0.330463503789303
0,scatter,,1.81166824617336,-0.3284624806263508
0,scatter,,1.808393997806177,-0.3263723934936951
0,scatter,,1.8051410937889305,-0.32419367561247575
0,scatter,,1.801910418264031,-0.32192677055557783
0,scatter,,1.7987028508450333,-0.3195721323632211
0,scatter,,1.795519266552155,-0.3171302250747917
0,scatter,,1.792360535715817,-0.3146015224310138
0,scatter,,1.7892275238805555,-0.31198650759452917
0,scatter,,1.7861210917115653,-0.3092856728782109
0,scatter,,1.783042094903739,-0.3064995194813948
0,scatter,,1.7799913840931396,-0.3036285572342712
0,scatter,,1.7769698047747884,-0.3006733043341127
0,scatter,,1.773978197259433,-0.2976342869385451
0,scatter,,1.771017396540035,-0.29451203914773033
0,scatter,,1.7680882322200953,-0.2913071027489535
0,scatter,,1.7651915284457416,-0.28802002696237744
0,scatter,,1.762328103831345,-0.2846513682295679
0,scatter,,1.7594987713869636,-0.28120169001043077
0,scatter,,1.756704338447478,-0.27767156258862263
0,scatter,,1.7539456066032764,-0.27406156288548145
0,scatter,,1.7512233716324448,-0.27037227428257554
0,scatter,,1.7485384235175594,-0.2666042864329645
0,scatter,,1.7458915463408016,-0.2627581951105688
0,scatter,,1.7432835181395077,-0.25883460207793285
0,scatter,,1.7407151109014678,-0.25483411492957414
0,scatter,,1.7381870905058356,-0.2507573469572648
0,scatter,,1.7357002166650213,-0.246604917024012
0,scatter,,1.7332552428674188,-0.24237744944667847
0,scatter,,1.7308529163208635,-0.23807557388727957
0,scatter,,1.7284939778966708,-0.23369992525290023
0,scatter,,1.7261791620741047,-0.22925114360416382
0,scatter,,1.723909196903062,-0.22472987407737322
0,scatter,,1.7216848041397221,-0.2201367668644443
0,scatter,,1.7195066989378904,-0.21547247707439812
0,scatter,,1.7173755898321095,-0.2107376646864874
0,scatter,,1.715292178731016,-0.2059329945145978
0,scatter,,1.7132571608680656,-0.20105913616774013
0,scatter,,1.7112712247523258,-0.196116764018737
0,scatter,,1.709335052119244,-0.1911065571810633
0,scatter,,1.7074493178812462,-0.1860291994936715
0,scatter,,1.7056146900780615,-0.18088537951372055
0,scatter,,1.7038318298266286,-0.17567579051701776
0,scatter,,1.7021013913201564,-0.17040113060831358
0,scatter,,1.7004240218558822,-0.16506210289945356
0,scatter,,1.6988003615885099,-0.15965941513200824
0,scatter,,1.69723104356367,-0.15419377988509145
0,scatter,,1.6957166936745123,-0.1486659146341298
0,scatter,,1.6942579306113241,-0.1430765418044833
0,scatter,,1.6928553658103007,-0.13742638883259012
0,scatter,,1.6915096034013841,-0.13171618823456732
0,scatter,,1.6902212401550438,-0.12594667768205
0,scatter,,1.6889908654278996,-0.12011860008515574
0,scatter,,1.6878190611074706,-0.11423270368335126
0,scatter,,1.6867064016590059,-0.10828974239979955
0,scatter,,1.6856534540002766,-0.10229047577915545
0,scatter,,1.6846607773676945,-0.09623566891420011
0,scatter,,1.6837289233167194,-0.09012609271613155
0,scatter,,1.6828584356623162,-0.08396252404665014
0,scatter,,1.682049850417893,-0.0777457458568977
0,scatter,,1.6813036957326148,-0.07147654733302344
0,scatter,,1.680620491827016,-0.06515572404829789
0,scatter,,1.6800007509268131,-0.05878407812156726
0,scatter,,1.6794449771948243,-0.05236241838183399
0,scatter,,1.6789536666708818,-0.04589156057316425
0,scatter,,1.6785273072821183,-0.039372327814584926
0,scatter,,1.678166378651744,-0.032805550379877715
0,scatter,,1.6778713520467423,-0.026192065968378708
0,scatter,,1.6776426903178776,-0.019532719962646886
0,scatter,,1.6774808478212788,-0.012828365636157548
0,scatter,,1.6773862703377898,-0.006079864366766868
0,scatter,,1.677359394990015,0.0007119141441197345
0,scatter,,1.6774006501569814,0.007546091646912799
0,scatter,,1.6775104553863485,0.014421781113845351
0,scatter,,1.6776892213040875,0.021338086503867943
0,scatter,,1.6779373495477783,0.028294102455195466
0,scatter,,1.678255232700937,0.03528891396356372
0,scatter,,1.6786432541080452,0.04232159635510707
0,scatter,,1.6791017878144316,0.04939121492702855
0,scatter,,1.6796311984663077,0.05649682467887473
0,scatter,,1.6802318412060198,0.06363747004442324
0,scatter,,1.680904061564509,0.07081218461917128
0,scatter,,1.6816481953509046,0.0780199908834957
0,scatter,,1.68246456853921,0.08525989992173455
0,scatter,,1.683353497152013,0.09253091113730197
0,scatter,,1.6843152871416132,0.09983201196383543
0,scatter,,1.6853502343107598,0.10716217754735319
0,scatter,,1.6864586241534665,0.11452037047062538
0,scatter,,1.6876407317044466,0.12190554046739219
0,scatter,,1.688896821429452,0.1293166241072535
0,scatter,,1.690227147091702,0.13675254449001673
0,scatter,,1.6916319516151452,0.14421221093726877
0,scatter,,1.6931114669445255,0.1516945186814477
0,scatter,,1.6946659139022013,0.15919834855250667
0,scatter,,1.696295502041688,0.16672256666241445
0,scatter,,1.698000429497897,0.17426602408773956
0,scatter,,1.6997808828426133,0.1818275565733264
0,scatter,,1.7016370369838043,0.18940598436024508
0,scatter,,1.7035690549213045,0.19700011163871947
0,scatter,,1.7055770876050071,0.2046087262823006
0,scatter,,1.707661273779548,0.2122305995543482
0,scatter,,1.7098217398160211,0.21986448578859788
0,scatter,,1.712058599540361,0.22750912206976187
0,scatter,,1.714371954058402,0.23516322791450633
0,scatter,,1.7167618915775715,0.24282550495296165
0,scatter,,1.7192284872252195,0.2504946366110787
0,scatter,,1.7217718028635862,0.2581692877941468
0,scatter,,1.7243918869363684,0.26584810470771897
0,scatter,,1.7270887743251624,0.2735297147131403
0,scatter,,1.729862486013144,0.28121272550516
0,scatter,,1.7327130289676462,0.28889572509065475
0,scatter,,1.7356403959338804,0.29657728147230733
0,scatter,,1.738644565232608,0.30425594235630904
0,scatter,,1.7417255005546806,0.3119302348642098
0,scatter,,1.7448831507524365,0.31959866524921404
0,scatter,,1.7481174496280139,0.32725971861741376
0,scatter,,1.7514283157185937,0.3349118586542955
0,scatter,,1.7548156520800158,0.3425535273622791
0,scatter,,1.758279346145149,0.35018314509960274
0,scatter,,1.7618192694451735,0.35779911011651894
0,scatter,,1.7654352773543558,0.3653997981987106
0,scatter,,1.7691272088951395,0.37298356255813964
0,scatter,,1.7728948865114935,0.38054873362199854
0,scatter,,1.7767381158400066,0.38809361883207616
0,scatter,,1.7806566854788322,0.39561650245513297
0,scatter,,1.7846503667460312,0.4031156453378778
0,scatter,,1.7887189134365296,0.41058928467911
0,scatter,,1.7928620616058761,0.4180356340421971
0,scatter,,1.7970795293204063,0.4254528831301032
0,scatter,,1.801371016414701,0.4328391976466837
0,scatter,,1.8057362042473881,0.4401927191733178
0,scatter,,1.8101747554550762,0.4475115650590928
0,scatter,,1.8146863137265568,0.45479382840550153
0,scatter,,1.8192705036884425,0.46203757847765764
0,scatter,,1.8239269304749677,0.46924085998716064
0,scatter,,1.8286551795231532,0.476401693216667
0,scatter,,1.833454816345428,0.48351807408423814
0,scatter,,1.838325386283029,0.4905879741597614
0,scatter,,1.8432664142589164,0.49760934070182616
0,scatter,,1.8482774045320602,0.504580096718106
0,scatter,,1.8533578405558342,0.5114981411907459
0,scatter,,1.858507184656547,0.5183613490774915
0,scatter,,1.8637248777464812,0.5251675713832803
0,scatter,,1.8690103391224215,0.5319146353727865
0,scatter,,1.8743629662253285,0.5386003447537276
0,scatter,,1.8797821344010375,0.5452224798861741
0,scatter,,1.8852671966620562,0.5517787980184559
0,scatter,,1.890817483526625,0.5582670337299014
0,scatter,,1.8964323028541772,0.564684899389772
0,scatter,,1.9021109394212732,0.5710300850281437
0,scatter,,1.907852654785513,0.5773002589125149
0,scatter,,1.9136566870682123,0.5834930679582595
0,scatter,,1.9195222507374676,0.5896061381661587
0,scatter,,1.9254485363945308,0.5956370750941817
0,scatter,,1.9314347105945162,0.6015834643982171
0,scatter,,1.9374799158301523,0.6074428725838127
0,scatter,,1.943583270078273,0.6132128473097573
0,scatter,,1.949743866668529,0.6188909180788175
0,scatter,,1.9559607741275533,0.6244745969351071
0,scatter,,1.9622330360025804,0.6299613791730995
0,scatter,,1.9685596706911208,0.6353487440880994
0,scatter,,1.9749396712799199,0.6406341557706365
0,scatter,,1.98137200556798,0.645815064040272
0,scatter,,1.9878556157916714,0.6508889052583334
0,scatter,,1.9943894184141677,0.655853103216636
0,scatter,,2.0009723040687852,0.6607050701514984
0,scatter,,2.007603137443333,0.6654422077683954
0,scatter,,2.0142807571736996,0.670061908314985
0,scatter,,2.0210039757469063,0.6745615557033566
0,scatter,,2.0277715795087903,0.6789385265985797
0,scatter,,2.0345823286767253,0.6831901915629454
0,scatter,,2.041434957034548,0.6873139165424932
0,scatter,,2.048328171997371,0.6913070640888621
0,scatter,,2.0552606545834777,0.6951669947269338
0,scatter,,2.062231059395707,0.6988910683790115
0,scatter,,2.0692380146160128,0.7024766458433346
0,scatter,,2.0762801220407017,0.7059210902474912
0,scatter,,2.083355957270305,0.709221768140275
0,scatter,,2.0904640695255314,0.7123760517934355
0,scatter,,2.097602981757556,0.7153813207310702
0,scatter,,2.1047711907485755,0.7182349633914767
0,scatter,,2.111967167205886,0.7209343789140525
0,scatter,,2.1191893558730617,0.7234769789828471
0,scatter,,2.1264361756606274,0.7258601897124835
0,scatter,,2.1337060199041367,0.7280814527081073
0,scatter,,2.1409972564534887,0.7301382276976912
0,scatter,,2.148308227815558,0.7320279949457327
0,scatter,,2.1556372514071933,0.7337482569915281
0,scatter,,2.1629826197869364,0.7352965407808244
0,scatter,,2.1703426009078157,0.7366703998519811
0,scatter,,2.1777154383917745,0.7378674165770267
0,scatter,,2.185099351839206,0.7388852037483337
0,scatter,,2.1924925371605597,0.739721406251568
0,scatter,,2.1998931668854387,0.740373705269212
0,scatter,,2.207299390544912,0.7408398198396201
0,scatter,,2.214709335063535,0.7411175092535488
0,scatter,,2.2221211051755407,0.7412045755230983
0,scatter,,2.2295327838662535,0.741098865897061
0,scatter,,2.2369424328233434,0.7407982751007005
0,scatter,,2.2443480928314345,0.7403007459345451
0,scatter,,2.251747784421565,0.7396042745653888
0,scatter,,2.2591395083838313,0.7387069125242566
0,scatter,,2.2665212463219717,0.7376067690418522
0,scatter,,2.273890961249199,0.7363020136951839
0,scatter,,2.2812465982118932,0.7347908790847941
0,scatter,,2.2885860849375734,0.7330716635037127
0,scatter,,2.295907332266966,0.7311427313536232
0,scatter,,2.303208235033401,0.7290025174866344
0,scatter,,2.3104866728970705,0.7266495308758961
0,scatter,,2.31774051100424,0.7240823563999421
0,scatter,,2.324967600769658,0.7212996575148314
0,scatter,,2.3321657806881073,0.7183001789332009
0,scatter,,2.3393328771755155,0.7150827493085644
0,scatter,,2.3464667052200654,0.7116462826025762
0,scatter,,2.353565069070562,0.7079897794962821
0,scatter,,2.3606257637281547,0.7041123334405888
0,scatter,,2.3676465756277576,0.700013131654327
0,scatter,,2.374625283593683,0.6956914575768003
0,scatter,,2.3815596598319067,0.6911466933451359
0,scatter,,2.388447470951042,0.68637832224471
0,scatter,,2.3952864789073405,0.6813859307026786
0,scatter,,2.4020744414240833,0.6761692079903652
0,scatter,,2.408809113964211,0.6707279520970566
0,scatter,,2.415488250639514,0.6650620711152674
0,scatter,,2.4221096052434468,0.6591715849681726
0,scatter,,2.4286709324015,0.6530566274514588
0,scatter,,2.435169988746927,0.6467174482102904
0,scatter,,2.4416045341090693,0.6401544146151016
0,scatter,,2.4479723319524713,0.633368011562175
0,scatter,,2.454271151161089,0.6263588446125485
0,scatter,,2.460498767617223,0.6191276424556827
0,scatter,,2.466652965151549,0.6116752575987426
0,scatter,,2.472731536812305,0.6040026677303009
0,scatter,,2.478732286153647,0.5961109769788834
0,scatter,,2.4846530285428408,0.5880014170621924
0,scatter,,2.490491592023505,0.5796753477800466
0,scatter,,2.496245818206537,0.5711342574006241
0,scatter,,2.5019135648156285,0.5623797648447646
0,scatter,,2.50749270647266,0.5534136196581766
0,scatter,,2.5129811360125065,0.544237702453983
0,scatter,,2.518376765825594,0.5348540252329731
0,scatter,,2.5236775292099813,0.525264731556441
0,scatter,,2.528881381596202,0.5154720966200879
0,scatter,,2.533986301022824,0.5054785274671737
0,scatter,,2.5389902905915407,0.49528656227028317
0,scatter,,2.5438913795617513,0.48489886998125203
0,scatter,,2.54868762454637,0.47431824977361536
0,scatter,,2.55337711082289,0.46354763026716256
0,scatter,,2.5579579536400665,0.45259006857654027
0,scatter,,2.562428299390388,0.4414487499695611
0,scatter,,2.5667863267960107,0.43012698721767106
0,scatter,,2.5710302484769425,0.41862821736468625
0,scatter,,2.575158312078473,0.4069560009525743
0,scatter,,2.5791688015140157,0.3951140202805413
0,scatter,,2.58306003819729,0.3831060774597249
0,scatter,,2.58683038224394,0.3709360923508649
0,scatter,,2.5904782331536502,0.3586081026420641
0,scatter,,2.5940020313787784,0.3461262595400247
0,scatter,,2.597400259590521,0.333494824576712
0,scatter,,2.6006714436263594,0.32071816759741745
0,scatter,,2.6038141535653283,0.30780076385117333
0,scatter,,2.6068270047753894,0.2947471908958896
0,scatter,,2.609708658910907,0.28156212609276043
0,scatter,,2.6124578248159973,0.2682503463051324
0,scatter,,2.615073259595147,0.25481671984366744
0,scatter,,2.61755376949292,0.24126620416082936
0,scatter,,2.619898210763353,0.227603842396268
0,scatter,,2.622105490509481,0.21383475945450336
0,scatter,,2.624174567483376,0.19996415791851566
0,scatter,,2.6261044528666204,0.1859973163206285
0,scatter,,2.62789421099107,0.17193958523889366
0,scatter,,2.629542959981146,0.15779637920093445
0,scatter,,2.631049872399065,0.1435731741386136
0,scatter,,2.6324141758270385,0.1292755028308748
0,scatter,,2.6336351534009186,0.11490895021586262
0,scatter,,2.6347121443173425,0.10047914883518029
0,scatter,,2.635644544647222,0.08599177804554492
0,scatter,,2.6364318073600685,0.07145255511117847
0,scatter,,2.6370734426587057,0.05686723014458414
0,scatter,,2.637569018362329,0.04224158206663405
0,scatter,,2.6379181601514476,0.027581413578001264
0,scatter,,2.6381205517574196,0.012892546059197395
0,scatter,,2.638175935274635,-0.001819184487083611
0,scatter,,2.638084111683557,-0.01654792989359874
0,scatter,,2.637844940139923,-0.03128783961031057
0,scatter,,2.6374583382364465,-0.046033064150579936
0,scatter,,2.6369242819744665,-0.06077775999920597
0,scatter,,2.6362428056482905,-0.0755160947160787
0,scatter,,2.6354140016075807,-0.09024225129182112
0,scatter,,2.634438020975454,-0.10495043472107436
0,scatter,,2.63331507262739,-0.11963487128842158
0,scatter,,2.6320454227937597,-0.1342898206906568
0,scatter,,2.630629394875794,-0.14890957792014928
0,scatter,,2.629067369041671,-0.16348847814701986
0,scatter,,2.6273597817640253,-0.17802090152114358
0,scatter,,2.6255071253465467,-0.19250127782744905
0,scatter,,2.6235099479609625,-0.20692409026600883
0,scatter,,2.6213688529305954,-0.22128388012282568
0,scatter,,2.619084498023987,-0.23557525131084728
0,scatter,,2.6166575939798493,-0.2497928760156383
0,scatter,,2.6140889043603024,-0.26393149800374766
0,scatter,,2.61137924487604,-0.2779859366047513
0,scatter,,2.6085294831546033,-0.29195108978657774
0,scatter,,2.605540537301093,-0.3058219390780093
0,scatter,,2.602413375124641,-0.3195935531039908
0,scatter,,2.599149013203089,-0.3332610912558274
0,scatter,,2.5957485160832316,-0.34681980704422843
0,scatter,,2.592212995327158,-0.3602650512691886
0,scatter,,2.588543608488638,-0.37359227531253375
0,scatter,,2.584741558067198,-0.3867970342541855
0,scatter,,2.580808090511401,-0.3998749895932456
0,scatter,,2.5767444950921345,-0.4128219121093963
0,scatter,,2.572552102802606,-0.425633684423027
0,scatter,,2.5682322852775967,-0.4383063032843454
0,scatter,,2.5637864535744876,-0.4508358819853023
0,scatter,,2.55921605708411,-0.4632186523172947
0,scatter,,2.554522582334405,-0.47545096650762336
0,scatter,,2.54970755162887,-0.4875292992087639
0,scatter,,2.544772521843376,-0.49945024905805313
0,scatter,,2.5397190831398677,-0.5112105401644714
0,scatter,,2.5345488576859814,-0.5228070234059732
0,scatter,,2.5292634989729383,-0.5342366770180489
0,scatter,,2.5238646900183492,-0.5454966079649769
0,scatter,,2.5183541419604323,-0.5565840527774006
0,scatter,,2.5127335929134595,-0.5674963779671728
0,scatter,,2.507004806670158,-0.578231080377963
0,scatter,,2.5011695713923885,-0.5887857877604203
0,scatter,,2.4952296982597746,-0.5991582606972813
0,scatter,,2.489187020248512,-0.6093463900237619
0,scatter,,2.483043390826,-0.6193481972068794
0,scatter,,2.4768006826677595,-0.6291618340949844
0,scatter,,2.470460786391215,-0.6387855823021426
0,scatter,,2.4640256089874284,-0.6482178540007135
0,scatter,,2.457497072309136,-0.6574571923197865
0,scatter,,2.4508771124454385,-0.6665022671612976
0,scatter,,2.4441676781743467,-0.6753518755870651
0,scatter,,2.437370729702034,-0.6840049406753437
0,scatter,,2.4304882374174346,-0.6924605102383438
0,scatter,,2.423522180456451,-0.7007177569578749
0,scatter,,2.4164745456011336,-0.7087759759812284
0,scatter,,2.409347326153762,-0.7166345827129567
0,scatter,,2.402142520677152,-0.7242931116382036
0,scatter,,2.3948621318201915,-0.7317512145350308
0,scatter,,2.3875081651432306,-0.7390086587236818
0,scatter,,2.380082627835862,-0.7460653261174381
0,scatter,,2.372587527764357,-0.7529212100277534
0,scatter,,2.365024872344864,-0.7595764132632445
0,scatter,,2.35739666744971,-0.7660311460840309
0,scatter,,2.3497049163577715,-0.7722857239479144
0,scatter,,2.341951618640658,-0.7783405654503917
0,scatter,,2.3341387690180904,-0.7841961903677442
0,scatter,,2.3262683566371196,-0.7898532164682845
0,scatter,,2.3183423640100376,-0.7953123573584999
0,scatter,,2.3103627660759627,-0.8005744199986493
0,scatter,,2.3023315292959845,-0.8056403021598412
0,scatter,,2.2942506105726617,-0.8105109900903333
0,scatter,,2.2861219564569395,-0.8151875558370512
0,scatter,,2.2779475024616973,-0.8196711544465878
0,scatter,,2.269729172166243,-0.8239630214328718
0,scatter,,2.2614688764391015,-0.8280644701216116
0,scatter,,2.253168512673361,-0.8319768889774889
0,scatter,,2.2448299638514704,-0.8357017388664791
0,scatter,,2.2364550980283275,-0.8392405504251865
0,scatter,,2.2280457676480894,-0.8425949213756059
0,scatter,,2.219603808857188,-0.8457665138359154
0,scatter,,2.211131040876577,-0.8487570516361354
0,scatter,,2.2026292653623596,-0.851568317459883
0,scatter,,2.1941002658714606,-0.8542021503513434
0,scatter,,2.185545807321333,-0.8566604430797975
0,scatter,,2.176967635470029,-0.8589451394857356
0,scatter,,2.168367476423374,-0.8610582318711733
0,scatter,,2.159747036020631,-0.8630017581644881
0,scatter,,2.151107999518858,-0.864777799576204
0,scatter,,2.1424520311902597,-0.8663884780952639
0,scatter,,2.133780773903219,-0.86783595394957
0,scatter,,2.125095848755902,-0.8691224231396419
0,scatter,,2.1163988546740713,-0.8702501147008431
0,scatter,,2.107691368142442,-0.8712212885527695
0,scatter,,2.09897494292101,-0.8720382331895083
0,scatter,,2.0902511097646124,-0.8727032633060925
0,scatter,,2.0815213761769757,-0.8732187175261032
0,scatter,,2.0727872261114144,-0.8735869558573284
0,scatter,,2.064050119824507,-0.8738103577366771
0,scatter,,2.055311493710914,-0.8738913199536343
0,scatter,,2.046572760127598,-0.8738322544899059
0,scatter,,2.037835307255846,-0.8736355864760207
0,scatter,,2.029100498936092,-0.8733037518794085
0,scatter,,2.020369674601551,-0.8728391957670938
0,scatter,,2.0116441492115724,-0.8722443704881381
0,scatter,,2.002925213180217,-0.8715217337494697
0,scatter,,1.9942141323349223,-0.8706737468207701
0,scatter,,1.9855121478554059,-0.8697028725026719
0,scatter,,1.9768204762893473,-0.8686115736028899
0,scatter,,1.9681403095741594,-0.8674023113825825
0,scatter,,1.959472815052938,-0.8660775438868868
0,scatter,,1.9508191355104487,-0.8646397244135772
0,scatter,,1.9421803892394987,-0.8630912997338245
0,scatter,,1.9335576700690458,-0.8614347088560964
0,scatter,,1.9249520475061448,-0.8596723816710973
0,scatter,,1.916364566810202,-0.857806737563542
0,scatter,,1.9077962491071847,-0.8558401841231028
0,scatter,,1.899248091503647,-0.8537751156454185
0,scatter,,1.8907210672318089,-0.8516139121036792
0,scatter,,1.882216125804891,-0.8493589381385225
0,scatter,,1.8737341931747882,-0.84701254189129
0,scatter,,1.8652761719059032,-0.8445770539833802
0,scatter,,1.8568429413369127,-0.8420547862409256
0,scatter,,1.8484353577574482,-0.8394480305119503
0,scatter,,1.8400542546665237,-0.8367590584410214
0,scatter,,1.83170044296881,-0.8339901203407338
0,scatter,,1.8233747112039909,-0.8311434443921026
0,scatter,,1.8150778257500306,-0.8282212357748423
0,scatter,,1.8068105308985054,-0.8252256753843906
0,scatter,,1.7985735493376278,-0.8221589199201558
0,scatter,,1.7903675823574723,-0.8190231010610939
0,scatter,,1.7821933101056442,-0.8158203248223714
0,scatter,,1.7740513918557488,-0.8125526709884703
0,scatter,,1.7659424659807677,-0.809222192029155
0,scatter,,1.7578671504944061,-0.8058309130939315
0,scatter,,1.749826043395599,-0.8023808316709418
0,scatter,,1.7418197228901082,-0.7988739170470831
0,scatter,,1.7338487476957385,-0.7953121099510551
0,scatter,,1.7259136571441949,-0.7916973218038308
0,scatter,,1.7180149714608481,-0.7880314343625249
0,scatter,,1.7101531923525966,-0.784316300026234
0,scatter,,1.702328803183285,-0.7805537413180651
0,scatter,,1.6945422692912677,-0.7767455506869387
0,scatter,,1.6867940382288615,-0.7728934901364733
0,scatter,,1.6790845398577963,-0.7689992905151941
0,scatter,,1.6714141870214527,-0.7650646522831737
0,scatter,,1.663783375750144,-0.7610912451265387
0,scatter,,1.6561924855697938,-0.7570807078563838
0,scatter,,1.648641879811975,-0.7530346483273684
0,scatter,,1.6411319056735374,-0.7489546426376891
0,scatter,,1.6336628948240584,-0.7448422359717257
0,scatter,,1.6262351636829337,-0.7406989424875741
0,scatter,,1.6188490137133222,-0.7365262452764358
0,scatter,,1.6115047317446414,-0.7323255964278069
0,scatter,,1.6042025900251018,-0.7280984161791317
0,scatter,,1.5969428467118232,-0.7238460936035543
0,scatter,,1.5897257463818715,-0.7195699873912094
0,scatter,,1.5825515202141618,-0.7152714255100145
0,scatter,,1.5754203863108616,-0.7109517053716063
0,scatter,,1.5683325500189285,-0.7066120940189691
0,scatter,,1.5612882042513587,-0.7022538283345975
0,scatter,,1.554287529807735,-0.6978781152680359
0,scatter,,1.547330695471526,-0.6934861312374284
0,scatter,,1.5404178577843008,-0.6890790203263736
0,scatter,,1.5335491624009954,-0.6846578985091927
0,scatter,,1.5267247439904357,-0.6802238523734503
0,scatter,,1.5199447264688537,-0.6757779391305332
0,scatter,,1.5132092232742578,-0.6713211868051385
0,scatter,,1.506518337634449,-0.6668545944244206
0,scatter,,1.4998721628281024,-0.662379132205136
0,scatter,,1.4932707824759468,-0.6578957418188576
0,scatter,,1.486714271749067,-0.6534053386686239
0,scatter,,1.4802026966636679,-0.64890881000537
0,scatter,,1.4737361141919336,-0.6444070148344314
0,scatter,,1.4673145728163588,-0.6399007847993347
0,scatter,,1.4609381127833587,-0.6353909244198453
0,scatter,,1.454606766350553,-0.6308782113256688
0,scatter,,1.4483205580274763,-0.6263633964846209
0,scatter,,1.4420795048093467,-0.6218472044239985
0,scatter,,1.4358836168991602,-0.6173303348995631
0,scatter,,1.4297328983309718,-0.6128134642872597
0,scatter,,1.4236273458877549,-0.6082972419789607
0,scatter,,1.4175669499503898,-0.6037822924623609
0,scatter,,1.4115516947553821,-0.5992692156766299
0,scatter,,1.4055815586293186,-0.5947585873116235
0,scatter,,1.3996565142185013,-0.5902509591046087
0,scatter,,1.3937765287135686,-0.5857468591337576
0,scatter,,1.387941564120271,-0.5812467922441097
0,scatter,,1.3821515779530467,-0.5767512416081076
0,scatter,,1.3764065228322209,-0.5722606673775866
0,scatter,,1.3707063467934237,-0.5677755072399189
0,scatter,,1.3650509935975959,-0.5632961769841133
0,scatter,,1.3594404029445548,-0.5588230708184633
0,scatter,,1.3538745106825576,-0.5543565616853394
0,scatter,,1.348353249013733,-0.5498970015725759
0,scatter,,1.3428765466953863,-0.5454447218210107
0,scatter,,1.3374443293826495,-0.5410000339276824
0,scatter,,1.332056519795883,-0.5365632297570824
0,scatter,,1.3267130377286194,-0.5321345812142569
0,scatter,,1.3214138003476184,-0.5277143409306754
0,scatter,,1.3161587223815143,-0.5233027425765021
0,scatter,,1.310947716305672,-0.5189000011688101
0,scatter,,1.3057806925233229,-0.5145063133755189
0,scatter,,1.3006575595429082,-0.5101218578146569
0,scatter,,1.2955782241833662,-0.5057467954908349
0,scatter,,1.2905425918759106,-0.5013812706752235
0,scatter,,1.285550566618304,-0.49702541024213026
0,scatter,,1.2806020512059062,-0.492679324255443
0,scatter,,1.2756969474117152,-0.48834310633810124
0,scatter,,1.270835156147184,-0.4840168339663498
0,scatter,,1.2660165776196406,-0.47970056875949435
0,scatter,,1.26124111148627,-0.4753943567648691
0,scatter,,1.25650865700609,-0.4710982287444708
0,scatter,,1.2518191132839231,-0.4668122009202546
0,scatter,,1.2471723793416634,-0.4625362748908932
0,scatter,,1.2425683542173744,-0.4582704376949026
0,scatter,,1.2380069371470672,-0.4540146622862102
0,scatter,,1.2334880277028657,-0.4497689078082642
0,scatter,,1.2290115259281715,-0.4455331198637201
0,scatter,,1.224577332469789,-0.4413072307794817
0,scatter,,1.220185348707078,-0.43709115986698077
0,scatter,,1.215835476903384,-0.4328848138214332
0,scatter,,1.2115276203734606,-0.42868808722416935
0,scatter,,1.2072616835072005,-0.42450086223784544
0,scatter,,1.2030375719288053,-0.4203230090846916
0,scatter,,1.1988551926171993,-0.41615438631502777
0,scatter,,1.1947144540206676,-0.4119948410539356
0,scatter,,1.1906152661688891,-0.4078442092436522
0,scatter,,1.186557540782362,-0.40370231588155414
0,scatter,,1.1825411913813832,-0.3995689752713649
0,scatter,,1.1785661334273412,-0.39544399155512133
0,scatter,,1.174632284384062,-0.3913271586067274
0,scatter,,1.170739563817528,-0.38721826025542516
0,scatter,,1.1668878935036713,-0.38311707059109035
0,scatter,,1.1630771975242802,-0.37902335418728034
0,scatter,,1.159307402360609,-0.374936866320403
0,scatter,,1.1555784369846873,-0.37085735318492896
0,scatter,,1.1518902329484173,-0.3667845521046477
0,scatter,,1.1482427244880307,-0.3627181918548435
0,scatter,,1.1446358485727999,-0.35865799293410416
0,scatter,,1.1410695450397996,-0.3546036674820387
0,scatter,,1.1375437566256452,-0.35055491963668167
0,scatter,,1.134058429065536,-0.3465114457261085
0,scatter,,1.1306135111698632,-0.34247293446519733
0,scatter,,1.1272089548989617,-0.33843906714886157
0,scatter,,1.1238447154360502,-0.3344095178418056
0,scatter,,1.1205207512585431,-0.33038395359845313
0,scatter,,1.1172370242085985,-0.3263620348619167
0,scatter,,1.1139934995584826,-0.3223434152962367
0,scatter,,1.1107901460766834,-0.3183277420485974
0,scatter,,1.1076269360919466,-0.3143146559644369
0,scatter,,1.1045038455552183,-0.31030379175936756
0,scatter,,1.101420854099774,-0.3062947781877568
0,scatter,,1.0983779450995166,-0.302287238207944
0,scatter,,1.0953751057254226,-0.29828078914406714
0,scatter,,1.0924123270001784,-0.2942750428445526
0,scatter,,1.0894896038522908,-0.290269605868102
0,scatter,,1.0866069351949894,-0.2862640802886625
0,scatter,,1.0837643239418653,-0.28225806306079143
0,scatter,,1.0809617770529967,-0.27825114613713725
0,scatter,,1.0781993055897279,-0.27424291682771385
0,scatter,,1.0754769247586824,-0.27023295794731705
0,scatter,,1.0727946539539817,-0.26622084795999934
0,scatter,,1.0701525167976373,-0.26220616112055767
0,scatter,,1.0675505411781383,-0.25818846761306885
0,scatter,,1.064988759287205,-0.25416733368642624
0,scatter,,1.062467207655289,-0.2501423217891035
0,scatter,,1.0599859273429924,-0.2461129913311154
0,scatter,,1.0575449638610193,-0.24207889836573618
0,scatter,,1.055144367081322,-0.23803959524036108
0,scatter,,1.052784191361399,-0.2339946311031425
0,scatter,,1.0504644955727793,-0.2299435520311488
0,scatter,,1.0481853431277937,-0.2258859011559809
0,scatter,,1.0459468020046587,-0.22182121878690111
0,scatter,,1.0437489447708503,-0.2177490425314289
0,scatter,,1.0415918486047842,-0.21366890741343714
0,scatter,,1.0394755953157802,-0.20958034598870368
0,scatter,,1.0374002715524977,-0.20548288889625452
0,scatter,,1.0353659688717034,-0.20137606508920514
0,scatter,,1.033372783321876,-0.19725940094880004
0,scatter,,1.0314208156875369,-0.19313242092270477
0,scatter,,1.0295101715092694,-0.18899464764771015
0,scatter,,1.0276409610984205,-0.18484560206158512
0,scatter,,1.0258132995502967,-0.18068480351286242
0,scatter,,1.0240273067558743,-0.17651176986861306
0,scatter,,1.0222831074120202,-0.1723260176201827
0,scatter,,1.0205808310302031,-0.16812706198686408
0,scatter,,1.0189206120402634,-0.16391441729112144
0,scatter,,1.0173025899969679,-0.15968759762727802
0,scatter,,1.0157269091156078,-0.15544611563110117
0,scatter,,1.0141937184651162,-0.15118948311480118
0,scatter,,1.012703171993833,-0.1469172112300033
0,scatter,,1.0112554285335396,-0.1426288105713291
0,scatter,,1.009850651802183,-0.1383237912784725
0,scatter,,1.008489010405282,-0.13400166313672243
0,scatter,,1.0071706778360259,-0.12966193567598902
0,scatter,,1.0058958324740634,-0.12530411826830712
0,scatter,,1.0046646576156624,-0.12092772036625077
0,scatter,,1.003477341668983,-0.11653225246502785
0,scatter,,1.002334077824739,-0.11211722478273833
0,scatter,,1.0012350641336074,-0.10768214771726568
0,scatter,,1.0001805035369236,-0.10322653210380162
0,scatter,,0.9991706038605663,-0.09874988931615902
0,scatter,,0.9982055778076552,-0.0942517313671158
0,scatter,,0.9972856429500581,-0.08973157100776104
0,scatter,,0.9964110217187203,-0.08518892182590354
0,scatter,,0.9955819413928036,-0.08062329834349222
0,scatter,,0.9947986340934593,-0.07603421616359829
0,scatter,,0.9940613368848945,-0.07142119305865191
0,scatter,,0.9933702916206126,-0.06678374785465642
0,scatter,,0.9927257449259334,-0.06212140050841647
0,scatter,,0.9921279482182369,-0.05743367252175191
0,scatter,,0.9915771576905906,-0.05272008704698504
0,scatter,,0.9910736342942561,-0.047980168992037095
0,scatter,,0.9906176437200837,-0.04321344512517408
0,scatter,,0.9902094563787843,-0.038419444179347916
0,scatter,,0.9898493473800913,-0.033597696956196924
0,scatter,,0.9895375965108335,-0.028747736433862067
0,scatter,,0.9892744882186755,-0.023869098802106768
0,scatter,,0.9890603115829087,-0.01896132287879388
0,scatter,,0.9888953602843925,-0.014023949562656735
0,scatter,,0.9887799325831489,-0.009056522484782399
0,scatter,,0.9887143312909332,-0.004058588125483684
0,scatter,,0.9886988637426946,0.0009703040685061538
0,scatter,,0.9887338417669231,0.006030601566572213
0,scatter,,0.988819581654887,0.011122748636447589
0,scatter,,0.9889564041287565,0.01624718622619137
0,scatter,,0.9891446343086183,0.02140435184584674
0,scatter,,0.9893846016160397,0.026594678750694017
0,scatter,,0.9896766397257942,0.03181859567603209
0,scatter,,0.9900210866647862,0.0370765282326504
0,scatter,,0.9904182847010609,0.04236889796356673
0,scatter,,0.9908685803026999,0.047696122195582544
0,scatter,,0.9913723240965874,0.0530586139015674
0,scatter,,0.9919298708259962,0.058456781561678155
0,scatter,,0.9925415793069947,0.06389102902354651
0,scatter,,0.9932078123836809,0.06936175536146977
0,scatter,,0.9939289368822328,0.07486935473453193
0,scatter,,0.9947053234826606,0.0804142157721226
0,scatter,,0.9955373465119183,0.08599672050810432
0,scatter,,0.9964253842743104,0.09161724644426061
0,scatter,,0.9973698188440858,0.09727616549308873
0,scatter,,0.9983710359946114,0.10297384372039295
0,scatter,,0.9994294251418749,0.10871064117698948
0,scatter,,1.0005453792866539,0.1144869117284801
0,scatter,,1.0017192949553637,0.12030300288315902
0,scatter,,1.0029515721395752,0.126159255618004
0,scatter,,1.0042426142342136,0.13205600420281785
0,scatter,,1.0055928279092052,0.13799357575163612
0,scatter,,1.0070026226682491,0.14397228847864507
0,scatter,,1.0084724114055263,0.14999245410132012
0,scatter,,1.010002610171807,0.15605437696446373
0,scatter,,1.0115936380350135,0.1621583535600516
0,scatter,,1.0132459170047772,0.16830467231641502
0,scatter,,1.0149598719554398,0.17449361338456335
0,scatter,,1.0167359305474708,0.18072544842156368
0,scatter,,1.018574523147327,0.18700044037104718
0,scatter,,1.0204760827457326,0.1933188432407893
0,scatter,,1.0224410448497858,0.19968090179404688
0,scatter,,1.0244698469317832,0.20608684974186753
0,scatter,,1.026562928869024,0.2125369112943658
0,scatter,,1.028720732867807,0.2190313009673178
0,scatter,,1.0309437032310333,0.2255702228614503
0,scatter,,1.0332322862557404,0.232153870384229
0,scatter,,1.0355869301284777,0.2387824259667619
0,scatter,,1.038008084818554,0.2454560607758922
0,scatter,,1.0404962019691228,0.2521749344213918
0,scatter,,1.0430517346855768,0.2589391944752724
0,scatter,,1.0456751373774236,0.2657489760875149
0,scatter,,1.0483668658724634,0.27260440209652675
0,scatter,,1.0511273771806708,0.27950558250098884
0,scatter,,1.053957129367919,0.2864526141307001
0,scatter,,1.0568565814294888,0.29344558031609314
0,scatter,,1.0598261931611772,0.30048455055241896
0,scatter,,1.0628664250280382,0.3075695801586794
0,scatter,,1.0659777379670108,0.3147007097521199
0,scatter,,1.0691605927750185,0.3218779635588124
0,scatter,,1.0724154506511818,0.32910135097005916
0,scatter,,1.075742772910777,0.3363708657718481
0,scatter,,1.0791430207448287,0.34368648550399067
0,scatter,,1.0826166550626328,0.3510481710538088
0,scatter,,1.086164136331309,0.3584558662428764
0,scatter,,1.0897859244123564,0.3659094974067534
0,scatter,,1.0934824783951096,0.3734089729675212
0,scatter,,1.097254256038462,0.38095418225049327
0,scatter,,1.1011017137621806,0.38854499535836906
0,scatter,,1.1050253068648508,0.3961812634807194
0,scatter,,1.1090254890765232,0.4038628179206759
0,scatter,,1.1131027123651924,0.4115894696093438
0,scatter,,1.117257426739643,0.4193610086119928
0,scatter,,1.1214900800487138,0.42717720362611333
0,scatter,,1.1258011177769243,0.4350378014712333
0,scatter,,1.1301909826897942,0.4429425263006832
0,scatter,,1.1346601141343535,0.4508910781774813
0,scatter,,1.1392089487094157,0.45888313416857673
0,scatter,,1.1438379197391453,0.4669183472360164
0,scatter,,1.1485474569814222,0.47499634555851444
0,scatter,,1.1533379863871704,0.48311673194523297
0,scatter,,1.158209929855305,0.49127908323996455
0,scatter,,1.163163704983354,0.4994829497158083
0,scatter,,1.1681997247994267,0.5077278544411313
0,scatter,,1.173318396848126,0.5160132917762781
0,scatter,,1.1785201235228044,0.5243387275363314
0,scatter,,1.1838053020039385,0.5327035986224555
0,scatter,,1.1891743237179206,0.5411073120070178
0,scatter,,1.1946275740447765,0.5495492440484762
0,scatter,,1.2001654320206958,0.5580287397956095
0,scatter,,1.2057882700353333,0.5665451122810169
0,scatter,,1.211496453523938,0.5750976418039834
0,scatter,,1.2172903403492086,0.5836855749700739
0,scatter,,1.223170280088421,0.5923081236518019
0,scatter,,1.2291366147625935,0.6009644650418288
0,scatter,,1.2351896780360139,0.6096537405334039
0,scatter,,1.2413297948380686,0.6183750549160066
0,scatter,,1.2475572810053235,0.6271274755796845
0,scatter,,1.2538724429175057,0.6359100317080486
0,scatter,,1.260275577127306,0.6447217134598073
0,scatter,,1.2667669699259418,0.6535614711456668
0,scatter,,1.2733468961781222,0.6624282144783589
0,scatter,,1.280015619895025,0.6713208116078297
0,scatter,,1.286773393767033,0.6802380882656424
0,scatter,,1.2936204585542062,0.6891788269137986
0,scatter,,1.300557042660324,0.6981417658601057
0,scatter,,1.3075833616997747,0.7071255983621874
0,scatter,,1.3146996180573693,0.7161289717202391
0,scatter,,1.3219060004410208,0.7251504863584523
0,scatter,,1.3292026829867982,0.7341886956223189
0,scatter,,1.3365898247468189,0.7432421049209702
0,scatter,,1.3440675700162958,0.7523091694615346
0,scatter,,1.3516360474138802,0.7613882940181878
0,scatter,,1.3592953693783127,0.7704778319909494
0,scatter,,1.3670456316602633,0.7795760844494943
0,scatter,,1.3748869128061358,0.788681299167116
0,scatter,,1.38281927363392,0.7977916696449495
0,scatter,,1.3908427566085768,0.8069053346057097
0,scatter,,1.398957384775504,0.8160203797284904
0,scatter,,1.4071631620231064,0.8251348324380048
0,scatter,,1.4154600723120396,0.8342466620024052
0,scatter,,1.4238480790162737,0.8433537789998938
0,scatter,,1.432327124337126,0.8524540343552856
0,scatter,,1.440897128708654,0.8615452183704192
0,scatter,,1.4495579901942994,0.8706250597482958
0,scatter,,1.4583095838742002,0.8796912246246091
0,scatter,,1.467151761064382,0.888741319028556
0,scatter,,1.4760843487620736,0.8977728862776004
0,scatter,,1.485107149123629,0.9067834034772033
0,scatter,,1.49421993872865,0.915770282431597
0,scatter,,1.5034224679159836,0.9247308688141763
0,scatter,,1.5127144601104323,0.9336624413429072
0,scatter,,1.522095611152288,0.9425622110278897
0,scatter,,1.5315655889417983,0.9514273222343703
0,scatter,,1.5411240324387,0.9602548502005204
0,scatter,,1.55077055089529,0.9690417999161856
0,scatter,,1.5605047232519327,0.9777851059653444
0,scatter,,1.5703260974237372,0.9864816318170969
0,scatter,,1.5802341895788723,0.995128169126853
0,scatter,,1.5902284834418943,1.003721437623325
0,scatter,,1.6003084298815151,1.0122580900709006
0,scatter,,1.610473445775352,1.0207347048760649
0,scatter,,1.6207229133132357,1.0291477864358733
0,scatter,,1.6310561793079112,1.0374937657680539
0,scatter,,1.641472554438107,1.0457690001237534
0,scatter,,1.6519713124841113,1.053969772625568
0,scatter,,1.6625516897474473,1.0620922931600145
0,scatter,,1.6732128850945085,1.0701327033483443
0,scatter,,1.6839540579315524,1.0780870683116195
0,scatter,,1.6947743277983134,1.085951378898826
0,scatter,,1.7056727736974358,1.0937215522922266
0,scatter,,1.7166484333265841,1.101393432060629
0,scatter,,1.7277003023055075,1.1089627882536597
0,scatter,,1.7388273338537004,1.1164253203142351
0,scatter,,1.7500284388318044,1.123776662280197
0,scatter,,1.7613024832760806,1.1310123727734651
0,scatter,,1.7726482883152803,1.1381279395852237
0,scatter,,1.7840646294781737,1.1451187806174055
0,scatter,,1.795550235948087,1.151980244572742
0,scatter,,1.8071037898159368,1.1587076117066029
0,scatter,,1.81872392615841,1.1652960986055572
0,scatter,,1.8304092328174857,1.1717408616030363
0,scatter,,1.8421582481069652,1.1780369903225847
0,scatter,,1.8539694608903703,1.184179512663109
0,scatter,,1.8658413099489575,1.190163396448843
0,scatter,,1.8777721833695296,1.1959835511865424
0,scatter,,1.8897604184608887,1.201634831093742
0,scatter,,1.9018043007092287,1.2071120360599614
0,scatter,,1.9139020630973012,1.2124099135096686
0,scatter,,1.9260518856740954,1.217523160913033
0,scatter,,1.9382518949964849,1.2224464280964464
0,scatter,,1.9505001639686697,1.2271743210995623
0,scatter,,1.962794712623097,1.2317014095944128
0,scatter,,1.9751335057209012,1.2360222225876558
0,scatter,,1.9875144529176207,1.2401312537037783
0,scatter,,1.9999354084678889,1.2440229648316583
0,scatter,,2.0123941708452064,1.247691789528319
0,scatter,,2.0248884834255114,1.2511321387715615
0,scatter,,2.0374160341518914,1.2543384046607355
0,scatter,,2.0499744540693903,1.25730496183126
0,scatter,,2.062561317756243,1.2600261729769475
0,scatter,,2.075174143146277,1.2624963931871023
0,scatter,,2.0878103915163604,1.264709974692024
0,scatter,,2.100467469065876,1.2666612746082198
0,scatter,,2.1131427251671857,1.2683446567474257
0,scatter,,2.1258334524495046,1.269754496863698
0,scatter,,2.138536887184911,1.2708851885579164
0,scatter,,2.1512502093979506,1.2717311487890586
0,scatter,,2.1639705436736074,1.272286824082758
0,scatter,,2.1766949606334443,1.272546697413183
0,scatter,,2.189420474932837,1.2725052924796965
0,scatter,,2.2021440464811066,1.2721571806765284
0,scatter,,2.2148625809282594,1.2714969876278097
0,scatter,,2.2275729301456635,1.2705193998498125
0,scatter,,2.2402718943167543,1.2692191712009901
0,scatter,,2.2529562218448533,1.2675911300732257
0,scatter,,2.2656226090717677,1.2656301868231545
0,scatter,,2.278267701705655,1.2633313409663278
0,scatter,,2.290888095657708,1.2606896887124917
0,scatter,,2.303480338205377,1.2577004301786423
0,scatter,,2.3160409308053382,1.2543588738347349
0,scatter,,2.3285663278509907,1.2506604487254052
0,scatter,,2.3410529382609293,1.2466007117412872
0,scatter,,2.353497126963357,1.2421753553640646
0,scatter,,2.36589521618991,1.2373802160450207
0,scatter,,2.378243487164538,1.2322112814514532
0,scatter,,2.390538183659675,1.2266646908197583
0,scatter,,2.4027755108626145,1.2207367540722405
0,scatter,,2.414951637577359,1.214423958296053
0,scatter,,2.4270626982500625,1.207722975325958
0,scatter,,2.4391047947885203,1.200630670545993
0,scatter,,2.4510739986187478,1.1931441101520521
0,scatter,,2.46296635372737,1.1852605592592826
0,scatter,,2.474777877602063,1.1769775022649427
0,scatter,,2.486504563654006,1.1682926490080976
0,scatter,,2.4981423836379695,1.1592039418255158
0,scatter,,2.5096872899166245,1.149709562928393
0,scatter,,2.5211352174867945,1.1398079394205836
0,scatter,,2.532482087071725,1.1294977556359294
0,scatter,,2.543723807546619,1.118777959934442
0,scatter,,2.5548562785736975,1.1076477724619045
0,scatter,,2.565875393361376,1.0961066888853266
0,scatter,,2.5767770415161197,1.0841544801485337
0,scatter,,2.5875571119012752,1.0717912127194589
0,scatter,,2.598211495638183,1.059017250702134
0,scatter,,2.608736089171072,1.0458332622187274
0,scatter,,2.6191267968829557,1.032240221016198
0,scatter,,2.6293795338779615,1.0182394087845137
0,scatter,,2.6394902302167758,1.0038324303214043
0,scatter,,2.649454833766363,0.9890212147685737
0,scatter,,2.659269313541874,0.9738080206308733
0,scatter,,2.6689296622447785,0.9581954328928021
0,scatter,,2.678431899685177,0.9421863671186911
0,scatter,,2.6877720771524904,0.9257840811032721
0,scatter,,2.696946280456942,0.9089921739796003
0,scatter,,2.7059506334655152,0.8918145889504766
0,scatter,,2.7147813000663845,0.8742556068543114
0,scatter,,2.723434488474135,0.8563198518445424
0,scatter,,2.7319064556325117,0.8380122969819815
0,scatter,,2.7401935102605526,0.8193382618303691
0,scatter,,2.7482920163904208,0.8003034122484822
0,scatter,,2.756198394796839,0.780913751124037
0,scatter,,2.7639091282134096,0.7611756238116884
0,scatter,,2.7714207652881604,0.7410957179295092
0,scatter,,2.7787299236434038,0.7206810589853943
0,scatter,,2.7858332931935803,0.6999390068723931
0,scatter,,2.792727636959472,0.6788772454533202
0,scatter,,2.7994097971334875,0.6575037849988831
0,scatter,,2.8058766983277983,0.6358269569158983
0,scatter,,2.8121253505255304,0.6138554071892769
0,scatter,,2.818152851931416,0.5915980896697857
0,scatter,,2.8239563893939583,0.5690642556246466
0,scatter,,2.8295332448891792,0.5462634507432416
0,scatter,,2.8348807979000203,0.5232055061965488
0,scatter,,2.8399965281489004,0.49990052962662673
0,scatter,,2.844878018205458,0.4763589003672159
0,scatter,,2.849522951517265,0.45259123814943486
0,scatter,,2.8539291229717434,0.42860843315812996
0,scatter,,2.8580944365917555,0.40442159874950223
0,scatter,,2.8620169094080175,0.38004207437260545
0,scatter,,2.8656946729795125,0.3554814135003918
0,scatter,,2.8691259736312116,0.3307513731327892
0,scatter,,2.872309176420521,0.30586389872044367
0,scatter,,2.8752427671009584,0.28083111083063095
0,scatter,,2.877925354123989,0.2556652923740749
0,scatter,,2.880355670047904,0.2303788760395205
0,scatter,,2.8825325709884257,0.2049844278508682
0,scatter,,2.88445504005535,0.1794946358785568
0,scatter,,2.8861221879686627,0.1539222944695749
0,scatter,,2.8875332530295985,0.1282802869864207
0,scatter,,2.8886876038969884,0.10258157531427982
0,scatter,,2.88958473832647,0.07683918105464228
0,scatter,,2.8902242846073545,0.05106617151098847
0,scatter,,2.890606002654159,0.02527564539666281
0,scatter,,2.8907297821960665,-0.0005192850120800119
0,scatter,,2.890595645075577,-0.0263055073339952
0,scatter,,2.890203743606212,-0.05206992538749368
0,scatter,,2.8895543600565814,-0.07779947494491074
0,scatter,,2.8886479092557495,-0.10348113821010524
0,scatter,,2.88748493700248,-0.12910195957263915
0,scatter,,2.886066113829039,-0.15464906087276334
0,scatter,,2.8843922405837294,-0.18010965690202024
0,scatter,,2.882464247516325,-0.205471070774208
0,scatter,,2.8802831894393335,-0.23072074596275244
0,scatter,,2.8778502439029254,-0.25584626039233616
0,scatter,,2.8751667149017273,-0.28083534528876436
0,scatter,,2.8722340292779003,-0.30567589711356735
0,scatter,,2.869053730003751,-0.3303559830098273
0,scatter,,2.8656274803249246,-0.35486386379854445
0,scatter,,2.861957061738576,-0.37918800701164107
0,scatter,,2.8580443684478958,-0.4033170909884551
0,scatter,,2.8538914049356574,-0.42724001630295083
0,scatter,,2.8495002880486795,-0.45094592849664994
0,scatter,,2.8448732427354635,-0.4744242241648873
0,scatter,,2.8400125953340125,-0.49766454685465844
0,scatter,,2.834920776009068,-0.5206568148632919
0,scatter,,2.829600315837992,-0.5433912303772597
0,scatter,,2.824053842058051,-0.5658582800098447
0,scatter,,2.8182840732142,-0.5880487344243008
0,scatter,,2.8122938193557676,-0.6099536694137668
0,scatter,,2.8060859797776536,-0.631564476012472
0,scatter,,2.799663537734692,-0.6528728579876291
0,scatter,,2.7930295573557418,-0.6738708382485749
0,scatter,,2.786187181151056,-0.694550766512122
0,scatter,,2.7791396265734387,-0.7149053236264766
0,scatter,,2.771890182525554,-0.7349275245114375
0,scatter,,2.764442206094736,-0.7546107225952202
0,scatter,,2.7567991191097034,-0.7739486115483879
0,scatter,,2.7489644047589032,-0.7929352281337034
0,scatter,,2.740941604005212,-0.8115649498231523
0,scatter,,2.7327343124264742,-0.8298325034280413
0,scatter,,2.724346176740851,-0.8477329660015139
0,scatter,,2.7157808913116384,-0.8652617655371854
0,scatter,,2.7070421945160823,-0.8824146695599462
0,scatter,,2.698133865183091,-0.8991877838056452
0,scatter,,2.689059719103306,-0.9155775613201196
0,scatter,,2.6798236053231284,-0.9315807933144801
0,scatter,,2.670429402974494,-0.9471946077746114
0,scatter,,2.660881020415166,-0.9624164805884962
0,scatter,,2.651182388631731,-0.9772442133947034
0,scatter,,2.641337458408198,-0.9916759322285219
0,scatter,,2.631350197120359,-1.0057100834139017
0,scatter,,2.621224586996559,-1.0193454388942251
0,scatter,,2.610964621592146,-1.0325810889849607
0,scatter,,2.6005743011705373,-1.0454164271837787
0,scatter,,2.5900576302277396,-1.057851148699739
0,scatter,,2.5794186146697435,-1.0698852451625427
0,scatter,,2.568661260316113,-1.0815190043113287
0,scatter,,2.557789568072289,-1.0927529951746051
0,scatter,,2.5468075314658676,-1.1035880625724475
0,scatter,,2.5357191339306544,-1.1140253200030967
0,scatter,,2.5245283470172444,-1.1240661471358375
0,scatter,,2.513239127476833,-1.133712180516203
0,scatter,,2.5018554139992317,-1.1429653017543286
0,scatter,,2.490381125073417,-1.1518276312292361
0,scatter,,2.4788201567409733,-1.1603015211113379
0,scatter,,2.467176381112796,-1.168389553714079
0,scatter,,2.455453643017176,-1.1760945241353096
0,scatter,,2.443655758159927,-1.1834194342130093
0,scatter,,2.4317865110706016,-1.1903674840221932
0,scatter,,2.4198496535981393,-1.1969420689868577
0,scatter,,2.407848902815506,-1.203146768922099
0,scatter,,2.3957879389393826,-1.2089853362070897
0,scatter,,2.3836704037946004,-1.2144616893827425
0,scatter,,2.37149989919466,-1.2195799046840095
0,scatter,,2.359279985390169,-1.2243442100171413
0,scatter,,2.3470141796354933,-1.2287589772062868
0,scatter,,2.334705954888907,-1.232828711494922
0,scatter,,2.3223587385717446,-1.2365580453507365
0,scatter,,2.3099759114501657,-1.2399517312227955
0,scatter,,2.297560805971961,-1.24301463064479
0,scatter,,2.2851167046482814,-1.2457517032610887
0,scatter,,2.2726468404892812,-1.2481680079116333
0,scatter,,2.2601543955801078,-1.2502686921845663
0,scatter,,2.247642500296556,-1.2520589855310353
0,scatter,,2.2351142323209663,-1.253544190592318
0,scatter,,2.2225726153291814,-1.2547296718574203
0,scatter,,2.210020619426439,-1.2556208562801154
0,scatter,,2.1974611602652576,-1.2562232243040192
0,scatter,,2.1848970985565312,-1.2565423033462355
0,scatter,,2.1723312395710535,-1.2565836610663939
0,scatter,,2.159766332314493,-1.2563528965653037
0,scatter,,2.14720506984024,-1.2558556380023804
0,scatter,,2.1346500888567115,-1.2550975359811598
0,scatter,,2.1221039695079336,-1.254084257804096
0,scatter,,2.109569235232013,-1.2528214819633126
0,scatter,,2.0970483525222665,-1.2513148912598573
0,scatter,,2.0845437310774213,-1.2495701695936792
0,scatter,,2.072057723806705,-1.2475929969309782
0,scatter,,2.05959262688446,-1.2453890444804794
0,scatter,,2.0471506798671237,-1.2429639702133797
0,scatter,,2.0347340657223905,-1.2403234129330707
0,scatter,,2.0223449111453156,-1.2374729895730228
0,scatter,,2.0099852868146426,-1.2344182914425352
0,scatter,,1.9976572076482566,-1.2311648801741144
0,scatter,,1.9853626330965937,-1.2277182841930225
0,scatter,,1.9731034675908565,-1.2240839941524952
0,scatter,,1.9608815607126369,-1.2202674604134869
0,scatter,,1.948698707835139,-1.2162740904119052
0,scatter,,1.9365566504783218,-1.2121092454519038
0,scatter,,1.9244570767907287,-1.207778238013455
0,scatter,,1.9124016220616045,-1.203286328089803
0,scatter,,1.9003918692461665,-1.1986387212077123
0,scatter,,1.8884293495099116,-1.1938405672332786
0,scatter,,1.8765155428059008,-1.1888969577571802
0,scatter,,1.8646518784711614,-1.1838129242538593
0,scatter,,1.8528397358456916,-1.1785934364099102
0,scatter,,1.841080444859652,-1.1732433974009533
0,scatter,,1.8293752867178599,-1.1677676437603757
0,scatter,,1.81772549462625,-1.162170946566237
0,scatter,,1.8061322544723684,-1.1564580087319065
0,scatter,,1.7945967055543288,-1.1506334640027525
0,scatter,,1.7831199413280197,-1.1447018760919008
0,scatter,,1.7717030094817778,-1.1386677338930815
0,scatter,,1.7603469130295086,-1.1325354527152818
0,scatter,,1.7490526115662193,-1.1263093765040701
0,scatter,,1.7378210217497814,-1.1199937755450418
0,scatter,,1.7266530181116546,-1.1135928461336413
0,scatter,,1.7155494338742439,-1.1071107103468314
0,scatter,,1.70451106043098,-1.1005514113666621
0,scatter,,1.6935386488769812,-1.0939189158248221
0,scatter,,1.6826329116431422,-1.0872171165766353
0,scatter,,1.6717945227388822,-1.0804498308439607
0,scatter,,1.6610241185740209,-1.0736208003978882
0,scatter,,1.650322298777181,-1.0667336918042292
0,scatter,,1.6396896257547549,-1.0597920921140938
0,scatter,,1.6291266262446995,-1.0527995119647922
0,scatter,,1.6186337927975905,-1.045759388489066
0,scatter,,1.6082115840710591,-1.0386750839368342
0,scatter,,1.597860425629209,-1.0315498862296282
0,scatter,,1.5875807107315283,-1.0243870095403456
0,scatter,,1.5773728001065601,-1.0171895904788781
0,scatter,,1.567237023383232,-1.0099606916415704
0,scatter,,1.5571736803367175,-1.0027033044162827
0,scatter,,1.5471830412688183,-0.9954203480523188
0,scatter,,1.5372653477663143,-0.9881146704645803
0,scatter,,1.5274208134442937,-0.9807890490308975
0,scatter,,1.5176496239128832,-0.973446187396588
0,scatter,,1.5079519380463453,-0.9660887191657211
0,scatter,,1.4983278890189076,-0.9587192104433414
0,scatter,,1.4887775847425964,-0.9513401593196155
0,scatter,,1.479301108572559,-0.9439539968253395
0,scatter,,1.469898519995401,-0.9365630878558792
0,scatter,,1.460569854752061,-0.9291697286325801
0,scatter,,1.451315125929908,-0.9217761503026995
0,scatter,,1.442134324822093,-0.9143845211579748
0,scatter,,1.4330274213941157,-0.906996946471084
0,scatter,,1.423994364929323,-0.8996154695261058
0,scatter,,1.4150350846573456,-0.8922420726004223
0,scatter,,1.4061494900029075,-0.8848786750673717
0,scatter,,1.3973374714950184,-0.8775271367385628
0,scatter,,1.388598901479429,-0.870189259754257
0,scatter,,1.37993363459322,-0.8628667887017417
0,scatter,,1.3713415083477667,-0.8555614116636886
0,scatter,,1.3628223436961338,-0.8482747612085093
0,scatter,,1.354375945372915,-0.8410084130774659
0,scatter,,1.3460021026298938,-0.8337638891681162
0,scatter,,1.3377005898300327,-0.8265426591246486
0,scatter,,1.3294711669123136,-0.8193461406667539
0,scatter,,1.321313579912321,-0.8121757006151087
0,scatter,,1.313227561469954,-0.8050326558560511
0,scatter,,1.305212831229944,-0.7979182725346704
0,scatter,,1.2972690964191398,-0.7908337686296925
0,scatter,,1.2893960523458037,-0.7837803152858263
0,scatter,,1.2815933828420267,-0.7767590372879829
0,scatter,,1.2738607607242365,-0.7697710140364353
0,scatter,,1.2661978482440164,-0.7628172804634366
0,scatter,,1.258604297523221,-0.7558988266442653
0,scatter,,1.251079750992079,-0.7490165999539348
0,scatter,,1.2436238418129262,-0.7421715061863491
0,scatter,,1.2362361942918498,-0.735364410118287
0,scatter,,1.2289164242825958,-0.728596136417007
0,scatter,,1.2216641395844194,-0.7218674704955222
0,scatter,,1.214478940390211,-0.7151791584534254
0,scatter,,1.2073604196062568,-0.7085319088338914
0,scatter,,1.2003081632154016,-0.7019263935710253
0,scatter,,1.1933217506528855,-0.6953632485985782
0,scatter,,1.1864007551580777,-0.6888430746807713
0,scatter,,1.1795447441251994,-0.6823664381916792
0,scatter,,1.1727532795685378,-0.6759338712002169
0,scatter,,1.1660259183101234,-0.6695458730418904
0,scatter,,1.1593622122959195,-0.6632029111184213
0,scatter,,1.152761708938962,-0.6569054214899878
0,scatter,,1.1462239514222732,-0.6506538096342569
0,scatter,,1.1397484789929915,-0.6444484511968294
0,scatter,,1.1333348272844603,-0.63828969261084
0,scatter,,1.126982528855527,-0.632177850954375
0,scatter,,1.1206911131165955,-0.6261132158150247
0,scatter,,1.1144601066641346,-0.6200960497547728
0,scatter,,1.108289033582856,-0.6141265888447933
0,scatter,,1.1021774156992055,-0.6082050433250064
0,scatter,,1.0961247728267864,-0.6023315982526755
0,scatter,,1.0901306230755394,-0.5965064140745169
0,scatter,,1.084194483328076,-0.5907296270277022
0,scatter,,1.0783158690621197,-0.5850013501201439
0,scatter,,1.0724942947017677,-0.579321673609283
0,scatter,,1.0667292738589162,-0.5736906655628945
0,scatter,,1.0610203195434815,-0.5681083724301987
0,scatter,,1.055366944366324,-0.562574819601307
0,scatter,,1.0497686608522172,-0.5570900119412194
0,scatter,,1.044224981804965,-0.5516539343051233
0,scatter,,1.0387354200989716,-0.5462665521088816
0,scatter,,1.0332994890248166,-0.5409278118216546
0,scatter,,1.0279167024783271,-0.5356376414645094
0,scatter,,1.0225865751333822,-0.5303959510984044
0,scatter,,1.0173086226082808,-0.5252026333004719
0,scatter,,1.0120823617981751,-0.5200575637345741
0,scatter,,1.0069073110881028,-0.5149606016407242
0,scatter,,1.0017829901825122,-0.5099115900811323
0,scatter,,0.9967089204172244,-0.5049103564748966
0,scatter,,0.9916846249077704,-0.49995671302440947
0,scatter,,0.986709628690511,-0.49505045712955775
0,scatter,,0.9817834588586112,-0.4901913717912452
0,scatter,,0.9769056449137101,-0.4853792262432629
0,scatter,,0.9720757188008802,-0.4806137762362758
0,scatter,,0.9672932148459362,-0.47589476421101723
0,scatter,,0.9625576699997346,-0.4712219197986388
0,scatter,,0.957868623957349,-0.46659496018053265
0,scatter,,0.9532256192722802,-0.4620135904376768
0,scatter,,0.9486282014608696,-0.457477503882615
0,scatter,,0.9440759194036409,-0.4529863828100081
0,scatter,,0.9395683251485618,-0.44853989839375297
0,scatter,,0.9351049740237307,-0.44413771102042376
0,scatter,,0.9306854247895955,-0.4397794706754716
0,scatter,,0.9263092397356818,-0.4354648172471197
0,scatter,,0.9219759847726763,-0.4311933808202394
0,scatter,,0.917685229541765,-0.4269647819972438
0,scatter,,0.9134365477695353,-0.42277863263288873
0,scatter,,0.9092295170173254,-0.4186345355406723
0,scatter,,0.9050637187896491,-0.41453208480544523
0,scatter,,0.900938738676861,-0.41047086615171463
0,scatter,,0.8968541664324172,-0.4064504571987852
0,scatter,,0.8928095960471428,-0.4024704277084854
0,scatter,,0.8888046258207006,-0.39853033982573854
0,scatter,,0.8848388584303477,-0.39462974831213765
0,scatter,,0.8809119010548536,-0.3907682008862124
0,scatter,,0.8770233657089386,-0.38694523897584604
0,scatter,,0.8731728688772002,-0.38316039709141175
0,scatter,,0.8693600317046336,-0.3794132032913652
0,scatter,,0.8655844801012154,-0.3757031794768836
0,scatter,,0.8618458448094343,-0.37202984161154967
0,scatter,,0.8581437614711271,-0.36839269993754864
0,scatter,,0.854477870693829,-0.3647912591886964
0,scatter,,0.8508478181167756,-0.36122501880054364
0,scatter,,0.8472532543120528,-0.35769347291139925
0,scatter,,0.8436938345675769,-0.354196110212862
0,scatter,,0.8401692195913596,-0.3507324149528711
0,scatter,,0.8366790753009538,-0.34730186678978864
0,scatter,,0.8332230728527794,-0.34390394094499427
0,scatter,,0.8298008886912716,-0.34053810837820087
0,scatter,,0.8264122045973042,-0.3372038359598146
0,scatter,,0.8230567077360573,-0.33390058664059596
0,scatter,,0.8197340907044018,-0.3306278196187886
0,scatter,,0.8164440513757208,-0.32738499021612316
0,scatter,,0.8131862929035463,-0.32417154997889375
0,scatter,,0.8099605241429934,-0.320986947374028
0,scatter,,0.8067664594867732,-0.31783062764734177
0,scatter,,0.8036038188970448,-0.31470203295987725
0,scatter,,0.8004723279381235,-0.31160060252385746
0,scatter,,0.7973717178082824,-0.3085257727357996
0,scatter,,0.7943017253707426,-0.3054769773069538
0,scatter,,0.7912620931830858,-0.30245364739002184
0,scatter,,0.7882525693983518,-0.2994552115197137
0,scatter,,0.7852729078756148,-0.2964810958535173
0,scatter,,0.7823228682886683,-0.29353072440841627
0,scatter,,0.7794022160837496,-0.2906035190789724
0,scatter,,0.7765107225011517,-0.2876988997461387
0,scatter,,0.773648164595973,-0.2848162843836193
0,scatter,,0.7708143252580211,-0.2819550891618517
0,scatter,,0.7680089932309566,-0.27911472854976166
0,scatter,,0.7652319631274216,-0.27629461540790445
0,scatter,,0.7624830353808489,-0.27349416095602685
0,scatter,,0.7597620163333508,-0.2707127750084127
0,scatter,,0.7570687182547363,-0.26794986607272414
0,scatter,,0.7544029593373773,-0.2652048414005589
0,scatter,,0.7517645637090317,-0.2624771070728398
0,scatter,,0.7491533614450021,-0.2597660680832854
0,scatter,,0.7465691885796413,-0.25707112842002
0,scatter,,0.7440118871172593,-0.2543916911454384
0,scatter,,0.7414813050357448,-0.2517271584591732
0,scatter,,0.7389772962507236,-0.2490769316710791
0,scatter,,0.7364997206897772,-0.24644041142372905
0,scatter,,0.7340484442856771,-0.24381699773070548
0,scatter,,0.7316233389754968,-0.2412060900278661
0,scatter,,0.7292242827067752,-0.23860708724027896
0,scatter,,0.7268511594431794,-0.23601938784767246
0,scatter,,0.7245038591696764,-0.23344238994844785
0,scatter,,0.7221822778972736,-0.23087549132236546
0,scatter,,0.7198863176535796,-0.22831808946235646
0,scatter,,0.7176158864530203,-0.2257695815622248
0,scatter,,0.7153708983647957,-0.22322936471420202
0,scatter,,0.7131512734925716,-0.22069683591631908
0,scatter,,0.710956937971524,-0.21817139211674957
0,scatter,,0.7087878239691737,-0.21565243026599165
0,scatter,,0.7066438696858323,-0.21313934736788043
0,scatter,,0.7045250193546749,-0.21063154052948496
0,scatter,,0.7024312232414536,-0.20812840700994228
0,scatter,,0.7003624376166757,-0.20562934420570886
0,scatter,,0.6983186247412756,-0.20313374966660885
0,scatter,,0.6962997529366459,-0.2006410213056395
0,scatter,,0.6943057965458911,-0.19815055735840548
0,scatter,,0.6923367359301787,-0.19566175642303105
0,scatter,,0.6903925574657509,-0.193174017501376
0,scatter,,0.6884732535406678,-0.1906867400394173
0,scatter,,0.6865788225512796,-0.18819932396681122
0,scatter,,0.6847092688984676,-0.18571116973571183
0,scatter,,0.6828646029836571,-0.18322167835886952
0,scatter,,0.6810448412046044,-0.18073025144703228
0,scatter,,0.6792500059509946,-0.17823629124571894
0,scatter,,0.6774801255937775,-0.17573920065802748
0,scatter,,0.6757352343445249,-0.1732383829813599
0,scatter,,0.6740153724128929,-0.17073324229966785
0,scatter,,0.6723205860078075,-0.16822318353178564
0,scatter,,0.6706509272845391,-0.16570761236057507
0,scatter,,0.6690064543364702,-0.16318593526023004
0,scatter,,0.667387231186493,-0.16065755952260602
0,scatter,,0.665793327778007,-0.15812189328253776
0,scatter,,0.6642248199655258,-0.15557834554215708
0,scatter,,0.6626817895048627,-0.15302632619416898
0,scatter,,0.6611643240429088,-0.1504652460441051
0,scatter,,0.6596725171069793,-0.14789451683152074
0,scatter,,0.6582064680937063,-0.14531355125009843
0,scatter,,0.6567662822931084,-0.14272176304751236
0,scatter,,0.6553520709459999,-0.14011856720091198
0,scatter,,0.6539639510638307,-0.1375033795532022
0,scatter,,0.652602045486533,-0.13487561698944459
0,scatter,,0.6512664828781445,-0.13223469747201025
0,scatter,,0.6499573977150319,-0.1295800400589315
0,scatter,,0.648674930273756,-0.1269110649214321
0,scatter,,0.647419226618552,-0.12422719336058845
0,scatter,,0.6461904385884286,-0.12152784782313965
0,scatter,,0.6449887237838643,-0.11881245191640752
0,scatter,,0.6438142455530793,-0.11608043042228713
0,scatter,,0.6426671729778836,-0.11333120931031893
0,scatter,,0.6415476808602131,-0.11056421575281151
0,scatter,,0.6404559498559163,-0.10777887853032041
0,scatter,,0.6393921663361212,-0.104974627715655
0,scatter,,0.6383565222868585,-0.10215089445951174
0,scatter,,0.6373492153751944,-0.09930711121754789
0,scatter,,0.6363704489355533,-0.09644271176632095
0,scatter,,0.635420431955787,-0.09355713121889139
0,scatter,,0.6344993790629735,-0.09064980604005798
0,scatter,,0.633607510508944,-0.08772017406125182
0,scatter,,0.6327450521555242,-0.08476767449505573
0,scatter,,0.631912235459489,-0.08179174794938789
0,scatter,,0.6311092974572198,-0.07879183644132931
0,scatter,,0.6303364807490481,-0.0757673834105734
0,scatter,,0.6295940335033556,-0.07271783378736434
0,scatter,,0.6288822095329674,-0.06964263425847866
0,scatter,,0.6282012681139891,-0.06654123283007829
0,scatter,,0.6275514740204763,-0.06341307898081877
0,scatter,,0.6269330975237186,-0.06025762371890017
0,scatter,,0.6263464143767287,-0.05707431959930781
0,scatter,,0.6257917057985359,-0.053862620741190144
0,scatter,,0.6252692584582805,-0.05062198284535513
0,scatter,,0.6247793644591086,-0.04735186321194498
0,scatter,,0.6243223213218624,-0.04405172075828616
0,scatter,,0.6238984319685562,-0.040721016036909655
0,scatter,,0.6235080047056432,-0.03735921125380208
0,scatter,,0.6231513532070597,-0.03396577028686598
0,scatter,,0.6228287965100142,-0.03054015880685232
0,scatter,,0.6225406589949878,-0.027081844275889277
0,scatter,,0.6222872703479658,-0.023590295808075624
0,scatter,,0.6220689655551374,-0.020064984288200048
0,scatter,,0.6218860848851921,-0.016505382394940413
0,scatter,,0.6217389738713636,-0.012910964624384567
0,scatter,,0.621627983293246,-0.009281207314154436
0,scatter,,0.6215534691583836,-0.0056155886681925424
0,scatter,,0.6215157926836234,-0.0019135887821981872
0,scatter,,0.6215153202762284,0.001825310330208739
0,scatter,,0.6215524235147428,0.005601624710590265
0,scatter,,0.6216274791296069,0.009415868428054686
0,scatter,,0.6217408689814045,0.013268553539283204
0,scatter,,0.6218929800185133,0.017160189936465876
0,scatter,,0.6220842042887983,0.021091285491652657
0,scatter,,0.6223149389141678,0.025062345998530924
0,scatter,,0.6225855860639679,0.029073875108483326
0,scatter,,0.622896552933463,0.03312637429517863
0,scatter,,0.6232482517219713,0.03722034281795243
0,scatter,,0.6236410996106463,0.04135627768398228
0,scatter,,0.6240755187398928,0.04553467360916099
0,scatter,,0.6245519361864037,0.049756022977651346
0,scatter,,0.625070783939814,0.054020815800107036
0,scatter,,0.6256324988789504,0.05832953967046066
0,scatter,,0.6262375227476745,0.06268267972128318
0,scatter,,0.6268863021192222,0.06708071849998351
0,scatter,,0.627579288362146,0.07152413585774196
0,scatter,,0.6283169376491055,0.0760134091404654
0,scatter,,0.6290997109139691,0.08054901301892411
0,scatter,,0.6299280738242528,0.0851314194280783
0,scatter,,0.6308024967536987,0.08976109750910954
0,scatter,,0.6317234547543101,0.09443851354939252
0,scatter,,0.632691427527818,0.09916413092030499
0,scatter,,0.6337068993965729,0.10393841001286641
0,scatter,,0.6347703592738323,0.10876180817107742
0,scatter,,0.6358823006334315,0.11363477962292483
0,scatter,,0.6370432214788276,0.11855777540901796
0,scatter,,0.638253624309802,0.12353124330191022
0,scatter,,0.6395140160370052,0.12855562751412314
0,scatter,,0.6408249080078309,0.1336313688577771
0,scatter,,0.6421868159814206,0.1387589046981658
0,scatter,,0.643600260073266,0.14393866878427775
0,scatter,,0.6450657647189219,0.14917109115703536
0,scatter,,0.6465838586368441,0.154456598054229
0,scatter,,0.6481550747903434,0.15979561181211227
0,scatter,,0.6497799503486068,0.165188550763494
0,scatter,,0.651459026646772,0.17063582913226458
0,scatter,,0.6531928491450338,0.17613785692429434
0,scatter,,0.6549819673867371,0.18169503981453436
0,scatter,,0.6568269349554431,0.1873077790302806
0,scatter,,0.6587283094062487,0.1929764711474476
0,scatter,,0.6606866521588266,0.19870150775768963
0,scatter,,0.6627025285861523,0.20448327579333903
0,scatter,,0.6647765079137682,0.21032215721467432
0,scatter,,0.666909163162489,0.21621852884290144
0,scatter,,0.6691010710968096,0.22217276221192145
0,scatter,,0.6713528121719174,0.22818522341499764
0,scatter,,0.6736649704792506,0.23425627294613494
0,scatter,,0.6760381336905859,0.24038626553609996
0,scatter,,0.6784728930005852,0.24657554998286055
0,scatter,,0.6809698430677703,0.2528244689763382
0,scatter,,0.683529581953899,0.2591333589173699
0,scatter,,0.6861527110613764,0.2655025497298054
0,scatter,,0.6888398349639042,0.27193236436251383
0,scatter,,0.691591561413909,0.27842311880163795
0,scatter,,0.6944085013560427,0.28497512209916753
0,scatter,,0.6972912687903455,0.2915886759652978
0,scatter,,0.7002404806984044,0.29826407454176285
0,scatter,,0.7032567569673338,0.3050016041675775
0,scatter,,0.706340720311552,0.3118015431370683
0,scatter,,0.7094929961922518,0.3186641614499057
0,scatter,,0.7127142127345192,0.3255897205529768
0,scatter,,0.7160050006420602,0.3325784730739409
0,scatter,,0.7193659931094246,0.33963066254616786
0,scatter,,0.7227978257317011,0.34674652312492776
0,scatter,,0.726301136382743,0.35392627922564
0,scatter,,0.7298765649536559,0.36117014482540527
0,scatter,,0.7335247535309043,0.36847832381215473
0,scatter,,0.7372463462181975,0.37585100947970107
0,scatter,,0.7410419889996273,0.38328838411837746
0,scatter,,0.7449123296288805,0.39079061866497455
0,scatter,,0.7488580175151088,0.39835787234159986
0,scatter,,0.7528797036053283,0.40599029228312317
0,scatter,,0.7569780402633057,0.41368801315301595
0,scatter,,0.7611536811447817,0.42145115674720435
0,scatter,,0.7654072810689612,0.42927983158569666
0,scatter,,0.7697394958862039,0.43717413249175
0,scatter,,0.7741509823417586,0.44513414015817765
0,scatter,,0.7786423977968492,0.45315992045277864
0,scatter,,0.7832144000797239,0.461251523950041
0,scatter,,0.7878676476023774,0.46940898593157204
0,scatter,,0.7926027990531525,0.47763232562217295
0,scatter,,0.7974205132333504,0.4859215456769258
0,scatter,,0.8023214488902406,0.4942766316553291
0,scatter,,0.8073062645450227,0.5026975514797639
0,scatter,,0.8123756183155441,0.5111842548778162
0,scatter,,0.8175301677336692,0.5197366728081404
0,scatter,,0.8227705695572005,0.528354716869549
0,scatter,,0.8280974795761443,0.5370382786928353
0,scatter,,0.83351155241324,0.5457872293150456
0,scatter,,0.8390134412986235,0.5546014185206973
0,scatter,,0.844603797584312,0.5634806739729692
0,scatter,,0.8502832708931306,0.5724248008093337
0,scatter,,0.856052508859732,0.5814335809151248
0,scatter,,0.861912156820571,0.5905067721439515
0,scatter,,0.867862857571143,0.5996441075738489
0,scatter,,0.8739052511159637,0.6088452947427024
0,scatter,,0.8800399744110575,0.6181100148624313
0,scatter,,0.8862676610988408,0.6274379220115894
0,scatter,,0.8925889412351333,0.6368286423058124
0,scatter,,0.8990044410081468,0.6462817730457133
0,scatter,,0.9055147824493007,0.655796881841829
0,scatter,,0.9121205831355875,0.665373505716025
0,scatter,,0.9188224557752536,0.6750111503382519
0,scatter,,0.9256210077644278,0.6847092892686488
0,scatter,,0.9325168412557443,0.6944673624073647
0,scatter,,0.9395105526413999,0.7042847752679349
0,scatter,,0.9466027321945925,0.7141608979776748
0,scatter,,0.9537939637114807,0.724095064236675
0,scatter,,0.961084824142866,0.7340865702507309
0,scatter,,0.9684758832152576,0.7441346736376022
0,scatter,,0.9759677030411251,0.7542385923061959
0,scatter,,0.9835608377181382,0.7643975033082582
0,scatter,,0.9912558329170463,0.7746105416619593
0,scatter,,0.9990532254580299,0.7848767991470021
0,scatter,,1.0069535428723586,0.7951953231047562
0,scatter,,1.0149573028187986,0.8055651168072769
0,scatter,,1.023065012761384,0.8159851365122258
0,scatter,,1.0312771695370895,0.8264542896570313
0,scatter,,1.0395942588098372,0.8369714342317112
0,scatter,,1.0480167545690198,0.8475353774278216
0,scatter,,1.0565451186143786,0.8581448742585466
0,scatter,,1.0651798000268782,0.8687986261494817
0,scatter,,1.0739212346253784,0.8794952794998803
0,scatter,,1.0827698444086877,0.8902334242138635
0,scatter,,1.0917260369827542,0.9010115922013056
0,scatter,,1.1007902049727394,0.9118282558481092
0,scatter,,1.1099627254195548,0.92268182645537
0,scatter,,1.1192439591682246,0.9335706529492536
0,scatter,,1.1286342502998612,0.9444930229403543
0,scatter,,1.1381339255035354,0.9554471616842516
0,scatter,,1.1477432932946312,0.9664312230921607
0,scatter,,1.1574626433373156,0.9774432876751648
0,scatter,,1.1672922458136805,0.9884813707371056
0,scatter,,1.17723235066213,0.9995434188656382
0,scatter,,1.187283186931276,1.010627301034539
0,scatter,,1.1974449620690646,1.0217308100378781
0,scatter,,1.207717860991938,1.03285166362723
0,scatter,,1.2181020453365003,1.0439875009573565
0,scatter,,1.228597652810754,1.0551358804508213
0,scatter,,1.2392047963280677,1.0662942785298584
0,scatter,,1.2499235631006034,1.0774600878816571
0,scatter,,1.2607540138323592,1.08863061569571
0,scatter,,1.2716961818847627,1.0998030819257836
0,scatter,,1.2827500723707546,1.1109746175578745
0,scatter,,1.293915661236938,1.1221422628847848
0,scatter,,1.305192894396939,1.133302965755415
0,scatter,,1.3165816868071694,1.1444535798444457
0,scatter,,1.3280819214940136,1.1555908629547325
0,scatter,,1.3396934484591383,1.1667114754058026
0,scatter,,1.351416083882294,1.1778119781898633
0,scatter,,1.3632496090849746,1.1888888313025523
0,scatter,,1.3751937694858898,1.1999383921595865
0,scatter,,1.3872482734734515,1.2109569142664172
0,scatter,,1.3994127914817305,1.2219405451638738
0,scatter,,1.4116869548883542,1.232885324924968
0,scatter,,1.4240703549305584,1.243787184763618
0,scatter,,1.4365625416193366,1.2546419460514642
0,scatter,,1.4491630226077346,1.2654453181147667
0,scatter,,1.4618712620648493,1.276192896984225
0,scatter,,1.4746866795502804,1.2868801642553682
0,scatter,,1.4876086489107956,1.2975024864423188
0,scatter,,1.5006364970383903,1.3080551128115034
0,scatter,,1.513769502707027,1.3185331744406583
0,scatter,,1.5270068954097236,1.328931683413107
0,scatter,,1.5403478542352196,1.339245532578456
0,scatter,,1.5537915065422756,1.3494694935293647
0,scatter,,1.567336926767064,1.3595982160622615
0,scatter,,1.5809831352374388,1.3696262278052842
0,scatter,,1.5947290970495733,1.3795479345051795
0,scatter,,1.608573720661146,1.389357618205939
0,scatter,,1.6225158566928002,1.3990494372626423
0,scatter,,1.6365542967688222,1.4086174267022618
0,scatter,,1.6506877724343623,1.4180554992477252
0,scatter,,1.6649149535785923,1.427357443173521
0,scatter,,1.6792344472912686,1.4365169232261665
0,scatter,,1.693644796605406,1.4455274809319416
0,scatter,,1.7081444792360148,1.4543825350279675
0,scatter,,1.722731906868616,1.4630753853442031
0,scatter,,1.73740542367428,1.4715992122012012
0,scatter,,1.7521633048113088,1.479947075883733
0,scatter,,1.7670037554348288,1.488111919320189
0,scatter,,1.7819249095220566,1.4960865698159609
0,scatter,,1.7969248287388817,1.503863740858528
0,scatter,,1.8120015014607158,1.5114360332343184
0,scatter,,1.8271528414760676,1.51879593875849
0,scatter,,1.8423766869386489,1.5259358427085443
0,scatter,,1.8576707993265107,1.5328480266655498
0,scatter,,1.8730328624100885,1.5395246717726214
0,scatter,,1.8884604813089796,1.5459578615839014
0,scatter,,1.9039511815690873,1.5521395853515056
0,scatter,,1.9195024081164378,1.5580617434989994
0,scatter,,1.935111524417401,1.5637161513816054
0,scatter,,1.9507758116273777,1.5690945439660442
0,scatter,,1.9664924677958415,1.574188580835863
0,scatter,,1.9822586075112734,1.5789898511847968
0,scatter,,1.998071260904293,1.5834898797683714
0,scatter,,2.0139273729335807,1.587680133005014
0,scatter,,2.0298238029128797,1.5915520252748494
0,scatter,,2.0457573239967997,1.595096925677273
0,scatter,,2.0617246228347073,1.5983061650096726
0,scatter,,2.0777222995623306,1.6011710427292813
0,scatter,,2.0937468670034236,1.6036828355773192
0,scatter,,2.109794750615858,1.6058328056100712
0,scatter,,2.1258622883939413,1.6076122088143752
0,scatter,,2.1419457308255985,1.6090123041745135
0,scatter,,2.1580412411844043,1.6100243619220915
0,scatter,,2.1741448956832006,1.610639673331835
0,scatter,,2.1902526834539255,1.6108495622608043
0,scatter,,2.2063605070475174,1.610645395024787
0,scatter,,2.2224641828963283,1.6100185913899214
0,scatter,,2.2385594419024475,1.6089606357271855
0,scatter,,2.2546419303464886,1.607463085727468
0,scatter,,2.2707072104810804,1.6055175874070367
0,scatter,,2.286750761472074,1.6031158874064375
0,scatter,,2.3027679804961263,1.6002498452453222
0,scatter,,2.3187541839279846,1.5969114464990006
0,scatter,,2.3347046086654344,1.5930928146866656
0,scatter,,2.350614413595345,1.5887862219649398
0,scatter,,2.3664786811675294,1.5839841085061108
0,scatter,,2.382292419139048,1.5786790947761535
0,scatter,,2.3980505624580446,1.5728639959799464
0,scatter,,2.4137479752943314,1.566531836913047
0,scatter,,2.429379452976895,1.5596758619578455
0,scatter,,2.444939724428059,1.552289552529366
0,scatter,,2.460423454776726,1.5443666452213407
0,scatter,,2.4758252479006564,1.5359011453230684
0,scatter,,2.491139649222553,1.5268873424490759
0,scatter,,2.5063611485701234,1.5173198252403324
0,scatter,,2.5214841826427037,1.5071934900708897
0,scatter,,2.5365031390131247,1.4965035648853804
0,scatter,,2.5514123593917573,1.4852456231695363
0,scatter,,2.566206143123237,1.473415598660261
0,scatter,,2.580878750929215,1.4610098008970915
0,scatter,,2.5954244082591402,1.4480249266933014
0,scatter,,2.609837308883223,1.4344580720646385
0,scatter,,2.62411162020876,1.4203067552598054
0,scatter,,2.638241487103455,1.4055689276621295
0,scatter,,2.652221036366978,1.3902429879684581
0,scatter,,2.6660443813206816,1.3743277959134876
0,scatter,,2.679705625126257,1.3578226786738539
0,scatter,,2.6931988667286673,1.3407274490248076
0,scatter,,2.7065182061653648,1.3230424192367018
0,scatter,,2.7196577493169074,1.3047684110463553
0,scatter,,2.73261161317091,1.2859067669274127
0,scatter,,2.7453739307580216,1.2664593593780158
0,scatter,,2.7579388549592276,1.2464285957529568
0,scatter,,2.770300566351787,1.2258174343429495
0,scatter,,2.782453278151301,1.2046293905246355
0,scatter,,2.7943912417984813,1.1828685437547999
0,scatter,,2.806108752779409,1.1605395441223225
0,scatter,,2.8176001550543464,1.137647616176964
0,scatter,,2.828859846877917,1.114198563441785
0,scatter,,2.839882288429618,1.0901987740888237
0,scatter,,2.850662006891074,1.0656552223389133
0,scatter,,2.861193602444255,1.0405754698471439
0,scatter,,2.8714717541381063,1.0149676661086375
0,scatter,,2.8814912237371813,0.9888405494252183
0,scatter,,2.891246863766738,0.9622034431481985
0,scatter,,2.900733623395781,0.9350662525059529
0,scatter,,2.9099465539558467,0.9074394604530396
0,scatter,,2.9188808148255094,0.8793341218769715
0,scatter,,2.927531678463059,0.8507618586315154
0,scatter,,2.935894535410237,0.8217348584699329
0,scatter,,2.9439649010804207,0.7922658530242245
0,scatter,,2.951738421453119,0.7623681139293748
0,scatter,,2.9592108780262625,0.7320554395940994
0,scatter,,2.9663781931585325,0.7013421419196978
0,scatter,,2.973236434416399,0.6702430390543966
0,scatter,,2.979781819550084,0.6387734400420647
0,scatter,,2.9860107217505005,0.6069491243941811
0,scatter,,2.991919674157173,0.5747863263881751
0,scatter,,2.9975053750475356,0.5423017133214023
0,scatter,,3.002764691516734,0.5095123684948893
0,scatter,,3.007694663903243,0.4764357689999424
0,scatter,,3.0122925085270422,0.44308977143855083
0,scatter,,3.016555621825711,0.4094925868242698
0,scatter,,3.0204815844269377,0.3756627536920291
0,scatter,,3.0240681639298432,0.3416191163901699
0,scatter,,3.0273133174085194,0.30738080185383143
0,scatter,,3.0302151948714253,0.2729671912119494
0,scatter,,3.0327721416266136,0.238397893696122
0,scatter,,3.0349826995374047,0.20369272448715653
0,scatter,,3.036845609499273,0.16887167427669653
0,scatter,,3.0383598134130456,0.13395487938856293
0,scatter,,3.0395244551737894,0.09896259614046606
0,scatter,,3.0403388813223517,0.06391517609448485
0,scatter,,3.0408026425491412,0.02883303041418849
0,scatter,,3.040915494010869,-0.006263397647119862
0,scatter,,3.0406773950419264,-0.04135365524083147
0,scatter,,3.0400885094361088,-0.07641731432819464
0,scatter,,3.039149205158909,-0.11143400248111844
0,scatter,,3.037860053518653,-0.14638342793441494
0,scatter,,3.036221828099669,-0.18124540480282364
0,scatter,,3.0342355037295676,-0.21599988936983794
0,scatter,,3.031902254879327,-0.2506270059179989
0,scatter,,3.0292234538745832,-0.2851070670967262
0,scatter,,3.026200668781688,-0.31942060790233906
0,scatter,,3.022835661026171,-0.3535484131911375
0,scatter,,3.0191303829311242,-0.38747153904241893
0,scatter,,3.0150869749187246,-0.42117133608368706
0,scatter,,3.0107077620987805,-0.4546294808752001
0,scatter,,3.0059952510383345,-0.4878279968379765
0,scatter,,3.000952126773956,-0.5207492696980782
0,scatter,,2.995581248246839,-0.5533760784623544
0,scatter,,2.9898856443021105,-0.5856916156521154
0,scatter,,2.98386850939554,-0.6176795072750806
0,scatter,,2.9775331999830197,-0.6493238258762071
0,scatter,,2.970883230013195,-0.6806091070649911
0,scatter,,2.963922265143033,-0.7115203720565829
0,scatter,,2.956654118249872,-0.7420431385471703
0,scatter,,2.949082744389234,-0.7721634353815676
0,scatter,,2.94121223598993,-0.8018678293396191
0,scatter,,2.9330468171041204,-0.8311434208586157
0,scatter,,2.9245908380350425,-0.8599778560023172
0,scatter,,2.9158487698365083,-0.8883593359287679
0,scatter,,2.9068251986792553,-0.9162766330187642
0,scatter,,2.897524820132684,-0.9437190990611446
0,scatter,,2.887952433371347,-0.9706766599750911
0,scatter,,2.878112935323868,-0.997139824584195
0,scatter,,2.8680113148200763,-1.0230996883284813
0,scatter,,2.857652647006236,-1.048547942972083
0,scatter,,2.847042087102699,-1.0734768694817423
0,scatter,,2.8361848645351957,-1.0978793388720076
0,scatter,,2.825086277059848,-1.1217488114695155
0,scatter,,2.813751684860352,-1.1450793374953767
0,scatter,,2.802186504682091,-1.1678655544313592
0,scatter,,2.790396204023874,-1.1901026787002895
0,scatter,,2.7783862953629725,-1.2117865018684753
0,scatter,,2.7661623304224694,-1.2329133847263956
0,scatter,,2.7537298943265016,-1.2534802549879163
0,scatter,,2.741094600224656,-1.2734845943953679
0,scatter,,2.7282620837839477,-1.2929244305548597
0,scatter,,2.7152379977892496,-1.3117983277905403
0,scatter,,2.702028006596275,-1.3301053789824577
0,scatter,,2.6886377808541,-1.3478451953794899
0,scatter,,2.6750729927624715,-1.3650178922877756
0,scatter,,2.6613393109695136,-1.3816240782191533
0,scatter,,2.647442395692997,-1.397664842495132
0,scatter,,2.6333878935182193,-1.4131417445063492
0,scatter,,2.6191814333006547,-1.4280567979909726
0,scatter,,2.6048286216726773,-1.442412457469695
0,scatter,,2.5903350387127233,-1.4562116042920141
0,scatter,,2.5757062334289813,-1.4694575327790207
0,scatter,,2.5609477196015153,-1.4821539357584594
0,scatter,,2.546064972431987,-1.4943048887826318
0,scatter,,2.5310634246171397,-1.5059148354412342
0,scatter,,2.5159484627417075,-1.5169885721542518
0,scatter,,2.5007254232579332,-1.5275312328370403
0,scatter,,2.485399589816557,-1.5375482736083363
0,scatter,,2.469976190104383,-1.5470454574535852
0,scatter,,2.454460392846792,-1.5560288389350938
0,scatter,,2.4388573047162243,-1.564504748426248
0,scatter,,2.4231719674939387,-1.572479776599252
0,scatter,,2.4074093559961773,-1.5799607600533074
0,scatter,,2.391574375529324,-1.5869547660677517
0,scatter,,2.375671859618213,-1.5934690774314362
0,scatter,,2.3597065678847033,-1.5995111774465487
0,scatter,,2.3436831842588703,-1.6050887362691044
0,scatter,,2.327606315184636,-1.6102095965216243
0,scatter,,2.3114804878545834,-1.6148817588857622
0,scatter,,2.2953101484944938,-1.6191133676642906
0,scatter,,2.2790996613596506,-1.6229126986989535
0,scatter,,2.262853307378834,-1.62628814589292
0,scatter,,2.2465752830058485,-1.6292482080791393
0,scatter,,2.230269699145358,-1.6318014757464299
0,scatter,,2.213940580448413,-1.6339566201893247
0,scatter,,2.1975918645413715,-1.6357223814148356
0,scatter,,2.1812274013657724,-1.6371075564342883
0,scatter,,2.1648509525355495,-1.6381209872513094
0,scatter,,2.1484661911227856,-1.638771551513863
0,scatter,,2.132076701313934,-1.6390681518829238
0,scatter,,2.115685978196845,-1.6390197058709648
0,scatter,,2.0992974275889504,-1.638635135322496
0,scatter,,2.0829143661326914,-1.6379233584544428
0,scatter,,2.0665400213626155,-1.636893280796175
0,scatter,,2.0501775318684836,-1.6355537865974756
0,scatter,,2.0338299474944836,-1.6339137298805155
0,scatter,,2.0175002297406817,-1.631981927815111
0,scatter,,2.001191252159142,-1.6297671532266467
0,scatter,,1.9849058008303582,-1.6272781275330415
0,scatter,,1.9686465748967605,-1.6245235133863318
0,scatter,,1.9524161871922148,-1.6215119092887553
0,scatter,,1.9362171649122828,-1.6182518436073758
0,scatter,,1.9200519503452818,-1.614751768896566
0,scatter,,1.9039229016717536,-1.6110200558059078
0,scatter,,1.8878322937793248,-1.6070649894079885
0,scatter,,1.8717823191452527,-1.602894764547374
0,scatter,,1.855775088759399,-1.5985174816463572
0,scatter,,1.8398126330840037,-1.5939411429668668
0,scatter,,1.8238969031336427,-1.5891736468798119
0,scatter,,1.808029771481221,-1.584222785362812
0,scatter,,1.792213033262941,-1.5790962426272912
0,scatter,,1.7764484073023386,-1.5738015914710435
0,scatter,,1.7607375372214775,-1.568346290871867
0,scatter,,1.7450819926481136,-1.5627376833346782
0,scatter,,1.7294832705851975,-1.5569829915026407
0,scatter,,1.7139427962780291,-1.5510893185971621
0,scatter,,1.698461924511508,-1.545063646212027
0,scatter,,1.683041940829597,-1.5389128329434083
0,scatter,,1.6676840627604277,-1.5326436132915084
0,scatter,,1.652389441327337,-1.5262625957995781
0,scatter,,1.6371591620754293,-1.5197762630842728
0,scatter,,1.621994246263711,-1.5131909714840566
0,scatter,,1.606895652180839,-1.5065129504531853
0,scatter,,1.5918642763891508,-1.4997483023595721
0,scatter,,1.5769009551400388,-1.492903002335418
0,scatter,,1.562006465797346,-1.4859828982690064
0,scatter,,1.5471815277006749,-1.4789937112714107
0,scatter,,1.5324268035768087,-1.4719410359366871
0,scatter,,1.517742900783896,-1.46483034081854
0,scatter,,1.5031303725796454,-1.4576669690509347
0,scatter,,1.4885897196912203,-1.4504561393000497
0,scatter,,1.4741213911838187,-1.4432029463195217
0,scatter,,1.4597257857202228,-1.4359123618867284
0,scatter,,1.4454032528140883,-1.4285892358274035
0,scatter,,1.4311540940184038,-1.421238297079495
0,scatter,,1.4169785643378618,-1.4138641552644344
0,scatter,,1.4028768733867956,-1.4064713018885426
0,scatter,,1.388849186315767,-1.399064111211596
0,scatter,,1.3748956250829418,-1.3916468418277625
0,scatter,,1.3610162695833035,-1.3842236380659942
0,scatter,,1.3472111588255364,-1.3767985316084066
0,scatter,,1.3334802922875706,-1.3693754436723014
0,scatter,,1.3198236306656375,-1.3619581856579275
0,scatter,,1.3062410970441438,-1.354550460997451
0,scatter,,1.292732577970836,-1.3471558668267642
0,scatter,,1.2792979244986193,-1.3397778956453146
0,scatter,,1.2659369535013365,-1.3324199379946615
0,scatter,,1.2526494484462247,-1.3250852833646445
0,scatter,,1.2394351602841969,-1.3177771215795278
0,scatter,,1.2262938085081925,-1.3104985448316313
0,scatter,,1.2132250820925823,-1.3032525493808276
0,scatter,,1.2002286404081317,-1.2960420372387242
0,scatter,,1.187304114263796,-1.2888698183940268
0,scatter,,1.174451107463838,-1.2817386150112429
0,scatter,,1.1616691967138633,-1.2746510595944218
0,scatter,,1.1489579327414288,-1.2676096977028508
0,scatter,,1.1363168412106162,-1.2606169899655106
0,scatter,,1.1237454235423843,-1.2536753138050796
0,scatter,,1.1112431577123063,-1.2467869651327663
0,scatter,,1.0988094992979476,-1.2399541613482499
0,scatter,,1.0864438823321216,-1.2331790434640617
0,scatter,,1.074145719590065,-1.2264636755269878
0,scatter,,1.0619144035533927,-1.2198100474335745
0,scatter,,1.049749307129366,-1.2132200766147052
0,scatter,,1.0376497843478458,-1.2066956096787893
0,scatter,,1.025615171057375,-1.200238424119039
0,scatter,,1.01364478599055,-1.1938502319568498
0,scatter,,1.001737931041607,-1.1875326794612708
0,scatter,,0.9898938918588508,-1.1812873485239797
0,scatter,,0.9781119385686168,-1.175115758759768
0,scatter,,0.9663913263804005,-1.1690193690622581
0,scatter,,0.9547312961737915,-1.1629995791225158
0,scatter,,0.9431310751303411,-1.1570577313441988
0,scatter,,0.9315898774793039,-1.1511951136306693
0,scatter,,0.9201069047355035,-1.1454129587405364
0,scatter,,0.908681346329775,-1.1397124464378963
0,scatter,,0.8973123801400973,-1.134094705032292
0,scatter,,0.8859991729914873,-1.1285608127777915
0,scatter,,0.874740881140176,-1.1231117992351938
0,scatter,,0.863536650856955,-1.117748647480246
0,scatter,,0.8523856188727224,-1.1124722953311161
0,scatter,,0.8412869126949442,-1.1072836356591218
0,scatter,,0.8302396511137283,-1.102183518234855
0,scatter,,0.8192429446229432,-1.0971727509926485
0,scatter,,0.808295895827746,-1.0922521012614004
0,scatter,,0.7973975998457195,-1.0874222970341767
0,scatter,,0.7865471447735191,-1.0826840290430015
0,scatter,,0.775743611969138,-1.07803795096543
0,scatter,,0.7649860764169218,-1.0734846806139802
0,scatter,,0.7542736070939233,-1.069024801236308
0,scatter,,0.743605267308225,-1.06465886260845
0,scatter,,0.732980115025883,-1.060387382097385
0,scatter,,0.7223972031991218,-1.0562108459082613
0,scatter,,0.7118555800964429,-1.0521297105248113
0,scatter,,0.7013542895535037,-1.0481444029100517
0,scatter,,0.6908923712767504,-1.044255321785202
0,scatter,,0.6804688611218217,-1.0404628386104962
0,scatter,,0.6700827913610359,-1.036767298514077
0,scatter,,0.6597331909415177,-1.0331690211957498
0,scatter,,0.6494190857353815,-1.0296683022091728
0,scatter,,0.6391394987795206,-1.0262654135986515
0,scatter,,0.6288934505067413,-1.0229606044505104
0,scatter,,0.6186799589698023,-1.019754101911204
0,scatter,,0.6084980400569787,-1.0166461119789272
0,scatter,,0.5983467076998493,-1.0136368202700556
0,scatter,,0.5882249740734954,-1.0107263927604009
0,scatter,,0.578131849787512,-1.0079149765599142
0,scatter,,0.5680663440455729,-1.0052027013796578
0,scatter,,0.5580274648538207,-1.0025896793391147
0,scatter,,0.5480142191909908,-1.0000760056803408
0,scatter,,0.5380256131676654,-0.9976617595946431
0,scatter,,0.5280606521851635,-0.995347004857897
0,scatter,,0.5181183410884569,-0.9931317904451374
0,scatter,,0.5081976843134942,-0.9910161511246524
0,scatter,,0.49829768600945284,-0.98900010808807
0,scatter,,0.48841735010825976,-0.9870836696970158
0,scatter,,0.47855568056529235,-0.9852668317039054
0,scatter,,0.4687116814472104,-0.9835495778787389
0,scatter,,0.45888435704368397,-0.9819318805350057
0,scatter,,0.4490727119810535,-0.9804137010184704
0,scatter,,0.4392757513316493,-0.978994990178161
0,scatter,,0.42949248071888424,-0.9776756888197956
0,scatter,,0.41972190638097495,-0.9764557281881426
0,scatter,,0.4099630352473696,-0.9753350304119388
0,scatter,,0.40021487511215315,-0.9743135088080856
0,scatter,,0.3904764346821718,-0.9733910683198209
0,scatter,,0.38074672366001333,-0.9725676058918654
0,scatter,,0.371024752824352,-0.9718430108291988
0,scatter,,0.36130953410732936,-0.9712171651405785
0,scatter,,0.3516000806681631,-0.9706899438659526
0,scatter,,0.3418954068870408,-0.9702612152988158
0,scatter,,0.3321945284862178,-0.9699308413460392
0,scatter,,0.32249646263324616,-0.9696986778552193
0,scatter,,0.31280022796917517,-0.9695645748424379
0,scatter,,0.3031048446670426,-0.9695283767441094
0,scatter,,0.2934093344883495,-0.9695899226549086
0,scatter,,0.28371272083764004,-0.9697490465520258
0,scatter,,0.27401402880867864,-0.9700055774863764
0,scatter,,0.2643122851693848,-0.9703593395837862
0,scatter,,0.2546065184910368,-0.9708101524641037
0,scatter,,0.24489575918450174,-0.971357831375917
0,scatter,,0.23517903953190833,-0.9720021873084231
0,scatter,,0.22545539372985512,-0.9727430271273905
0,scatter,,0.21572385793163457,-0.9735801536980588
0,scatter,,0.20598347028857797,-0.9745133659951832
0,scatter,,0.19623327097589977,-0.97554245913013
0,scatter,,0.18647230219330757,-0.9766672242491597
0,scatter,,0.17669960827495115,-0.9778874489356025
0,scatter,,0.16691423570159447,-0.9792029171405545
0,scatter,,0.15711523313437423,-0.9806134092029026
0,scatter,,0.14730165145171265,-0.982118701871846
0,scatter,,0.13747254378633023,-0.98371856831653
0,scatter,,0.12762696556240175,-0.9854127781229469
0,scatter,,0.1177639745139939,-0.9872010971130617
0,scatter,,0.10788263071852386,-0.9890832872765557
0,scatter,,0.09798199666805714,-0.9910591070111898
0,scatter,,0.08806113729018442,-0.9931283109084305
0,scatter,,0.07811911998668486,-0.9952906496722226
0,scatter,,0.06815501467330659,-0.997545870025267
0,scatter,,0.05816789382058392,-0.9998937146018958
0,scatter,,0.04815683249575134,-1.0023339218192886
0,scatter,,0.03812090839671932,-1.0048662253813447
0,scatter,,0.028059201905940648,-1.0074903544672116
0,scatter,,0.017970796139925235,-1.0102060336744247
0,scatter,,0.007854776993839796,-1.0130129826949112
0,scatter,,-0.002289766808196675,-1.015910916116772
0,scatter,,-0.012463743660781644,-1.0188995432121437
0,scatter,,-0.02266805902257978,-1.0219785677111288
0,scatter,,-0.032903615359274045,-1.0251476875618433
0,scatter,,-0.04317131208403723,-1.0284065946766319
0,scatter,,-0.053472045492284764,-1.0317549743468648
0,scatter,,-0.06380670869035675,-1.0351925042926533
0,scatter,,-0.07417619154081968,-1.0387188558072242
0,scatter,,-0.0845813805857887,-1.0423336928565645
0,scatter,,-0.09502315897159155,-1.0460366716681329
0,scatter,,-0.10550240637058321,-1.0498274403625811
0,scatter,,-0.11601999889932704,-1.0537056385692136
0,scatter,,-0.12657680903311413,-1.0576708970251603
0,scatter,,-0.13717370551653335,-1.0617228371581484
0,scatter,,-0.1478115532676168,-1.065861070635308
0,scatter,,-0.15849121317108425,-1.0700851981144988
0,scatter,,-0.16921354207644196,-1.0743948095093352
0,scatter,,-0.17997939272411181,-1.0787894837436864
0,scatter,,-0.19078961358840252,-1.08326878791531
0,scatter,,-0.20164504875814995,-1.0878322767525341
0,scatter,,-0.2125465378120784,-1.0924794920518757
0,scatter,,-0.22349491568879232,-1.097209962096472
0,scatter,,-0.23449101255131172,-1.1020232010552131
0,scatter,,-0.24553565364584584,-1.1069187083623657
0,scatter,,-0.25662965909973706,-1.1118959678221347
0,scatter,,-0.2677738436496527,-1.11695444639777
0,scatter,,-0.27896901673554525,-1.122093594706717
0,scatter,,-0.29021598223177847,-1.1273128458412236
0,scatter,,-0.30151553825929767,-1.132611614574939
0,scatter,,-0.312868477001445,-1.1379892965965577
0,scatter,,-0.32427558451244876,-1.1434452677208005
0,scatter,,-0.335737640518539,-1.1489788830765664
0,scatter,,-0.34725541821141837,-1.1545894762719835
0,scatter,,-0.35882968402903936,-1.1602763585254783
0,scatter,,-0.3704611971951406,-1.1660388172738563
0,scatter,,-0.3821507097049645,-1.1718761157294302
0,scatter,,-0.39389896616066,-1.177787492109141
0,scatter,,-0.40570670342271786,-1.183772158463492
0,scatter,,-0.41757465034628005,-1.1898292996814603
0,scatter,,-0.4295035275079702,-1.1959580724693475
0,scatter,,-0.44149404692312266,-1.2021576043033315
0,scatter,,-0.4535469117530512,-1.208426992355364
0,scatter,,-0.4656628160022924,-1.2147653023922032
0,scatter,,-0.47784244411733445,-1.2211715676221824
0,scatter,,-0.49008647046829196,-1.2276447874842564
0,scatter,,-0.5023955594261579,-1.2341839265816614
0,scatter,,-0.5147703648507872,-1.2407879134231443
0,scatter,,-0.527211529708708,-1.2474556391759961
0,scatter,,-0.5397196856965675,-1.25418595639532
0,scatter,,-0.552295452852418,-1.2609776777242891
0,scatter,,-0.5649394391545127,-1.2678295745650572
0,scatter,,-0.577652240107526,-1.2747403757201066
0,scatter,,-0.5904344383110584,-1.2817087660170423
0,scatter,,-0.6032866027836856,-1.2887333855549832
0,scatter,,-0.6162092887216468,-1.295812827658629
0,scatter,,-0.6292030371085755,-1.3029456371826806
0,scatter,,-0.6422683741331493,-1.3101303092877774
0,scatter,,-0.655405810686603,-1.3173652879204008
0,scatter,,-0.6686158418454312,-1.324648964263089
0,scatter,,-0.6818989463388437,-1.3319796751546367
0,scatter,,-0.6952555860008712,-1.3393557014801514
0,scatter,,-0.7086862052067591,-1.346775266530687
0,scatter,,-0.7221912302533964,-1.3542365349671297
0,scatter,,-0.7357710686728126,-1.3617376125544811
0,scatter,,-0.7494261088101769,-1.3692765414243606
0,scatter,,-0.7631567191185483,-1.3768512995220266
0,scatter,,-0.7769632475009954,-1.3844597990043002
0,scatter,,-0.7908460206436505,-1.3920998844787782
0,scatter,,-0.8048053433309522,-1.3997693312165278
0,scatter,,-0.8188414977429727,-1.407465843338336
0,scatter,,-0.8329547427343769,-1.4151870519743872
0,scatter,,-0.8471453130976614,-1.42293051347043
0,scatter,,-0.8614134189515655,-1.430693711295065
0,scatter,,-0.8757592448334208,-1.4384740507469636
0,scatter,,-0.8901829488528861,-1.4462688557253423
0,scatter,,-0.9046846619396093,-1.4540753684159455
0,scatter,,-0.9192644870120005,-1.461890747418588
0,scatter,,-0.9339224981262035,-1.4697120658586145
0,scatter,,-0.948658739605109,-1.477536309482703
0,scatter,,-0.9634732251472563,-1.4853603747394375
0,scatter,,-0.9783659369151777,-1.4931810668449195
0,scatter,,-0.9933368247463964,-1.5009950993847194
0,scatter,,-1.008385805572452,-1.5087990963807305
0,scatter,,-1.0235127617914663,-1.5165895832462737
0,scatter,,-1.0387175405327953,-1.5243629876164515
0,scatter,,-1.0539999526974793,-1.5321156379729204
0,scatter,,-1.069359771949914,-1.5398437619661896
0,scatter,,-1.0847967336905446,-1.5475434847593135
0,scatter,,-1.1003105340111374,-1.5552108273947125
0,scatter,,-1.1159008288878642,-1.5628417051822572
0,scatter,,-1.13156723295381,-1.5704319261202764
0,scatter,,-1.1473093182426224,-1.5779771893454262
0,scatter,,-1.1631266132005083,-1.5854730836090158
0,scatter,,-1.1790186015605577,-1.5929150857875667
0,scatter,,-1.1949847211992242,-1.6002985594277883
0,scatter,,-1.2110243629747268,-1.6076187533277382
0,scatter,,-1.2271368696983387,-1.6148708014174362
0,scatter,,-1.243321535681193,-1.6220497276405328
0,scatter,,-1.259577604453159,-1.629150435748557
0,scatter,,-1.275904267855234,-1.6361677107717068
0,scatter,,-1.2923006649253659,-1.6430962189600777
0,scatter,,-1.3087658806796483,-1.6499305070482242
0,scatter,,-1.3252989448803691,-1.6566650016116602
0,scatter,,-1.3418988307912298,-1.663294008519106
0,scatter,,-1.3585644547484226,-1.6698117149319627
0,scatter,,-1.3752946748672987,-1.676212188889998
0,scatter,,-1.3920882886850006,-1.6824893758959654
0,scatter,,-1.4089440325463376,-1.6886371007976806
0,scatter,,-1.4258605803726692,-1.694649067996164
0,scatter,,-1.4428365424261924,-1.7005188617931888
0,scatter,,-1.4598704640708968,-1.7062399468846048
0,scatter,,-1.476960824674434,-1.711805669614661
0,scatter,,-1.49410603771424,-1.717209264505994
0,scatter,,-1.5113044479157944,-1.7224438483615916
0,scatter,,-1.5285543302896727,-1.7275024225955673
0,scatter,,-1.5458538892047986,-1.732377875889541
0,scatter,,-1.5632012572253513,-1.737062986021358
0,scatter,,-1.5805944939567564,-1.7415504219094555
0,scatter,,-1.5980315849015536,-1.7458327458792529
0,scatter,,-1.6155104413172365,-1.7499024184593743
0,scatter,,-1.6330288998552536,-1.7537518028773629
0,scatter,,-1.6505847191223182,-1.7573731626196558
0,scatter,,-1.66817557978887,-1.7607586674449414
0,scatter,,-1.6857990836547523,-1.7639003971962635
0,scatter,,-1.7034527527158234,-1.7667903458395922
0,scatter,,-1.7211340282599221,-1.7694204257994188
0,scatter,,-1.7388402700988785,-1.7717824727340898
0,scatter,,-1.7565687578440725,-1.7738682532086258
0,scatter,,-1.7743166880468217,-1.7756694673293507
0,scatter,,-1.7920811733311446,-1.7771777542216143
0,scatter,,-1.8098592423359259,-1.7783846988362149
0,scatter,,-1.8276478391516437,-1.779281838400188
0,scatter,,-1.8454438228104202,-1.7798606692361123
0,scatter,,-1.8632439668317102,-1.780112653958467
0,scatter,,-1.8810449596162,-1.7800292285397759
0,scatter,,-1.8988434056425536,-1.7796018092861545
0,scatter,,-1.9166358221926076,-1.7788218031725322
0,scatter,,-1.934418640438854,-1.777680615785301
0,scatter,,-1.9521882055325406,-1.7761696603795383
0,scatter,,-1.9699407766738697,-1.7742803674205574
0,scatter,,-1.9876725272671822,-1.7720041945526301
0,scatter,,-2.005379545190725,-1.7693326368872335
0,scatter,,-2.023057834844822,-1.7662572305181026
0,scatter,,-2.0407033163856068,-1.7627695689184164
0,scatter,,-2.0583118255756125,-1.7588613175706773
0,scatter,,-2.075879115175598,-1.7545242228963256
0,scatter,,-2.0934008557826247,-1.7497501244621496
0,scatter,,-2.11087263678424,-1.7445309676199452
0,scatter,,-2.1282899674318236,-1.738858816585295
0,scatter,,-2.1456482782073123,-1.732725865243343
0,scatter,,-2.1629429228804797,-1.7261244394150563
0,scatter,,-2.1801691790645683,-1.7190470255426853
0,scatter,,-2.197322250138766,-1.711486280185715
0,scatter,,-2.2143972671288177,-1.7034350428121425
0,scatter,,-2.2313892906763892,-1.6948863498659141
0,scatter,,-2.2482933126427893,-1.6858334498496188
0,scatter,,-2.2651042575296945,-1.676269819157653
0,scatter,,-2.281816986366868,-1.666189174821169
0,scatter,,-2.29842629859349,-1.6555854906434586
0,scatter,,-2.3149269346495385,-1.6444530127907804
0,scatter,,-2.3313135787536137,-1.6327862755966782
0,scatter,,-2.3475808619893033,-1.6205801076129491
0,scatter,,-2.3637233654398244,-1.607829645305767
0,scatter,,-2.3797356232613596,-1.5945303618039863
0,scatter,,-2.3956121262335355,-1.5806780752926175
0,scatter,,-2.411347325381953,-1.5662689640155742
0,scatter,,-2.4269356357457603,-1.5512995811770718
0,scatter,,-2.4423714384942787,-1.535766864984769
0,scatter,,-2.457649085964322,-1.519668155825802
0,scatter,,-2.4727629066454924,-1.5030012127327192
0,scatter,,-2.4877072088397343,-1.485764225764409
0,scatter,,-2.502476285101881,-1.467955829812368
0,scatter,,-2.517064416747211,-1.4495751174314035
0,scatter,,-2.531465877332775,-1.4306216418082363
0,scatter,,-2.5456749386583044,-1.4110954385552312
0,scatter,,-2.559685875737404,-1.3909970375474598
0,scatter,,-2.573492971645889,-1.370327472114584
0,scatter,,-2.5870905227506027,-1.3490882896334784
0,scatter,,-2.6004728436054716,-1.3272815605088568
0,scatter,,-2.613634269897279,-1.3049098819434821
0,scatter,,-2.6265691670226015,-1.2819763931686423
0,scatter,,-2.6392719348942397,-1.258484781385355
0,scatter,,-2.651737013287643,-1.2344392878799262
0,scatter,,-2.6639588875476004,-1.2098447138830117
0,scatter,,-2.675932093605445,-1.1847064244265892
0,scatter,,-2.687651222167291,-1.1590303499617802
0,scatter,,-2.6991109272654166,-1.1328229931603895
0,scatter,,-2.7103059310949567,-1.1060914292590456
0,scatter,,-2.7212310297946036,-1.0788433066022538
0,scatter,,-2.731881099351489,-1.0510868461705056
0,scatter,,-2.742251099977568,-1.022830841835779
0,scatter,,-2.7523360812182034,-0.9940846585469719
0,scatter,,-2.7621311903919867,-0.9648582252361995
0,scatter,,-2.771631677081165,-0.9351620312468406
0,scatter,,-2.7808328988113464,-0.9050071199870445
0,scatter,,-2.789730326696118,-0.8744050812803822
0,scatter,,-2.798319549697006,-0.8433680482196645
0,scatter,,-2.8065962802974274,-0.8119086861997249
0,scatter,,-2.814556360574664,-0.7800401785026925
0,scatter,,-2.822195766820219,-0.7477762164585768
0,scatter,,-2.8295106145805233,-0.7151309864466108
0,scatter,,-2.8364971642711017,-0.682119157172436
0,scatter,,-2.8431518252652395,-0.6487558626065633
0,scatter,,-2.8494711605770555,-0.6150566852546157
0,scatter,,-2.8554518914510747,-0.5810376382497846
0,scatter,,-2.861090901349412,-0.5467151491467731
0,scatter,,-2.8663852393292784,-0.5121060465384344
0,scatter,,-2.8713321248959813,-0.4772275295385589
0,scatter,,-2.875928951243183,-0.44209714941098976
0,scatter,,-2.8801732885812226,-0.4067327870875118
0,scatter,,-2.884062887835204,-0.37115263381827013
0,scatter,,-2.8875956835046077,-0.33537516643139437
0,scatter,,-2.8907697959210443,-0.2994191190760255
0,scatter,,-2.893583533926122,-0.26330345920880993
0,scatter,,-2.896035397074525,-0.22704736167438394
0,scatter,,-2.8981240778311457,-0.19067018885820744
0,scatter,,-2.8998484629725008,-0.15419145741783583
0,scatter,,-2.9012076349472826,-0.11763081077829787
0,scatter,,-2.9022008729744138,-0.08100799212525557
0,scatter,,-2.902827654125739,-0.044342817721115965
0,scatter,,-2.9030876546466526,-0.0076551528158546045
0,scatter,,-2.9029807490770274,0.029035122867835536
0,scatter,,-2.902507010575859,0.06570814167442163
0,scatter,,-2.9016667106060794,0.10234407640512647
0,scatter,,-2.9004603189771117,0.13892316571653726
0,scatter,,-2.8988885029544402,0.17542574223479526
0,scatter,,-2.896952125459918,0.2118322631921537
0,scatter,,-2.89465224391179,0.2481233365089519
0,scatter,,-2.8919901085414104,0.2842797477975453
0,scatter,,-2.888967161665446,0.3202824851864936
0,scatter,,-2.8855850343936025,0.3561127667965351
0,scatter,,-2.88184554407333,0.3917520661953181
0,scatter,,-2.8777506917155677,0.42718213681093453
0,scatter,,-2.873302659283397,0.4623850360265761
0,scatter,,-2.8685038074371945,0.49734314873115787
0,scatter,,-2.8633566707421556,0.5320392091735632
0,scatter,,-2.857863954380629,0.5664563225091555
0,scatter,,-2.852028530266126,0.6005779852075035
0,scatter,,-2.84585343371827,0.6343881063757559
0,scatter,,-2.839341859294713,0.6678710265163662
0,scatter,,-2.832497155442401,0.7010115328495816
0,scatter,,-2.8253228202750105,0.7337948765517752
0,scatter,,-2.817822496848301,0.7662067877665533
0,scatter,,-2.8099999689273907,0.7982334956571899
0,scatter,,-2.8018591556262358,0.8298617351311447
0,scatter,,-2.7934041057316654,0.8610787605720166
0,scatter,,-2.784638992716146,0.8918723560815037
0,scatter,,-2.7755681093840328,0.9222308454635199
0,scatter,,-2.766195863054929,0.9521431057022206
0,scatter,,-2.756526769814263,0.9815985727726216
0,scatter,,-2.7465654478884396,1.0105872406747407
0,scatter,,-2.7363166126414975,1.0390996710969773
0,scatter,,-2.725785071440342,1.067127001094602
0,scatter,,-2.7149757172891436,1.0946609417870699
0,scatter,,-2.70389352304797,1.1216937801255165
0,scatter,,-2.6925435358936705,1.1482183806672352
0,scatter,,-2.680930871491469,1.1742281847476994
0,scatter,,-2.6690607082086917,1.1997172088970265
0,scatter,,-2.656938281360108,1.224680042249396
0,scatter,,-2.644568877545116,1.249111843106792
0,scatter,,-2.6319578289962764,1.2730083345385768
0,scatter,,-2.6191105080103467,1.2963657991316897
0,scatter,,-2.606032321125565,1.319181071822406
0,scatter,,-2.5927287035665145,1.341451532525864
0,scatter,,-2.5792051140695866,1.3631750990541809
0,scatter,,-2.565467030432557,1.3843502215337558
0,scatter,,-2.5515199426980737,1.4049758672721109
0,scatter,,-2.537369348258071,1.4250515114021707
0,scatter,,-2.523020747024811,1.4445771270398517
0,scatter,,-2.5084796382371195,1.463553181614043
0,scatter,,-2.4937515133468864,1.481980614663895
0,scatter,,-2.478841851641089,1.499860826656502
0,scatter,,-2.4637561158158907,1.5171956667958406
0,scatter,,-2.4484997491107316,1.533987429271929
0,scatter,,-2.433078169307122,1.5502388292590379
0,scatter,,-2.417496764565885,1.5659529888063328
0,scatter,,-2.401760889533364,1.5811334232754033
0,scatter,,-2.385875862594043,1.5957840363825877
0,scatter,,-2.3698469611774877,1.6099090974374144
0,scatter,,-2.3536794179063865,1.6235132241404537
0,scatter,,-2.3373784173078835,1.636601368668525
0,scatter,,-2.3209490931749004,1.6491788108180863
0,scatter,,-2.3043965250716347,1.66125113845691
0,scatter,,-2.287725734965982,1.6728242275506628
0,scatter,,-2.270941684542404,1.6839042286056438
0,scatter,,-2.2540492728044508,1.6944975583115949
0,scatter,,-2.2370533334600182,1.7046108828687705
0,scatter,,-2.2199586322800093,1.7142510972901215
0,scatter,,-2.202769864954812,1.7234253124935788
0,scatter,,-2.185491655012202,1.7321408444653181
0,scatter,,-2.16812855187895,1.7404052028796044
0,scatter,,-2.1506850290329127,1.7482260685634554
0,scatter,,-2.1331654823660022,1.7556112827692334
0,scatter,,-2.1155742286797774,1.7625688333891507
0,scatter,,-2.097915503986654,1.7691068445037346
0,scatter,,-2.0801934623596887,1.775233562881034
0,scatter,,-2.0624121750497326,1.7809573439598596
0,scatter,,-2.0445756294035164,1.7862866414712864
0,scatter,,-2.026687728002142,1.791229995992878
0,scatter,,-2.0087522870588104,1.7957960126638186
0,scatter,,-1.9907730364502298,1.7999933590513082
0,scatter,,-1.972753619308405,1.8038307562161746
0,scatter,,-1.9546975914436262,1.8073169665591555
0,scatter,,-1.9366084209751562,1.8104607830505546
0,scatter,,-1.918489487610114,1.8132710109910959
0,scatter,,-1.9003440830782294,1.815756468347629
0,scatter,,-1.8821754110081732,1.8179259751833723
0,scatter,,-1.8639865869449874,1.8197883442985912
0,scatter,,-1.8457806383894464,1.8213523718459401
0,scatter,,-1.827560504728162,1.822626826169392
0,scatter,,-1.8093290379550793,1.8236204450868732
0,scatter,,-1.7910890028972015,1.8243419271279542
0,scatter,,-1.772843077638571,1.8247999246088906
0,scatter,,-1.7545938539967385,1.8250030359969966
0,scatter,,-1.7363438380721647,1.8249597990129485
0,scatter,,-1.7180954509227637,1.8246786868767235
0,scatter,,-1.699851029226878,1.8241681019795644
0,scatter,,-1.681612826020155,1.823436370795932
0,scatter,,-1.6633830114848447,1.822491737558301
0,scatter,,-1.6451636737826814,1.8213423602708423
0,scatter,,-1.6269568199301698,1.8199963074105927
0,scatter,,-1.6087643767150732,1.8184615534999053
0,scatter,,-1.5905881916530507,1.8167459754701263
0,scatter,,-1.5724300340592068,1.8148573481179053
0,scatter,,-1.5542915960054082,1.8128033420179883
0,scatter,,-1.5361744933639985,1.810591520840229
0,scatter,,-1.5180802668981301,1.8082293386061508
0,scatter,,-1.500010383387452,1.8057241372521404
0,scatter,,-1.481966236901759,1.8030831436050123
0,scatter,,-1.4639491497416728,1.8003134688956375
0,scatter,,-1.4459603736372415,1.7974221069087986
0,scatter,,-1.4280010909271372,1.7944159325586684
0,scatter,,-1.4100724157273161,1.7913017008050796
0,scatter,,-1.3921753952522702,1.788086045173489
0,scatter,,-1.3743110113667913,1.7847754755366847
0,scatter,,-1.3564801812036986,1.7813763799656088
0,scatter,,-1.3386837585735831,1.777895023472978
0,scatter,,-1.3209225351943994,1.7743375476610135
0,scatter,,-1.303197241893781,1.7707099706186462
0,scatter,,-1.2855085500656904,1.7670181867797907
0,scatter,,-1.2678570731120409,1.7632679669286266
0,scatter,,-1.2502433670696078,1.7594649589250175
0,scatter,,-1.232667932068016,1.755614687938929
0,scatter,,-1.2151312135337573,1.7517225569750627
0,scatter,,-1.1976336033745503,1.7477938475062764
0,scatter,,-1.1801754415202719,1.7438337203849976
0,scatter,,-1.162757017080414,1.7398472166637242
0,scatter,,-1.1453785691210303,1.7358392583184534
0,scatter,,-1.1280402880379263,1.7318146493443594
0,scatter,,-1.1107423167038648,1.7277780768146587
0,scatter,,-1.093484751605241,1.7237341120110379
0,scatter,,-1.0762676444148458,1.7196872124011844
0,scatter,,-1.059091002838867,1.715641722427168
0,scatter,,-1.041954791530997,1.7116018744851769
0,scatter,,-1.024858933336005,1.707571790550128
0,scatter,,-1.0078033103623494,1.7035554835647961
0,scatter,,-0.9907877650609045,1.6995568589223387
0,scatter,,-0.9738121016914383,1.6955797170412021
0,scatter,,-0.956876086966448,1.691627753846103
0,scatter,,-0.9399794510498235,1.6877045622464082
0,scatter,,-0.923121888647767,1.6838136339177607
0,scatter,,-0.9063030599909311,1.6799583608543698
0,scatter,,-0.8895225918482537,1.6761420370937474
0,scatter,,-0.872780078835909,1.6723678614854054
0,scatter,,-0.856075083934436,1.6686389378913717
0,scatter,,-0.839407139490345,1.664958277052391
0,scatter,,-0.8227757481691914,1.6613287983463023
0,scatter,,-0.8061803838422315,1.6577533313762214
0,scatter,,-0.7896204925309549,1.654234617848413
0,scatter,,-0.7730954935078943,1.6507753141276131
0,scatter,,-0.7566047797789301,1.6473779913929667
0,scatter,,-0.7401477190202591,1.6440451376481788
0,scatter,,-0.7237236544100971,1.640779159362472
0,scatter,,-0.7073319054205559,1.6375823829978498
0,scatter,,-0.6909717687123281,1.634457057060101
0,scatter,,-0.6746425190372572,1.6314053542359714
0,scatter,,-0.6583434096427141,1.6284293713007323
0,scatter,,-0.642073673152078,1.6255311312465444
0,scatter,,-0.6258325222891209,1.6227125847388002
0,scatter,,-0.609619150579476,1.6199756115067097
0,scatter,,-0.5934327330355592,1.6173220216932673
0,scatter,,-0.5772724268611539,1.6147535573394456
0,scatter,,-0.561137372511674,1.612271895642475
0,scatter,,-0.545026693900873,1.6098786480704155
0,scatter,,-0.5289394990877612,1.6075753618532158
0,scatter,,-0.5128748809968487,1.605363521661425
0,scatter,,-0.4968319180529977,1.603244550888796
0,scatter,,-0.4808096748088941,1.6012198129159319
0,scatter,,-0.4648072025661618,1.5992906123573425
0,scatter,,-0.4488235396393184,1.5974581950593674
0,scatter,,-0.4328577119162864,1.5957237491405023
0,scatter,,-0.41690873394551076,1.5940884078786621
0,scatter,,-0.40097560923392583,1.5925532498296668
0,scatter,,-0.38505733080306165,1.5911192998481156
0,scatter,,-0.3691528817403799,1.589787530087681
0,scatter,,-0.3532612357466227,1.588558860981457
0,scatter,,-0.3373813575833538,1.587434161765069
0,scatter,,-0.3215122031174119,1.5864142491628985
0,scatter,,-0.3056527205187158,1.585499891303556
0,scatter,,-0.2898018505903009,1.5846918076826286
0,scatter,,-0.2739585272067201,1.5839906696034165
0,scatter,,-0.25812167780674006,1.5833971008483245
0,scatter,,-0.24229022388338753,1.5829116783188082
0,scatter,,-0.2264630814687652,1.5825349326329363
0,scatter,,-0.2106391612440736,1.582267347307509
0,scatter,,-0.1948173692163554,1.5821093600168583
0,scatter,,-0.17899660739804513,1.5820613638341552
0,scatter,,-0.16317577409833264,1.582123707002056
0,scatter,,-0.1473537643719003,1.5822966932565625
0,scatter,,-0.13152947046542918,1.5825805821093668
0,scatter,,-0.11570178226231675,1.5829755890891557
0,scatter,,-0.09986958770374553,1.5834818857601443
0,scatter,,-0.08403177317842353,1.5840995994492288
0,scatter,,-0.0681872240541479,1.5848288140943263
0,scatter,,-0.05233482508192638,1.5856695700082948
0,scatter,,-0.03647346082990343,1.586621863841032
0,scatter,,-0.020602016121605976,1.5876856485256337
0,scatter,,-0.004719376475400856,1.5888608331799445
0,scatter,,0.011175571456160438,1.5901472829514942
0,scatter,,0.027083939480042563,1.5915448185558942
0,scatter,,0.04300683738449168,1.593053216283316
0,scatter,,0.0589453724873069,1.594672207741348
0,scatter,,0.07490064919539743,1.5964014794416324
0,scatter,,0.09087376855089357,1.598240672412002
0,scatter,,0.10686582777281758,1.600189381762552
0,scatter,,0.1228779197935707,1.602247156205798
0,scatter,,0.1389111328080585,1.6044134974308766
0,scatter,,0.15496654981393024,1.6066878594465128
0,scatter,,0.17104524809047408,1.6090696481895614
0,scatter,,0.18714829873204789,1.611558220740823
0,scatter,,0.20327676615589302,1.614152884596769
0,scatter,,0.21943170760207328,1.6168528968966158
0,scatter,,0.235614172625295,1.6196574636022243
0,scatter,,0.25182520257954544,1.6225657386248908
0,scatter,,0.2680658301042743,1.6255768228796852
0,scatter,,0.28433707857577906,1.6286897633548052
0,scatter,,0.30063996156311296,1.6319035521062486
0,scatter,,0.31697548227556727,1.6352171251892906
0,scatter,,0.3333446329965555,1.638629361553928
0,scatter,,0.34974839450581086,1.6421390818933832
0,scatter,,0.36618773548997985,1.6457450474459712
0,scatter,,0.3826636119633892,1.6494459588280261
0,scatter,,0.3991769666483748,1.6532404547268307
0,scatter,,0.41572872832182495,1.6571271104787324
0,scatter,,0.43231981118949386,1.6611044367429046
0,scatter,,0.44895111423095957,1.6651708780782983
0,scatter,,0.46562352052979955,1.669324811475557
0,scatter,,0.4823378965882771,1.6735645448440506
0,scatter,,0.4990950916289517,1.6778883154698
0,scatter,,0.5158959369518057,1.6822942888769736
0,scatter,,0.5327412451342919,1.6867805567707914
0,scatter,,0.5496318092675081,1.6913451352674624
0,scatter,,0.5665684022142145,1.6959859633294607
0,scatter,,0.5835517758260973,1.7007009010152379
0,scatter,,0.6005826601427401,1.70548772768826
0,scatter,,0.617661762571609,1.7103441401856272
0,scatter,,0.6347897670691558,1.7152677511027166
0,scatter,,0.6519673334318066,1.7202560880420676
0,scatter,,0.6691950962225963,1.7253065901585023
0,scatter,,0.6864736639155742,1.7304166065105746
0,scatter,,0.7038036180072649,1.735583394281776
0,scatter,,0.7211855120829562,1.7408041167824735
0,scatter,,0.7386198708619914,1.7460758414205677
0,scatter,,0.756107189221413,1.751395537641429
0,scatter,,0.7736479312839151,1.756760075534932
0,scatter,,0.7912425296049702,1.7621662253895414
0,scatter,,0.8088913837467983,1.7676106524706188
0,scatter,,0.8265948593660902,1.7730899160914426
0,scatter,,0.8443532871542205,1.7786004676612042
0,scatter,,0.8621669617382857,1.7841386485877953
0,scatter,,0.8800361405592839,1.7897006881672985
0,scatter,,0.8979610427268466,1.7952827014612973
0,scatter,,0.9159418481347362,1.8008806891864315
0,scatter,,0.9339786963698773,1.8064905362976822
0,scatter,,0.9520716849633734,1.8121080060627064
0,scatter,,0.970220868443923,1.8177287400078799
0,scatter,,0.9884262571002626,1.8233482559678869
0,scatter,,1.0066878157175392,1.8289619461298576
0,scatter,,1.0250054622908342,1.834565075094313
0,scatter,,1.0433790667232457,1.8401527780025275
0,scatter,,1.0618084502217362,1.845720063030936
0,scatter,,1.0802933834717376,1.8512618066949194
0,scatter,,1.0988335848974404,1.8567727498387594
0,scatter,,1.1174287196124228,1.8622474979583994
0,scatter,,1.136078398036127,1.8676805196872672
0,scatter,,1.1547821744901976,1.8730661453413588
0,scatter,,1.1735395457744076,1.878398565526827
0,scatter,,1.192349949821275,1.8836718303151163
0,scatter,,1.2112127655140643,1.8888798545050218
0,scatter,,1.230127309771723,1.8940164091663592
0,scatter,,1.2490928361741915,1.8990751211923098
0,scatter,,1.2681085337832514,1.904049474030361
0,scatter,,1.2871735256703412,1.908932807108247
0,scatter,,1.3062868674312014,1.913718315382467
0,scatter,,1.3254475456873849,1.9183990490142502
0,scatter,,1.3446544769734337,1.922967914847897
0,scatter,,1.3639065078352777,1.9274176831597538
0,scatter,,1.3832024107967194,1.9317409772659733
0,scatter,,1.402540883648682,1.9359302772661702
0,scatter,,1.4219205481685595,1.939977921596368
0,scatter,,1.4413399486579426,1.9438761080251135
0,scatter,,1.4607975504803448,1.947616894855714
0,scatter,,1.4802917385988419,1.9511922023412653
0,scatter,,1.4998208171889493,1.9545938178147675
0,scatter,,1.5193830093769032,1.9578134014481172
0,scatter,,1.538976452724383,1.9608424783924592
0,scatter,,1.5585991992528991,1.96367244592308
0,scatter,,1.5782492141843016,1.9662945766394861
0,scatter,,1.5979243746429155,1.9687000217797999
0,scatter,,1.6176224683775935,1.9708798148420716
0,scatter,,1.6373411925057089,1.9728248755232491
0,scatter,,1.6570781545444209,1.974526018813995
0,scatter,,1.6768308705449089,1.975973958196695
0,scatter,,1.6965967616982696,1.977159305872453
0,scatter,,1.7163731547306433,1.9780725813653055
0,scatter,,1.7361572809402501,1.9787042175295404
0,scatter,,1.7559462752800317,1.9790445669617267
0,scatter,,1.7757371754887032,1.9790839088279295
0,scatter,,1.795526921399438,1.9788124561932239
0,scatter,,1.8153123574673826,1.9782203656939166
0,scatter,,1.8350902290142184,1.97729774384039
0,scatter,,1.8548571811585903,1.9760346553599406
0,scatter,,1.8746097593659825,1.9744211329468468
0,scatter,,1.8943444091049848,1.972447186915433
0,scatter,,1.9140574755854787,1.9701028153527982
0,scatter,,1.9337452035814058,1.9673780147821898
0,scatter,,1.9534037378064426,1.9642627904431815
0,scatter,,1.97302912606429,1.9607471618782917
0,scatter,,1.9926173151544202,1.9568211833505127
0,scatter,,2.0121641520930176,1.952474954655049
0,scatter,,2.0316653850562867,1.9476986332303285
0,scatter,,2.0511166639629392,1.9424824477477811
0,scatter,,2.0705135411806177,1.9368167122528077
0,scatter,,2.0898514723597597,1.9306918408663925
0,scatter,,2.1091258179428167,1.9240983588484855
0,scatter,,2.128331845668963,1.9170269075817032
0,scatter,,2.1474647297831857,1.9094682767261444
0,scatter,,2.166519553332949,1.901413414179946
0,scatter,,2.1854913099890103,1.8928534414638543
0,scatter,,2.2043749059629443,1.883779670134519
0,scatter,,2.223165161250567,1.8741836189699461
0,scatter,,2.2418568106318904,1.8640570317398526
0,scatter,,2.2604445084174016,1.8533918938303908
0,scatter,,2.2789228299583875,1.8421804507501713
0,scatter,,2.297286274236168,1.8304152266461755
0,scatter,,2.3155292666732303,1.8180890432005345
0,scatter,,2.333646162651733,1.805195032687422
0,scatter,,2.3516312524826115,1.7917266349589307
0,scatter,,2.369478760252107,1.7776776621488337
0,scatter,,2.3871828509298543,1.7630422847304525
0,scatter,,2.4047376330412296,1.7478150575312577
0,scatter,,2.422137162421312,1.7319909400813087
0,scatter,,2.4393754467515585,1.7155653113290361
0,scatter,,2.4564464496193064,1.6985339886457917
0,scatter,,2.4733440950635113,1.6808932451488992
0,scatter,,2.490062272214382,1.6626398270841782
0,scatter,,2.5065948401487947,1.6437709707085235
0,scatter,,2.5229356328067043,1.6242844188429222
0,scatter,,2.53907846393593,1.604178437792147
0,scatter,,2.555017133049395,1.5834518313102302
0,scatter,,2.570745429933018,1.5621039583596363
0,scatter,,2.586257141302021,1.5401347445921398
0,scatter,,2.601546055635703,1.5175446994183084
0,scatter,,2.6166059697281776,1.4943349264780226
0,scatter,,2.6314306943557484,1.470507137943814
0,scatter,,2.6460140603836977,1.4460636659277029
0,scatter,,2.660349925433002,1.4210074713891654
0,scatter,,2.6744321796555006,1.3953421567707358
0,scatter,,2.688254752919335,1.369071969770182
0,scatter,,2.7018116202084266,1.3422018207947999
0,scatter,,2.7150968085955256,1.3147372870757723
0,scatter,,2.7281044047874525,1.2866846063565127
0,scatter,,2.74082856153086,1.2580506912145883
0,scatter,,2.753263504863132,1.228843129867151
0,scatter,,2.7654035387575817,1.1990701919546776
0,scatter,,2.7772430530853676,1.168740826864942
0,scatter,,2.7887765315471795,1.13786466103236
0,scatter,,2.7999985573182937,1.1064519972138653
0,scatter,,2.81090381917112,1.0745138113557449
0,scatter,,2.821487119739017,1.0420617477785645
0,scatter,,2.831743381608404,1.0091081128580532
0,scatter,,2.841667652843563,0.975665865098887
0,scatter,,2.851255114810469,0.9417486085464166
0,scatter,,2.860501088471155,0.9073705817998979
0,scatter,,2.8694010396328893,0.8725466441724072
0,scatter,,2.8779505858475707,0.8372922630841708
0,scatter,,2.8861455028324423,0.8016234993851781
0,scatter,,2.8939817295271775,0.7655569904038717
0,scatter,,2.901455373590908,0.7291099319203345
0,scatter,,2.9085627179661206,0.6923000589874894
0,scatter,,2.9153002256838954,0.6551456253109932
0,scatter,,2.9216645440018216,0.6176653820438245
0,scatter,,2.927652510617325,0.5798785532717322
0,scatter,,2.933261158076696,0.5418048116214468
0,scatter,,2.9384877170781603,0.503464254856031
0,scatter,,2.943329621494193,0.46487737706116067
0,scatter,,2.947784512446491,0.42606504012147506
0,scatter,,2.9518502410658343,0.38704844769385743
0,scatter,,2.9555248718335942,0.34784911514138794
0,scatter,,2.958806686273307,0.30848883606293276
0,scatter,,2.96169418511818,0.26898965333854685
0,scatter,,2.964186090025501,0.2293738308012639
0,scatter,,2.9662813467637945,0.18966381357316014
0,scatter,,2.9679791267250777,0.14988219571178735
0,scatter,,2.969278827327275,0.1100516943994719
0,scatter,,2.970180073345075,0.07019511333773994
0,scatter,,2.9706827182949636,0.030335302449623798
0,scatter,,2.970786844463347,-0.00950487377044093
0,scatter,,2.9704927622784885,-0.04930256031558611
0,scatter,,2.9698010106270627,-0.08903495698759595
0,scatter,,2.968712356156605,-0.12867935290944324
0,scatter,,2.967227792072566,-0.168213155444361
0,scatter,,2.965348536565607,-0.20761391686249092
0,scatter,,2.9630760314726534,-0.24685938097241805
0,scatter,,2.9604119401186404,-0.2859275127540055
0,scatter,,2.957358145079317,-0.32479652051813
0,scatter,,2.953916745444869,-0.36344489216311787
0,scatter,,2.95009005374284,-0.40185143166471765
0,scatter,,2.945880592718301,-0.43999528561842455
0,scatter,,2.9412910922782567,-0.47785596120506457
0,scatter,,2.936324485022981,-0.5154133663794932
0,scatter,,2.9309839021031863,-0.5526478360142483
0,scatter,,2.925272669261312,-0.5895401524978106
0,scatter,,2.9191943026210696,-0.6260715654905995
0,scatter,,2.9127525027652457,-0.6622238259712554
0,scatter,,2.9059511498591784,-0.6979792052998556
0,scatter,,2.8987942994622937,-0.7333205084036941
0,scatter,,2.891286176293985,-0.7682310975933406
0,scatter,,2.8834311679968088,-0.8026949136021262
0,scatter,,2.87523381965567,-0.8366964897897211
0,scatter,,2.8666988292047373,-0.8702209612921787
0,scatter,,2.857831039466786,-0.903254085600747
0,scatter,,2.8486354319908984,-0.9357822537403202
0,scatter,,2.8391171215835467,-0.967792498555353
0,scatter,,2.8292813503380643,-0.999272502535096
0,scatter,,2.8191334793036043,-1.0302106091501102
0,scatter,,2.8086789823052016,-1.0605958277774092
0,scatter,,2.797923441152887,-1.090417836939788
0,scatter,,2.7868725372178496,-1.119666988800086
0,scatter,,2.775532044021003,-1.148334311347284
0,scatter,,2.763907820580639,-1.1764115085703795
0,scatter,,2.752005807589231,-1.2038909601207437
0,scatter,,2.7398320186814265,-1.2307657186625534
0,scatter,,2.727392532413334,-1.2570295059370633
0,scatter,,2.7146934860556273,-1.2826767078101018
0,scatter,,2.7017410712509524,-1.3077023725780854
0,scatter,,2.6885415262907864,-1.3321022019106366
0,scatter,,2.6751011280640093,-1.3558725398837508
0,scatter,,2.66142618611572,-1.3790103644764335
0,scatter,,2.647523038279968,-1.4015132832506767
0,scatter,,2.633398043966388,-1.4233795208363758
0,scatter,,2.6190575761683226,-1.4446079013528463
0,scatter,,2.604508016074662,-1.4651978371437129
0,scatter,,2.589755748624681,-1.4851493216871212
0,scatter,,2.57480715691092,-1.5044629159397291
0,scatter,,2.5596686146323115,-1.523139724530273
0,scatter,,2.5443464812867163,-1.5411813828666523
0,scatter,,2.5288470978340962,-1.5585900470187017
0,scatter,,2.5131767821295625,-1.57536838062272
0,scatter,,2.4973418220918195,-1.5915195261850696
0,scatter,,2.481348471517246,-1.607047091255058
0,scatter,,2.4652029460260243,-1.6219551357323558
0,scatter,,2.4489114193097388,-1.6362481599480034
0,scatter,,2.4324800173422063,-1.6499310730626735
0,scatter,,2.4159148147754013,-1.6630091786991261
0,scatter,,2.399221831255426,-1.6754881592266788
0,scatter,,2.3824070283209804,-1.6873740649823379
0,scatter,,2.365476305192664,-1.698673286991664
0,scatter,,2.3484354956203894,-1.7093925413326705
0,scatter,,2.331290364346316,-1.7195388491597074
0,scatter,,2.3140466044384778,-1.72911951950393
0,scatter,,2.296709834405433,-1.738142130664566
0,scatter,,2.2792855959031355,-1.7466145180164416
0,scatter,,2.261779351070263,-1.7545447521692166
0,scatter,,2.244196480277831,-1.76194112129189
0,scatter,,2.2265422798622514,-1.7688121160852046
0,scatter,,2.208821960284646,-1.7751664123358535
0,scatter,,2.191040644457039,-1.7810128536897734
0,scatter,,2.1732033660453203,-1.7863604372648432
0,scatter,,2.1553150680304025,-1.7912182981628313
0,scatter,,2.1373806015075134,-1.795595692496602
0,scatter,,2.119404724449173,-1.799501983611052
0,scatter,,2.1013921005802296,-1.8029466285164792
0,scatter,,2.0833472987829893,-1.8059391621738539
0,scatter,,2.065274792283663,-1.808489184527138
0,scatter,,2.047178957866642,-1.8106063483987287
0,scatter,,2.0290640757066454,-1.8123003454522457
0,scatter,,2.010934328959094,-1.8135808942949025
0,scatter,,1.9927938031186339,-1.8144577298327327
0,scatter,,1.9746464865480713,-1.8149405903693816
0,scatter,,1.9564962705023932,-1.815039206784315
0,scatter,,1.9383469493382475,-1.8147632920141226
0,scatter,,1.920202220046965,-1.8141225324419696
0,scatter,,1.902065681932692,-1.8131265796948175
0,scatter,,1.8839408388893923,-1.8117850382570242
0,scatter,,1.8658310993197438,-1.8101074581757692
0,scatter,,1.8477397768156212,-1.8081033269293556
0,scatter,,1.829670089197821,-1.8057820623930578
0,scatter,,1.811625160513894,-1.8031530051799884
0,scatter,,1.7936080224541384,-1.8002254116969454
0,scatter,,1.7756216149250752,-1.7970084480140922
0,scatter,,1.7576687867482554,-1.7935111837098854
0,scatter,,1.7397522950773117,-1.7897425851411157
0,scatter,,1.7218748087123625,-1.785711511994152
0,scatter,,1.7040389087713412,-1.781426712248046
0,scatter,,1.6862470898490118,-1.7768968178801543
0,scatter,,1.6685017602645502,-1.7721303391839378
0,scatter,,1.650805243042894,-1.7671356606428459
0,scatter,,1.6331597788242735,-1.7619210404035455
0,scatter,,1.6155675265728182,-1.7564946062842175
0,scatter,,1.5980305649465265,-1.750864353137196
0,scatter,,1.5805508921877396,-1.7450381367701415
0,scatter,,1.56313042887129,-1.7390236752508617
0,scatter,,1.5457710195381695,-1.7328285476828484
0,scatter,,1.5284744339134224,-1.7264601921945144
0,scatter,,1.5112423680554454,-1.719925903705966
0,scatter,,1.4940764446985821,-1.7132328293097459
0,scatter,,1.476978216515582,-1.706387973298488
0,scatter,,1.4599491670557094,-1.6993981949079013
0,scatter,,1.442990712279702,-1.6922702082040322
0,scatter,,1.426104201175341,-1.6850105785247438
0,scatter,,1.409290917462431,-1.6776257234200629
0,scatter,,1.3925520819347665,-1.670121916305702
0,scatter,,1.3758888535087468,-1.6625052852118078
0,scatter,,1.3593023307235659,-1.6547818135187118
0,scatter,,1.3427935531127058,-1.6469573402154039
0,scatter,,1.3263635019359976,-1.6390375569409177
0,scatter,,1.3100131024238197,-1.6310280134082216
0,scatter,,1.2937432249596295,-1.6229341173541045
0,scatter,,1.2775546863066256,-1.614761134982304
0,scatter,,1.2614482508678801,-1.606514191850574
0,scatter,,1.2454246332074146,-1.5981982774234194
0,scatter,,1.2294844995526044,-1.5898182469066664
0,scatter,,1.2136284673921152,-1.5813788178800376
0,scatter,,1.1978571075735505,-1.5728845740440887
0,scatter,,1.1821709455439318,-1.5643399666843651
0,scatter,,1.1665704627085118,-1.5557493166375995
0,scatter,,1.1510560989962981,-1.5471168202229943
0,scatter,,1.135628252645959,-1.5384465464375225
0,scatter,,1.120287281589522,-1.5297424393521828
0,scatter,,1.1050335048405346,-1.5210083206319434
0,scatter,,1.089867203658405,-1.5122478914461566
0,scatter,,1.0747886230619978,-1.5034647354946604
0,scatter,,1.059797973205918,-1.4946623217184065
0,scatter,,1.044895429814295,-1.485844004330393
0,scatter,,1.0300811356024013,-1.4770130258191203
0,scatter,,1.0153552013689982,-1.4681725190602415
0,scatter,,1.0007177070797038,-1.459325509501935
0,scatter,,0.9861687031763986,-1.450474918466497
0,scatter,,0.9717082113568467,-1.441623564188844
0,scatter,,0.9573362255820812,-1.4327741639705176
0,scatter,,0.9430527131075807,-1.423929336537382
0,scatter,,0.928857615441234,-1.4150916041617894
0,scatter,,0.9147508493785099,-1.4062633952590513
0,scatter,,0.9007323080417187,-1.3974470470997122
0,scatter,,0.8868018615236504,-1.3886448066976314
0,scatter,,0.8729593578683773,-1.3798588334219106
0,scatter,,0.8592046239289506,-1.3710912010992775
0,scatter,,0.8455374662064122,-1.3623439001144508
0,scatter,,0.8319576718275341,-1.3536188403670861
0,scatter,,0.8184650092075416,-1.344917852596731
0,scatter,,0.8050592287959792,-1.3362426902519864
0,scatter,,0.791740063870362,-1.3275950317095786
0,scatter,,0.7785072312672261,-1.318976482234586
0,scatter,,0.7653604321452413,-1.3103885762485694
0,scatter,,0.752299352770185,-1.3018327798397622
0,scatter,,0.7393236650104731,-1.2933104915046894
0,scatter,,0.7264330270625217,-1.2848230444645334
0,scatter,,0.7136270840923439,-1.2763717085329591
0,scatter,,0.700905468853106,-1.2679576919159852
0,scatter,,0.6882678022832679,-1.259582142972531
0,scatter,,0.6757136941815157,-1.2512461526499
0,scatter,,0.6632427437892576,-1.2429507563249405
0,scatter,,0.6508545402104092,-1.2346969345243402
0,scatter,,0.6385486630216957,-1.226485615158563
0,scatter,,0.626324682801041,-1.2183176752287261
0,scatter,,0.6141821616424781,-1.2101939425167874
0,scatter,,0.6021206536541475,-1.202115197239796
0,scatter,,0.5901397051768797,-1.194082172434446
0,scatter,,0.5782388554219304,-1.186095556354616
0,scatter,,0.5664176370277937,-1.178155994528906
0,scatter,,0.5546755763987771,-1.1702640908328052
0,scatter,,0.5430121941242404,-1.1624204089793047
0,scatter,,0.5314270053868427,-1.1546254739955644
0,scatter,,0.5199195203385846,-1.1468797735542762
0,scatter,,0.5084892442367979,-1.139183757872975
0,scatter,,0.4971356780684601,-1.1315378426778695
0,scatter,,0.48585831888304337,-1.12394241041498
0,scatter,,0.47465666008374013,-1.1163978112492163
0,scatter,,0.46353019175377935,-1.1089043643225018
0,scatter,,0.45247840097283265,-1.1014623589933288
0,scatter,,0.44150077207439403,-1.0940720558288175
0,scatter,,0.43059678673641194,-1.0867336868538935
0,scatter,,0.4197659245445638,-1.0794474580013078
0,scatter,,0.40900766317249215,-1.0722135498199947
0,scatter,,0.3983214786130271,-1.0650321184414138
0,scatter,,0.3877068454184611,-1.0579032966096142
0,scatter,,0.37716323693125453,-1.0508271946882302
0,scatter,,0.3666901254945052,-1.043803901507003
0,scatter,,0.3562869826493772,-1.0368334851358096
0,scatter,,0.3459532793667755,-1.0299159941915987
0,scatter,,0.3356884862273551,-1.0230514585711357
0,scatter,,0.3254920736049239,-1.0162398903116974
0,scatter,,0.3153635118419953,-1.0094812844362064
0,scatter,,0.3053022714173885,-1.0027756197768407
0,scatter,,0.2953078230883283,-0.9961228596557198
0,scatter,,0.28537963804335903,-0.9895229526706076
0,scatter,,0.2755171880654724,-0.9829758335796523
0,scatter,,0.26571994565730633,-0.9764814239556414
0,scatter,,0.25598738416992983,-0.9700396328931208
0,scatter,,0.2463189779248432,-0.9636503576960987
0,scatter,,0.2367142023291939,-0.9573134845431701
0,scatter,,0.22717253397285703,-0.9510288890018715
0,scatter,,0.21769345073956378,-0.9447964367550054
0,scatter,,0.20827643190630185,-0.9386159842427559
0,scatter,,0.19892095822969252,-0.9324873792079451
0,scatter,,0.18962651203038622,-0.9264104612639583
0,scatter,,0.1803925772718016,-0.9203850624456654
0,scatter,,0.17121863963320785,-0.9144110077348038
0,scatter,,0.16210418657519837,-0.9084881154953652
0,scatter,,0.15304870740593285,-0.9026161980642919
0,scatter,,0.14405169333888243,-0.8967950622209887
0,scatter,,0.13511263754592176,-0.8910245096399017
0,scatter,,0.12623103520619905,-0.8853043373411459
0,scatter,,0.11740638355060337,-0.8796343381267567
0,scatter,,0.10863818190145852,-0.8740143009776669
0,scatter,,0.09992593170672645,-0.8684440113900681
0,scatter,,0.09126913657554946,-0.8629232519028863
0,scatter,,0.08266730230523286,-0.8574518024304917
0,scatter,,0.07411993690549845,-0.8520294406228197
0,scatter,,0.06562655061941146,-0.8466559422205071
0,scatter,,0.05718665594070402,-0.8413310813984144
0,scatter,,0.04879976762771992,-0.8360546310980627
0,scatter,,0.04046540271419592,-0.8308263633495047
0,scatter,,0.03218308051789659,-0.8256460495447291
0,scatter,,0.023952322653723115,-0.8205134604460798
0,scatter,,0.015772653023606753,-0.8154283668744213
0,scatter,,0.007643597817722891,-0.810390539904024
0,scatter,,-0.0004353144877735221,-0.8053997510722639
0,scatter,,-0.00846455313707159,-0.8004557726309558
0,scatter,,-0.016444585103780433,-0.7955583777882385
0,scatter,,-0.024375875102337026,-0.7907073409415519
0,scatter,,-0.03225888560195985,-0.7859024379018511
0,scatter,,-0.04009407684134139,-0.7811434461037547
0,scatter,,-0.04788190680574729,-0.7764301446682911
0,scatter,,-0.05562283128867619,-0.771762314745855
0,scatter,,-0.06331730391944479,-0.767139739724695
0,scatter,,-0.07096577617351987,-0.7625622053647296
0,scatter,,-0.07856869739753079,-0.7580294999682132
0,scatter,,-0.08612651483606432,-0.7535414145429167
0,scatter,,-0.0936396736600907,-0.7490977429581056
0,scatter,,-0.10110861699716353,-0.7446982820934173
0,scatter,,-0.1085337859631932,-0.7403428319808286
0,scatter,,-0.11591561966867364,-0.7360311958994143
0,scatter,,-0.12325455526639566,-0.7317631805234284
0,scatter,,-0.1305510280097914,-0.7275385960782115
0,scatter,,-0.1378054712736464,-0.723357256431018
0,scatter,,-0.14501831659170622,-0.7192189791992245
0,scatter,,-0.15218999369539987,-0.7151235858525933
0,scatter,,-0.15932093055382976,-0.7110709018096335
0,scatter,,-0.16641155341490108,-0.707060756528254
0,scatter,,-0.17346228684747106,-0.7030929835908933
0,scatter,,-0.1804735537595609,-0.6991674207972456
0,scatter,,-0.18744577542812615,-0.6952839102461875
0,scatter,,-0.19437937160199115,-0.6914422983748992
0,scatter,,-0.20127476051769044,-0.687642436038815
0,scatter,,-0.20813235894375015,-0.6838841785722793
0,scatter,,-0.21495258222637345,-0.680167385844081
0,scatter,,-0.22173584433580326,-0.6764919223083335
0,scatter,,-0.22848255791325087,-0.6728576570508401
0,scatter,,-0.23519313431854294,-0.6692644638309335
0,scatter,,-0.24186798366706408,-0.6657122211364882
0,scatter,,-0.24850751485012096,-0.6622008122611843
0,scatter,,-0.25511213563816393,-0.658730125249845
0,scatter,,-0.26168225270910284,-0.6553000529567664
0,scatter,,-0.26821827169436974,-0.6519104930731284
0,scatter,,-0.27472059722789977,-0.6485613481467226
0,scatter,,-0.281189632995414,-0.6452525255980055
0,scatter,,-0.2876257817838953,-0.6419839377325871
0,scatter,,-0.2940294455314715,-0.6387555017500893
0,scatter,,-0.3004010253728056,-0.6355671397579301
0,scatter,,-0.30674092165807987,-0.6324187788301201
0,scatter,,-0.31304953404721303,-0.6293103509265479
0,scatter,,-0.3193272615496869,-0.6262417929078666
0,scatter,,-0.3255745025688731,-0.6232130465393582
0,scatter,,-0.3317916549514926,-0.6202240584825339
0,scatter,,-0.3379791160370053,-0.6172747802838235
0,scatter,,-0.34413728270707583,-0.614365168360309
0,scatter,,-0.35026655143502267,-0.6114951839825773
0,scatter,,-0.35636731833377966,-0.6086647932576987
0,scatter,,-0.3624399791759374,-0.6058739671692088
0,scatter,,-0.3684849294733254,-0.6031226814866741
0,scatter,,-0.37450256452782893,-0.6004109167339998
0,scatter,,-0.3804932794707906,-0.597738658179245
0,scatter,,-0.3864574693105407,-0.5951058958040281
0,scatter,,-0.3923955289797652,-0.592512624270508
0,scatter,,-0.3983078533826221,-0.5899588428859985
0,scatter,,-0.40419483744152046,-0.5874445555652662
0,scatter,,-0.41005687614363273,-0.5849697707906424
0,scatter,,-0.4158943645696423,-0.5825345016137666
0,scatter,,-0.42170769794937296,-0.5801387655865642
0,scatter,,-0.4274972717197208,-0.5777825846835442
0,scatter,,-0.4332634815597703,-0.5754659852783973
0,scatter,,-0.4390067234347355,-0.5731889980951667
0,scatter,,-0.44472739363959213,-0.5709516581573721
0,scatter,,-0.45042588884214474,-0.5687540047351998
0,scatter,,-0.45610260612572473,-0.566596081290681
0,scatter,,-0.461757943031429,-0.5644779354209012
0,scatter,,-0.4673922975894556,-0.5623996188236154
0,scatter,,-0.47300606835603776,-0.560361187246774
0,scatter,,-0.4785996544757657,-0.5583627003753016
0,scatter,,-0.4841734557100188,-0.5564042217942428
0,scatter,,-0.48972787247568617,-0.5544858189247425
0,scatter,,-0.4952633058834476,-0.5526075629579079
0,scatter,,-0.5007801577753621,-0.5507695287869654
0,scatter,,-0.5062788307619523,-0.548971794937645
0,scatter,,-0.5117597282585399,-0.5472144434968724
0,scatter,,-0.5172232545164868,-0.5454975600509105
0,scatter,,-0.522669814648346,-0.5438212336352274
0,scatter,,-0.5280998146821188,-0.5421855566088394
0,scatter,,-0.5335136615867674,-0.5405906245965177
0,scatter,,-0.5389117633038502,-0.5390365364124308
0,scatter,,-0.5442945287791459,-0.53752339398021
0,scatter,,-0.5496623679935851,-0.5360513022514047
0,scatter,,-0.5550156919934084,-0.5346203691223397
0,scatter,,-0.5603549129194756,-0.5332307053493855
0,scatter,,-0.5656804440340292,-0.5318824244666631
0,scatter,,-0.570992699737472,-0.530575642722612
0,scatter,,-0.5762920956111205,-0.5293104789550414
0,scatter,,-0.5815790484391048,-0.5280870545094409
0,scatter,,-0.5868539762314083,-0.5269054931510254
0,scatter,,-0.5921172982477629,-0.5257659209714828
0,scatter,,-0.5973694350206407,-0.5246684662941691
0,scatter,,-0.6026108083772626,-0.5236132595777508
0,scatter,,-0.6078418414607516,-0.5226004333182521
0,scatter,,-0.6130629587492986,-0.521630121951496
0,scatter,,-0.6182745860575829,-0.5207024617857436
0,scatter,,-0.6234771505781305,-0.5198175908551321
0,scatter,,-0.6286710808976788,-0.5189756488171382
0,scatter,,-0.633856807007818,-0.5181767768572335
0,scatter,,-0.6390347603201204,-0.5174211175816608
0,scatter,,-0.6442053736801476,-0.516708814908552
0,scatter,,-0.6493690813805092,-0.5160400139573368
0,scatter,,-0.6545263191728917,-0.5154148609364266
0,scatter,,-0.6596775242789827,-0.514833503029155
0,scatter,,-0.6648231354004152,-0.5142960882779267
0,scatter,,-0.669963592727656,-0.5138027654665566
0,scatter,,-0.6750993379477696,-0.5133536840007696
0,scatter,,-0.6802308142504725,-0.5129489937880234
0,scatter,,-0.6853584662601698,-0.5125888452414217
0,scatter,,-0.6904827401055584,-0.5122733890420632
0,scatter,,-0.6956040834609005,-0.5120027759466116
0,scatter,,-0.7007229455087642,-0.5117771567265423
0,scatter,,-0.7058397769398064,-0.5115966820393307
0,scatter,,-0.7109550299514344,-0.511461502297734
0,scatter,,-0.716069158245117,-0.5113717675371444
0,scatter,,-0.721182617022514,-0.51132762728097
0,scatter,,-0.7262958629803425,-0.5113292304040117
0,scatter,,-0.7314093543039014,-0.5113767249937972
0,scatter,,-0.7365235506593742,-0.5114702582098316
0,scatter,,-0.7416389131848351,-0.5116099761407277
0,scatter,,-0.7467559044798803,-0.5117960236591692
0,scatter,,-0.7518749885395581,-0.5120285443469379
0,scatter,,-0.756996630749696,-0.5123076803344516
0,scatter,,-0.7621212979635715,-0.5126335720281052
0,scatter,,-0.767249458430451,-0.5130063580303016
0,scatter,,-0.7723815817767758,-0.5134261749852264
0,scatter,,-0.7775181389861856,-0.5138931574220126
0,scatter,,-0.7826596023780287,-0.5144074375955912
0,scatter,,-0.7878064455842781,-0.5149691453251747
0,scatter,,-0.7929591435249674,-0.515578407830345
0,scatter,,-0.7981181723820654,-0.5162353495646916
0,scatter,,-0.803284009571707,-0.516940092046947
0,scatter,,-0.8084571337148948,-0.517692753689586
0,scatter,,-0.8136380246065912,-0.5184934496248346
0,scatter,,-0.8188271631499442,-0.519342291556302
0,scatter,,-0.8240250312845467,-0.5202393876116884
0,scatter,,-0.8292321120706454,-0.5211848420583531
0,scatter,,-0.8344488895949145,-0.5221787551667276
0,scatter,,-0.8396758489266718,-0.5232212230265293
0,scatter,,-0.8449134760753709,-0.5243123373574102
0,scatter,,-0.850162257946316,-0.525452185316762
0,scatter,,-0.8554226822945006,-0.5266408493046116
0,scatter,,-0.8606952376764845,-0.5278784067655424
0,scatter,,-0.8659804134004135,-0.5291649299876088
0,scatter,,-0.871278699474098,-0.5305004858981835
0,scatter,,-0.8765905865510547,-0.5318851358566583
0,scatter,,-0.8819165658746255,-0.5333189354439751
0,scatter,,-0.8872571292043137,-0.5348019342640821
0,scatter,,-0.8926127686997554,-0.536334175780808
0,scatter,,-0.8979839769684216,-0.5379156969919714
0,scatter,,-0.9033712469627977,-0.5395465282427688
0,scatter,,-0.9087750719051371,-0.5412266930071917
0,scatter,,-0.9141959452178711,-0.5429562076584035
0,scatter,,-0.9196343604516827,-0.5447350812355831
0,scatter,,-0.9250908112113538,-0.5465633152072196
0,scatter,,-0.9305657910792858,-0.5484409032307735
0,scatter,,-0.9360597935365925,-0.5503678309086226
0,scatter,,-0.941573311881875,-0.5523440755402728
0,scatter,,-0.9471068391475764,-0.5543696058707509
0,scatter,,-0.9526608680138156,-0.5564443818350883
0,scatter,,-0.958235890713952,-0.5585683543122222
0,scatter,,-0.9638323988887896,-0.5607414649863298
0,scatter,,-0.9694508835743972,-0.562963645893244
0,scatter,,-0.9750918350907044,-0.5652348191835299
0,scatter,,-0.9807557429290076,-0.5675548968775063
0,scatter,,-0.9864430956494797,-0.5699237805873489
0,scatter,,-0.9921543807759164,-0.5723413612350319
0,scatter,,-0.9978900846876045,-0.5748075187660109
0,scatter,,-1.0036506925084234,-0.5773221218586488
0,scatter,,-1.0094366879930656,-0.5798850276292911
0,scatter,,-1.0152485534102644,-0.5824960813328943
0,scatter,,-1.0210867694231356,-0.5851551160592084
0,scatter,,-1.0269518149665202,-0.5878619524244165
0,scatter,,-1.0328441671202253,-0.5906163982667304
0,scatter,,-1.0387643009483436,-0.5934182486103193
0,scatter,,-1.0447126894030583,-0.5962672850274259
0,scatter,,-1.050689803195044,-0.5991632752631905
0,scatter,,-1.0566961106423518,-0.6021059730167522
0,scatter,,-1.0627320775282316,-0.60509511760938
0,scatter,,-1.0687981669556919,-0.6081304336480634
0,scatter,,-1.0748948391986757,-0.6112116306844828
0,scatter,,-1.0810225515497265,-0.6143384028692678
0,scatter,,-1.0871817581642553,-0.6175104286015759
0,scatter,,-1.0933729099012837,-0.6207273701739053
0,scatter,,-1.0995964541605352,-0.6239888734120512
0,scatter,,-1.1058528347159884,-0.6272945673102388
0,scatter,,-1.1121424915457712,-0.6306440636616585
0,scatter,,-1.1184658606783215,-0.6340369571410087
0,scatter,,-1.1248233740026066,-0.6374728246465508
0,scatter,,-1.1312154590677521,-0.6409512244849072
0,scatter,,-1.1376425389121914,-0.644471696309945
0,scatter,,-1.144105031874921,-0.6480337607378986
0,scatter,,-1.1506033514027492,-0.651636918958106
0,scatter,,-1.1571379058536455,-0.6552806523394482
0,scatter,,-1.1637090982960678,-0.6589644220324393
0,scatter,,-1.170317326304127,-0.6626876685669174
0,scatter,,-1.176962981748708,-0.6664498114454269
0,scatter,,-1.183646450584412,-0.6702502487322455
0,scatter,,-1.1903681126321775,-0.6740883566379987
0,scatter,,-1.197128341357758,-0.6779634890999982
0,scatter,,-1.203927503713767,-0.6818749779111573
0,scatter,,-1.2107659599338296,-0.6858221324900927
0,scatter,,-1.2176440631300733,-0.6898042380849084
0,scatter,,-1.224562159144177,-0.6938205560702504
0,scatter,,-1.2315205863077767,-0.6978703235397702
0,scatter,,-1.2385196751965333,-0.701952752880092
0,scatter,,-1.2455597483796605,-0.7060670313420299
0,scatter,,-1.2526411201650416,-0.7102123206092468
0,scatter,,-1.2597640963398062,-0.7143877563643971
0,scatter,,-1.2669289739062266,-0.7185924478527904
0,scatter,,-1.2741360408130726,-0.7228254774437821
0,scatter,,-1.2813855756822883,-0.7270859001899341
0,scatter,,-1.28867784753084,-0.7313727433839906
0,scatter,,-1.2960131155605465,-0.7356850065260966
0,scatter,,-1.3033916290311447,-0.7400216617899463
0,scatter,,-1.310813626619126,-0.7443816515942624
0,scatter,,-1.3182793362632588,-0.7487638889640026
0,scatter,,-1.325788974884545,-0.7531672572055668
0,scatter,,-1.3333427480864064,-0.7575906094962377
0,scatter,,-1.3409408498505682,-0.7620327684765054
0,scatter,,-1.3485834622285346,-0.7664925258455891
0,scatter,,-1.3562707550288515,-0.7709686419606538
0,scatter,,-1.3640028855000552,-0.7754598454400541
0,scatter,,-1.371779998009201,-0.779964832770944
0,scatter,,-1.3796022237444139,-0.7844822679036455
0,scatter,,-1.3874696804411404,-0.7890107818329801
0,scatter,,-1.3953824719205308,-0.793548972303911
0,scatter,,-1.403340687804429,-0.7980954034065337
0,scatter,,-1.4113444031800708,-0.8026486052072153
0,scatter,,-1.419393678255679,-0.8072070733899847
0,scatter,,-1.4274885580120484,-0.8117692689052474
0,scatter,,-1.4356290718500386,-0.8163336176262255
0,scatter,,-1.443815233234206,-0.8208985100137197
0,scatter,,-1.4520470393325011,-0.8254623007896151
0,scatter,,-1.460324470651954,-0.8300233086195683
0,scatter,,-1.4686474907962288,-0.8345798164287733
0,scatter,,-1.4770160463197677,-0.839130072226294
0,scatter,,-1.4854300658176154,-0.8436722861678169
0,scatter,,-1.4938894597766166,-0.8482046314248516
0,scatter,,-1.502394120222367,-0.852725244071834
0,scatter,,-1.510943920344037,-0.8572322228937358
0,scatter,,-1.519538714116689,-0.8617236292123757
0,scatter,,-1.5281783359210834,-0.8661974867322814
0,scatter,,-1.5368626001613048,-0.8706517814071384
0,scatter,,-1.5455913008802142,-0.8750844613277103
0,scatter,,-1.5543642113727332,-0.8794934366321344
0,scatter,,-1.5631810839582938,-0.8838765795927508
0,scatter,,-1.572041649849758,-0.8882317248207897
0,scatter,,-1.5809456181175316,-0.8925566686378295
0,scatter,,-1.5898926755808902,-0.8968491693567074
0,scatter,,-1.5988824864472324,-0.9011069473516911
0,scatter,,-1.6079146919301994,-0.9053276851382882
0,scatter,,-1.6169889098680732,-0.9095090274840633
0,scatter,,-1.6261047343425585,-0.913648581551589
0,scatter,,-1.6352617352984202,-0.9177439170748494
0,scatter,,-1.6444594581640914,-0.9217925665702611
0,scatter,,-1.653697423473386,-0.9257920255835118
0,scatter,,-1.6629751266474744,-0.9297397533396097
0,scatter,,-1.6722920378472566,-0.9336331735898038
0,scatter,,-1.6816476010040515,-0.9374696735983976
0,scatter,,-1.6910412337190943,-0.9412466051693903
0,scatter,,-1.7004723269252757,-0.9449612851612289
0,scatter,,-1.7099402445351146,-0.9486109960073743
0,scatter,,-1.7194443230933356,-0.9521929862851718
0,scatter,,-1.7289838714340229,-0.9557044713344567
0,scatter,,-1.7385581703430562,-0.9591426339276402
0,scatter,,-1.748166472226076,-0.9625046249928614
0,scatter,,-1.7578080007822474,-0.9657875643918281
0,scatter,,-1.7674819509369981,-0.9689885415611252
0,scatter,,-1.7771874888485162,-0.9721046161604013
0,scatter,,-1.7869237507107871,-0.9751328197055487
0,scatter,,-1.7966898428686797,-0.9780701562666463
0,scatter,,-1.80648484156971,-0.9809136035131278
0,scatter,,-1.8163077927024516,-0.9836601138406833
0,scatter,,-1.8261577115460281,-0.9863066155637762
0,scatter,,-1.8360335825308332,-0.9888500141754273
0,scatter,,-1.8459343590114108,-0.9912871936761674
0,scatter,,-1.8558589630519442,-0.9936150179739371
0,scatter,,-1.8658062852248274,-0.9958303323567491
0,scatter,,-1.8757751845630342,-0.9979299642165295
0,scatter,,-1.8857644885419678,-0.99991072376085
0,scatter,,-1.8957729924585975,-1.0017694084405568
0,scatter,,-1.9057994595090635,-1.003502803437846
0,scatter,,-1.9158426206834798,-1.005107683409699
0,scatter,,-1.9259011746678576,-1.0065808143732973
0,scatter,,-1.9359737877649368,-1.0079189556715233
0,scatter,,-1.946059093834551,-1.009118862020191
0,scatter,,-1.956155694254146,-1.0101772856386522
0,scatter,,-1.9662621579005795,-1.0110909784655167
0,scatter,,-1.9763770211535645,-1.0118566944611247
0,scatter,,-1.986498787967483,-1.0124711903019843
0,scatter,,-1.996625929972717,-1.0129312259403354
0,scatter,,-2.006756886411683,-1.0132335723085852
0,scatter,,-2.0168900643033805,-1.0133750115507318
0,scatter,,-2.0270238385758517,-1.0133523395098922
0,scatter,,-2.0371565522229433,-1.0131623684009847
0,scatter,,-2.0472865164892706,-1.0128019295655004
0,scatter,,-2.0574120110841085,-1.0122678763094237
0,scatter,,-2.0675312843854967,-1.0115570866587211
0,scatter,,-2.0776425532808354,-1.0106664645331431
0,scatter,,-2.087744004002606,-1.009592945080709
0,scatter,,-2.097833792395121,-1.0083334975572127
0,scatter,,-2.1079100441767826,-1.0068851281349431
0,scatter,,-2.117970855325524,-1.0052448831783563
0,scatter,,-2.1280142924974523,-1.0034098526026578
0,scatter,,-2.138038393479341,-1.0013771733160657
0,scatter,,-2.1480411676756135,-0.999144032746528
0,scatter,,-2.1580205965570247,-0.9967076685690871
0,scatter,,-2.1679746342084343,-0.994065371830517
0,scatter,,-2.1779012080222504,-0.9912144958826339
0,scatter,,-2.1877982192693697,-0.9881524569706347
0,scatter,,-2.1976635437609535,-0.9848767376605826
0,scatter,,-2.207495032548271,-0.9813848902991136
0,scatter,,-2.217290512634011,-0.9776745406848453
0,scatter,,-2.2270477873035737,-0.9737433945947156
0,scatter,,-2.236764637359301,-0.9695892385069627
0,scatter,,-2.2464388219678635,-0.9652099432311569
0,scatter,,-2.2560680794264525,-0.9606034683836745
0,scatter,,-2.2656501280657704,-0.9557678662402789
0,scatter,,-2.2751826671915527,-0.9507012856311422
0,scatter,,-2.284663378071247,-0.9454019738878671
0,scatter,,-2.2940899249705087,-0.9398682755785154
0,scatter,,-2.30345995618703,-0.9340986448725903
0,scatter,,-2.312771105161808,-0.928091646123767
0,scatter,,-2.3220209916236034,-0.9218459570363687
0,scatter,,-2.3312072227737133,-0.9153603721650279
0,scatter,,-2.3403273945124665,-0.9086338063807469
0,scatter,,-2.349379092011012,-0.901665298102577
0,scatter,,-2.3583598911581354,-0.8944540127222287
0,scatter,,-2.3672673605359655,-0.886999246119421
0,scatter,,-2.3760990623585947,-0.8793004278216673
0,scatter,,-2.384852553834847,-0.871357124216622
0,scatter,,-2.393525388566811,-0.8631690417027249
0,scatter,,-2.402115117951488,-0.8547360294682272
0,scatter,,-2.4106192922963534,-0.8460580791800271
0,scatter,,-2.419035462695201,-0.8371353313996595
0,scatter,,-2.4273611825140047,-0.8279680779237159
0,scatter,,-2.435594008875229,-0.8185567636915909
0,scatter,,-2.4437315042382255,-0.8089019891702419
0,scatter,,-2.4517712380115553,-0.7990045126125
0,scatter,,-2.4597107878082873,-0.7888652518404667
0,scatter,,-2.467547740417322,-0.7784852856125379
0,scatter,,-2.4752796947963223,-0.7678658565949178
0,scatter,,-2.482904263218107,-0.7570083725310736
0,scatter,,-2.4904190729143436,-0.7459144076636213
0,scatter,,-2.497821767775748,-0.7345857040154686
0,scatter,,-2.5051100100679036,-0.723024172486594
0,scatter,,-2.5122814815731,-0.7112318930670934
0,scatter,,-2.5193338856103384,-0.6992111158699563
0,scatter,,-2.5262649491507454,-0.6869642620561093
0,scatter,,-2.5330724242925404,-0.6744939237805435
0,scatter,,-2.5397540900056463,-0.6618028642242897
0,scatter,,-2.546307753884471,-0.6488940173990185
0,scatter,,-2.552731253669548,-0.63577048747727
0,scatter,,-2.5590224585522843,-0.6224355516041993
0,scatter,,-2.5651792711326142,-0.6088926535850584
0,scatter,,-2.571199629738588,-0.5951454062993455
0,scatter,,-2.577081509683884,-0.5811975894364516
0,scatter,,-2.582822924966654,-0.5670531479680937
0,scatter,,-2.588421929953515,-0.5527161903396299
0,scatter,,-2.5938766208504687,-0.5381909871947682
0,scatter,,-2.5991851370272316,-0.5234819703603973
0,scatter,,-2.6043456630975075,-0.5085937283842823
0,scatter,,-2.609356430295891,-0.49353100462005883
0,scatter,,-2.614215718028691,-0.4782986943426244
0,scatter,,-2.6189218555236913,-0.4629018415240946
0,scatter,,-2.623473223195448,-0.44734563548700124
0,scatter,,-2.627868254160332,-0.43163540722035165
0,scatter,,-2.6321054356867557,-0.4157766255326913
0,scatter,,-2.6361833099780436,-0.3997748947287981
0,scatter,,-2.6401004759565283,-0.3836359491892786
0,scatter,,-2.643855590708158,-0.36736564858707355
0,scatter,,-2.647447370636754,-0.35096997360383664
0,scatter,,-2.650874592363269,-0.33445502151256623
0,scatter,,-2.6541360938708145,-0.3178270011798641
0,scatter,,-2.657230776001708,-0.3010922273516008
0,scatter,,-2.6601576033796372,-0.28425711541395776
0,scatter,,-2.6629156052411447,-0.2673281762467938
0,scatter,,-2.665503875959514,-0.2503120114990078
0,scatter,,-2.6679215766262936,-0.23321530606405047
0,scatter,,-2.6701679356795758,-0.21604482250085683
0,scatter,,-2.6722422496233387,-0.1988073950500867
0,scatter,,-2.674143883270193,-0.18150992518816828
0,scatter,,-2.6758722708919964,-0.1641593732014521
0,scatter,,-2.677426916749872,-0.14676275184358617
0,scatter,,-2.6788073955715705,-0.12932711984741763
0,scatter,,-2.680013352631438,-0.1118595774198248
0,scatter,,-2.6810445043595768,-0.09436725810342492
0,scatter,,-2.68190063878879,-0.07685732111755533
0,scatter,,-2.6825816157199425,-0.05933694488904815
0,scatter,,-2.683087366736417,-0.04181332172343746
0,scatter,,-2.68341789524674,-0.024293651477927253
0,scatter,,-2.683573276778476,-0.006785132038519388
0,scatter,,-2.683553658845018,0.01070504671614592
0,scatter,,-2.6833592608039325,0.028169709120497016
0,scatter,,-2.682990373552343,0.045601698168936486
0,scatter,,-2.6824473594787426,0.0629938860620286
0,scatter,,-2.6817306520974693,0.08033918010360352
0,scatter,,-2.6808407556639295,0.09763052924541686
0,scatter,,-2.6797782447010468,0.11486092752003388
0,scatter,,-2.6785437635148956,0.13202342406965398
0,scatter,,-2.677138025609867,0.14911112935322973
0,scatter,,-2.6755618130397543,0.1661172213898982
0,scatter,,-2.6738159758252396,0.18303494875611698
0,scatter,,-2.671901431104493,0.19985763894025177
0,scatter,,-2.6698191622423306,0.21657870597333057
0,scatter,,-2.6675702179712424,0.23319165534886477
0,scatter,,-2.6651557114252498,0.2496900899588043
0,scatter,,-2.662576819193366,0.2660677149782116
0,scatter,,-2.6598347806989033,0.2823183383479342
0,scatter,,-2.6569308965169314,0.2984358819542672
0,scatter,,-2.6538665273255924,0.3144143850209188
0,scatter,,-2.65064309272831,0.33024800800821896
0,scatter,,-2.6472620699714233,0.345931036736532
0,scatter,,-2.64372499294227,0.3614578895233311
0,scatter,,-2.640033451036477,0.37682312321513717
0,scatter,,-2.6361890871282276,0.3920214304604034
0,scatter,,-2.632193596428226,0.4070476459559646
0,scatter,,-2.6280487250228015,0.4218967496330386
0,scatter,,-2.6237562683813542,0.43656386970549654
0,scatter,,-2.619318070150432,0.4510442910537452
0,scatter,,-2.6147360203533676,0.46533345357560596
0,scatter,,-2.6100120537343567,0.47942695332440344
0,scatter,,-2.605148148233711,0.4933205461642898
0,scatter,,-2.600146323351235,0.5070101496790381
0,scatter,,-2.595008638574324,0.5204918456181558
0,scatter,,-2.589737192053689,0.5337618845329787
0,scatter,,-2.584334118455362,0.5468166827725708
0,scatter,,-2.57880158740639,0.5596528247879979
0,scatter,,-2.5731418018268957,0.5722670642489922
0,scatter,,-2.5673569962233644,0.5846563246338174
0,scatter,,-2.5614494350454966,0.5968177010366902
0,scatter,,-2.555421410987853,0.6087484606816842
0,scatter,,-2.5492752431774024,0.6204460408698612
0,scatter,,-2.543013275508154,0.6319080497337531
0,scatter,,-2.5366378749308223,0.6431322657659025
0,scatter,,-2.530151429748392,0.6541166372608008
0,scatter,,-2.523556347940546,0.6648592840271316
0,scatter,,-2.51685505545543,0.6753584940834411
0,scatter,,-2.5100499945318955,0.6856127222862188
0,scatter,,-2.5031436220419914,0.6956205894844107
0,scatter,,-2.4961384078449997,0.705380880933607
0,scatter,,-2.4890368331164656,0.7148925451152249
0,scatter,,-2.481841388618048,0.7241546934708151
0,scatter,,-2.474554573279453,0.7331665958785826
0,scatter,,-2.4671788925647418,0.7419276793078107
0,scatter,,-2.459716856913989,0.7504375256010403
0,scatter,,-2.4521709802190235,0.7586958689957706
0,scatter,,-2.444543778171749,0.7667025946902297
0,scatter,,-2.4368377668086834,0.77445773598984
0,scatter,,-2.429055461205368,0.7819614704113599
0,scatter,,-2.421199373977006,0.7892141173978194
0,scatter,,-2.4132720138912114,0.7962161353191334
0,scatter,,-2.405275884487025,0.8029681184573535
0,scatter,,-2.397213482437414,0.809470794818529
0,scatter,,-2.389087296563824,0.815725021909015
0,scatter,,-2.3808998065500635,0.8217317835011277
0,scatter,,-2.3726534816591647,0.8274921864385433
0,scatter,,-2.364350779540951,0.8330074572155458
0,scatter,,-2.3559941449554045,0.8382789386633102
0,scatter,,-2.3475860084196336,0.8433080867413563
0,scatter,,-2.3391287855126452,0.8480964664793075
0,scatter,,-2.3306248756683594,0.8526457486121918
0,scatter,,-2.3220766611455237,0.8569577060139277
0,scatter,,-2.313486506046132,0.8610342101000544
0,scatter,,-2.304856754960473,0.8648772270792827
0,scatter,,-2.296189732301165,0.8684888144223454
0,scatter,,-2.2874877416813466,0.8718711173349539
0,scatter,,-2.278753064903132,0.8750263650937262
0,scatter,,-2.2699879611712124,0.8779568674611371
0,scatter,,-2.2611946663516305,0.8806650111246748
0,scatter,,-2.25237539227609,0.883153256166831
0,scatter,,-2.243532325134667,0.8854241316257293
0,scatter,,-2.2346676250750903,0.8874802322457366
0,scatter,,-2.225783426572743,0.8893242159937118
0,scatter,,-2.216881837272369,0.8909588000739885
0,scatter,,-2.207964937442691,0.8923867575648347
0,scatter,,-2.199034779472509,0.8936109141173929
0,scatter,,-2.1900933874088557,0.8946341447235149
0,scatter,,-2.1811427559077377,0.895459368869543
0,scatter,,-2.1721848496876373,0.8960895470057079
0,scatter,,-2.1632216042000287,0.8965276802521023
0,scatter,,-2.154254924746146,0.8967768059137282
0,scatter,,-2.1452866861534226,0.8968399944793102
0,scatter,,-2.1363187324913273,0.8967203467129868
0,scatter,,-2.1273528768236183,0.8964209908366737
0,scatter,,-2.1183909005636505,0.8959450781195388
0,scatter,,-2.1094345529156,0.8952957787603064
0,scatter,,-2.100485551766154,0.8944762833844276
0,scatter,,-2.0915455830519214,0.8934897985713216
0,scatter,,-2.082616300617901,0.8923395442689468
0,scatter,,-2.073699326118638,0.8910287513537023
0,scatter,,-2.0647962489490292,0.8895606592894965
0,scatter,,-2.0559086259835775,0.8879385125046376
0,scatter,,-2.047037981189662,0.8861655559032982
0,scatter,,-2.0381858063848166,0.8842450374886195
0,scatter,,-2.029353560945748,0.8821802043432243
0,scatter,,-2.020542671820359,0.879974300454406
0,scatter,,-2.0117545335834595,0.8776305647612618
0,scatter,,-2.0029905085150017,0.8751522292985874
0,scatter,,-1.9942519265941403,0.8725425164977314
0,scatter,,-1.9855400853207157,0.8698046348724797
0,scatter,,-1.9768562503497131,0.8669417818116857
0,scatter,,-1.9682016554608202,0.8639571404151619
0,scatter,,-1.9595775026925801,0.86085387771742
0,scatter,,-1.9509849625169557,0.8576351432071933
0,scatter,,-1.9424251740300797,0.8543040674346921
0,scatter,,-1.9338992451310686,0.8508637601424076
0,scatter,,-1.9254082526219034,0.8473173065428629
0,scatter,,-1.9169532426138562,0.8436677697505895
0,scatter,,-1.9085352307193268,0.8399181885793721
0,scatter,,-1.9001552022907857,0.8360715761446151
0,scatter,,-1.891814112684083,0.8321309188119018
0,scatter,,-1.8835128875320164,0.8280991752199525
0,scatter,,-1.875252422954457,0.8239792750384768
0,scatter,,-1.8670335862315632,0.8197741164327275
0,scatter,,-1.8588572154264713,0.8154865672932652
0,scatter,,-1.8507241202528326,0.8111194643512649
0,scatter,,-1.842635082199081,0.8066756120121399
0,scatter,,-1.8345908548577055,0.8021577816816364
0,scatter,,-1.8265921642578231,0.7975687111501855
0,scatter,,-1.8186397092104492,0.7929111039438614
0,scatter,,-1.8107341617628359,0.7881876277249026
0,scatter,,-1.8028761674393687,0.7834009148154991
0,scatter,,-1.7950663455984535,0.7785535617035984
0,scatter,,-1.7873052898112343,0.7736481284309353
0,scatter,,-1.7795935682261708,0.7686871382216409
0,scatter,,-1.7719317239535834,0.7636730772869094
0,scatter,,-1.7643202754241014,0.7586083944372528
0,scatter,,-1.7567597167647275,0.7534955008526509
0,scatter,,-1.749250518183721,0.7483367699398797
0,scatter,,-1.7417931263543103,0.7431345371648735
0,scatter,,-1.7343879647546026,0.7378910988726817
0,scatter,,-1.7270354340971221,0.7326087130504764
0,scatter,,-1.719735912732023,0.7272895994610384
0,scatter,,-1.7124897570335942,0.7219359393648284
0,scatter,,-1.705297301796191,0.7165498755176781
0,scatter,,-1.698158860444804,0.711133511589707
0,scatter,,-1.691074725561331,0.7056889126479682
0,scatter,,-1.6840451693380083,0.7002181054288272
0,scatter,,-1.6770704439227806,0.6947230782854488
0,scatter,,-1.6701507818154437,0.6892057813283353
0,scatter,,-1.6632863960777513,0.6836681258695202
0,scatter,,-1.6564774808296625,0.6781119850075559
0,scatter,,-1.64972421172073,0.6725391941432601
0,scatter,,-1.6430267462581152,0.6669515509651391
0,scatter,,-1.6363852241939676,0.6613508156926752
0,scatter,,-1.6297997677777036,0.6557387107359441
0,scatter,,-1.6232704821923614,0.650116921214519
0,scatter,,-1.6167974560132488,0.644487095604838
0,scatter,,-1.6103807615324088,0.6388508458076307
0,scatter,,-1.6040204551358952,0.6332097474832395
0,scatter,,-1.5977165775595314,0.6275653397990041
0,scatter,,-1.591469154307619,0.6219191260295602
0,scatter,,-1.5852781960714615,0.6162725741841327
0,scatter,,-1.5791436990525471,0.6106271171785925
0,scatter,,-1.5730656453188294,0.6049841532025326
0,scatter,,-1.567044003065336,0.599345045547135
0,scatter,,-1.5610787269858057,0.5937111231221326
0,scatter,,-1.5551697587172164,0.5880836814346831
0,scatter,,-1.5493170271232926,0.5824639826414453
0,scatter,,-1.5435204486322025,0.5768532559523554
0,scatter,,-1.5377799275708397,0.5712526980435979
0,scatter,,-1.5320953564952284,0.5656634734782345
0,scatter,,-1.5264666164292278,0.5600867145358677
0,scatter,,-1.5208935771169956,0.5545235211704185
0,scatter,,-1.515376097540936,0.5489749628092337
0,scatter,,-1.509914026129866,0.5434420780784796
0,scatter,,-1.5045072010523235,0.5379258751437771
0,scatter,,-1.4991554505054747,0.5324273320566076
0,scatter,,-1.4938585929971426,0.5269473970896537
0,scatter,,-1.4886164377432216,0.5214869895629937
0,scatter,,-1.4834287852353516,0.516047001385679
0,scatter,,-1.4782954269809105,0.5106282952152933
0,scatter,,-1.473216145968282,0.5052317056107822
0,scatter,,-1.4681907169581305,0.49985803948579577
0,scatter,,-1.4632189067471075,0.4945080764636892
0,scatter,,-1.458300474425505,0.48918256922183284
0,scatter,,-1.4534351716808054,0.4838822440973034
0,scatter,,-1.4486227433362393,0.47860780294636407
0,scatter,,-1.4438629271985322,0.4733599213998273
0,scatter,,-1.439155454402016,0.4681392497423768
0,scatter,,-1.4345000496916374,0.4629464134914048
0,scatter,,-1.4298964316635274,0.45778201377266536
0,scatter,,-1.4253443130007541,0.45264662768966224
0,scatter,,-1.4208434007159376,0.4475408087333739
0,scatter,,-1.4163933965380187,0.44246508777946236
0,scatter,,-1.4119939969653053,0.4374199727661302
0,scatter,,-1.4076448934945578,0.4324059490862151
0,scatter,,-1.4033457728761485,0.4274234800945048
0,scatter,,-1.3990963173309061,0.4224730074734389
0,scatter,,-1.3948962047628843,0.4175549515932981
0,scatter,,-1.3907451089691003,0.412669711872279
0,scatter,,-1.3866426998926458,0.4078176674022504
0,scatter,,-1.3825886437887096,0.4029991770928043
0,scatter,,-1.378582603405798,0.39821457991846676
0,scatter,,-1.374624238198514,0.3934641953630333
0,scatter,,-1.3707132045195627,0.3887483237607838
0,scatter,,-1.366849155808111,0.3840672466320576
0,scatter,,-1.3630317427743783,0.37942122701278624
0,scatter,,-1.3592606136073275,0.37481050996557197
0,scatter,,-1.355535414147574,0.3702353228658888
0,scatter,,-1.3518557880333906,0.36569587551785837
0,scatter,,-1.348221376889856,0.36119236059180004
0,scatter,,-1.3446318204978625,0.3567249539386154
0,scatter,,-1.3410867569598022,0.3522938148987078
0,scatter,,-1.3375858228620146,0.34789908660533914
0,scatter,,-1.3341286534452608,0.3435408963732948
0,scatter,,-1.3307148827702748,0.3392193560679547
0,scatter,,-1.32734414384383,0.33493456217658335
0,scatter,,-1.3240160687820732,0.33068659619857177
0,scatter,,-1.3207302889588337,0.32647552493393134
0,scatter,,-1.317486435150717,0.322301400764141
0,scatter,,-1.3142841376792167,0.3181642619276954
0,scatter,,-1.311123026555399,0.314064132849615
0,scatter,,-1.3080027316284468,0.3100010245396885
0,scatter,,-1.3049228826945685,0.3059749345797854
0,scatter,,-1.301883109637919,0.30198584748796453
0,scatter,,-1.2988830425604019,0.2980337349850006
0,scatter,,-1.2959223119077803,0.2941185562441427
0,scatter,,-1.2930005485932314,0.29024025813573306
0,scatter,,-1.2901173841183051,0.2863987754665247
0,scatter,,-1.2872724506913626,0.2825940312136869
0,scatter,,-1.2844653813527194,0.2788259368900455
0,scatter,,-1.281695810108905,0.27509439307728045
0,scatter,,-1.2789633720015716,0.27139928901275623
0,scatter,,-1.2762677032333154,0.26774050305654573
0,scatter,,-1.2736084412769535,0.2641179029405079
0,scatter,,-1.270985224980821,0.2605313459859081
0,scatter,,-1.2683976946718802,0.2569806793166781
0,scatter,,-1.2658454922567255,0.2534657400683554
0,scatter,,-1.2633282613205472,0.24998635559273943
0,scatter,,-1.2608456472194713,0.2465423437318049
0,scatter,,-1.2583972971650328,0.24313351318207693
0,scatter,,-1.2559828603384113,0.23975966334445514
0,scatter,,-1.253601987972972,0.2364205846492411
0,scatter,,-1.2512543334420627,0.23311605876216052
0,scatter,,-1.2489395523459081,0.22984585877196662
0,scatter,,-1.246657302596638,0.2266097493743695
0,scatter,,-1.2444072445015841,0.22340748705245486
0,scatter,,-1.2421890408448086,0.22023882025349753
0,scatter,,-1.2400023569617593,0.21710348961060305
0,scatter,,-1.2378468608055506,0.21400122822396764
0,scatter,,-1.2357222230476521,0.2109317616016304
0,scatter,,-1.2336281171431693,0.207894807913012
0,scatter,,-1.2315642194026792,0.2048900781636614
0,scatter,,-1.2295302090635465,0.20191727635716883
0,scatter,,-1.2275257683597351,0.19897609965418964
0,scatter,,-1.2255505825901785,0.19606623852866178
0,scatter,,-1.223604340185673,0.19318737692115462
0,scatter,,-1.2216867327628367,0.1903391924081399
0,scatter,,-1.21979745516137,0.18752135639311948
0,scatter,,-1.2179362055611846,0.18473353416457627
0,scatter,,-1.216102685522208,0.18197538507360864
0,scatter,,-1.2142966000410034,0.179246562679863
0,scatter,,-1.2125176576084644,0.17654671489126142
0,scatter,,-1.2107655702662476,0.17387548410144915
0,scatter,,-1.2090400536619321,0.17123250732494233
0,scatter,,-1.2073408271029606,0.16861741633006094
0,scatter,,-1.2056676135986226,0.16602983777418737
0,scatter,,-1.2040201398864137,0.1634693933428505
0,scatter,,-1.2023981365333347,0.1609356998553199
0,scatter,,-1.200801337964973,0.15842836939762117
0,scatter,,-1.1992294825103649,0.1559470094465572
0,scatter,,-1.1976823124480223,0.1534912229909813
0,scatter,,-1.19615957405084,0.15106060865121343
0,scatter,,-1.1946610176299377,0.14865476079668732
0,scatter,,-1.1931863975774855,0.14627326966191057
0,scatter,,-1.1917354723972386,0.14391572145492948
0,scatter,,-1.1903080047188297,0.14158169845632748
0,scatter,,-1.1889037613908864,0.13927077915772573
0,scatter,,-1.187522513498702,0.13698253836040525
0,scatter,,-1.1861640363986257,0.13471654728152443
0,scatter,,-1.1848281097538729,0.13247237366012524
0,scatter,,-1.1835145175693564,0.13024958186167002
0,scatter,,-1.1822230482256195,0.12804773298125485
0,scatter,,-1.1809534945118452,0.1258663849454682
0,scatter,,-1.1797056536477755,0.12370509260226292
0,scatter,,-1.178479327290766,0.1215634077949249
0,scatter,,-1.1772743216147472,0.11944087951112228
0,scatter,,-1.1760904473205234,0.11733705395967355
0,scatter,,-1.1749275196612983,0.11525147466302926
0,scatter,,-1.1737853584695115,0.11318368255087882
0,scatter,,-1.1726637881828343,0.11113321605266266
0,scatter,,-1.1715626378693649,0.10909961118906077
0,scatter,,-1.1704817412520092,0.10708240166244906
0,scatter,,-1.1694209367156922,0.10508111892308315
0,scatter,,-1.168380067296559,0.10309529220984415
0,scatter,,-1.1673589807862674,0.10112444875478754
0,scatter,,-1.166357529719253,0.09916811382149723
0,scatter,,-1.165375571389056,0.09722581078496075
0,scatter,,-1.1644129678676596,0.09529706121594567
0,scatter,,-1.1634695860241464,0.09338138496464583
0,scatter,,-1.1625452975426616,0.0914783002435905
0,scatter,,-1.1616399789397203,0.08958732370988447
0,scatter,,-1.1607535115808882,0.08770797054684615
0,scatter,,-1.159885781696831,0.0858397545450376
0,scatter,,-1.1590366803987642,0.0839821881827542
0,scatter,,-1.1582061036933335,0.08213478270604295
0,scatter,,-1.1573939523814778,0.08029704803596238
0,scatter,,-1.1566001320752368,0.0784684928522571
0,scatter,,-1.155824553432466,0.07664862500259423
0,scatter,,-1.1550671320399024,0.07483695138748957
0,scatter,,-1.1543277884218692,0.07303297803316026
0,scatter,,-1.1536064480494814,0.07123621016556757
0,scatter,,-1.1529030413492452,0.06944615228402179
0,scatter,,-1.1522175037110738,0.06766230823440843
0,scatter,,-1.1515497754957222,0.06588418128202578
0,scatter,,-1.150899802041656,0.06411127418409326
0,scatter,,-1.1502675336713866,0.062343089261989185
0,scatter,,-1.1496529256972623,0.06057912847320865
0,scatter,,-1.1490559384242938,0.05881889347893732
0,scatter,,-1.14847653699714,0.0570618854478933
0,scatter,,-1.1479146915611544,0.0553076053936972
0,scatter,,-1.1473703773262882,0.05355555434812774
0,scatter,,-1.1468435744939205,0.05180523330248852
0,scatter,,-1.1463342682575697,0.05005614327503993
0,scatter,,-1.1458424488030432,0.0483077853782108
0,scatter,,-1.1453681113080223,0.04655966088557418
0,scatter,,-1.144911255941102,0.04481127129863909
0,scatter,,-1.1444718878603006,0.04306211841351002
0,scatter,,-1.1440500172110382,0.04131170438739859
0,scatter,,-1.143645659123602,0.03955953180503932
0,scatter,,-1.143258833710115,0.0378051037450635
0,scatter,,-1.142889566045569,0.03604792382248029
0,scatter,,-1.142537886018092,0.03428749603012243
0,scatter,,-1.1422038285444331,0.03252332514442066
0,scatter,,-1.1418874335246239,0.030754916729437986
0,scatter,,-1.1415887458003828,0.02898177714747201
0,scatter,,-1.14130781514734,0.02720341362261304
0,scatter,,-1.1410446962667107,0.025419334304250495
0,scatter,,-1.140799448776429,0.023629048330574654
0,scatter,,-1.1405721372017419,0.021832065892052013
0,scatter,,-1.1403628309652767,0.02002789829492091
0,scatter,,-1.1401716043765895,0.01821605802475446
0,scatter,,-1.1399985366211962,0.01639605881006885
0,scatter,,-1.1398437117491003,0.014567415686023669
0,scatter,,-1.1397072186293769,0.012729645020452858
0,scatter,,-1.1395891508523954,0.010882264481363037
0,scatter,,-1.1394896069077372,0.009024793316854378
0,scatter,,-1.1394086900959743,0.0071567523348725955
0,scatter,,-1.1393465085028598,0.005277663954258121
0,scatter,,-1.1393031749833906,0.003387052267737809
0,scatter,,-1.1392788071453153,0.0014844431050405095
0,scatter,,-1.1392735273320918,-0.0004306359038192282
0,scatter,,-1.1392874626053018,-0.0023586552650437555
0,scatter,,-1.139320744726524,-0.004300083557369187
0,scatter,,-1.1393735101386713,-0.006255387368151708
0,scatter,,-1.1394458999467976,-0.008225031229174567
0,scatter,,-1.139538059898377,-0.01020947755222421
0,scatter,,-1.1396501403023953,-0.01220918658451424
0,scatter,,-1.1397822959968207,-0.014224616347550692
0,scatter,,-1.139934686464694,-0.01625622252606437
0,scatter,,-1.1401074757362464,-0.01830445842756143
0,scatter,,-1.1403008323639958,-0.020369774917083663
0,scatter,,-1.1405149293984858,-0.022452620351192065
0,scatter,,-1.1407499443634337,-0.024553440511536524
0,scatter,,-1.1410060592302977,-0.026672678538044517
0,scatter,,-1.1412834603922606,-0.028810774861682976
0,scatter,,-1.1415823386376291,-0.03096816713674585
0,scatter,,-1.1419028891226595,-0.03314529017270143
0,scatter,,-1.1422453113438045,-0.03534257586555321
0,scatter,,-1.1426098091084838,-0.0375604531281702
0,scatter,,-1.1429965904073653,-0.039799347766366885
0,scatter,,-1.1434058674735637,-0.042059682457344816
0,scatter,,-1.1438378568044627,-0.044341876707376424
0,scatter,,-1.1442927790773763,-0.04664634675093007
0,scatter,,-1.1447708591169403,-0.04897350547787491
0,scatter,,-1.1452723258618567,-0.05132376236003795
0,scatter,,-1.1457974123309818,-0.05369752337706357
0,scatter,,-1.1463463555887545,-0.05609519094152317
0,scatter,,-1.146919396709973,-0.05851716382331381
0,scatter,,-1.1475167807439153,-0.06096383707329523
0,scatter,,-1.1481387566777959,-0.06343560194610838
0,scatter,,-1.1487855773995743,-0.06593284582224103
0,scatter,,-1.149457499649498,-0.06845595211647537
0,scatter,,-1.1501547838579114,-0.07100530004956136
0,scatter,,-1.1508776942834913,-0.07358126478102195
0,scatter,,-1.1516264989491345,-0.0761842172985499
0,scatter,,-1.1524014695677236,-0.07881452429514677
0,scatter,,-1.1532028814993431,-0.08147254808393126
0,scatter,,-1.1540310137077154,-0.08415864651183501
0,scatter,,-1.154886148715881,-0.08687317287222801
0,scatter,,-1.1557685725611042,-0.08961647581641588
0,scatter,,-1.1566785747489927,-0.09238889926394885
0,scatter,,-1.1576164482068474,-0.09519078231178657
0,scatter,,-1.1585824892362286,-0.09802245914226047
0,scatter,,-1.159576997464724,-0.1008842589297675
0,scatter,,-1.1606002757599378,-0.10377650569048331
0,scatter,,-1.161652630063865,-0.10669951801193633
0,scatter,,-1.162734369582676,-0.10965360931830642
0,scatter,,-1.1638458066470305,-0.11263908763890397
0,scatter,,-1.1649872566423618,-0.11565625548197814
0,scatter,,-1.1661590379538838,-0.11870540973058061
0,scatter,,-1.167361471910665,-0.1217868415368405
0,scatter,,-1.168594882728743,-0.12490083621458019
0,scatter,,-1.1698595974533028,-0.1280476731303201
0,scatter,,-1.1711559458999024,-0.13122762559260395
0,scatter,,-1.1724842605947106,-0.13444096073956863
0,scatter,,-1.173844876713805,-0.13768793942484125
0,scatter,,-1.175238132021463,-0.14096881610159742
0,scatter,,-1.1766643667158105,-0.14428383856562532
0,scatter,,-1.1781239233249314,-0.14763324777470196
0,scatter,,-1.179617146884451,-0.1510172780951379
0,scatter,,-1.1811443847443637,-0.15443615698484503
0,scatter,,-1.1827059864967704,-0.15789010485966426
0,scatter,,-1.1843023039057112,-0.16137933496246576
0,scatter,,-1.1859336908358402,-0.16490405323008017
0,scatter,,-1.1876005031799106,-0.16846445815798136
0,scatter,,-1.189303098785034,-0.17206074066263793
0,scatter,,-1.19104183737775,-0.17569308394158706
0,scatter,,-1.1928170804878697,-0.17936166333115028
0,scatter,,-1.1946291913710585,-0.1830666461617011
0,scatter,,-1.1964785349227693,-0.1868081916008298
0,scatter,,-1.198365477443895,-0.19058645030133292
0,scatter,,-1.2002903866540051,-0.19440156437285094
0,scatter,,-1.2022536317761117,-0.1982536674463665
0,scatter,,-1.2042555833277753,-0.20214288435297184
0,scatter,,-1.2062966130333397,-0.2060693309604801
0,scatter,,-1.2083770937346536,-0.21003311400712646
0,scatter,,-1.2104973993002415,-0.21403433093226987
0,scatter,,-1.2126579045329604,-0.2180730697041559
0,scatter,,-1.2148589850761082,-0.2221494086446532
0,scatter,,-1.2171010173179315,-0.22626341625086346
0,scatter,,-1.2193843782946032,-0.23041515101371
0,scatter,,-1.221709445591555,-0.23460466123328916
0,scatter,,-1.2240765972247012,-0.2388319848149321
0,scatter,,-1.2264862112701922,-0.24309714884419517
0,scatter,,-1.2289386661343518,-0.2474001697181472
0,scatter,,-1.2314343404141297,-0.2517410529177846
0,scatter,,-1.2339736127083534,-0.2561197927356461
0,scatter,,-1.2365568615056972,-0.26053637206835856
0,scatter,,-1.239184465070713,-0.26499076220555623
0,scatter,,-1.241856801327859,-0.26948292261506374
0,scatter,,-1.2445742477434623,-0.2740128007242282
0,scatter,,-1.2473371812056497,-0.27858033169745694
0,scatter,,-1.2501459779021853,-0.2831854382098471
0,scatter,,-1.2530010131961389,-0.28782803021678244
0,scatter,,-1.255902661499453,-0.29250800471960064
0,scatter,,-1.2588512961442548,-0.29722524552707513
0,scatter,,-1.2618472892519772,-0.3019796230128141
0,scatter,,-1.2648910115249479,-0.30677099388089024
0,scatter,,-1.267982831890592,-0.3115992009510982
0,scatter,,-1.2711231178407494,-0.31646407282470534
0,scatter,,-1.2743122351102911,-0.3213654236545766
0,scatter,,-1.27755054750106,-0.3263030528863608
0,scatter,,-1.2808384167330322,-0.3312767449903114
0,scatter,,-1.2841762022927035,-0.33628626918855975
0,scatter,,-1.2875642612785967,-0.34133137917770506
0,scatter,,-1.2910029482439598,-0.3464118128468323
0,scatter,,-1.294492615036451,-0.35152729199067895
0,scatter,,-1.2980336106348818,-0.35667752201806174
0,scatter,,-1.3016262809829087,-0.36186219165542605
0,scatter,,-1.305270968819575,-0.36708097264538203
0,scatter,,-1.3089680135067319,-0.3723335194402904
0,scatter,,-1.3127177508532355,-0.37761946889076436
0,scatter,,-1.3165205130232962,-0.3829384404027603
0,scatter,,-1.3203766283680534,-0.3882900356915706
0,scatter,,-1.3242864210577783,-0.39367383746910334
0,scatter,,-1.3282502109951284,-0.3990894096670292
0,scatter,,-1.3322683136268905,-0.4045362971236134
0,scatter,,-1.3363410397511548,-0.410014025259759
0,scatter,,-1.3404686953210858,-0.41552209975111026
0,scatter,,-1.344651581245387,-0.4210600061964249
0,scatter,,-1.3488899931852338,-0.42662720978200197
0,scatter,,-1.3531842213477723,-0.4322231549423782
0,scatter,,-1.3575345502760705,-0.43784726501723775
0,scatter,,-1.3619412586354227,-0.4434989419044853
0,scatter,,-1.3664046190137433,-0.4491775657518472
0,scatter,,-1.370924897744586,-0.45488249470755276
0,scatter,,-1.3755023545870182,-0.4606130643348633
0,scatter,,-1.3801372425348348,-0.46636858734052217
0,scatter,,-1.384829807590364,-0.47214835322430704
0,scatter,,-1.3895802885294826,-0.4779516279134428
0,scatter,,-1.3943889166628873,-0.4837776533938748
0,scatter,,-1.3992559155933706,-0.48962564733820735
0,scatter,,-1.4041815009692191,-0.4954948027305664
0,scatter,,-1.409165880233622,-0.5013842874883585
0,scatter,,-1.4142092523699719,-0.5072932440809087
0,scatter,,-1.4193118076431355,-0.5132207891451844
0,scatter,,-1.4244737273624675,-0.5191660132565312
0,scatter,,-1.4296951838557472,-0.5251279820093939
0,scatter,,-1.434976339847152,-0.5311057334845906
0,scatter,,-1.440317348246533,-0.5370982782496112
0,scatter,,-1.445718351928411,-0.543104599320391
0,scatter,,-1.4511794834531573,-0.5491236517942663
0,scatter,,-1.4567008647842214,-0.5551543624834463
0,scatter,,-1.4622826070012962,-0.561195629549157
0,scatter,,-1.467924810009595,-0.5672463221369108
0,scatter,,-1.4736275622449742,-0.5733052800128975
0,scatter,,-1.4793909403750778,-0.5793713132019641
0,scatter,,-1.4852150089963996,-0.5854432016273619
0,scatter,,-1.4910998203319759,-0.5915196947668552
0,scatter,,-1.4970454142308927,-0.5975995122266454
0,scatter,,-1.5030518175617629,-0.6036813425165592
0,scatter,,-1.5091190437735171,-0.6097638423415165
0,scatter,,-1.5152470927204802,-0.6158456366995577
0,scatter,,-1.5214359503418937,-0.6219253185603549
0,scatter,,-1.5276855883377798,-0.6280014485494243
0,scatter,,-1.533995963841377,-0.6340725546386771
0,scatter,,-1.540367019087904,-0.640137131843476
0,scatter,,-1.5467986810798842,-0.6461936419268506
0,scatter,,-1.5532908612489658,-0.6522405131112279
0,scatter,,-1.5598434551141707,-0.6582761397980567
0,scatter,,-1.5664563419367572,-0.6642988822959407
0,scatter,,-1.5731293845745364,-0.6703070674500311
0,scatter,,-1.5798624291702446,-0.6762989885663566
0,scatter,,-1.5866553044082452,-0.6822729034620677
0,scatter,,-1.5935078213762295,-0.6882270352018066
0,scatter,,-1.6004197732182395,-0.6941595719421509
0,scatter,,-1.607390934783772,-0.7000686667845174
0,scatter,,-1.6144210622751134,-0.7059524376466506
0,scatter,,-1.6215098928929261,-0.7118089671535628
0,scatter,,-1.6286571444804672,-0.7176363025491026
0,scatter,,-1.6358625151662693,-0.7234324556288922
0,scatter,,-1.643125683036475,-0.7291954024435894
0,scatter,,-1.6504463058298524,-0.7349230828306931
0,scatter,,-1.6578240204518864,-0.7406134014444735
0,scatter,,-1.665258442667986,-0.7462642273382921
0,scatter,,-1.672749166749074,-0.7518733939584183
0,scatter,,-1.6802957651125623,-0.7574386991984936
0,scatter,,-1.6878977879634556,-0.7629579054799764
0,scatter,,-1.695554762935677,-0.7684287398594574
0,scatter,,-1.7032661947336978,-0.7738488941637411
0,scatter,,-1.711031564774941,-0.779216025153881
0,scatter,,-1.7188503308972047,-0.784527755001842
0,scatter,,-1.7267219273238268,-0.7897816729259706
0,scatter,,-1.7346457637964923,-0.7949753331946136
0,scatter,,-1.7426212253767055,-0.8001062560955918
0,scatter,,-1.750647672153728,-0.8051719285208708
0,scatter,,-1.7587244389091317,-0.8101698043873274
0,scatter,,-1.766850834784869,-0.8150973051002214
0,scatter,,-1.7750261429553917,-0.8199518200610284
0,scatter,,-1.783249620304057,-0.8247307072211201
0,scatter,,-1.791520497104056,-0.8294312936828135
0,scatter,,-1.7998379767292683,-0.8340508762787394
0,scatter,,-1.8082012356937855,-0.8385867212805644
0,scatter,,-1.8166094229253242,-0.8430360663589046
0,scatter,,-1.825061659502719,-0.8473961212927629
0,scatter,,-1.8335570384650017,-0.8516640685485748
0,scatter,,-1.84209462454154,-0.8558370641615642
0,scatter,,-1.8506734538908787,-0.8599122386721824
0,scatter,,-1.8592925338486752,-0.8638866981191101
0,scatter,,-1.8679508426854445,-0.8677575250904843
0,scatter,,-1.8766473293745296,-0.8715217798348592
0,scatter,,-1.88538091337216,-0.8751765014274031
0,scatter,,-1.8941504845134811,-0.8787187085637307
0,scatter,,-1.9029549027282555,-0.8821454012182722
0,scatter,,-1.9117929978098438,-0.8854535621979404
0,scatter,,-1.9206635692934164,-0.8886401583638377
0,scatter,,-1.929565386301041,-0.8917021421158485
0,scatter,,-1.9384971874014958,-0.8946364529465297
0,scatter,,-1.9474576804853119,-0.8974400190658417
0,scatter,,-1.9564455426555676,-0.9001097590982997
0,scatter,,-1.9654594201353122,-0.9026425838542452
0,scatter,,-1.9744979281921684,-0.9050353981768378
0,scatter,,-1.9835596512206768,-0.90728510110219
0,scatter,,-1.9926431426922369,-0.9093885880017432
0,scatter,,-2.001746924924503,-0.9113427553230303
0,scatter,,-2.0108694892113688,-0.9131445011184056
0,scatter,,-2.020009295852215,-0.9147907271891318
0,scatter,,-2.0291647742030663,-0.9162783413085398
0,scatter,,-2.038334322750663,-0.9176042595209976
0,scatter,,-2.0475163092105806,-0.9187654085177733
0,scatter,,-2.0567090706498257,-0.9197587280907519
0,scatter,,-2.0659109136350677,-0.9205811736650746
0,scatter,,-2.0751201142710025,-0.921229717525856
0,scatter,,-2.0843349182209585,-0.9217013496692922
0,scatter,,-2.0935535413981103,-0.9219930852722329
0,scatter,,-2.102774170013136,-0.9221019654019528
0,scatter,,-2.111994960838728,-0.9220250597140761
0,scatter,,-2.1212140415153837,-0.9217594693417148
0,scatter,,-2.130429510887622,-0.9213023298586345
0,scatter,,-2.1396394393713205,-0.9206508143170004
0,scatter,,-2.1488418693533484,-0.9198021363602277
0,scatter,,-2.1580348154349087,-0.9187535514185338
0,scatter,,-2.1672162647783453,-0.9175023587144248
0,scatter,,-2.1763841780065674,-0.9160459088063785
0,scatter,,-2.185536489525294,-0.9143816047522756
0,scatter,,-2.1946711080681776,-0.9125069053168062
0,scatter,,-2.203785917279889,-0.9104193282663816
0,scatter,,-2.2128787763343287,-0.908116453714569
0,scatter,,-2.221947520509661,-0.9055959271779592
0,scatter,,-2.2309899615597986,-0.9028554616527477
0,scatter,,-2.2400038889168945,-0.8998928431375837
0,scatter,,-2.248987070295378,-0.8967059334784379
0,scatter,,-2.257937252440793,-0.8932926737139247
0,scatter,,-2.266852161948757,-0.8896510875983022
0,scatter,,-2.275729506121702,-0.8857792851583699
0,scatter,,-2.284566973839746,-0.881675466029657
0,scatter,,-2.2933622360466166,-0.8773379183200458
0,scatter,,-2.3021129471533754,-0.8727650268382049
0,scatter,,-2.3108167460611693,-0.8679552768795028
0,scatter,,-2.319471257074746,-0.8629072564464585
0,scatter,,-2.3280740909658415,-0.857619659651119
0,scatter,,-2.3366228460749103,-0.8520912901078854
0,scatter,,-2.345115109451858,-0.8463210643137234
0,scatter,,-2.3535484574403096,-0.8403080126247253
0,scatter,,-2.361920456990044,-0.834051282974333
0,scatter,,-2.3702286675550415,-0.8275501467561259
0,scatter,,-2.3784706419599777,-0.8208040003851791
0,scatter,,-2.386643927686185,-0.8138123683487769
0,scatter,,-2.3947460681932045,-0.8065749062035326
0,scatter,,-2.4027746042759834,-0.7990914035150087
0,scatter,,-2.4107270751393504,-0.7913617853924547
0,scatter,,-2.418601019191425,-0.7833861126216347
0,scatter,,-2.426393976708094,-0.7751645894605081
0,scatter,,-2.434103490814021,-0.7666975641134145
0,scatter,,-2.441727108920467,-0.7579855308985718
0,scatter,,-2.4492623842334433,-0.7490291324762185
0,scatter,,-2.456706877291984,-0.7398291619622173
0,scatter,,-2.464058157384165,-0.7303865646489596
0,scatter,,-2.4713138028417694,-0.7207024375364419
0,scatter,,-2.4784714042281855,-0.7107780338700896
0,scatter,,-2.485528565683378,-0.7006147641843129
0,scatter,,-2.492482906308832,-0.6902141972238752
0,scatter,,-2.4993320617908537,-0.6795780610943699
0,scatter,,-2.506073686043194,-0.6687082442440583
0,scatter,,-2.512705452853005,-0.6576067962610495
0,scatter,,-2.5192250563879823,-0.6462759277729246
0,scatter,,-2.5256302136345035,-0.6347180113444182
0,scatter,,-2.5319186666218023,-0.622935582038711
0,scatter,,-2.5380881836041995,-0.6109313371238779
0,scatter,,-2.5441365607178663,-0.5987081358582373
0,scatter,,-2.5500616236434923,-0.5862689990580523
0,scatter,,-2.5558612292735514,-0.5736171084417109
0,scatter,,-2.5615332665665704,-0.5607558062273845
0,scatter,,-2.567075658344028,-0.5476885971951306
0,scatter,,-2.572486363348455,-0.534419140633294
0,scatter,,-2.5777633781009164,-0.5209512536853763
0,scatter,,-2.5829047381154187,-0.5072889082841056
0,scatter,,-2.58790851948495,-0.4934362292109581
0,scatter,,-2.59277284044979,-0.47939749188234104
0,scatter,,-2.5974958628002827,-0.4651771204905422
0,scatter,,-2.6020757926416778,-0.4507796885071851
0,scatter,,-2.6065108826887777,-0.4362099123357968
0,scatter,,-2.6107994334866493,-0.4214726491801041
0,scatter,,-2.6149397947223476,-0.4065728941771402
0,scatter,,-2.6189303668924615,-0.39151577649764147
0,scatter,,-2.6227696026638654,-0.3763065556730576
0,scatter,,-2.6264560079000017,-0.36095061819453267
0,scatter,,-2.6299881431385663,-0.34545347309065166
0,scatter,,-2.6333646247454676,-0.32982074799651506
0,scatter,,-2.6365841251359035,-0.31405818793697254
0,scatter,,-2.639645375006764,-0.2981716472693739
0,scatter,,-2.6425471642930827,-0.2821670854539491
0,scatter,,-2.6452883431322443,-0.26605056248571574
0,scatter,,-2.647867822603761,-0.2498282343760547
0,scatter,,-2.6502845755875524,-0.2335063481199296
0,scatter,,-2.6525376381210535,-0.21709123537064834
0,scatter,,-2.654626110087201,-0.20058930721080098
0,scatter,,-2.65654915597719,-0.18400704858092193
0,scatter,,-2.65830600492313,-0.1673510146782105
0,scatter,,-2.659895952087864,-0.15062782279162804
0,scatter,,-2.661318359258049,-0.13384414631507968
0,scatter,,-2.662572655322529,-0.11700670880390562
0,scatter,,-2.663658336537597,-0.10012227903196481
0,scatter,,-2.664574966754218,-0.08319766582576543
0,scatter,,-2.6653221783170538,-0.06623970873475842
0,scatter,,-2.665899672176517,-0.049255272636857556
0,scatter,,-2.6663072181224288,-0.032251241314960724
0,scatter,,-2.66654465455441,-0.015234514259997715
0,scatter,,-2.6666118889553196,0.001788002869496562
0,scatter,,-2.6665088979687104,0.018809405121410654
0,scatter,,-2.6662357273149384,0.03582279438076065
0,scatter,,-2.665792491622269,0.052821284524172285
0,scatter,,-2.6651793741458323,0.06979800578506953
0,scatter,,-2.664396626804008,0.08674611556987663
0,scatter,,-2.6634445698066513,0.10365880349588658
0,scatter,,-2.6623235913069005,0.12052929779455003
0,scatter,,-2.661034146933253,0.13735086794850163
0,scatter,,-2.6595767593596618,0.15411683383336464
0,scatter,,-2.6579520177793454,0.17082057276568632
0,scatter,,-2.656160577289725,0.1874555249300067
0,scatter,,-2.654203158271566,0.20401519823983316
0,scatter,,-2.6520805457645853,0.22049317130068047
0,scatter,,-2.649793588534242,0.23688310405985585
0,scatter,,-2.647343198286598,0.25317874179681005
0,scatter,,-2.644730348777459,0.269373920645655
0,scatter,,-2.6419560752508042,0.2854625684793539
0,scatter,,-2.6390214731317516,0.3014387137564276
0,scatter,,-2.6359276968506227,0.31729649204209276
0,scatter,,-2.632675958850603,0.33303014958108
0,scatter,,-2.629267528417672,0.34863404815372667
0,scatter,,-2.6257037304544757,0.36410266978188655
0,scatter,,-2.6219859445735656,0.37943061856251636
0,scatter,,-2.618115604420376,0.39461262026726074
0,scatter,,-2.614094195338132,0.4096435333388442
0,scatter,,-2.609923253454844,0.4245183490194248
0,scatter,,-2.6056043643706737,0.4392321937645041
0,scatter,,-2.601139161733946,0.4537803333932223
0,scatter,,-2.5965293255131225,0.4681581856989227
0,scatter,,-2.591776580842604,0.4823613134329315
0,scatter,,-2.5868826964406946,0.49638542980008354
0,scatter,,-2.581849483049633,0.5102264021911319
0,scatter,,-2.576678792271348,0.5238802443943251
0,scatter,,-2.5713725147859487,0.5373431242646473
0,scatter,,-2.5659325787074785,0.5506113669212409
0,scatter,,-2.560360948096567,0.5636814529934846
0,scatter,,-2.5546596213805013,0.5765500252269931
0,scatter,,-2.548830629766458,0.5892138917494014
0,scatter,,-2.542876035652119,0.6016700191619929
0,scatter,,-2.536797931030141,0.6139155370358811
0,scatter,,-2.5305984358139133,0.6259477375099037
0,scatter,,-2.5242796959875844,0.6377640717752098
0,scatter,,-2.51784388224588,0.6493621547840874
0,scatter,,-2.5112931882613627,0.6607397634215513
0,scatter,,-2.504629829047871,0.6718948358497069
0,scatter,,-2.4978560396486773,0.6828254732249063
0,scatter,,-2.490974073284299,0.6935299369417347
0,scatter,,-2.4839861997697024,0.7040066476878938
0,scatter,,-2.4768947039967673,0.714254184714509
0,scatter,,-2.469701884161853,0.7242712841447536
0,scatter,,-2.4624100502389723,0.7340568375640787
0,scatter,,-2.4550215225716667,0.7436098906402916
0,scatter,,-2.447538630255156,0.7529296411267965
0,scatter,,-2.439963709655319,0.7620154372304149
0,scatter,,-2.4322991029827676,0.7708667761327929
0,scatter,,-2.4245471567240067,0.7794833009038571
0,scatter,,-2.4167102202408874,0.7878647985475846
0,scatter,,-2.408790644339902,0.7960111975971876
0,scatter,,-2.4007907797364822,0.8039225654683417
0,scatter,,-2.392712975819874,0.8115991059389079
0,scatter,,-2.3845595792826466,0.8190411563802142
0,scatter,,-2.3763329327867684,0.8262491849060831
0,scatter,,-2.3680353736575053,0.8332237878044904
0,scatter,,-2.3596692326346487,0.8399656863063065
0,scatter,,-2.3512368326508892,0.846475723411279
0,scatter,,-2.3427404876357523,0.852754860845639
0,scatter,,-2.3341825013590665,0.8588041758611911
0,scatter,,-2.32556516616466,0.8646248582649659
0,scatter,,-2.31689076189719,0.8702182070922087
0,scatter,,-2.308161554956325,0.8755856270606318
0,scatter,,-2.299379797203205,0.8807286253559606
0,scatter,,-2.290547724969049,0.885648808266001
0,scatter,,-2.281667557992988,0.8903478777314219
0,scatter,,-2.2727414984147165,0.8948276278926782
0,scatter,,-2.263771730081357,0.8990899417910508
0,scatter,,-2.2547604176004095,0.9031367878968931
0,scatter,,-2.245709705516205,0.9069702166919873
0,scatter,,-2.2366217174622944,0.9105923571846163
0,scatter,,-2.2274985552649125,0.9140054133327492
0,scatter,,-2.218342298435967,0.91721166091913
0,scatter,,-2.209155003408249,0.9202134440891333
0,scatter,,-2.1999387028752655,0.923013172001766
0,scatter,,-2.19069540514169,0.9256133154419666
0,scatter,,-2.181427093371453,0.9280164031295218
0,scatter,,-2.172135725226423,0.9302250189433178
0,scatter,,-2.1628232322956955,0.9322417985878664
0,scatter,,-2.1534915195892217,0.9340694263821715
0,scatter,,-2.144142465068548,0.9357106320937904
0,scatter,,-2.1347779190721554,0.9371681873415131
0,scatter,,-2.125399704052559,0.9384449030293993
0,scatter,,-2.1160096142017237,0.9395436263361621
0,scatter,,-2.1066094150890398,0.9404672377001053
0,scatter,,-2.097200843351191,0.9412186479370113
0,scatter,,-2.0877856063014186,0.9418007948944401
0,scatter,,-2.07836538174539,0.9422166410149467
0,scatter,,-2.068941817786764,0.9424691707806145
0,scatter,,-2.0595165325983165,0.9425613879287466
0,scatter,,-2.050091114241927,0.9424963129262465
0,scatter,,-2.040667120496635,0.9422769798263885
0,scatter,,-2.0312460786685476,0.9419064342741021
0,scatter,,-2.021829485617719,0.9413877311184826
0,scatter,,-2.0124188076249307,0.9407239320334967
0,scatter,,-2.003015480342384,0.939918103263048
0,scatter,,-1.9936209087271974,0.9389733131104234
0,scatter,,-1.9842364670096557,0.9378926296131174
0,scatter,,-1.9748634987856706,0.9366791191650492
0,scatter,,-1.96550331701939,0.9353358442658489
0,scatter,,-1.9561572041019033,0.9338658616365324
0,scatter,,-1.9468264118938148,0.9322722201426692
0,scatter,,-1.9375121616880806,0.930557958069602
0,scatter,,-1.9282156445221965,0.9287261028123776
0,scatter,,-1.918938021258565,0.926779668833272
0,scatter,,-1.9096804227314934,0.9247216560148155
0,scatter,,-1.9004439499020127,0.9225550481006524
0,scatter,,-1.891229673731641,0.9202828104271388
0,scatter,,-1.882038635692173,0.9179078893204657
0,scatter,,-1.8728718479883784,0.9154332107692309
0,scatter,,-1.8637302937349172,0.9128616789969695
0,scatter,,-1.8546149272103725,0.9101961752560441
0,scatter,,-1.8455266737453153,0.9074395563159452
0,scatter,,-1.8364664301249969,0.9045946535008158
0,scatter,,-1.8274350651478224,0.9016642719278131
0,scatter,,-1.818433419753078,0.8986511893769347
0,scatter,,-1.8094623073293574,0.8955581553859127
0,scatter,,-1.800522513826282,0.8923878901424893
0,scatter,,-1.7916147978213353,0.889143083365474
0,scatter,,-1.78273989139662,0.8858263942499031
0,scatter,,-1.7738985002523349,0.8824404504968574
0,scatter,,-1.7650913040437184,0.8789878476695421
0,scatter,,-1.7563189566562927,0.8754711484697189
0,scatter,,-1.7475820861519453,0.8718928814502155
0,scatter,,-1.738881295653116,0.8682555414810813
0,scatter,,-1.7302171635820967,0.8645615890740643
0,scatter,,-1.7215902439880082,0.86081344990549
0,scatter,,-1.7130010669152307,0.8570135144477407
0,scatter,,-1.704450138363422,0.8531641366806353
0,scatter,,-1.6959379410494935,0.8492676347076143
0,scatter,,-1.6874649347826614,0.845326290501909
0,scatter,,-1.6790315567825254,0.8413423495530589
0,scatter,,-1.670638222066722,0.8373180207089075
0,scatter,,-1.6622853235442658,0.8332554752126728
0,scatter,,-1.6539732324639373,0.8291568467757476
0,scatter,,-1.6457022991299721,0.825024232437827
0,scatter,,-1.6374728531037004,0.8208596920001195
0,scatter,,-1.6292852035929681,0.8166652480212251
0,scatter,,-1.6211396398431996,0.8124428858482063
0,scatter,,-1.6130364315291423,0.8081945536799559
0,scatter,,-1.6049758287645883,0.803922161367012
0,scatter,,-1.596958062589869,0.7996275808622016
0,scatter,,-1.588983345700163,0.7953126475195447
0,scatter,,-1.5810518725842768,0.7909791594282709
0,scatter,,-1.5731638198724263,0.7866288774882765
0,scatter,,-1.5653193466764226,0.7822635254943296
0,scatter,,-1.5575185949231036,0.7778847902296707
0,scatter,,-1.5497616903224056,0.7734943227559837
0,scatter,,-1.5420487424612834,0.7690937381050428
0,scatter,,-1.5343798446106276,0.7646846144586197
0,scatter,,-1.5267550744053353,0.7602684939641803
0,scatter,,-1.5191744941835215,0.755846882937692
0,scatter,,-1.5116381513188626,0.7514212520711986
0,scatter,,-1.5041460785480827,0.7469930366490081
0,scatter,,-1.4966982948130498,0.742563637950146
0,scatter,,-1.4892948053496675,0.7381344229617348
0,scatter,,-1.4819356016396679,0.7337067238001264
0,scatter,,-1.4746206619955518,0.7292818385851487
0,scatter,,-1.467349951889405,0.7248610317508624
0,scatter,,-1.4601234242762502,0.720445534360862
0,scatter,,-1.4529410199137254,0.716036544431078
0,scatter,,-1.4458026679418718,0.7116352277980948
0,scatter,,-1.4387082860571476,0.7072427181727255
0,scatter,,-1.4316577806592348,0.7028601171513726
0,scatter,,-1.4246510472835643,0.6984884948234232
0,scatter,,-1.4176879709106056,0.6941288901392483
0,scatter,,-1.4107684262703817,0.6897823112800091
0,scatter,,-1.4038922781433143,0.6854497360320362
0,scatter,,-1.397059381763303,0.6811321124925751
0,scatter,,-1.3902695830465153,0.6768303592530238
0,scatter,,-1.3835227188227313,0.6725453656053195
0,scatter,,-1.3768186171666597,0.6682779920710672
0,scatter,,-1.3701570976800042,0.6640290707927514
0,scatter,,-1.3635379717685496,0.6597994059235522
0,scatter,,-1.3569610429157977,0.655589774020335
0,scatter,,-1.3504261070557086,0.6514009247872368
0,scatter,,-1.3439329527691222,0.6472335812353373
0,scatter,,-1.3374813614974168,0.6430884399147171
0,scatter,,-1.3310711078419375,0.6389661714506593
0,scatter,,-1.324701959818402,0.6348674209405663
0,scatter,,-1.3183736791067397,0.6307928083477292
0,scatter,,-1.3120860212981573,0.6267429288995037
0,scatter,,-1.3058387362110615,0.6227183537745755
0,scatter,,-1.2996315680784447,0.6187196302925352
0,scatter,,-1.293464255747729,0.6147472821676626
0,scatter,,-1.287336532941367,0.610801810018437
0,scatter,,-1.2812481284836275,0.606883691755698
0,scatter,,-1.27519876652289,0.6029933829664325
0,scatter,,-1.2691881667513023,0.5991313173007466
0,scatter,,-1.2632160446913798,0.5952979071686023
0,scatter,,-1.2572821118443827,0.5914935438409076
0,scatter,,-1.2513860758761515,0.5877185977297813
0,scatter,,-1.2455276408468523,0.5839734188760538
0,scatter,,-1.2397065074110283,0.5802583373194223
0,scatter,,-1.233922373013773,0.5765736634639906
0,scatter,,-1.2281749320828501,0.5729196884388971
0,scatter,,-1.2224638762168871,0.5692966844539438
0,scatter,,-1.2167888943915623,0.5657049052618434
0,scatter,,-1.2111496732073457,0.562144586847939
0,scatter,,-1.2055458969523904,0.5586159471873892
0,scatter,,-1.1999772478192605,0.5551191868034215
0,scatter,,-1.1944434060857398,0.5516544891553032
0,scatter,,-1.1889440502864264,0.5482220209919828
0,scatter,,-1.1834788573816573,0.5448219327042028
0,scatter,,-1.1780475029237176,0.5414543586753102
0,scatter,,-1.1726496612203936,0.5381194176302011
0,scatter,,-1.1672850053786221,0.5348172125872674
0,scatter,,-1.1619532075169703,0.5315478313870414
0,scatter,,-1.1566539390123731,0.5283113473431325
0,scatter,,-1.1513868705834374,0.5251078193490752
0,scatter,,-1.1461516724351624,0.5219372921991291
0,scatter,,-1.1409480144011859,0.518799796907289
0,scatter,,-1.135775566083554,0.5156953510247595
0,scatter,,-1.1306339969902046,0.5126239589562934
0,scatter,,-1.1255229766508799,0.5095856121881789
0,scatter,,-1.120442174633053,0.5065802890754338
0,scatter,,-1.115391260835815,0.503607955887721
0,scatter,,-1.1103699055747076,0.5006685669229025
0,scatter,,-1.105377779685494,0.4977620647143062
0,scatter,,-1.1004145546426616,0.4948883803116504
0,scatter,,-1.0954799026755857,0.4920474335593661
0,scatter,,-1.0905734968825262,0.4892391333725806
0,scatter,,-1.085695011342614,0.48646337801103545
0,scatter,,-1.0808441211574584,0.48372005512041644
0,scatter,,-1.0760205025460452,0.48100904195824623
0,scatter,,-1.0712238330639428,0.4783302060439275
0,scatter,,-1.066453791640765,0.47568340519995006
0,scatter,,-1.0617100586757744,0.47306848779387417
0,scatter,,-1.0569923161315768,0.4704852929781001
0,scatter,,-1.0523002476254277,0.46793365092621636
0,scatter,,-1.0476335385184012,0.465413383066148
0,scatter,,-1.0429918760012842,0.46292430230074216
0,scatter,,-1.0383749491669423,0.4604662131196293
0,scatter,,-1.033782449107227,0.4580389119547451
0,scatter,,-1.0292140689919744,0.4556421873862788
0,scatter,,-1.024669504144261,0.45327582032984853
0,scatter,,-1.0201484521163544,0.4509395842450807
0,scatter,,-1.0156506127636233,0.44863324534088805
0,scatter,,-1.0111756883165024,0.4463565627775676
0,scatter,,-1.0067233834506197,0.44410928886583856
0,scatter,,-1.0022934053478216,0.4418911692306307
0,scatter,,-0.9978854637542982,0.4397019429670264
0,scatter,,-0.9934992710662232,0.4375413429244975
0,scatter,,-0.9891345423823985,0.4354090958485241
0,scatter,,-0.9847909955641252,0.4333049225592018
0,scatter,,-0.9804683512936682,0.4312285381286173
0,scatter,,-0.9761663331309997,0.4291796520552504
0,scatter,,-0.9718846675689127,0.42715796843550513
0,scatter,,-0.9676230840862658,0.4251631861307877
0,scatter,,-0.9633813151949049,0.4231949988838609
0,scatter,,-0.9591590964942501,0.42125309552624185
0,scatter,,-0.9549561667208022,0.4193371601473847
0,scatter,,-0.9507722677934412,0.4174468722340981
0,scatter,,-0.9466071448588285,0.4155819068230383
0,scatter,,-0.9424605463352363,0.4137419346504411
0,scatter,,-0.9383322239550117,0.4119266222992359
0,scatter,,-0.9342219328055582,0.4101356323435403
0,scatter,,-0.9301294313676363,0.4083686234802724
0,scatter,,-0.9260544815491035,0.4066252506426883
0,scatter,,-0.92199684872992,0.4049051651838388
0,scatter,,-0.9179563017938952,0.40320801499339504
0,scatter,,-0.9139326131628095,0.40153344462530055
0,scatter,,-0.9099255588291268,0.39988109542572
0,scatter,,-0.9059349183874519,0.3982506056585789
0,scatter,,-0.901960475064808,0.39664161062876935
0,scatter,,-0.8980020157496472,0.3950537428027862
0,scatter,,-0.8940593310186049,0.39348663188745164
0,scatter,,-0.8901322151641028,0.3919399049788308
0,scatter,,-0.8862204662205158,0.3904131867012164
0,scatter,,-0.8823238859880237,0.3889060992964237
0,scatter,,-0.8784422800559145,0.38741826273329827
0,scatter,,-0.874575457824817,0.385949294815206
0,scatter,,-0.8707232325279348,0.38449881128557867
0,scatter,,-0.866885421251207,0.38306642593152956
0,scatter,,-0.8630618449524672,0.3816517506856128
0,scatter,,-0.8592523284796729,0.3802543957257976
0,scatter,,-0.8554567005881318,0.378873969573674
0,scatter,,-0.8516747939567939,0.37751007919090623
0,scatter,,-0.8479064451983289,0.37616232990703496
0,scatter,,-0.8441514948766479,0.37483032560770857
0,scatter,,-0.840409787525962,0.37351366899387406
0,scatter,,-0.8366811716596315,0.3722119615489196
0,scatter,,-0.8329654997820424,0.37092480362424013
0,scatter,,-0.8292626283997298,0.36965179452322455
0,scatter,,-0.8255724180316776,0.3683925325836774
0,scatter,,-0.8218947332188633,0.36714661525873954
0,scatter,,-0.8182294425331182,0.3659136391963707
0,scatter,,-0.8145764185852329,0.3646932003174074
0,scatter,,-0.8109355380323762,0.36348489389226063
0,scatter,,-0.8073066815848996,0.362288314616316
0,scatter,,-0.8036897339921131,0.36110305649778085
0,scatter,,-0.8000845840526899,0.35992871297550033
0,scatter,,-0.7964911246506842,0.358764877275101
0,scatter,,-0.7929092527403616,0.3576111423012096
0,scatter,,-0.7893388693495297,0.35646710070232746
0,scatter,,-0.78577987958231,0.3553323449348251
0,scatter,,-0.7822321926213771,0.3542064673256583
0,scatter,,-0.7786957217297301,0.3530890601338593
0,scatter,,-0.7751703842519287,0.35197971561081065
0,scatter,,-0.7716561016148622,0.3508780260593558
0,scatter,,-0.7681527993281154,0.3497835838917993
0,scatter,,-0.7646604069838675,0.3486959816868049
0,scatter,,-0.7611788582041171,0.3476148121184034
0,scatter,,-0.757708090631715,0.34653966799111324
0,scatter,,-0.7542480460413696,0.3454701425662479
0,scatter,,-0.750798670275399,0.34440582946266785
0,scatter,,-0.7473599132396014,0.34334632270339205
0,scatter,,-0.743931728899595,0.34229121676320157
0,scatter,,-0.7405140752768365,0.34124010661520365
0,scatter,,-0.7371069144442468,0.34019258777636113
0,scatter,,-0.7337102125215093,0.33914825635203194
0,scatter,,-0.7303239396701017,0.33810670907956386
0,scatter,,-0.7269480700879953,0.3370675433709486
0,scatter,,-0.723582582004083,0.3360303573545807
0,scatter,,-0.7202274576201847,0.33499474983478733
0,scatter,,-0.7168826830715236,0.3339603202797308
0,scatter,,-0.7135482485711399,0.33292666909551494
0,scatter,,-0.7102241483271933,0.33189339754580527
0,scatter,,-0.7069103805321395,0.33086010778308755
0,scatter,,-0.703606947354236,0.32982640288300813
0,scatter,,-0.7003138549287513,0.3287918868778457
0,scatter,,-0.6970311133489382,0.3277561647891561
0,scatter,,-0.6937587366568293,0.3267188426596283
0,scatter,,-0.6904967428337867,0.32567952758415275
0,scatter,,-0.6872451537908644,0.32463782774014005
0,scatter,,-0.684003995359039,0.3235933524171309
0,scatter,,-0.6807732972425362,0.3225457119895127
0,scatter,,-0.6775530929629731,0.32149451787472655
0,scatter,,-0.674343419987807,0.32043938277305645
0,scatter,,-0.671144319656146,0.3193799205968993
0,scatter,,-0.6679558371629908,0.3183157464889399
0,scatter,,-0.6647780215472481,0.3172464768457017
0,scatter,,-0.6616109256795828,0.31617172934040977
0,scatter,,-0.6584546062501673,0.3150911229452017
0,scatter,,-0.6553091237562552,0.31400427795267993
0,scatter,,-0.6521745424896369,0.31291081599684256
0,scatter,,-0.6490509305240278,0.3118103600734267
0,scatter,,-0.6459383597023217,0.3107025345596599
0,scatter,,-0.6428369055985075,0.3095869651963751
0,scatter,,-0.6397466474538174,0.30846327903181825
0,scatter,,-0.6366676682868596,0.3073311046204891
0,scatter,,-0.6336000548294135,0.3061900719656131
0,scatter,,-0.6305438975068999,0.3050398125267239
0,scatter,,-0.6274992904240774,0.30387995923456684
0,scatter,,-0.6244663313507175,0.30271014650547967
0,scatter,,-0.6214451217071626,0.30153001025522935
0,scatter,,-0.6184357665498181,0.30033918791233877
0,scatter,,-0.6154383745566309,0.2991373184309372
0,scatter,,-0.6124530580124841,0.2979240423031227
0,scatter,,-0.6094799327945604,0.2966990015708688
0,scatter,,-0.6065191183409036,0.29546183981371377
0,scatter,,-0.6035707375847277,0.29421220208761817
0,scatter,,-0.6006349170449342,0.29294973508446537
0,scatter,,-0.5977117867725913,0.2916740870873058
0,scatter,,-0.594801480328731,0.29038490796958777
0,scatter,,-0.5919041347687405,0.2890818492032694
0,scatter,,-0.5890198906266839,0.28776456386648896
0,scatter,,-0.5861488918996045,0.2864327066508263
0,scatter,,-0.583291286031854,0.28508593386818787
0,scatter,,-0.5804472238993809,0.28372390345729726
0,scatter,,-0.5776168597940269,0.28234627498982323
0,scatter,,-0.5748003514078732,0.2809527096761781
0,scatter,,-0.5719978598034059,0.27954287035122716
0,scatter,,-0.5692095493377407,0.27811642139563425
0,scatter,,-0.56643558776345,0.2766730289028627
0,scatter,,-0.5636761461746973,0.27521236063033805
0,scatter,,-0.5609313989811393,0.27373408598894305
0,scatter,,-0.5582015238918673,0.27223787604612126
0,scatter,,-0.5554867018993239,0.270723403528656
0,scatter,,-0.5527871172633226,0.2691903428252019
0,scatter,,-0.5501029574950785,0.26763836998853124
0,scatter,,-0.5474344133412966,0.266067162737529
0,scatter,,-0.5447816787683608,0.2644764004589705
0,scatter,,-0.5421449509465609,0.2628657642090576
0,scatter,,-0.5395244302344007,0.26123493671474524
0,scatter,,-0.5369203201630277,0.25958360237489425
0,scatter,,-0.5343328274104481,0.25791144724682474
0,scatter,,-0.5317621616432759,0.25621815884696275
0,scatter,,-0.5292085357046382,0.25450342643614443
0,scatter,,-0.5266721655781912,0.2527669409909732
0,scatter,,-0.5241532703301766,0.25100839514406537
0,scatter,,-0.5216520720931445,0.24922748318240634
0,scatter,,-0.5191687960497402,0.24742390104549997
0,scatter,,-0.5167036704165893,0.24559734632334676
0,scatter,,-0.5142569264282255,0.24374751825421595
0,scatter,,-0.5118287983210974,0.24187411772224518
0,scatter,,-0.5094195233176904,0.2399768472549029
0,scatter,,-0.5070293416107073,0.23805541102027775
0,scatter,,-0.5046584963473459,0.23610951482422904
0,scatter,,-0.5023072336137061,0.2341388661074344
0,scatter,,-0.4999758024185221,0.23214317394112194
0,scatter,,-0.4976644545958675,0.230122148895877
0,scatter,,-0.4953734448672322,0.22807550315924496
0,scatter,,-0.49310303086843865,0.2260029505981431
0,scatter,,-0.4908534730893069,0.22390420668458907
0,scatter,,-0.488625034857897,0.22177898849085784
0,scatter,,-0.48641798232484185,0.21962701468451218
0,scatter,,-0.48423258444780193,0.21744800552334342
0,scatter,,-0.48206911297599025,0.2152416828501779
0,scatter,,-0.4799278424347999,0.21300777008758376
0,scatter,,-0.47780905011056607,0.21074599223251764
0,scatter,,-0.47571301603541116,0.20845607585086265
0,scatter,,-0.4736400229722052,0.20613774907189536
0,scatter,,-0.47159035639967567,0.20379074158272376
0,scatter,,-0.46956430449759623,0.20141478462262372
0,scatter,,-0.4675621580782695,0.19900961089136238
0,scatter,,-0.46558421057467353,0.19657495454775858
0,scatter,,-0.46363075813253474,0.19411055137392436
0,scatter,,-0.4617020995332217,0.19161613866915272
0,scatter,,-0.459798536178194,0.18909145524185453
0,scatter,,-0.45792037207415953,0.1865362414023901
0,scatter,,-0.4560679138183597,0.18395023895586674
0,scatter,,-0.4542414705839365,0.1813331911948442
0,scatter,,-0.4524413541054098,0.17868484289198738
0,scatter,,-0.45066787866429003,0.1760049402927072
0,scatter,,-0.448921361074783,0.17329323110773032
0,scatter,,-0.44720212066961323,0.1705494645056372
0,scatter,,-0.44551047928599413,0.16777339110541573
0,scatter,,-0.44384676125168404,0.16496476296893964
0,scatter,,-0.44221129334873155,0.16212333356028885
0,scatter,,-0.44060440476218876,0.1592488576826624
0,scatter,,-0.4390264271705325,0.1563410916244748
0,scatter,,-0.43747769468669123,0.1533997930845374
0,scatter,,-0.4359585438400647,0.1504247211576153
0,scatter,,-0.4344693135627714,0.14741563632604718
0,scatter,,-0.433010345176025,0.14437230045138486
0,scatter,,-0.43158198237660267,0.14129447676598214
0,scatter,,-0.43018457122342657,0.1381819298645757
0,scatter,,-0.4288184601242815,0.135034425695909
0,scatter,,-0.42748399982261936,0.13185173155429475
0,scatter,,-0.4261815433845129,0.12863361607125456
0,scatter,,-0.42491144618571086,0.12537984920713083
0,scatter,,-0.4236740658988177,0.12209020224271966
0,scatter,,-0.422469762471706,0.11876444776911027
0,scatter,,-0.4212988980650015,0.1154023596689201
0,scatter,,-0.4201618371286808,0.11200371312667531
0,scatter,,-0.41905894636430857,0.10856828461529786
0,scatter,,-0.4179905947028607,0.10509585188584476
0,scatter,,-0.4169571532921661,0.10158619395928789
0,scatter,,-0.41595899548446935,0.09803909111839558
0,scatter,,-0.4149964968240888,0.0944543248996326
0,scatter,,-0.41407003503518625,0.09083167808512801
0,scatter,,-0.4131799900096612,0.08717093469476825
0,scatter,,-0.412326743795139,0.08347187997829326
0,scatter,,-0.41151068058309154,0.07973430040755575
0,scatter,,-0.4107321866970619,0.07595798366881998
0,scatter,,-0.4099916505810059,0.0721427186551567
0,scatter,,-0.40928946278439104,0.06828829546536398
0,scatter,,-0.40862601588380143,0.06439450552320174
0,scatter,,-0.4080017045596911,0.060461141403631125
0,scatter,,-0.4074169255842793,0.05648799682746607
0,scatter,,-0.40687207778732387,0.05247486669815349
0,scatter,,-0.40636756204455543,0.04842154709607306
0,scatter,,-0.40590378126620774,0.044327835273100594
0,scatter,,-0.40548114038562666,0.04019352964729896
0,scatter,,-0.4051000463479793,0.03601842979791678
0,scatter,,-0.40476090809904686,0.03180233646055798
0,scatter,,-0.40446413657410835,0.027545051522586492
0,scatter,,-0.4042101446869197,0.023246378018828652
0,scatter,,-0.4039993473187793,0.018906120127473093
0,scatter,,-0.40383216130768607,0.014524083166228118
0,scatter,,-0.4037090054373724,0.010100073589635862
0,scatter,,-0.4036303003455362,0.00563389929354189
0,scatter,,-0.4035964685769315,0.0011253693705360612
0,scatter,,-0.40360793463508227,-0.0034257061286996626
0,scatter,,-0.4036651249183571,-0.008019515994639313
0,scatter,,-0.40376846770877756,-0.012656247857607064
0,scatter,,-0.40391839316086703,-0.017336088185895326
0,scatter,,-0.4041153332905414,-0.022059222283458725
0,scatter,,-0.4043597219640369,-0.0268258342869734
0,scatter,,-0.40465199488687803,-0.03163610716241422
0,scatter,,-0.4049925895928831,-0.036490222701072425
0,scatter,,-0.4053819454332029,-0.041388361514937924
0,scatter,,-0.40582050356539756,-0.04633070303155683
0,scatter,,-0.40630870694254884,-0.05131742548829137
0,scatter,,-0.40684700030239956,-0.0563487059259049
0,scatter,,-0.4074358300635116,-0.061424719798910274
0,scatter,,-0.4080756442887984,-0.06654564086233032
0,scatter,,-0.40876689290704477,-0.07171164211898083
0,scatter,,-0.4095100275753505,-0.0769228952888204
0,scatter,,-0.41030550166408236,-0.08217957078144633
0,scatter,,-0.4111537702444882,-0.08748183767877799
0,scatter,,-0.41205529007624164,-0.09282986371664409
0,scatter,,-0.41301051959490126,-0.09822381526518201
0,scatter,,-0.41401991889930323,-0.1036638573081618
0,scatter,,-0.41508394973887364,-0.10915015342114612
0,scatter,,-0.41620307550084346,-0.1146828657483919
0,scatter,,-0.41737776119738795,-0.12026215497861065
0,scatter,,-0.418608473452676,-0.12588818031949603
0,scatter,,-0.4198956804898088,-0.1315610994709236
0,scatter,,-0.4212398520526446,-0.13728106833724196
0,scatter,,-0.4226414592286386,-0.14304824034337446
0,scatter,,-0.42410097479027914,-0.14886276782101782
0,scatter,,-0.42561887304291707,-0.15472480142272313
0,scatter,,-0.42719562978870446,-0.16063448999873287
0,scatter,,-0.4288317223086716,-0.16659198054532454
0,scatter,,-0.43052762934439226,-0.17259741815056634
0,scatter,,-0.4322838310792018,-0.17865094593734845
0,scatter,,-0.43410080911899784,-0.184752705003783
0,scatter,,-0.43597904647259095,-0.19090283436083846
0,scatter,,-0.43791902753156875,-0.1971014708670705
0,scatter,,-0.4399212380479384,-0.20334874915903978
0,scatter,,-0.4419861650614887,-0.2096448015364315
0,scatter,,-0.44411429693583565,-0.21598975793698427
0,scatter,,-0.44630612334373404,-0.2223837458657411
0,scatter,,-0.44856213522486765,-0.2288268902981095
0,scatter,,-0.4508828247617314,-0.23531931359565647
0,scatter,,-0.45326868535489573,-0.2418611354186078
0,scatter,,-0.4557202115976058,-0.2484524726349043
0,scatter,,-0.4582378992497623,-0.25509343922592187
0,scatter,,-0.46082224521123927,-0.2617841461887115
0,scatter,,-0.4634737474944909,-0.26852470143461254
0,scatter,,-0.46619290519649753,-0.2753152096843477
0,scatter,,-0.4689802183248063,-0.2821557717949904
0,scatter,,-0.4718361876691452,-0.2890464842632293
0,scatter,,-0.47476131518874776,-0.29598744073252553
0,scatter,,-0.47775610377167116,-0.30297873105792616
0,scatter,,-0.48082105719062185,-0.3100204411339549
0,scatter,,-0.4839566800646751,-0.3171126527443853
0,scatter,,-0.4871634778197354,-0.3242554434062859
0,scatter,,-0.4904419566478175,-0.3314488862084768
0,scatter,,-0.4937926234650806,-0.3386930496441905
0,scatter,,-0.4972159858685443,-0.3459879974377345
0,scatter,,-0.5007125520915421,-0.3533337883652309
0,scatter,,-0.5042828309202475,-0.3607304759853215
0,scatter,,-0.5079273313032417,-0.36817810768163634
0,scatter,,-0.5116465628064617,-0.37567672558864407
0,scatter,,-0.5154410354696175,-0.38322636617845385
0,scatter,,-0.5193112596725672,-0.3908270598665054
0,scatter,,-0.5232577460760054,-0.39847883077968477
0,scatter,,-0.5272810055601274,-0.4061816965165
0,scatter,,-0.5313815491613669,-0.41393566789944614
0,scatter,,-0.535559888007111,-0.42174074871931194
0,scatter,,-0.5398165332482983,-0.42959693547118805
0,scatter,,-0.5441519959899634,-0.4375042170822343
0,scatter,,-0.5485667872196368,-0.4454625746309686
0,scatter,,-0.5530614174226779,-0.45347198019395196
0,scatter,,-0.5576363966223776,-0.46153239687042874
0,scatter,,-0.5622922346951288,-0.46964377956889847
0,scatter,,-0.5670294410284009,-0.47780607396454045
0,scatter,,-0.5718485244299523,-0.48601921615221544
0,scatter,,-0.5767499930341781,-0.4942831322888378
0,scatter,,-0.5817343542053868,-0.5025977382245862
0,scatter,,-0.5868021144381178,-0.5109629391230581
0,scatter,,-0.5919537792542333,-0.5193786290698266
0,scatter,,-0.5971898530969004,-0.5278446906695042
0,scatter,,-0.602510839221338,-0.5363609946310088
0,scatter,,-0.6079172394374966,-0.5449273990396237
0,scatter,,-0.61340955346715,-0.5535437478214523
0,scatter,,-0.6189882798265581,-0.5622098723771888
0,scatter,,-0.6246539153582619,-0.5709255903995555
0,scatter,,-0.6304069550215363,-0.5796907052235623
0,scatter,,-0.63624789175066,-0.5885050053124137
0,scatter,,-0.642177216308631,-0.5973682637284611
0,scatter,,-0.6481954171364522,-0.6062802375892662
0,scatter,,-0.654302980197653,-0.6152406675081611
0,scatter,,-0.6605003888181704,-0.6242492770193735
0,scatter,,-0.6667881235214262,-0.6333057719873536
0,scatter,,-0.6731666618463035,-0.6424098399809417
0,scatter,,-0.6796364774771487,-0.651561148561302
0,scatter,,-0.6861980407348774,-0.6607593456934661
0,scatter,,-0.6928518186392246,-0.6700040594773625
0,scatter,,-0.6995982743975707,-0.6792948969717241
0,scatter,,-0.7064378671959117,-0.6886314434823815
0,scatter,,-0.7133710519833936,-0.6980132618314471
0,scatter,,-0.7203982792504666,-0.7074398916073394
0,scatter,,-0.7275199948004647,-0.716910848395239
0,scatter,,-0.7347366395143893,-0.7264256229875523
0,scatter,,-0.7420486491090382,-0.7359836805744301
0,scatter,,-0.7494564538880603,-0.7455844599136474
0,scatter,,-0.7569604781432561,-0.7552273721970857
0,scatter,,-0.7645611394587243,-0.7649117998219551
0,scatter,,-0.7722588497152922,-0.7746370965492864
0,scatter,,-0.7800540142282074,-0.7844025861070194
0,scatter,,-0.7879470314108475,-0.7942075612113201
0,scatter,,-0.7959382924655576,-0.8040512825943361
0,scatter,,-0.8040281810657391,-0.8139329780086872
0,scatter,,-0.8122170730289453,-0.8238518412082485
0,scatter,,-0.8205053359807131,-0.8338070309047652
0,scatter,,-0.8288933290092753,-0.8437976697003344
0,scatter,,-0.8373814023106527,-0.8538228429950127
0,scatter,,-0.8459698967586486,-0.8638815979149269
0,scatter,,-0.8546591426420136,-0.8739729427839394
0,scatter,,-0.863449460465238,-0.8840958451364593
0,scatter,,-0.8723411604428127,-0.8942492306005584
0,scatter,,-0.8813345418423781,-0.9044319818522012
0,scatter,,-0.8904298925537588,-0.9146429373794469
0,scatter,,-0.8996274886464817,-0.9248808902206808
0,scatter,,-0.908927593915482,-0.9351445866764502
0,scatter,,-0.9183304594146903,-0.9454327249944843
0,scatter,,-0.9278363229785522,-0.9557439540278622
0,scatter,,-0.9374454087311804,-0.9660768718659074
0,scatter,,-0.9471579265828155,-0.9764300244373695
0,scatter,,-0.95697407139076,-0.9868019055410738
0,scatter,,-0.9668940223906829,-0.9971909555710898
0,scatter,,-0.9769179432308014,-1.0075955574388484
0,scatter,,-0.9870459810868993,-1.0180140365478625
0,scatter,,-0.9972782660730999,-1.0284446593454297
0,scatter,,-1.0076149106398558,-1.0388856318417619
0,scatter,,-1.0180560089564872,-1.0493350981067218
0,scatter,,-1.0286016362778883,-1.059791138744011
0,scatter,,-1.0392518482954198,-1.0702517693430496
0,scatter,,-1.0500066806293842,-1.0807149394635225
0,scatter,,-1.0608661484701247,-1.0911785321785548
0,scatter,,-1.0718302451865052,-1.1016403600201279
0,scatter,,-1.0828989418978232,-1.1120981643519745
0,scatter,,-1.0940721867843368,-1.1225496138602384
0,scatter,,-1.1053499043544313,-1.1329923029302098
0,scatter,,-1.1167319946954124,-1.1434237500053237
0,scatter,,-1.1282183327080222,-1.1538413959288545
0,scatter,,-1.1398087673243475,-1.164242602268333
0,scatter,,-1.1515031207052422,-1.1746246503676023
0,scatter,,-1.1633011874000658,-1.1849847447646713
0,scatter,,-1.1752027335481632,-1.195320004200756
0,scatter,,-1.1872074960205024,-1.205627461534875
0,scatter,,-1.1993151815473249,-1.215904062983269
0,scatter,,-1.2115254658325059,-1.2261466665002114
0,scatter,,-1.2238379926504124,-1.2363520401503938
0,scatter,,-1.2362523729256971,-1.2465168604732397
0,scatter,,-1.2487681839854663,-1.256637712300291
0,scatter,,-1.2613849692791614,-1.266711092295148
0,scatter,,-1.274102236244853,-1.2767333983566238
0,scatter,,-1.286919455712384,-1.2867009309728525
0,scatter,,-1.2998360609945883,-1.2966098922992493
0,scatter,,-1.3128514468870123,-1.3064563846575181
0,scatter,,-1.3259649686514174,-1.3162364090360446
0,scatter,,-1.3391759409833903,-1.3259458635919283
0,scatter,,-1.3524836371751037,-1.3355805455409555
0,scatter,,-1.3658872884875233,-1.3451361566684448
0,scatter,,-1.3793860823079425,-1.3546082896164438
0,scatter,,-1.392979161375145,-1.3639924315546177
0,scatter,,-1.4066656227305092,-1.3732839637121181
0,scatter,,-1.4204445166313444,-1.3824781605628647
0,scatter,,-1.4343148456292492,-1.391570188867874
0,scatter,,-1.4482755636745375,-1.4005551067224382
0,scatter,,-1.4623255745168413,-1.409427863381695
0,scatter,,-1.4764637307904114,-1.4181832983922669
0,scatter,,-1.4906888328952068,-1.426816140972973
0,scatter,,-1.5049996278586781,-1.4353210094482347
0,scatter,,-1.5193948086610694,-1.4436924162978033
0,scatter,,-1.5338730133463274,-1.451924770868686
0,scatter,,-1.5484328229578348,-1.4600123684815123
0,scatter,,-1.563072760832026,-1.4679493956438963
0,scatter,,-1.5777912914646404,-1.4757299304257818
0,scatter,,-1.592586819363979,-1.4833479428641578
0,scatter,,-1.6074576888909164,-1.4907972999532344
0,scatter,,-1.6224021831618938,-1.4980717665221617
0,scatter,,-1.6374185216478214,-1.50516500034072
0,scatter,,-1.652504859756867,-1.5120705563197643
0,scatter,,-1.6676592877475702,-1.5187818878077597
0,scatter,,-1.682879829645106,-1.5252923480302039
0,scatter,,-1.6981644435416094,-1.5315951990119716
0,scatter,,-1.7135110200669643,-1.5376836108970424
0,scatter,,-1.7289173802611058,-1.5435506582127323
0,scatter,,-1.744381275266836,-1.549189325936225
0,scatter,,-1.7599003853526296,-1.5545925121254678
0,scatter,,-1.7754723189756632,-1.559753030842025
0,scatter,,-1.7910946140104425,-1.5646636236977796
0,scatter,,-1.806764735527894,-1.5693169580157962
0,scatter,,-1.8224800739331342,-1.5737056265318068
0,scatter,,-1.8382379449752737,-1.5778221545685347
0,scatter,,-1.8540355889752824,-1.581659004280864
0,scatter,,-1.869870170085305,-1.5852085791497188
0,scatter,,-1.885738778816798,-1.5884632391712203
0,scatter,,-1.9016384283620313,-1.5914152961674546
0,scatter,,-1.917566054045801,-1.594057019344815
0,scatter,,-1.9335185133796289,-1.5963806429440521
0,scatter,,-1.9494925856085203,-1.59837837240156
0,scatter,,-1.9654849715034786,-1.6000423912506034
0,scatter,,-1.98149229644503,-1.6013648758210557
0,scatter,,-1.9975111067934335,-1.602337994561157
0,scatter,,-2.0135378696717137,-1.6029539154433603
0,scatter,,-2.029568973708604,-1.603204815774154
0,scatter,,-2.0456007290918126,-1.6030828905873058
0,scatter,,-2.0616293676966526,-1.6025803613954583
0,scatter,,-2.0776510439891505,-1.6016894854673522
0,scatter,,-2.093661837158784,-1.6004025657431387
0,scatter,,-2.10965774856954,-1.5987119600743471
0,scatter,,-2.125634703446934,-1.5966100917966919
0,scatter,,-2.141588551770751,-1.5940894605194151
0,scatter,,-2.1575150691628253,-1.591142653318804
0,scatter,,-2.173409957902888,-1.587762356371576
0,scatter,,-2.18926884692024,-1.583941358392093
0,scatter,,-2.205087293001245,-1.5796725625851706
0,scatter,,-2.2208607831880207,-1.5749490069008676
0,scatter,,-2.236584735538105,-1.5697638714147222
0,scatter,,-2.2522545005927364,-1.5641104903508878
0,scatter,,-2.2678653630817913,-1.557982365213951
0,scatter,,-2.283412543969266,-1.5513731798008754
0,scatter,,-2.298891201885855,-1.544276809743061
0,scatter,,-2.314296435303747,-1.5366873369553395
0,scatter,,-2.3296232847288048,-1.5285990633976572
0,scatter,,-2.3448667349599344,-1.5200065242528333
0,scatter,,-2.3600217166446225,-1.5109044912957406
0,scatter,,-2.3750831095905194,-1.5012879954553882
0,scatter,,-2.390045745475402,-1.491152340690781
0,scatter,,-2.4049044104862953,-1.4804931154044194
0,scatter,,-2.4196538482679477,-1.4693062058414643
0,scatter,,-2.434288762659905,-1.4575878085686111
0,scatter,,-2.448803820874856,-1.4453344437190838
0,scatter,,-2.4631936572366087,-1.4325429692924816
0,scatter,,-2.47745287645309,-1.4192105938038164
0,scatter,,-2.4915760572325096,-1.4053348893755744
0,scatter,,-2.505557755837193,-1.3909138029779131
0,scatter,,-2.51939250932293,-1.3759456636504028
0,scatter,,-2.5330748404110395,-1.3604292021359892
0,scatter,,-2.546599261320531,-1.344363560304654
0,scatter,,-2.5599602779654984,-1.3277483022123764
0,scatter,,-2.573152394255784,-1.3105834249701995
0,scatter,,-2.5861701153575467,-1.292869366055887
0,scatter,,-2.599007953230467,-1.2746070160494027
0,scatter,,-2.6116604313645273,-1.255797728406398
0,scatter,,-2.6241220892696515,-1.2364433277423181
0,scatter,,-2.6363874873179824,-1.2165461182286537
0,scatter,,-2.64845121090255,-1.1961088892391551
0,scatter,,-2.660307875252397,-1.1751349218892289
0,scatter,,-2.671952131468738,-1.1536279979877044
0,scatter,,-2.683378671136398,-1.1315924041220873
0,scatter,,-2.694582231494475,-1.1090329362842022
0,scatter,,-2.7055576002603603,-1.0859549032613665
0,scatter,,-2.716299619870897,-1.0623641312340375
0,scatter,,-2.7268031939555692,-1.038266962629703
0,scatter,,-2.7370632925182212,-1.013670260257391
0,scatter,,-2.747074956954275,-0.9885814061969709
0,scatter,,-2.7568333053281955,-0.9630083010935231
0,scatter,,-2.7663335367679416,-0.9369593636320795
0,scatter,,-2.775570936874312,-0.9104435274642411
0,scatter,,-2.784540882991391,-0.8834702372753643
0,scatter,,-2.7932388498186254,-0.8560494440333398
0,scatter,,-2.8016604143430874,-0.8281915992983571
0,scatter,,-2.8098012608014153,-0.7999076484858788
0,scatter,,-2.8176571848180756,-0.7712090238443672
0,scatter,,-2.8252240986129293,-0.7421076354983986
0,scatter,,-2.8324980361032788,-0.7126158615056721
0,scatter,,-2.8394751571578,-0.6827465369487469
0,scatter,,-2.846151752268042,-0.6525129422326459
0,scatter,,-2.852524247137755,-0.6219287903723175
0,scatter,,-2.8585892064423843,-0.5910082133150324
0,scatter,,-2.86434333816735,-0.5597657470716537
0,scatter,,-2.8697834978815977,-0.5282163158339068
0,scatter,,-2.8749066920536794,-0.4963752159780232
0,scatter,,-2.8797100818651007,-0.46425809829002324
0,scatter,,-2.884190986958192,-0.43188094913090047
0,scatter,,-2.8883468882353514,-0.39926007238384636
0,scatter,,-2.8921754310823706,-0.366412069117941
0,scatter,,-2.8956744285339897,-0.33335381609821274
0,scatter,,-2.8988418635180873,-0.30010244600635966
0,scatter,,-2.9016758914141607,-0.2666753249775269
0,scatter,,-2.904174842546928,-0.2330900288493375
0,scatter,,-2.906337223819683,-0.19936432204454996
0,scatter,,-2.908161720556143,-0.1655161334915474
0,scatter,,-2.909647198269725,-0.13156353107265145
0,scatter,,-2.9107927036446726,-0.0975246996742476
0,scatter,,-2.9115974656410533,-0.06341791590386989
0,scatter,,-2.9120608964673247,-0.029261521475117014
0,scatter,,-2.9121825918955797,0.004926099030183123
0,scatter,,-2.9119623316029872,0.03912654410893435
0,scatter,,-2.911400079357765,0.07332142280199735
0,scatter,,-2.9104959827503523,0.10749237936899658
0,scatter,,-2.9092503726068917,0.14162111444638859
0,scatter,,-2.9076637623002677,0.17568941269484345
0,scatter,,-2.9057368467057634,0.20967916746787432
0,scatter,,-2.9034705010139703,0.24357240485027656
0,scatter,,-2.9008657798927953,0.27735131043225564
0,scatter,,-2.897923915032722,0.31099824975254287
0,scatter,,-2.894646313298526,0.3444957919249219
0,scatter,,-2.8910345547774643,0.3778267334441738
0,scatter,,-2.8870903906715273,0.41097412181218884
0,scatter,,-2.882815740136429,0.44392127462063213
0,scatter,,-2.87821268758825,0.47665180125860734
0,scatter,,-2.8732834799600018,0.5091496240569988
0,scatter,,-2.8680305234154493,0.5413989976531661
0,scatter,,-2.8624563796996925,0.5733845270450526
0,scatter,,-2.8565637626196327,0.6050911857476876
0,scatter,,-2.8503555344779143,0.6365043336289012
0,scatter,,-2.843834701954743,0.6676097323969739
0,scatter,,-2.8370044119615643,0.6983935606154623
0,scatter,,-2.8298679474409183,0.7288424281982817
0,scatter,,-2.822428723185404,0.7589433909112607
0,scatter,,-2.814690281080716,0.7886839612381664
0,scatter,,-2.806656285503486,0.8180521198057024
0,scatter,,-2.7983305186446006,0.8470363262342961
0,scatter,,-2.7897168757562314,0.8756255291963518
0,scatter,,-2.7808193600640294,0.9038091730944088
0,scatter,,-2.771642077802614,0.9315772055575201
0,scatter,,-2.76218923324848,0.9589200851564785
0,scatter,,-2.7524651235479407,0.9858287858444332
0,scatter,,-2.742474133460501,1.0122947997647658
0,scatter,,-2.7322207301767363,1.038310140646103
0,scatter,,-2.7217094580682706,1.0638673455049914
0,scatter,,-2.7109449335742184,1.0889594793737005
0,scatter,,-2.699931839897573,1.1135801339521363
0,scatter,,-2.688674921697974,1.1377234248876484
0,scatter,,-2.677178979934906,1.1613839915186364
0,scatter,,-2.665448866695546,1.184556994521452
0,scatter,,-2.653489479556688,1.2072381109862231
0,scatter,,-2.641305756678964,1.2294235311183845
0,scatter,,-2.628902671941682,1.2511099541629511
0,scatter,,-2.6162852297846957,1.272294582406157
0,scatter,,-2.6034584602633832,1.2929751149952353
0,scatter,,-2.5904274136972774,1.3131497375039962
0,scatter,,-2.5771971560971387,1.3328171160747802
0,scatter,,-2.5637727645999027,1.3519763903719952
0,scatter,,-2.5501593227036596,1.3706271637846952
0,scatter,,-2.5363619157235555,1.3887694940361235
0,scatter,,-2.5223856258702777,1.4064038802044483
0,scatter,,-2.5082355281591644,1.4235312539892846
0,scatter,,-2.493916686283934,1.440152969632888
0,scatter,,-2.479434148349029,1.4562707918266609
0,scatter,,-2.464792942834631,1.4718868840104642
0,scatter,,-2.449998074586339,1.4870037948131638
0,scatter,,-2.435054521083204,1.5016244467124629
0,scatter,,-2.4199672287921032,1.5157521238215426
0,scatter,,-2.4047411096086604,1.5293904588038831
0,scatter,,-2.3893810374471807,1.5425434199387635
0,scatter,,-2.3738918448425306,1.5552152963043056
0,scatter,,-2.3582783198803337,1.567410685783051
0,scatter,,-2.3425452031954035,1.5791344820679176
0,scatter,,-2.326697185057209,1.5903918609904788
0,scatter,,-2.3107389026158343,1.6011882671691486
0,scatter,,-2.2946749373268887,1.6115293993845274
0,scatter,,-2.2785098124323175,1.6214211982563043
0,scatter,,-2.2622479906034423,1.6308698331632643
0,scatter,,-2.2458938717293475,1.6398816888805725
0,scatter,,-2.2294517908282963,1.6484633525462224
0,scatter,,-2.2129260161148228,1.6566215997277256
0,scatter,,-2.1963207471453114,1.6643633825370419
0,scatter,,-2.17964011310786,1.6716958171446317
0,scatter,,-2.162888171240209,1.6786261712508515
0,scatter,,-2.146068905375609,1.6851618519120837
0,scatter,,-2.1291862247711055,1.6913103928396147
0,scatter,,-2.112243962715194,1.697079443534131
0,scatter,,-2.095245875420333,1.7024767578803108
0,scatter,,-2.078195641048679,1.7075101829114123
0,scatter,,-2.0610968588105214,1.7121876480203937
0,scatter,,-2.043953048232755,1.716517154223069
0,scatter,,-2.0267676488533177,1.72050676251606
0,scatter,,-2.009544019182115,1.7241645856319996
0,scatter,,-1.9922854363245577,1.7274987779896358
0,scatter,,-1.974995095633658,1.7305175261850152
0,scatter,,-1.9576761104066376,1.733229039947944
0,scatter,,-1.9403315117835755,1.7356415434368857
0,scatter,,-1.9229642489316834,1.7377632668857728
0,scatter,,-1.9055771885384343,1.7396024384559625
0,scatter,,-1.888173115012986,1.74116727650174
0,scatter,,-1.8707547306187717,1.7424659821300632
0,scatter,,-1.8533246556532925,1.743506732067855
0,scatter,,-1.8358854288738784,1.744297672122817
0,scatter,,-1.8184395080014857,1.7448469109778224
0,scatter,,-1.8009892697022867,1.7451625133843123
0,scatter,,-1.7835370102094972,1.7452524945613912
0,scatter,,-1.766084945830193,1.7451248146239249
0,scatter,,-1.7486352134945515,1.7447873732807986
0,scatter,,-1.7311898715977412,1.7442480057058274
0,scatter,,-1.713750900662359,1.743514477876251
0,scatter,,-1.6963202037790825,1.7425944812256742
0,scatter,,-1.6788996074935159,1.741495629037443
0,scatter,,-1.6614908625916194,1.7402254525939675
0,scatter,,-1.6440956449204525,1.7387913975846194
0,scatter,,-1.6267155564529934,1.7372008219243404
0,scatter,,-1.6093521260659822,1.7354609920798676
0,scatter,,-1.592006810368257,1.7335790797551875
0,scatter,,-1.5746809947178804,1.7315621597003965
0,scatter,,-1.5573759941906955,1.7294172073465632
0,scatter,,-1.5400930545783753,1.7271510967170782
0,scatter,,-1.5228333535792606,1.7247705998246217
0,scatter,,-1.5055980016748785,1.7222823838370724
0,scatter,,-1.488388043166623,1.7196930094987974
0,scatter,,-1.47120445727493,1.7170089301001819
0,scatter,,-1.4540481592120542,1.7142364903419935
0,scatter,,-1.4369200012760717,1.7113819255081237
0,scatter,,-1.4198207740372382,1.7084513617649657
0,scatter,,-1.4027512073315627,1.7054508143490321
0,scatter,,-1.3857119713841022,1.70238618732868
0,scatter,,-1.3687036779294477,1.6992632734371103
0,scatter,,-1.3517268813216157,1.696087753892848
0,scatter,,-1.3347820796553074,1.6928651985632652
0,scatter,,-1.317869715924183,1.6896010668088073
0,scatter,,-1.3009901790618486,1.686300706655154
0,scatter,,-1.2841438050754272,1.6829693554448393
0,scatter,,-1.2673308781490533,1.679612140335892
0,scatter,,-1.2505516317425804,1.6762340788299095
0,scatter,,-1.233806249681853,1.6728400797621317
0,scatter,,-1.2170948672416395,1.6694349444569072
0,scatter,,-1.2004175722296562,1.6660233664123583
0,scatter,,-1.183774406053071,1.6626099326087316
0,scatter,,-1.1671653647787124,1.6591991244308835
0,scatter,,-1.1505904001833684,1.655795318614061
0,scatter,,-1.1340494207935947,1.6524027882240988
0,scatter,,-1.1175422929011665,1.6490257052232244
0,scatter,,-1.1010688415747332,1.6456681420771864
0,scatter,,-1.0846288516863964,1.6423340701763842
0,scatter,,-1.0682220688896056,1.6390273623951916
0,scatter,,-1.0518482005939347,1.6357517943395756
0,scatter,,-1.0355069169253648,1.632511045592978
0,scatter,,-1.0191978516707831,1.6293087009655254
0,scatter,,-1.0029206032738391,1.6261482540471
0,scatter,,-0.9866747357295349,1.6230331078651872
0,scatter,,-0.9704597794185365,1.619966574083938
0,scatter,,-0.9542752320259645,1.6169518756839187
0,scatter,,-0.9381205594042753,1.6139921483487485
0,scatter,,-0.9219951964168139,1.6110904418367007
0,scatter,,-0.9058985477689483,1.608249721373241
0,scatter,,-0.8898299892689576,1.605472871570341
0,scatter,,-0.8737888683240773,1.6027626960951276
0,scatter,,-0.8577745045281071,1.6001219179422252
0,scatter,,-0.8417861906048204,1.5975531818091733
0,scatter,,-0.8258231931637019,1.5950590554885995
0,scatter,,-0.8098847534366043,1.5926420312304663
0,scatter,,-0.7939700880217933,1.5903045271819254
0,scatter,,-0.7780783901647713,1.5880488910749255
0,scatter,,-0.7622088299190545,1.5858773993553348
0,scatter,,-0.7463605547642119,1.5837922582289758
0,scatter,,-0.7305326904321301,1.5817956055979774
0,scatter,,-0.714724341567109,1.5798895123471315
0,scatter,,-0.6989345923686685,1.5780759835903295
0,scatter,,-0.6831625072626604,1.5763569600741634
0,scatter,,-0.6674071319827066,1.5747343214165292
0,scatter,,-0.651667493645174,1.5732098849443783
0,scatter,,-0.6359426014033186,1.5717854071039534
0,scatter,,-0.6202314471217789,1.57046258498333
0,scatter,,-0.6045330059519524,1.5692430574182143
0,scatter,,-0.5888462368934348,1.568128406052264
0,scatter,,-0.5731700833987801,1.5671201566254696
0,scatter,,-0.5575034742345003,1.5662197815075085
0,scatter,,-0.5418453235769816,1.5654286985780104
0,scatter,,-0.5261945316404089,1.564748272669019
0,scatter,,-0.5105499852342997,1.5641798166788794
0,scatter,,-0.4949105582692991,1.563724592443505
0,scatter,,-0.4792751122517547,1.563383811559109
0,scatter,,-0.463642496832181,1.5631586364713272
0,scatter,,-0.44801155048390945,1.5630501822071663
0,scatter,,-0.43238110065121255,1.5630595154884686
0,scatter,,-0.41674996432328604,1.5631876559384414
0,scatter,,-0.40111694851290014,1.5634355768107204
0,scatter,,-0.3854808507102088,1.5638042055850727
0,scatter,,-0.36984045932931,1.564294424512731
0,scatter,,-0.3541945542138224,1.5649070714226225
0,scatter,,-0.3385419071804748,1.565642940686327
0,scatter,,-0.3228812822296246,1.5665027825899642
0,scatter,,-0.3072114360641697,1.5674873041340067
0,scatter,,-0.29153111852206137,1.5685971693975864
0,scatter,,-0.27583907299909827,1.5698329998249965
0,scatter,,-0.2601340368674935,1.571195374460237
0,scatter,,-0.24441474195912913,1.5726848303905807
0,scatter,,-0.2286799150230574,1.5743018630502397
0,scatter,,-0.2129282779956591,1.5760469257566898
0,scatter,,-0.19715854848323594,1.5779204300202239
0,scatter,,-0.18136944017790102,1.5799227455481102
0,scatter,,-0.1655596632716907,1.582054200191051
0,scatter,,-0.14972792487067318,1.5843150798356225
0,scatter,,-0.13387292948135326,1.5867056284184853
0,scatter,,-0.11799337942260767,1.5892260477019582
0,scatter,,-0.10208797515918235,1.5918764967985104
0,scatter,,-0.08615541577397332,1.5946570919748146
0,scatter,,-0.07019439939562637,1.597567906283507
0,scatter,,-0.054203623629091625,1.6006089691388603
0,scatter,,-0.03818178599088644,1.60378026583665
0,scatter,,-0.02212758446468026,1.6070817371198043
0,scatter,,-0.006039717862242083,1.610513278509099
0,scatter,,0.01008311379229189,1.6140747395916328
0,scatter,,0.026242208748678192,1.6177659233600208
0,scatter,,0.042438863066178036,1.6215865854428335
0,scatter,,0.058674370142323955,1.6255364332749787
0,scatter,,0.074950020234157,1.6296151252073667
0,scatter,,0.09126709997187359,1.6338222695553566
0,scatter,,0.10762689185240054,1.6381574235906322
0,scatter,,0.12403067335000645,1.642620092638937
0,scatter,,0.14047971677178922,1.647209728775421
0,scatter,,0.15697528881155,1.6519257295875378
0,scatter,,0.17351864987122287,1.6567674369738383
0,scatter,,0.19011105350249474,1.6617341358189779
0,scatter,,0.20675374583574266,1.666825052603768
0,scatter,,0.22344796499618233,1.6720393539498093
0,scatter,,0.24019494050649062,1.6773761450980749
0,scatter,,0.25699589265068573,1.6828344683243392
0,scatter,,0.2738520314748072,1.6884133013382028
0,scatter,,0.29076455657809225,1.6941115554971324
0,scatter,,0.30773465643516346,1.6999280740179756
0,scatter,,0.3247635076156286,1.705861630132229
0,scatter,,0.3418522740798696,1.711910925158088
0,scatter,,0.3590021064565889,1.7180745865026423
0,scatter,,0.37621414130129577,1.7243511655935613
0,scatter,,0.39348950033493385,1.7307391357396122
0,scatter,,0.41082928961881726,1.7372368900069166
0,scatter,,0.42823459838443534,1.7438427396714253
0,scatter,,0.44570649870635587,1.7505549108698109
0,scatter,,0.4632460445590312,1.7573715423654097
0,scatter,,0.48085427086624166,1.7642906832097751
0,scatter,,0.4985321925952907,1.7713102901935591
0,scatter,,0.5162808038264781,1.7784282252249057
0,scatter,,0.5341010767970032,1.7856422526347997
0,scatter,,0.5519939609184162,1.7929500364087887
0,scatter,,0.5699603817255763,1.800349137784813
0,scatter,,0.5880012396313014,1.8078370145194056
0,scatter,,0.6061174091872303,1.8154110144884215
0,scatter,,0.6243097378936974,1.8230683736333235
0,scatter,,0.6425790450395852,1.830806213207652
0,scatter,,0.6609261205407674,1.8386215366509655
0,scatter,,0.6793517237471922,1.8465112263940422
0,scatter,,0.6978565822177139,1.8544720405950763
0,scatter,,0.7164413904624832,1.8625006098069132
0,scatter,,0.735106808679999,1.870593435014746
0,scatter,,0.7538534615138692,1.8787468883760765
0,scatter,,0.7726819365422284,1.8869572019118825
0,scatter,,0.7915927829391631,1.895220466801823
0,scatter,,0.8105865100559184,1.9035326303232887
0,scatter,,0.8296635859575632,1.9118894923121026
0,scatter,,0.8488244359224945,1.9202867015712062
0,scatter,,0.8680694409046258,1.9287197522280906
0,scatter,,0.8873989359573742,1.9371839800414106
0,scatter,,0.9068132088130596,1.9456745613245727
0,scatter,,0.9263124985950566,1.954186514178411
0,scatter,,0.9458969934340565,1.9627146851963428
0,scatter,,0.9655668290398163,1.971253749786602
0,scatter,,0.9853220869850314,1.9797982090632378
0,scatter,,1.00516279293033,1.988342386458909
0,scatter,,1.0250889148108806,1.9968804243536329
0,scatter,,1.0451003611231777,2.00540628080282
0,scatter,,1.065196979365394,2.0139137263991627
0,scatter,,1.0853785535377631,2.0223963406431644
0,scatter,,1.1056448024108765,2.0308475088082525
0,scatter,,1.125995377570041,2.0392604187338756
0,scatter,,1.1464298613998383,2.0476280576446433
0,scatter,,1.166947765031304,2.055943209012194
0,scatter,,1.1875485265283594,2.064198452257688
0,scatter,,1.2082315095899874,2.0723861680839546
0,scatter,,1.228996000060786,2.080498522147622
0,scatter,,1.2498412042408973,2.0885274673213607
0,scatter,,1.270766246783159,2.096464742240197
0,scatter,,1.2917701684912672,2.104301869310531
0,scatter,,1.312851924087631,2.11203015287338
0,scatter,,1.3340103803577055,2.1196406790170625
0,scatter,,1.3552443153678064,2.127124319595508
0,scatter,,1.3765524138938634,2.1344717226806544
0,scatter,,1.397933265875412,2.141673314369175
0,scatter,,1.4193853642993957,2.1487192988071
0,scatter,,1.4409071029245561,2.1555996579394074
0,scatter,,1.4624967739907844,2.1623041515203885
0,scatter,,1.4841525663055908,2.1688223193902836
0,scatter,,1.5058725647188183,2.175143491173732
0,scatter,,1.5276547452873128,2.18125677437128
0,scatter,,1.5494969737487323,2.1871510596753523
0,scatter,,1.5713970035038298,2.192815024146364
0,scatter,,1.59335247340651,2.1982371337844526
0,scatter,,1.6153609055613194,2.2034056465163894
0,scatter,,1.6374197036340696,2.208308617142147
0,scatter,,1.6595261535132235,2.212933909826914
0,scatter,,1.6816774173969977,2.2172691910656175
0,scatter,,1.7038705327185493,2.22130193775762
0,scatter,,1.7261024105725336,2.2250194442088573
0,scatter,,1.7483698338227773,2.2284088286143993
0,scatter,,1.7706694552531967,2.2314570401302354
0,scatter,,1.792997796234138,2.234150867496094
0,scatter,,1.8153512482416305,2.236476953918575
0,scatter,,1.837726067099375,2.238421797865364
0,scatter,,1.8601183723364243,2.2399717646927026
0,scatter,,1.8825241463032028,2.241113098349714
0,scatter,,1.9049392329005694,2.241831932880182
0,scatter,,1.9273593363997006,2.24211430469313
0,scatter,,1.9497800207847173,2.24194616568837
0,scatter,,1.9721967124763755,2.2413133976967057
0,scatter,,1.994604695122798,2.240201826512982
0,scatter,,2.0169991096878377,2.238597237578094
0,scatter,,2.039374954655633,2.236485392532202
0,scatter,,2.0617270857688563,2.233852046569065
0,scatter,,2.084050215917134,2.230682966706112
0,scatter,,2.106338915491745,2.226963950072195
0,scatter,,2.1285876159796575,2.222680834057423
0,scatter,,2.150790606630841,2.217819528401931
0,scatter,,2.172942035533246,2.2123660357676522
0,scatter,,2.1950359112044424,2.2063064723278143
0,scatter,,2.217066103758521,2.1996270911924416
0,scatter,,2.2390263462904167,2.192314306810687
0,scatter,,2.2609102365984812,2.1843547191390558
0,scatter,,2.282711240754456,2.1757351214417606
0,scatter,,2.3044226938815644,2.1664425416869175
0,scatter,,2.3260378026036648,2.1564642696551197
0,scatter,,2.3475496481932927,2.145787880297316
0,scatter,,2.368951189700303,2.134401261161867
0,scatter,,2.3902352659318216,2.1222926418730856
0,scatter,,2.411394598755091,2.1094506233000243
0,scatter,,2.432421798779273,2.095864205406091
0,scatter,,2.4533093685521266,2.0815228184264525
0,scatter,,2.4740497069401903,2.0664163538680813
0,scatter,,2.494635113998002,2.0505351931611333
0,scatter,,2.515057797885649,2.033870207876403
0,scatter,,2.535309876863527,2.0164128326057615
0,scatter,,2.55538338653325,1.9981550790400817
0,scatter,,2.575270285799517,1.9790895614092285
0,scatter,,2.5949624626632763,1.9592095324692664
0,scatter,,2.6144517410546544,1.9385089091131023
0,scatter,,2.633729887486901,1.9169823025568837
0,scatter,,2.652788618185275,1.894625046739985
0,scatter,,2.671619606473212,1.8714332265271236
0,scatter,,2.690214490462197,1.8474037046134886
0,scatter,,2.7085648805963998,1.8225341494387193
0,scatter,,2.726662368539304,1.7968230588416505
0,scatter,,2.744498534730594,1.7702697876140996
0,scatter,,2.762064958004719,1.7428745679755853
0,scatter,,2.779353223583709,1.7146385357358223
0,scatter,,2.796354933042476,1.6855637476119512
0,scatter,,2.813061712860039,1.6556532052888373
0,scatter,,2.829465224640801,1.6249108693443504
0,scatter,,2.845557174224661,1.5933416802097629
0,scatter,,2.8613293222609855,1.560951566415116
0,scatter,,2.8767734932542504,1.5277474672788618
0,scatter,,2.8918815855670634,1.493737346411973
0,scatter,,2.906645582789434,1.4589301845777438
0,scatter,,2.921057563978528,1.4233359953658276
0,scatter,,2.9351097144485085,1.3869658302748573
0,scatter,,2.9487943334557216,1.3498317865113048
0,scatter,,2.962103846634899,1.3119470028835438
0,scatter,,2.975030817259454,1.27332565642414
0,scatter,,2.9875679545945557,1.2339829598533938
0,scatter,,2.999708125229411,1.1939351547912769
0,scatter,,3.011444364021937,1.1531995027218702
0,scatter,,3.0227698827896976,1.1117942706712975
0,scatter,,3.0336780809536723,1.069738717935887
0,scatter,,3.044162556094505,1.0270530802879796
0,scatter,,3.0542171123603783,0.983758547970951
0,scatter,,3.0638357703752916,0.9398772438740729
0,scatter,,3.0730127772692546,0.8954321995568493
0,scatter,,3.0817426143780624,0.8504473270623705
0,scatter,,3.0900200061982197,0.8049473888804488
0,scatter,,3.0978399297135044,0.7589579654828649
0,scatter,,3.1051976212243986,0.7125054212312181
0,scatter,,3.1120885840993138,0.6656168670494342
0,scatter,,3.11850859712046,0.6183201197921563
0,scatter,,3.124453720277646,0.5706436628079324
0,scatter,,3.1299203011128194,0.5226166025741852
0,scatter,,3.134904981852512,0.474268620372368
0,scatter,,3.1394047040187063,0.4256299282699039
0,scatter,,3.1434167132183366,0.3767312212794001
0,scatter,,3.1469385648293757,0.3276036221933235
0,scatter,,3.149968127221017,0.2782786344305361
0,scatter,,3.152503584964418,0.2287880910912849
0,scatter,,3.1545434430561046,0.17916409295585933
0,scatter,,3.1560865289419406,0.12943895655382318
0,scatter,,3.1571319930270243,0.07964517060906859
0,scatter,,3.1576793116349844,0.029815325394280702
0,scatter,,3.1577282876352233,-0.020017943114175818
0,scatter,,3.157279049910776,-0.06982199761578654
0,scatter,,3.1563320533824326,-0.11956426275162219
0,scatter,,3.1548880784432547,-0.16921228831925084
0,scatter,,3.1529482291863276,-0.21873379750170313
0,scatter,,3.1505139311248884,-0.268096734127811
0,scatter,,3.147586929037516,-0.31726933451737327
0,scatter,,3.14416928370219,-0.36622017646113936
0,scatter,,3.1402633683674535,-0.4149182172791136
0,scatter,,3.1358718643949093,-0.4633328610933949
0,scatter,,3.1309977565017757,-0.5114340098247367
0,scatter,,3.1256443280529083,-0.5591920995529217
0,scatter,,3.119815155217663,-0.6065781512006678
0,scatter,,3.1135141003966367,-0.6535638248995307
0,scatter,,3.10674530605945,-0.7001214567696635
0,scatter,,3.0995131885330065,-0.7462240907286763
0,scatter,,3.0918224292704175,-0.79184553297633
0,scatter,,3.0836779673451193,-0.8369603853373491
0,scatter,,3.0750849927838195,-0.8815440689711462
0,scatter,,3.0660489367316575,-0.9255728662346243
0,scatter,,3.05657546237511,-0.9690239519354916
0,scatter,,3.046670457229342,-1.0118754139002863
0,scatter,,3.0363400237979286,-1.0541062775412935
0,scatter,,3.0255904685388226,-1.0956965342014862
0,scatter,,3.014428292908526,-1.1366271575402054
0,scatter,,3.0028601851485766,-1.1768801158323503
0,scatter,,2.9908930077334994,-1.2164383922405613
0,scatter,,2.978533787531425,-1.255285995186793
0,scatter,,2.9657897078412714,-1.2934079649313293
0,scatter,,2.9526680958916947,-1.3307903819811513
0,scatter,,2.9391764116465455,-1.3674203714517255
0,scatter,,2.925322238102981,-1.4032861042122808
0,scatter,,2.911113274350213,-1.4383767960622311
0,scatter,,2.8965573205245794,-1.4726827039539838
0,scatter,,2.881662267933697,-1.5061951199361665
0,scatter,,2.8664360902677313,-1.538906365869908
0,scatter,,2.8508868348461958,-1.5708097862579895
0,scatter,,2.8350226087585084,-1.601899729785714
0,scatter,,2.8188515696993575,-1.6321715367759337
0,scatter,,2.8023819186649805,-1.6616215313048315
0,scatter,,2.7856218890557063,-1.6902470003876473
0,scatter,,2.7685797353663864,-1.7180461696096676
0,scatter,,2.751263724563794,-1.7450181848932653
0,scatter,,2.7336821296289058,-1.7711631030161648
0,scatter,,2.715843217945758,-1.7964818561613296
0,scatter,,2.6977552424312043,-1.8209762265290486
0,scatter,,2.6794264338574463,-1.844648825323408
0,scatter,,2.6608649945003466,-1.8675030780140793
0,scatter,,2.6420790874893263,-1.8895431797953952
0,scatter,,2.623076829681025,-1.9107740705782283
0,scatter,,2.603866285316934,-1.9312014153254924
0,scatter,,2.584455459262424,-1.9508315777130056
0,scatter,,2.564852288670092,-1.969671576749832
0,scatter,,2.5450646369556664,-1.987729060664508
0,scatter,,2.5251002884480123,-2.0050122872305063
0,scatter,,2.5049669422722944,-2.021530090489871
0,scatter,,2.484672206518972,-2.037291847208598
0,scatter,,2.4642235926375418,-2.0523074460829647
0,scatter,,2.443628510618794,-2.0665872577516757
0,scatter,,2.4228942643376152,-2.0801421045335857
0,scatter,,2.4020280475835833,-2.092983237716135
0,scatter,,2.3810369396715454,-2.1051223026595283
0,scatter,,2.3599279016407486,-2.1165713097123504
0,scatter,,2.3387077725217016,-2.1273426082338096
0,scatter,,2.3173832663355136,-2.13744885635114
0,scatter,,2.295960969107765,-2.1469029938058517
0,scatter,,2.2744473361229534,-2.1557182177586256
0,scatter,,2.252848689607314,-2.1639079533644177
0,scatter,,2.231171216521751,-2.1714858290268197
0,scatter,,2.209420966468642,-2.1784656531851967
0,scatter,,2.1876038503129642,-2.1848613877070293
0,scatter,,2.1657256386275128,-2.1906871254157645
0,scatter,,2.1437919603548092,-2.195957068396057
0,scatter,,2.121808302136079,-2.2006855042692433
0,scatter,,2.0997800072070483,-2.204886786491673
0,scatter,,2.0777122748461125,-2.208575314050758
0,scatter,,2.0556101605985426,-2.2117655100014963
0,scatter,,2.0334785760991947,-2.214471802964869
0,scatter,,2.0113222886322246,-2.2167086105115192
0,scatter,,1.9891459201157227,-2.218490325424574
0,scatter,,1.9669539497092348,-2.2198312936902975
0,scatter,,1.9447507138304505,-2.220745800724326
0,scatter,,1.9225404066647118,-2.221248056976824
0,scatter,,1.900327079059831,-2.22135218584175
0,scatter,,1.8781146418888368,-2.221072208605606
0,scatter,,1.855906866905915,-2.2204220325695228
0,scatter,,1.8337073878718821,-2.219415439751594
0,scatter,,1.8115196999490881,-2.218066075352597
0,scatter,,1.7893471627671202,-2.2163874384746065
0,scatter,,1.7671930024211677,-2.214392873131188
0,scatter,,1.7450603128765343,-2.212095559736796
0,scatter,,1.722952056244764,-2.209508505018795
0,scatter,,1.7008710649265297,-2.206644535319178
0,scatter,,1.6788200448357995,-2.203516292100642
0,scatter,,1.6568015768446729,-2.200136225337169
0,scatter,,1.634818118050819,-2.196516586393119
0,scatter,,1.6128720028830348,-2.1926694209871105
0,scatter,,1.590965447263798,-2.1886065699179205
0,scatter,,1.5691005501057878,-2.1843396639008894
0,scatter,,1.5472792952200012,-2.17988011952928
0,scatter,,1.5255035520147897,-2.1752391317665714
0,scatter,,1.503775079778447,-2.170427678268606
0,scatter,,1.4820955294441576,-2.1654565160793124
0,scatter,,1.4604664457751435,-2.1603361799548684
0,scatter,,1.4388892682115428,-2.155076975693814
0,scatter,,1.4173653345898867,-2.1496889852111054
0,scatter,,1.395895883413205,-2.144182066222264
0,scatter,,1.3744820559429758,-2.1385658515853736
0,scatter,,1.353124898429406,-2.132849749409581
0,scatter,,1.331825363560839,-2.1270429391260675
0,scatter,,1.310584313429561,-2.121154376574045
0,scatter,,1.2894025215977492,-2.115192794417653
0,scatter,,1.2682806750430309,-2.109166702333793
0,scatter,,1.2472193764163237,-2.1030843886453576
0,scatter,,1.226219148298051,-2.0969539276487077
0,scatter,,1.2052804330558216,-2.0907831751900017
0,scatter,,1.1844035951493177,-2.0845797711370992
0,scatter,,1.1635889234334202,-2.0783511420598795
0,scatter,,1.142836633325683,-2.0721045038126165
0,scatter,,1.122146870318524,-2.065846868430767
0,scatter,,1.1015197103951404,-2.059585041786027
0,scatter,,1.0809551622372258,-2.0533256269013442
0,scatter,,1.0604531693541916,-2.047075027210934
0,scatter,,1.040013612102275,-2.040839449635377
0,scatter,,1.019636310342783,-2.0346249096369413
0,scatter,,0.9993210245153611,-2.028437231897137
0,scatter,,0.979067457640954,-2.0222820537820496
0,scatter,,0.958875257234032,-2.0161648286751066
0,scatter,,0.9387440171449184,-2.0100908292978383
0,scatter,,0.9186732796316089,-2.0040651521642894
0,scatter,,0.8986625367591347,-1.9980927193518458
0,scatter,,0.878711232172604,-1.992178281997168
0,scatter,,0.8588187627967475,-1.9863264236234885
0,scatter,,0.8389844805163816,-1.9805415635399333
0,scatter,,0.8192076940462589,-1.9748279612515232
0,scatter,,0.7994876702039702,-1.969189718259677
0,scatter,,0.7798236355218342,-1.9636307815479395
0,scatter,,0.7602147777810009,-1.9581549468284856
0,scatter,,0.7406602475286154,-1.952765861851
0,scatter,,0.7211591597304376,-1.9474670305363153
0,scatter,,0.7017105949483337,-1.942261814777734
0,scatter,,0.6823136007864279,-1.9371534377435307
0,scatter,,0.662967193266698,-1.9321449869206075
0,scatter,,0.6436703582003922,-1.927239417274164
0,scatter,,0.6244220526685736,-1.922439555170231
0,scatter,,0.6052212060297246,-1.91774809961674
0,scatter,,0.5860667212378886,-1.9131676254446353
0,scatter,,0.5669574760711147,-1.908700586058226
0,scatter,,0.5478923243140035,-1.9043493160049527
0,scatter,,0.5288700969132707,-1.9001160334733644
0,scatter,,0.5098896033930264,-1.896002844516986
0,scatter,,0.4909496328363554,-1.8920117446261586
0,scatter,,0.47204895482161136,-1.8881446200912522
0,scatter,,0.4531863206227395,-1.8844032510946203
0,scatter,,0.4343604642785257,-1.8807893140376961
0,scatter,,0.4155701036464784,-1.877304383823008
0,scatter,,0.3968139413242809,-1.873949935573054
0,scatter,,0.37809066527121293,-1.87072734504936
0,scatter,,0.3593989503707952,-1.8676378932107651
0,scatter,,0.3407374592136807,-1.8646827673594497
0,scatter,,0.32210484301411946,-1.8618630628791262
0,scatter,,0.30349974254570555,-1.8591797850601293
0,scatter,,0.2849207890622421,-1.8566338508491411
0,scatter,,0.2663666048033396,-1.8542260881821868
0,scatter,,0.2478358041046609,-1.8519572388504943
0,scatter,,0.22932699445834312,-1.8498279610728041
0,scatter,,0.21083877721731537,-1.84783882997823
0,scatter,,0.19236974843795454,-1.8459903388814987
0,scatter,,0.17391849971565201,-1.8442829004981973
0,scatter,,0.1554836189058641,-1.8427168476065552
0,scatter,,0.1370636906261412,-1.8412924326754558
0,scatter,,0.11865729752998015,-1.8400098309687465
0,scatter,,0.10026302092842043,-1.8388691406380646
0,scatter,,0.08187944153971628,-1.837870383352932
0,scatter,,0.06350514025446409,-1.837013504954396
0,scatter,,0.0451386988946353,-1.8362983760251037
0,scatter,,0.026778700911383624,-1.835724791871905
0,scatter,,0.008423732170198706,-1.8352924732523306
0,scatter,,-0.009927618281335877,-1.835001066890938
0,scatter,,-0.02827675749046301,-1.8348501455408275
0,scatter,,-0.046625087858577816,-1.8348392081388478
0,scatter,,-0.06497400640079581,-1.83496767988572
0,scatter,,-0.08332490401758028,-1.8352349121689993
0,scatter,,-0.10167916478431586,-1.8356401822820854
0,scatter,,-0.12003816516132901,-1.836182693597154
0,scatter,,-0.1384032732681088,-1.8368615752111648
0,scatter,,-0.15677584813946988,-1.8376758816192025
0,scatter,,-0.1751572389755774,-1.8386245923273132
0,scatter,,-0.19354878438839485,-1.839706611388878
0,scatter,,-0.2119518116742523,-1.8409207667059784
0,scatter,,-0.2303676360269245,-1.842265809532455
0,scatter,,-0.24879755975698623,-1.843740413838756
0,scatter,,-0.26724287152367143,-1.845343175503243
0,scatter,,-0.28570484554899134,-1.8470726114832523
0,scatter,,-0.30418474082287683,-1.848927158917269
0,scatter,,-0.3226838003054375,-1.8509051741462408
0,scatter,,-0.34120325012862673,-1.8530049316597121
0,scatter,,-0.3597442987442502,-1.855224623028507
0,scatter,,-0.3783081360986237,-1.857562355730764
0,scatter,,-0.3968959327850003,-1.8600161519163059
0,scatter,,-0.4155088391827185,-1.862583947113029
0,scatter,,-0.43414798458373316,-1.86526358887495
0,scatter,,-0.4528144763408095,-1.8680528354663717
0,scatter,,-0.4715093989314816,-1.870949354299872
0,scatter,,-0.4902338130329791,-1.8739507203878552
0,scatter,,-0.5089887545996126,-1.8770544147886317
0,scatter,,-0.5277752339122113,-1.8802578229680373
0,scatter,,-0.5465942346103813,-1.8835582331077718
0,scatter,,-0.5654467127066889,-1.886952834361764
0,scatter,,-0.5843335956448441,-1.8904387153351498
0,scatter,,-0.6032557813260371,-1.8940128624587589
0,scatter,,-0.6222141369170991,-1.8976721574562607
0,scatter,,-0.6412094978619888,-1.901413375737621
0,scatter,,-0.6602426668057011,-1.9052331844584756
0,scatter,,-0.6793144124948804,-1.909128140531692
0,scatter,,-0.6984254686569157,-1.9130946886002926
0,scatter,,-0.7175765328924825,-1.917129159166999
0,scatter,,-0.7367682657807522,-1.921227767963078
0,scatter,,-0.7560012893496226,-1.9253866119778853
0,scatter,,-0.7752761859382524,-1.9296016677068832
0,scatter,,-0.7945934970173095,-1.9338687892759132
0,scatter,,-0.8139537219429682,-1.9381837063142568
0,scatter,,-0.8333573166867015,-1.942542021809906
0,scatter,,-0.8528046925411731,-1.9469392099550284
0,scatter,,-0.8722962152196181,-1.9513706162965179
0,scatter,,-0.8918322033452326,-1.9558314546379811
0,scatter,,-0.9114129267558477,-1.9603168030552907
0,scatter,,-0.9310386053576818,-1.9648216030936807
0,scatter,,-0.9507094077326278,-1.9693406577472072
0,scatter,,-0.9704254497214704,-1.9738686294541943
0,scatter,,-0.9901867929823925,-1.9784000381115134
0,scatter,,-1.0099934437697895,-1.982929260397435
0,scatter,,-1.0298453520828823,-1.987450531188286
0,scatter,,-1.0497424090423069,-1.9919579358548465
0,scatter,,-1.069684445789328,-1.9964454107040195
0,scatter,,-1.0896712320170678,-2.000906741663973
0,scatter,,-1.1097024744303883,-2.0053355627726743
0,scatter,,-1.1297778151840292,-2.0097253547359464
0,scatter,,-1.149896830355091,-2.0140694438204854
0,scatter,,-1.1700590295246085,-2.0183610061453634
0,scatter,,-1.1902638530386829,-2.022593061243053
0,scatter,,-1.2105106702834245,-2.0267584705782076
0,scatter,,-1.2307987784022865,-2.030849938342936
0,scatter,,-1.2511274006833104,-2.034860010897403
0,scatter,,-1.2714956849324468,-2.0387810763487835
0,scatter,,-1.2919027018329663,-2.042605364274597
0,scatter,,-1.312347444188104,-2.0463249491946973
0,scatter,,-1.3328288257368404,-2.0499317525387166
0,scatter,,-1.3533456776682342,-2.05341753559054
0,scatter,,-1.373896747912606,-2.0567739037972053
0,scatter,,-1.394480699556253,-2.0599923077836557
0,scatter,,-1.4150961092418515,-2.0630640445400736
0,scatter,,-1.4357414655693135,-2.065980258843244
0,scatter,,-1.4564151678298303,-2.0687319459796867
0,scatter,,-1.4771155265097509,-2.071309960348326
0,scatter,,-1.4978407589328215,-2.073705008834047
0,scatter,,-1.5185889883960082,-2.0759076555622262
0,scatter,,-1.5393582430114845,-2.0779083259789592
0,scatter,,-1.56014645427145,-2.079697310316322
0,scatter,,-1.5809514556333621,-2.0812647673966893
0,scatter,,-1.6017709811420677,-2.082600728817482
0,scatter,,-1.6226026662929016,-2.0836951082409594
0,scatter,,-1.6434440455385326,-2.0845377038182877
0,scatter,,-1.6642925496227983,-2.085118200565756
0,scatter,,-1.6851455054864881,-2.0854261785769803
0,scatter,,-1.7060001351806355,-2.0854511194482477
0,scatter,,-1.7268535548289292,-2.0851824131539884
0,scatter,,-1.7477027736412982,-2.084609365384509
0,scatter,,-1.768544693959472,-2.0837212060371337
0,scatter,,-1.7893761124718965,-2.0825070989668015
0,scatter,,-1.810193715517196,-2.0809561480907193
0,scatter,,-1.830994079974408,-2.0790574078403314
0,scatter,,-1.8517736728952163,-2.07679989321906
0,scatter,,-1.8725288510792475,-2.0741725903104395
0,scatter,,-1.8932558607379921,-2.071164467347815
0,scatter,,-1.9139508374218872,-2.067764486073331
0,scatter,,-1.934609808739974,-2.0639616092011
0,scatter,,-1.9552286914248773,-2.059744818039862
0,scatter,,-1.9758032914270105,-2.0551031258628254
0,scatter,,-1.9963293049276116,-2.050025590550494
0,scatter,,-2.0168023187923074,-2.0445013289806733
0,scatter,,-2.0372178111552954,-2.0385195320368172
0,scatter,,-2.0575711521388267,-2.03206948024586
0,scatter,,-2.0778576056906624,-2.0251405535280678
0,scatter,,-2.098072331133108,-2.0177222444774268
0,scatter,,-2.118210382757473,-2.0098041863290197
0,scatter,,-2.138266712091843,-2.0013761647805888
0,scatter,,-2.158236169578818,-1.99242813547361
0,scatter,,-2.1781135064340753,-1.9829502420246943
0,scatter,,-2.1978933755758483,-1.9729328325472162
0,scatter,,-2.2175703339818025,-1.9623664789006552
0,scatter,,-2.237138846063242,-1.951241997919514
0,scatter,,-2.256593285589696,-1.9395504701648576
0,scatter,,-2.2759279383824946,-1.927283260187931
0,scatter,,-2.2951370052156572,-1.9144320370222163
0,scatter,,-2.3142146055038446,-1.9009887802064958
0,scatter,,-2.3331547803131722,-1.8869458088413176
0,scatter,,-2.351951495664343,-1.8722958090314472
0,scatter,,-2.3705986465346536,-1.857031849440486
0,scatter,,-2.389090060889002,-1.8411474021797154
0,scatter,,-2.4074195038411945,-1.8246363633392684
0,scatter,,-2.4255806799114352,-1.8074930625438612
0,scatter,,-2.443567239450416,-1.7897122930488218
0,scatter,,-2.4613727837494013,-1.7712893338421718
0,scatter,,-2.4789908695105045,-1.7522199672109442
0,scatter,,-2.4964150140623316,-1.7325004989325237
0,scatter,,-2.5136387006737846,-1.7121277771375254
0,scatter,,-2.5306553827779763,-1.6910991985580286
0,scatter,,-2.547458490941995,-1.6694127383531248
0,scatter,,-2.5640414387422403,-1.6470669671716183
0,scatter,,-2.580397628660022,-1.6240610659237593
0,scatter,,-2.5965204582288948,-1.600394842348614
0,scatter,,-2.6124033254945345,-1.5760687498626094
0,scatter,,-2.628039636614964,-1.5510838990359008
0,scatter,,-2.6434228124098014,-1.5254420724702475
0,scatter,,-2.6585462951409413,-1.499145738670354
0,scatter,,-2.6734035552722504,-1.4721980627175069
0,scatter,,-2.687988097436567,-1.4446029094811934
0,scatter,,-2.702293469065381,-1.4163648630985306
0,scatter,,-2.7163132673336654,-1.387489232786865
0,scatter,,-2.7300411464995884,-1.3579820592618512
0,scatter,,-2.743470824879086,-1.3278501212505562
0,scatter,,-2.7565960909878675,-1.2971009420227269
0,scatter,,-2.7694108130300954,-1.265742789417443
0,scatter,,-2.781908945794976,-1.2337846784510391
0,scatter,,-2.7940845381658392,-1.2012363714870804
0,scatter,,-2.8059317402462614,-1.168108377282474
0,scatter,,-2.817444810240289,-1.1344119486864002
0,scatter,,-2.828618123116708,-1.1001590764068236
0,scatter,,-2.8394461776133766,-1.0653624830345687
0,scatter,,-2.849923603631577,-1.0300356147144598
0,scatter,,-2.860045168800149,-0.9941926348597261
0,scatter,,-2.869805785169904,-0.9578484149899049
0,scatter,,-2.879200517545609,-0.9210185151333881
0,scatter,,-2.8882245898217858,-0.8837191716273207
0,scatter,,-2.8968733917372123,-0.8459672802766013
0,scatter,,-2.905142484997275,-0.8077803840663971
0,scatter,,-2.9130276096372953,-0.7691766534603758
0,scatter,,-2.920524690664988,-0.730174858540883
0,scatter,,-2.9276298437785035,-0.6907943488846923
0,scatter,,-2.934339381088009,-0.6510550285792608
0,scatter,,-2.9406498162869745,-0.6109773400852304
0,scatter,,-2.9465578699431725,-0.5705822330857195
0,scatter,,-2.952060474566988,-0.5298911296613145
0,scatter,,-2.9571547791032877,-0.4889258975199827
0,scatter,,-2.9618381532255724,-0.447708818484983
0,scatter,,-2.9661081917250276,-0.4062625686526898
0,scatter,,-2.9699627178849783,-0.3646101762042171
0,scatter,,-2.9733997866533066,-0.32277498246502834
0,scatter,,-2.976417687690726,-0.28078060871877114
0,scatter,,-2.979014948114803,-0.23865092310225883
0,scatter,,-2.9811903352887463,-0.19641001831593385
0,scatter,,-2.982942858270004,-0.15408215776845915
0,scatter,,-2.9842717696008516,-0.11169174200037241
0,scatter,,-2.9851765660868423,-0.06926327274520293
0,scatter,,-2.9856569898166248,-0.026821313015455883
0,scatter,,-2.985713028906207,0.01560955396896693
0,scatter,,-2.98534491735615,0.058004760647605375
0,scatter,,-2.984553134275119,0.10033978042732808
0,scatter,,-2.9833384037428323,0.14259018286322786
0,scatter,,-2.9817016936026457,0.18473166876309127
0,scatter,,-2.979644213875943,0.22674009954062968
0,scatter,,-2.9771674149567415,0.26859153777619044
0,scatter,,-2.9742729854495957,0.3102622894441797
0,scatter,,-2.9709628495805487,0.3517289360343977
0,scatter,,-2.967239164358686,0.39296835952263875
0,scatter,,-2.963104316122003,0.4339577902041555
0,scatter,,-2.9585609168843834,0.47467483815407163
0,scatter,,-2.953611800879299,0.5150975167309664
0,scatter,,-2.948260020092789,0.5552042770368255
0,scatter,,-2.942508839323754,0.5949740436962045
0,scatter,,-2.9363617315835056,0.6343862398397988
0,scatter,,-2.929822373764298,0.6734208058413907
0,scatter,,-2.922894640117992,0.7120582365360482
0,scatter,,-2.9155825967178783,0.7502796038250363
0,scatter,,-2.9078904965550816,0.7880665733330475
0,scatter,,-2.8998227730537613,0.8254014279372534
0,scatter,,-2.8913840331208105,0.8622670911332373
0,scatter,,-2.8825790508587454,0.8986471433469867
0,scatter,,-2.8734127617395786,0.9345258369024407
0,scatter,,-2.863890255430072,0.9698881107126408
0,scatter,,-2.854016768578244,1.004719602674301
0,scatter,,-2.843797678018262,1.0390066594814438
0,scatter,,-2.8332384931972605,1.0727363563012808
0,scatter,,-2.822344849208986,1.1058964979552817
0,scatter,,-2.811122499618984,1.1384756217381222
0,scatter,,-2.7995773090247402,1.170463003572568
0,scatter,,-2.787715245234413,1.2018486696798452
0,scatter,,-2.7755423721045482,1.232623391680934
0,scatter,,-2.763064842142233,1.262778684961411
0,scatter,,-2.750288888984675,1.2923068084758875
0,scatter,,-2.7372208198849424,1.3212007666093857
0,scatter,,-2.723867008388394,1.3494543008053639
0,scatter,,-2.710233887001928,1.3770618834121957
0,scatter,,-2.6963279399016296,1.4040187113126295
0,scatter,,-2.682155695579457,1.4303207005299519
0,scatter,,-2.6677237198717383,1.4559644740163358
0,scatter,,-2.6530386089578686,1.4809473509388031
0,scatter,,-2.6381069824326793,1.505267335368419
0,scatter,,-2.622935476269588,1.528923106034141
0,scatter,,-2.6075307364364355,1.5519140001361191
0,scatter,,-2.591899412382935,1.5742399989490514
0,scatter,,-2.576048150635626,1.5959017127793866
0,scatter,,-2.559983588278198,1.616900366388699
0,scatter,,-2.5437123472725847,1.6372377804555094
0,scatter,,-2.5272410285633247,1.656916354351051
0,scatter,,-2.5105762062894397,1.675939048419841
0,scatter,,-2.4937244218525016,1.694309366455396
0,scatter,,-2.4766921792477423,1.7120313353102403
0,scatter,,-2.4594859398487547,1.7291094858562623
0,scatter,,-2.4421121175524743,1.7455488333098752
0,scatter,,-2.4245770736239787,1.7613548578670508
0,scatter,,-2.406887111321435,1.776533485664688
0,scatter,,-2.3890484731630095,1.791091066837831
0,scatter,,-2.371067336310118,1.8050343559700341
0,scatter,,-2.3529498087183844,1.8183704919492991
0,scatter,,-2.334701924754929,1.8311069769499022
0,scatter,,-2.31632964139675,1.8432516559336956
0,scatter,,-2.297838836118981,1.8548126979944333
0,scatter,,-2.279235303338974,1.8657985760222122
0,scatter,,-2.260524751591684,1.876218047216328
0,scatter,,-2.241712799901472,1.8860801312829327
0,scatter,,-2.222804975588353,1.8953940921049224
0,scatter,,-2.2038067126233694,1.9041694206651152
0,scatter,,-2.184723349171573,1.9124158157850528
0,scatter,,-2.165560125674409,1.9201431661130925
0,scatter,,-2.1463221821513194,1.9273615282460297
0,scatter,,-2.1270145572933195,1.9340811124394912
0,scatter,,-2.1076421872694304,1.9403122667354329
0,scatter,,-2.088209904290252,1.946065459753851
0,scatter,,-2.06872243548884,1.9513512645215367
0,scatter,,-2.0491844012238,1.956180338212719
0,scatter,,-2.029600315069322,1.9605634119300235
0,scatter,,-2.0099745831419007,1.9645112759669197
0,scatter,,-1.9903115035288816,1.968034765354839
0,scatter,,-1.9706152658604248,1.9711447456792512
0,scatter,,-1.950889950594628,1.9738520956686552
0,scatter,,-1.9311395295518756,1.976167700347262
0,scatter,,-1.9113678658045312,1.978102437879597
0,scatter,,-1.8915787138002693,1.9796671680104463
0,scatter,,-1.8717757195285734,1.980872719910597
0,scatter,,-1.851962420658957,1.9817298787211861
0,scatter,,-1.8321422473762328,1.9822493806934645
0,scatter,,-1.81231852282404,1.9824419022601196
0,scatter,,-1.7924944637558722,1.9823180512270469
0,scatter,,-1.7726731812125764,1.9818883565904908
0,scatter,,-1.7528576813000007,1.9811632593989943
0,scatter,,-1.733050866214621,1.9801531090003226
0,scatter,,-1.7132555351550154,1.9788681545221096
0,scatter,,-1.693474385353221,1.9773185384041072
0,scatter,,-1.6737100131772036,1.9755142901774618
0,scatter,,-1.653964915373542,1.9734653188631284
0,scatter,,-1.634241490177211,1.9711814096055835
0,scatter,,-1.6145420385715725,1.9686722184025511
0,scatter,,-1.594868765587178,1.9659472671093376
0,scatter,,-1.5752237816195422,1.9630159389678237
0,scatter,,-1.555609104088001,1.9598874775712722
0,scatter,,-1.5360266588945541,1.9565709837991336
0,scatter,,-1.5164782815022348,1.9530754089056468
0,scatter,,-1.4969657185851342,1.9494095534445637
0,scatter,,-1.4774906295181232,1.9455820646188484
0,scatter,,-1.4580545879345514,1.941601434603998
0,scatter,,-1.438659083567463,1.9374760029028553
0,scatter,,-1.4193055234495517,1.9332139497700616
0,scatter,,-1.399995233553625,1.9288232959306022
0,scatter,,-1.3807294603972429,1.9243119019304569
0,scatter,,-1.3615093726181073,1.919687467229373
0,scatter,,-1.3423360627917835,1.9149575320625083
0,scatter,,-1.3232105489854662,1.910129476649946
0,scatter,,-1.3041337761812584,1.9052105191928304
0,scatter,,-1.2851066179872304,1.900207717146488
0,scatter,,-1.2661298782441228,1.895127967571529
0,scatter,,-1.247204292619506,1.8899780078659474
0,scatter,,-1.2283305301709386,1.8847644173524465
0,scatter,,-1.209509194968994,1.8794936170406056
0,scatter,,-1.1907408276598226,1.8741718709698338
0,scatter,,-1.1720259070247943,1.8688052874393546
0,scatter,,-1.1533648515295858,1.8633998202903301
0,scatter,,-1.1347580208722186,1.8579612708383109
0,scatter,,-1.1162057174999287,1.8524952891613131
0,scatter,,-1.0977081881106594,1.847007375472539
0,scatter,,-1.0792656251489672,1.8415028820206158
0,scatter,,-1.060878168281458,1.8359870148885724
0,scatter,,-1.0425459058341655,1.8304648359531264
0,scatter,,-1.0242688761736993,1.8249412650753822
0,scatter,,-1.0060470692017374,1.8194210817596719
0,scatter,,-0.9878804277229388,1.8139089273360955
0,scatter,,-0.9697688488158321,1.808409307085894
0,scatter,,-0.9517121851848032,1.8029265923946964
0,scatter,,-0.9337102464522952,1.797465023072567
0,scatter,,-0.915762800492122,1.7920287094880363
0,scatter,,-0.8978695747260872,1.786621634777142
0,scatter,,-0.8800302573786168,1.7812476571422002
0,scatter,,-0.862244498720117,1.7759105121293925
0,scatter,,-0.8445119122379917,1.770613814911375
0,scatter,,-0.8268320757693166,1.7653610625732443
0,scatter,,-0.809204532836961,1.7601556364152569
0,scatter,,-0.7916287937374168,1.7550008042364698
0,scatter,,-0.774104336672188,1.7498997226170332
0,scatter,,-0.7566306088630745,1.7448554391918227
0,scatter,,-0.7392070276489962,1.7398708949126709
0,scatter,,-0.7218329815654578,1.7349489262970024
0,scatter,,-0.7045078310927917,1.730092267473386
0,scatter,,-0.6872309095263941,1.7253035522917737
0,scatter,,-0.6700015246376096,1.7205853168952656
0,scatter,,-0.6528189593393148,1.7159400016866815
0,scatter,,-0.6356824726412729,1.7113699534545797
0,scatter,,-0.61859130059295,1.706877427477363
0,scatter,,-0.6015446572102207,1.7024645896022625
0,scatter,,-0.5845417353872197,1.6981335182991133
0,scatter,,-0.5675817073516659,1.6938862058562936
0,scatter,,-0.5506637255620044,1.6897245604078241
0,scatter,,-0.5337869241231308,1.685650408933887
0,scatter,,-0.5169504192867792,1.6816654985354258
0,scatter,,-0.5001533102527091,1.6777714982693457
0,scatter,,-0.48339467995517404,1.6739700009503402
0,scatter,,-0.466673595835725,1.670262524919938
0,scatter,,-0.4499891106015552,1.6666505157774893
0,scatter,,-0.4333402625327125,1.6631353466890482
0,scatter,,-0.4167260764188407,1.6597183206949162
0,scatter,,-0.40014556457774897,1.6564006732787413
0,scatter,,-0.3835977273202842,1.6531835731838076
0,scatter,,-0.3670815536195492,1.6500681238760455
0,scatter,,-0.35059602176870763,1.6470553649680006
0,scatter,,-0.334140100027823,1.6441462736049812
0,scatter,,-0.3177127472529379,1.6413417657821352
0,scatter,,-0.30131291314751085,1.6386426960985687
0,scatter,,-0.28493953915640785,1.636049860174878
0,scatter,,-0.26859155919048877,1.6335639963660322
0,scatter,,-0.25226790007076627,1.6311857863093924
0,scatter,,-0.23596748209671511,1.6289158559814372
0,scatter,,-0.21968921960642507,1.6267547767123052
0,scatter,,-0.20343202152894063,1.6247030661594426
0,scatter,,-0.18719479191665628,1.6227611891730904
0,scatter,,-0.17097643021506254,1.620929557278577
0,scatter,,-0.15477583204922366,1.6192085308580488
0,scatter,,-0.13859188976392645,1.6175984200308473
0,scatter,,-0.12242349285954143,1.6160994849725665
0,scatter,,-0.10626952849259397,1.6147119365583278
0,scatter,,-0.09012888197147059,1.6134359369622566
0,scatter,,-0.07400043724815383,1.6122716002143531
0,scatter,,-0.05788307739003251,1.611218992618229
0,scatter,,-0.04177568488662514,1.6102781321397395
0,scatter,,-0.025677142330914712,1.6094489900506255
0,scatter,,-0.009586332871439562,1.6087314911494734
0,scatter,,0.006497859354786431,1.6081255138335773
0,scatter,,0.02257654875674732,1.607630890336937
0,scatter,,0.03865084782521509,1.607247406924026
0,scatter,,0.05472186666906893,1.6069748040402603
0,scatter,,0.07079071256769862,1.6068127763110687
0,scatter,,0.08685848961134142,1.6067609718875298
0,scatter,,0.10292629810268161,1.606818993397053
0,scatter,,0.11899523412623682,1.6069863976838896
0,scatter,,0.1350663891026209,1.6072626955984914
0,scatter,,0.15114084932634492,1.6076473518464098
0,scatter,,0.16721969550140628,1.6081397847934342
0,scatter,,0.18330400227394328,1.6087393662276799
0,scatter,,0.19939483777451908,1.6094454209808122
0,scatter,,0.21549326319789983,1.6102572262399677
0,scatter,,0.23160033224446924,1.611174011719124
0,scatter,,0.24771709066647235,1.6121949590844316
0,scatter,,0.2638445757888212,1.6133192014290416
0,scatter,,0.27998381601973493,1.6145458227559784
0,scatter,,0.29613583035590285,1.6158738574186609
0,scatter,,0.3123016278815024,1.6173022895197127
0,scatter,,0.32848220727418176,1.618830052209484
0,scatter,,0.3446785563222229,1.6204560268672634
0,scatter,,0.360891651341285,1.6221790426400338
0,scatter,,0.37712245666900635,1.623997875574523
0,scatter,,0.39337192413097644,1.6259112477974773
0,scatter,,0.40964099249525177,1.6279178266681038
0,scatter,,0.4259305869179131,1.6300162238924725
0,scatter,,0.44224161837900594,1.632204994600471
0,scatter,,0.4585749831266137,1.6344826363661937
0,scatter,,0.4749315621829776,1.6368475881146551
0,scatter,,0.4913122206131959,1.6392982292353206
0,scatter,,0.5077178069587954,1.6418328784716043
0,scatter,,0.5241491526353071,1.6444497928022428
0,scatter,,0.5406070713057738,1.647147166301027
0,scatter,,0.5570923582421734,1.6499231289629093
0,scatter,,0.5736057896740933,1.652775745497043
0,scatter,,0.590148122140337,1.6557030141359652
0,scatter,,0.6067200919836889,1.6587028658796565
0,scatter,,0.6233224144491698,1.661773162568199
0,scatter,,0.6399557830073811,1.6649116956385384
0,scatter,,0.6566208686757629,1.6681161848887223
0,scatter,,0.673318319290343,1.6713842771108187
0,scatter,,0.6900487587623109,1.6747135446973132
0,scatter,,0.7068127863194424,1.678101484221765
0,scatter,,0.7236109757428705,1.6815455150498257
0,scatter,,0.7404438748878723,1.6850429794268134
0,scatter,,0.7573120045856123,1.6885911395295938
0,scatter,,0.7742158577716863,1.6921871757152098
0,scatter,,0.7911558987563041,1.6958281855402946
0,scatter,,0.8081325623810673,1.6995111822809998
0,scatter,,0.825146253158891,1.7032330934395217
0,scatter,,0.8421973443971708,1.7069907592383327
0,scatter,,0.8592861773060351,1.710780931115985
0,scatter,,0.8764130605222733,1.7146002725536953
0,scatter,,0.8935782689342424,1.7184453562137285
0,scatter,,0.9107820424512193,1.7223126608686326
0,scatter,,0.9280245852771902,1.7261985711489114
0,scatter,,0.9453060649506402,1.7300993761214989
0,scatter,,0.9626266113670935,1.7340112678760606
0,scatter,,0.9799863157847911,1.7379303401208428
0,scatter,,0.9973852298130257,1.741852586789581
0,scatter,,1.0148233648823608,1.7457739032064006
0,scatter,,1.032300691244909,1.7496900849607155
0,scatter,,1.0498171361220527,1.75359682254652
0,scatter,,1.0673725830860905,1.7574897023991758
0,scatter,,1.0849668709986071,1.7613642057860517
0,scatter,,1.1025997929320541,1.7652157077275679
0,scatter,,1.120271095076027,1.7690394759600323
0,scatter,,1.1379804756286125,1.7728306699427536
0,scatter,,1.15572758418421,1.77658434223182
0,scatter,,1.1735120211745114,1.7802954402144493
0,scatter,,1.191333335196718,1.7839587983830894
0,scatter,,1.2091910225671492,1.7875691408252774
0,scatter,,1.2270845262219026,1.7911210808782512
0,scatter,,1.2450132345774851,1.7946091207312835
0,scatter,,1.2629764803812815,1.7980276511148348
0,scatter,,1.2809735395524808,1.8013709510800673
0,scatter,,1.2990036304764478,1.8046331896555654
0,scatter,,1.317065914135158,1.8078084308586875
0,scatter,,1.3351594905883997,1.8108906247872654
0,scatter,,1.3532833986690023,1.8138736112295715
0,scatter,,1.37143661497472,1.8167511207082838
0,scatter,,1.3896180527398845,1.819516775204869
0,scatter,,1.407826560706062,1.822164089029271
0,scatter,,1.4260609219928555,1.8246864698397545
0,scatter,,1.4443198533222281,1.8270772208892974
0,scatter,,1.462602005995624,1.829329548749129
0,scatter,,1.4809059617864058,1.831436555760327
0,scatter,,1.4992302326138156,1.8333912441252989
0,scatter,,1.5175732598304166,1.8351865189934553
0,scatter,,1.5359334132147804,1.8368151908215224
0,scatter,,1.5543089899780926,1.8382699779491558
0,scatter,,1.572698213785382,1.839543509395932
0,scatter,,1.5910992339997039,1.8406283283003297
0,scatter,,1.6095101274644483,1.841516900643073
0,scatter,,1.6279288944534687,1.8422016124922944
0,scatter,,1.6463534580327095,1.8426747742902714
0,scatter,,1.6647816639091502,1.8429286263296896
0,scatter,,1.6832112796971672,1.8429553432792405
0,scatter,,1.7016399942192235,1.842747038999009
0,scatter,,1.7200654168421254,1.8422957716528334
0,scatter,,1.7384850769238862,1.8415935491656787
0,scatter,,1.7568964260942408,1.840632336555626
0,scatter,,1.775296835258912,1.8394040606107251
0,scatter,,1.7936835933598287,1.8379006158502262
0,scatter,,1.8120539080521236,1.8361138718665808
0,scatter,,1.8304049054358684,1.83403568045389
0,scatter,,1.8487336298486574,1.8316578830914783
0,scatter,,1.8670370437203558,1.8289723187901823
0,scatter,,1.8853120274969288,1.8259708323009787
0,scatter,,1.9035553819212434,1.8226452784160636
0,scatter,,1.9217638270984736,1.818987532799809
0,scatter,,1.9399340007134986,1.8149895049321114
0,scatter,,1.9580624596695002,1.8106431451872884
0,scatter,,1.976145680503167,1.8059404547498683
0,scatter,,1.994180059890893,1.8008734959201658
0,scatter,,2.0121619152484027,1.7954344028161096
0,scatter,,2.030087485426243,1.7896153924778224
0,scatter,,2.0479529323655936,1.7834087699864887
0,scatter,,2.06575434252037,1.7768069364869858
0,scatter,,2.0834877263445613,1.7698024127680143
0,scatter,,2.1011490202894785,1.762387845431556
0,scatter,,2.11873408819676,1.7545560187931106
0,scatter,,2.136238722816357,1.7462998671294336
0,scatter,,2.1536586468371066,1.7376124874821008
0,scatter,,2.170989513303583,1.7284871530715042
0,scatter,,2.1882269097502483,1.718917325436895
0,scatter,,2.2053663592888038,1.7088966682445186
0,scatter,,2.22240332257798,1.698419061054283
0,scatter,,2.2393331999992125,1.6874786133388608
0,scatter,,2.2561513340841595,1.676069677450346
0,scatter,,2.2728530136141227,1.6641868442996866
0,scatter,,2.2894334742345657,1.6518249750899894
0,scatter,,2.305887900247592,1.6389792261597087
0,scatter,,2.322211430460625,1.6256450352633873
0,scatter,,2.338399158667213,1.6118181554155981
0,scatter,,2.354446138135558,1.5974946589968888
0,scatter,,2.3703473844455525,1.5826709533901149
0,scatter,,2.386097878983069,1.567343793867015
0,scatter,,2.401692572481977,1.5515102965246803
0,scatter,,2.417126388706361,1.535167951168376
0,scatter,,2.432394228297821,1.5183146335942739
0,scatter,,2.4474909725631306,1.5009486181078475
0,scatter,,2.462411487453137,1.4830685897499378
0,scatter,,2.477150628236232,1.46467365453959
0,scatter,,2.4917032429101,1.4457633529637628
0,scatter,,2.506064177557728,1.4263376679193989
0,scatter,,2.5202282800390226,1.4063970376716515
0,scatter,,2.534190405022897,1.3859423638015311
0,scatter,,2.547945418646619,1.3649750208479428
0,scatter,,2.561488202916092,1.3434968664087978
0,scatter,,2.5748136612484536,1.321510245789939
0,scatter,,2.5879167226208732,1.2990180038471488
0,scatter,,2.600792347456903,1.2760234852100865
0,scatter,,2.6134355318062994,1.2525305475725241
0,scatter,,2.6258413124613367,1.2285435677605008
0,scatter,,2.6380047726725135,1.2040674391871844
0,scatter,,2.6499210476432964,1.179107573585536
0,scatter,,2.661585329667239,1.153669909966422
0,scatter,,2.672992873531317,1.127760913485183
0,scatter,,2.6841389995795515,1.1013875810838272
0,scatter,,2.6950191015139873,1.0745574362883301
0,scatter,,2.705628651484279,1.0472785289619642
0,scatter,,2.7159632042552184,1.0195594339522183
0,scatter,,2.7260184026037386,0.9914092482038717
0,scatter,,2.735789983459239,0.9628375867867803
0,scatter,,2.745273782617991,0.9338545777798665
0,scatter,,2.7544657389047584,0.9044708543939336
0,scatter,,2.7633619004224217,0.8746975500623798
0,scatter,,2.7719584294101756,0.844546289986297
0,scatter,,2.7802516063158618,0.8140291807228475
0,scatter,,2.7882378348821932,0.7831588002580961
0,scatter,,2.79591364741379,0.7519481873786694
0,scatter,,2.8032757089555713,0.7204108289927863
0,scatter,,2.810320820841217,0.6885606466347108
0,scatter,,2.8170459262241314,0.6564119822484656
0,scatter,,2.82344811405204,0.6239795827515257
0,scatter,,2.8295246221583765,0.5912785845742816
0,scatter,,2.8352728415586927,0.5583244960222975
0,scatter,,2.8406903205774894,0.525133178681416
0,scatter,,2.8457747678950445,0.4917208291893005
0,scatter,,2.850524055074909,0.4581039611556337
0,scatter,,2.854936220778387,0.42429938210701645
0,scatter,,2.859009473406677,0.3903241726821389
0,scatter,,2.8627421929380747,0.3561956678045376
0,scatter,,2.8661329338885464,0.32193143213670533
0,scatter,,2.8691804278147965,0.28754923574277413
0,scatter,,2.8718835848678377,0.25306703266434905
0,scatter,,2.874241495028637,0.21850293981088187
0,scatter,,2.876253430605216,0.1838752064402344
0,scatter,,2.877918847283191,0.14920219030191245
0,scatter,,2.8792373845176398,0.11450233748383062
0,scatter,,2.880208866029284,0.07979415903972613
0,scatter,,2.8808333012907417,0.04509619710478255
0,scatter,,2.8811108854338583,0.010427001617613146
0,scatter,,2.8810419988089033,-0.02419488803006302
0,scatter,,2.8806272068561847,-0.0587509710783545
0,scatter,,2.8798672598972654,-0.09322281655061182
0,scatter,,2.8787630922246095,-0.1275920866424835
0,scatter,,2.8773158208222256,-0.16184055218392807
0,scatter,,2.8755267442497248,-0.19595012433693237
0,scatter,,2.8733973411659743,-0.2299028820712347
0,scatter,,2.8709292685123082,-0.26368109411554186
0,scatter,,2.868124359679763,-0.2972672323018901
0,scatter,,2.8649846220867605,-0.3306440045692011
0,scatter,,2.861512234680936,-0.3637943777624043
0,scatter,,2.857709545334997,-0.3967015970474689
0,scatter,,2.8535790684524116,-0.42934919780302283
0,scatter,,2.8491234812157518,-0.46172103720870866
0,scatter,,2.844345620332339,-0.49380131224425655
0,scatter,,2.8392484788057626,-0.5255745755338868
0,scatter,,2.8338352029379523,-0.557025746649706
0,scatter,,2.828109087375619,-0.5881401392816635
0,scatter,,2.822073571303397,-0.6189034748578562
0,scatter,,2.8157322348378266,-0.6493018941839266
0,scatter,,2.8090887952125536,-0.6793219684929079
0,scatter,,2.802147101036367,-0.7089507198432206
0,scatter,,2.794911128033799,-0.7381756309745678
0,scatter,,2.787384975349696,-0.7669846527405919
0,scatter,,2.7795728606619794,-0.7953662143002715
0,scatter,,2.7714791142098942,-0.8233092356777402
0,scatter,,2.7631081741406827,-0.8508031342508507
0,scatter,,2.7544645828609466,-0.8778378288778943
0,scatter,,2.745552981117797,-0.9044037470714918
0,scatter,,2.73637810215613,-0.9304918308056601
0,scatter,,2.726944766856807,-0.9560935394884807
0,scatter,,2.717257880378671,-0.9812008516344064
0,scatter,,2.7073224250046213,-1.0058062673523023
0,scatter,,2.697143454620384,-1.029902808957034
0,scatter,,2.6867260894944742,-1.0534840203675824
0,scatter,,2.6760755131720795,-1.0765439666120415
0,scatter,,2.665196967123628,-1.0990772314757926
0,scatter,,2.654095742957723,-1.1210789132202064
0,scatter,,2.6427771781868783,-1.1425446206761916
0,scatter,,2.6312466516592337,-1.1634704695627407
0,scatter,,2.619509580673171,-1.1838530811542334
0,scatter,,2.6075714125467067,-1.2036895691886373
0,scatter,,2.595437620452971,-1.222977534166714
0,scatter,,2.583113698598346,-1.241715055641314
0,scatter,,2.5706051599117163,-1.2599006914375614
0,scatter,,2.5579175290689813,-1.2775334615677278
0,scatter,,2.5450563375184245,-1.2946128373668857
0,scatter,,2.532027119240343,-1.3111387319485353
0,scatter,,2.518835407638305,-1.3271114956777497
0,scatter,,2.505486731384949,-1.3425319057562044
0,scatter,,2.491986608359194,-1.3574011458881514
0,scatter,,2.4783405422396623,-1.3717207973380203
0,scatter,,2.4645540188486184,-1.3854928286740873
0,scatter,,2.4506325037648704,-1.3987195925595874
0,scatter,,2.4365814365092024,-1.4114037992861759
0,scatter,,2.4224062274418148,-1.4235485066633122
0,scatter,,2.408112254360182,-1.4351571070327764
0,scatter,,2.393704860331587,-1.4462333245614822
0,scatter,,2.3791893495406815,-1.4567811927189096
0,scatter,,2.3645709840183327,-1.4668050384980698
0,scatter,,2.3498549809023435,-1.4763094701421386
0,scatter,,2.3350465100736715,-1.4852993694915266
0,scatter,,2.320150691653155,-1.4937798802883375
0,scatter,,2.305172592811697,-1.5017563845321211
0,scatter,,2.2901172256652,-1.5092344924676704
0,scatter,,2.2749895450830215,-1.5162200306252296
0,scatter,,2.2597944468511106,-1.5227190369653745
0,scatter,,2.2445367653489443,-1.5287377360423742
0,scatter,,2.2292212718012525,-1.5342825283649966
0,scatter,,2.2138526725890175,-1.539359977845061
0,scatter,,2.198435607586975,-1.5439768067060022
0,scatter,,2.1829746487757085,-1.5481398772162225
0,scatter,,2.1674742989427265,-1.5518561775181132
0,scatter,,2.1519389904787016,-1.5551328109281715
0,scatter,,2.136373084074534,-1.557976987574944
0,scatter,,2.120780867630859,-1.560396014845779
0,scatter,,2.1051665558027524,-1.5623972799022425
0,scatter,,2.0895342891189217,-1.5639882411613624
0,scatter,,2.073888133244458,-1.5651764184267527
0,scatter,,2.0582320778454632,-1.5659693870141553
0,scatter,,2.0425700369175743,-1.566374762309636
0,scatter,,2.0269058483067224,-1.566400191312659
0,scatter,,2.0112432734407495,-1.5660533436388298
0,scatter,,1.995585996423659,-1.565341905445643
0,scatter,,1.9799376244834181,-1.5642735689446507
0,scatter,,1.9643016882356699,-1.5628560232977953
0,scatter,,1.9486816416474773,-1.5610969473350276
0,scatter,,1.9330808616764168,-1.5590040029266716
0,scatter,,1.9175026481940218,-1.5565848283420194
0,scatter,,1.9019502254756868,-1.553847029380736
0,scatter,,1.8864267421762806,-1.5507981735937337
0,scatter,,1.8709352718776497,-1.547445783993915
0,scatter,,1.8554788124961314,-1.543797333982581
0,scatter,,1.8400602865892253,-1.5398602419973546
0,scatter,,1.8246825437641958,-1.5356418649976453
0,scatter,,1.809348360610122,-1.5311494941531416
0,scatter,,1.7940604415099892,-1.5263903502672047
0,scatter,,1.7788214182664814,-1.5213715785988884
0,scatter,,1.7636338510110803,-1.5161002448931904
0,scatter,,1.7485002304121902,-1.5105833326309712
0,scatter,,1.7334229779641006,-1.5048277391428646
0,scatter,,1.7184044469914392,-1.4988402725111678
0,scatter,,1.7034469223412405,-1.4926276467069748
0,scatter,,1.688552621773744,-1.4861964795168658
0,scatter,,1.6737236980552177,-1.4795532917516403
0,scatter,,1.6589622394606065,-1.4727045042703135
0,scatter,,1.6442702708903065,-1.465656436139683
0,scatter,,1.6296497536963224,-1.4584152999287268
0,scatter,,1.6151025874047582,-1.4509872016581067
0,scatter,,1.6006306115878048,-1.44337814128335
0,scatter,,1.5862356065569576,-1.4355940105767377
0,scatter,,1.5719192945316856,-1.427640592291017
0,scatter,,1.5576833396084138,-1.419523555808754
0,scatter,,1.5435293496705353,-1.4112484588893448
0,scatter,,1.5294588780340619,-1.4028207487644806
0,scatter,,1.5154734242758783,-1.3942457608885523
0,scatter,,1.501574435426824,-1.3855287189475167
0,scatter,,1.487763305993757,-1.3766747306116123
0,scatter,,1.4740413801079173,-1.3676887914174443
0,scatter,,1.4604099527930232,-1.3585757854850582
0,scatter,,1.4468702709455565,-1.3493404852964606
0,scatter,,1.4334235344602042,-1.3399875521141449
0,scatter,,1.4200708963353028,-1.3305215319377863
0,scatter,,1.4068134648613582,-1.320946860972553
0,scatter,,1.393652304838911,-1.3112678668612605
0,scatter,,1.3805884384717169,-1.3014887685898509
0,scatter,,1.3676228464989055,-1.2916136776069052
0,scatter,,1.35475646931919,-1.2816465990449764
0,scatter,,1.34199020752175,-1.2715914298608972
0,scatter,,1.3293249225742585,-1.2614519579865748
0,scatter,,1.3167614390434486,-1.251231869987343
0,scatter,,1.304300545021217,-1.2409347491071963
0,scatter,,1.2919429930522102,-1.2305640762130825
0,scatter,,1.2796895010331362,-1.2201232307552783
0,scatter,,1.2675407533662715,-1.209615492618407
0,scatter,,1.2554974041746794,-1.1990440505996283
0,scatter,,1.2435600754129879,-1.1884119947509106
0,scatter,,1.2317293581874433,-1.1777223189864263
0,scatter,,1.220005813992506,-1.166977923492996
0,scatter,,1.2083899755612804,-1.1561816159794887
0,scatter,,1.1968823476836934,-1.1453361128853898
0,scatter,,1.1854834092423134,-1.1344440453773788
0,scatter,,1.1741936138581561,-1.1235079600525684
0,scatter,,1.1630133893733425,-1.1125303152222314
0,scatter,,1.1519431394051185,-1.1015134852772122
0,scatter,,1.1409832441414558,-1.0904597621944792
0,scatter,,1.130134061112662,-1.079371357021227
0,scatter,,1.119395926130483,-1.068250401968908
0,scatter,,1.108769154824307,-1.057098954540651
0,scatter,,1.098254042246187,-1.0459189952992423
0,scatter,,1.087850863923258,-1.0347124304839295
0,scatter,,1.0775598766563494,-1.0234810938290633
0,scatter,,1.0673813192218562,-1.0122267481019225
0,scatter,,1.0573154130581315,-1.0009510866351452
0,scatter,,1.0473623632160436,-0.9896557362837474
0,scatter,,1.0375223588432116,-0.9783422580614768
0,scatter,,1.0277955736922753,-0.9670121479674838
0,scatter,,1.0181821668551967,-0.9556668390360672
0,scatter,,1.0086822833747597,-0.9443077028193071
0,scatter,,0.9992960548381354,-0.9329360508388287
0,scatter,,0.99002360003567,-0.9215531364884373
0,scatter,,0.9808650256980456,-0.9101601574614476
0,scatter,,0.9718204267371093,-0.8987582553551459
0,scatter,,0.9628898869006851,-0.8873485177502655
0,scatter,,0.9540734793081653,-0.8759319796596552
0,scatter,,0.9453712669601482,-0.8645096248865556
0,scatter,,0.9367833032409698,-0.8530823874049347
0,scatter,,0.9283096325727258,-0.8416511537785468
0,scatter,,0.9199502907294446,-0.8302167634635875
0,scatter,,0.9117053052758899,-0.8187800099723663
0,scatter,,0.9035746960561128,-0.8073416424170006
0,scatter,,0.8955584756258628,-0.7959023667508547
0,scatter,,0.8876566496713596,-0.7844628469779469
0,scatter,,0.8798692174694329,-0.7730237067697439
0,scatter,,0.8721961723280036,-0.7615855309978319
0,scatter,,0.864637501844808,-0.7501488658828028
0,scatter,,0.8571931883368493,-0.7387142205791536
0,scatter,,0.8498632092040996,-0.7272820682998542
0,scatter,,0.8426475372800436,-0.7158528474008339
0,scatter,,0.8355461411768597,-0.7044269625075581
0,scatter,,0.8285589856707547,-0.6930047862093524
0,scatter,,0.821686031956658,-0.6815866593336068
0,scatter,,0.8149272379655652,-0.6701728920444174
0,scatter,,0.8082825586733923,-0.6587637649348161
0,scatter,,0.801751946390465,-0.6473595299846263
0,scatter,,0.7953353510411709,-0.6359604114910846
0,scatter,,0.7890327204489822,-0.624566607297316
0,scatter,,0.7828440005976884,-0.6131782896813752
0,scatter,,0.7767691358659348,-0.6017956058331325
0,scatter,,0.7708080692812259,-0.590418678924147
0,scatter,,0.7649607427557333,-0.579047608942959
0,scatter,,0.7592270973138882,-0.5676824735066105
0,scatter,,0.753607073310682,-0.5563233287309243
0,scatter,,0.7481006106381423,-0.5449702103630563
0,scatter,,0.742707648937026,-0.5336231339747274
0,scatter,,0.7374281277909945,-0.5222820958534289
0,scatter,,0.7322619869151897,-0.5109470737590449
0,scatter,,0.7272091663385147,-0.4996180276160623
0,scatter,,0.7222696065791202,-0.48829490018378663
0,scatter,,0.7174432488133965,-0.476977617704751
0,scatter,,0.7127300350148161,-0.4656660909976379
0,scatter,,0.7081299081091476,-0.4543602160897783
0,scatter,,0.7036428121595275,-0.44305987413627945
0,scatter,,0.6992686924908464,-0.4317649323879826
0,scatter,,0.6950074958274324,-0.420475244774942
0,scatter,,0.6908591704254695,-0.4091906524720699
0,scatter,,0.6868236662002194,-0.3979109844477083
0,scatter,,0.6829009348414631,-0.3866360580196121
0,scatter,,0.6790909298438862,-0.3753656796770224
0,scatter,,0.6753936067166253,-0.364099645241163
0,scatter,,0.6718089230827119,-0.35283774038145704
0,scatter,,0.6683368387604792,-0.3415797411655245
0,scatter,,0.6649773158591294,-0.330325414529957
0,scatter,,0.6617303188702173,-0.31907451873798554
0,scatter,,0.6585958147551174,-0.3078268038239673
0,scatter,,0.6555737729942824,-0.2965820121054906
0,scatter,,0.6526641656136092,-0.2853398787283396
0,scatter,,0.6498669673766387,-0.2741001318046761
0,scatter,,0.6471821558055721,-0.26286249293114705
0,scatter,,0.6446097112436232,-0.25162667759248547
0,scatter,,0.6421496169170292,-0.24039239554805994
0,scatter,,0.6398018589938891,-0.2291593512089999
0,scatter,,0.6375664266384412,-0.21792724400737987
0,scatter,,0.6354433119605424,-0.20669576881780366
0,scatter,,0.6334325101376429,-0.19546461626554873
0,scatter,,0.6315340195041049,-0.18423347304506207
0,scatter,,0.629747841549771,-0.17300202228381922
0,scatter,,0.628073980956395,-0.16176994387527857
0,scatter,,0.6265124456313427,-0.15053691480536135
0,scatter,,0.6250632467387323,-0.13930260947302037
0,scatter,,0.6237263987066096,-0.1280667000077881
0,scatter,,0.6225019191534252,-0.11682885659056198
0,scatter,,0.6213898290584235,-0.10558874774302224
0,scatter,,0.6203901527377295,-0.09434604063372315
0,scatter,,0.6195029178466629,-0.08310040137711287
0,scatter,,0.6187281553915108,-0.07185149532783967
0,scatter,,0.6180658997390207,-0.0605989873722014
0,scatter,,0.6175161886236931,-0.04934254221674484
0,scatter,,0.6170790630823575,-0.03808182467001079
0,scatter,,0.6167545674500623,-0.026816499926683966
0,scatter,,0.6165427494664555,-0.015546233858177771
0,scatter,,0.6164436602121129,-0.004270693290675892
0,scatter,,0.6164573540997565,0.007010453713610452
0,scatter,,0.6165838888634277,0.018297537575397368
0,scatter,,0.6168233255455124,0.029590886916954596
0,scatter,,0.6171757284725881,0.040890828281464245
0,scatter,,0.6176411651307327,0.052197685864190005
0,scatter,,0.6182197062613765,0.06351178121320826
0,scatter,,0.6189114258359355,0.07483343294400913
0,scatter,,0.6197164010007853,0.08616295645548917
0,scatter,,0.6206347120462488,0.09750066363984233
0,scatter,,0.6216664423732624,0.10884686258977312
0,scatter,,0.6228116784577422,0.12020185730214672
0,scatter,,0.6240705097458495,0.1315659473791428
0,scatter,,0.6254430285247219,0.1429394277256707
0,scatter,,0.62692933012359,0.15432258823673597
0,scatter,,0.6285295127577994,0.16571571348576647
0,scatter,,0.6302436774708451,0.17711908240598556
0,scatter,,0.6320719280806684,0.1885329679658215
0,scatter,,0.6340143711234739,0.19995763683834894
0,scatter,,0.6360711157950446,0.21139334906422075
0,scatter,,0.6382422738895178,0.22284035770752975
0,scatter,,0.6405279597356794,0.2342989085046106
0,scatter,,0.642928290130673,0.24576923950489835
0,scatter,,0.6454433841077348,0.25725158069260934
0,scatter,,0.6480733625070223,0.26874615358659587
0,scatter,,0.6508183486838204,0.2802531709095197
0,scatter,,0.6536784681102416,0.29177283617203204
0,scatter,,0.6566538482462305,0.3033053432659632
0,scatter,,0.6597446184409055,0.3148508760495847
0,scatter,,0.6629509098295272,0.32640960792245327
0,scatter,,0.6662728552259118,0.33798170138929085
0,scatter,,0.6697105890100853,0.34956730761235616
0,scatter,,0.6732642470110961,0.3611665659522047
0,scatter,,0.6769339663847769,0.3727796034962938
0,scatter,,0.6807198855047992,0.38440653453613716
0,scatter,,0.6846221438918624,0.39604745994118723
0,scatter,,0.6886408819587986,0.4077024668908413
0,scatter,,0.6927762409081341,0.4193716282631925
0,scatter,,0.697028362591486,0.4310550020765881
0,scatter,,0.7013973893553075,0.4427526309318489
0,scatter,,0.7058834638804498,0.4544645414392259
0,scatter,,0.7104867290152785,0.46619074362952245
0,scatter,,0.7152073276020547,0.4779312303488091
0,scatter,,0.7200454022964655,0.4896859766366068
0,scatter,,0.7250010953800122,0.5014549390869656
0,scatter,,0.7300745486324823,0.5132380551795489
0,scatter,,0.7352659034640447,0.5250352425444245
0,scatter,,0.7405753001495953,0.5368463983700866
0,scatter,,0.7460028777776213,0.5486713986613947
0,scatter,,0.7515487740845147,0.5605100974975622
0,scatter,,0.7572131252301091,0.5723623262794406
0,scatter,,0.7629960655654023,0.5842278929566664
0,scatter,,0.7688977273921691,0.5961065812340802
0,scatter,,0.774918240714154,0.6079981497568278
0,scatter,,0.7810577329797523,0.6199023312740046
0,scatter,,0.7873163288158664,0.6318188317802523
0,scatter,,0.7936941497771385,0.6437473296668584
0,scatter,,0.8001913142418513,0.6556874750543961
0,scatter,,0.8068079368494265,0.667638888513867
0,scatter,,0.8135441282584365,0.6796011601968932
0,scatter,,0.8203999948718941,0.6915738489120995
0,scatter,,0.8273756385183915,0.7035564811324932
0,scatter,,0.8344711561232176,0.715548549978599
0,scatter,,0.8416866393691105,0.7275495141767766
0,scatter,,0.8490221743462936,0.7395587969921648
0,scatter,,0.8564778411917173,0.7515757851361553
0,scatter,,0.8640537137171516,0.7635998276478428
0,scatter,,0.8717498590332814,0.7756302348255109
0,scatter,,0.879566337238932,0.7876662779127221
0,scatter,,0.8875032009014965,0.7997071867529425
0,scatter,,0.8955604946533811,0.8117521487235538
0,scatter,,0.9037382547823449,0.8238003077061355
0,scatter,,0.9120365087893536,0.8358507628295782
0,scatter,,0.9204552749336693,0.8479025671871493
0,scatter,,0.9289945617647879,0.8599547265270971
0,scatter,,0.9376543676408186,0.8720061979163958
0,scatter,,0.9464346802332313,0.8840558883777065
0,scatter,,0.9553354760175709,0.8961026534991696
0,scatter,,0.9643567197599712,0.9081452961185972
0,scatter,,0.9734983641641978,0.9201825667203585
0,scatter,,0.9827603490979534,0.9322131597706246
0,scatter,,0.9921426010274158,0.9442357122470802
0,scatter,,1.0016450324921466,0.9562488026958091
0,scatter,,1.0112675415108063,0.9682509497297955
0,scatter,,1.021010010971071,0.9802406105041753
0,scatter,,1.0308723080037956,0.9922161791688013
0,scatter,,1.0408542833407215,1.0041759852977588
0,scatter,,1.0509557706557622,1.0161182922964205
0,scatter,,1.061176585889437,1.0280412957860476
0,scatter,,1.0715165265660724,1.039943122037409
0,scatter,,1.0819753714245584,1.0518218287297019
0,scatter,,1.0925528793804038,1.063675401070426
0,scatter,,1.10324878871132,1.0755017496082144
0,scatter,,1.1140628164256126,1.0872987094511997
0,scatter,,1.1249946574983136,1.0990640386589443
0,scatter,,1.1360439840903935,1.110795416629701
0,scatter,,1.1472104447512734,1.1224904424848594
0,scatter,,1.158493663604009,1.1341466334515644
0,scatter,,1.1698932395140265,1.1457614232447966
0,scatter,,1.181408745342899,1.1573321603480282
0,scatter,,1.1930397270185582,1.1688561064636027
0,scatter,,1.2047857025881743,1.180330434968034
0,scatter,,1.2166461613724635,1.191752229253875
0,scatter,,1.2286205630515348,1.2031184811304552
0,scatter,,1.240708336733489,1.214426089234248
0,scatter,,1.2529088800055368,1.2256718574505616
0,scatter,,1.2652215579673887,1.2368524933482983
0,scatter,,1.2776457022471466,1.247964606630006
0,scatter,,1.2901806103947022,1.259004710178842
0,scatter,,1.3028255448102481,1.2699692182073554
0,scatter,,1.3155797311975757,1.280854441441366
0,scatter,,1.3284423578389106,1.2916565878076562
0,scatter,,1.3414125745523096,1.3023717611920032
0,scatter,,1.354489491634484,1.3129959602477042
0,scatter,,1.3676721787892834,1.3235250772597758
0,scatter,,1.380959664042393,1.3339548970691928
0,scatter,,1.3943509326423147,1.3442810960612313
0,scatter,,1.407844926332143,1.3544992418727038
0,scatter,,1.421440542445273,1.3646047928962153
0,scatter,,1.43513663189343,1.3745930960091268
0,scatter,,1.4489319984815046,1.38445938665144
0,scatter,,1.4628253977917465,1.3941987882822404
0,scatter,,1.4768155360514288,1.4038063119203337
0,scatter,,1.4909010689939972,1.413276855789962
0,scatter,,1.5050806007142006,1.4226052050770814
0,scatter,,1.5193526825177182,1.4317860318018236
0,scatter,,1.5337158120446273,1.4408138958259518
0,scatter,,1.548168432550863,1.4496832465773084
0,scatter,,1.5627089307481794,1.458388419674415
0,scatter,,1.577335636093318,1.466923638973218
0,scatter,,1.5920468196896984,1.4752830173559368
0,scatter,,1.6068406931639785,1.483460557584564
0,scatter,,1.621715407548023,1.4914501533324969
0,scatter,,1.636669052167335,1.499245590402162
0,scatter,,1.6516996535370017,1.5068405481366736
0,scatter,,1.6668051745829058,1.5142286011894182
0,scatter,,1.681983514538478,1.5214032218315683
0,scatter,,1.6972325061543394,1.528357781152294
0,scatter,,1.7125499152860435,1.5350855516499975
0,scatter,,1.7279334400091628,1.5415797098212989
0,scatter,,1.7433807096597336,1.5478333389518315
0,scatter,,1.758889283900362,1.5538394321666922
0,scatter,,1.7744566518139009,1.5595908957501965
0,scatter,,1.7900802310272488,1.5650805527449863
0,scatter,,1.8057573670136062,1.5703011464928671
0,scatter,,1.8214853331073817,1.5752453428635793
0,scatter,,1.837261328527281,1.5799057376128958
0,scatter,,1.8530824779853736,1.5842748603860248
0,scatter,,1.8689458311584135,1.5883451794785906
0,scatter,,1.8848483620888297,1.5921091072113724
0,scatter,,1.9007869686378014,1.59555900564455
0,scatter,,1.9167584719938042,1.598687192641857
0,scatter,,1.9327596162394702,1.6014859482950239
0,scatter,,1.9487870680279886,1.6039475212055094
0,scatter,,1.9648374168107678,1.6060641299765666
0,scatter,,1.9809071740329096,1.6078279767916412
0,scatter,,1.9969927730540238,1.609231254439457
0,scatter,,2.013090569202523,1.6102661531294686
0,scatter,,2.02919683981595,1.6109248687103161
0,scatter,,2.0453077843704905,1.6111996112410403
0,scatter,,2.061419524704485,1.6110826139195213
0,scatter,,2.077528104691689,1.6105661420655375
0,scatter,,2.0936294906786483,1.6096425027828192
0,scatter,,2.109719572746541,1.6083040553306402
0,scatter,,2.1257941648406358,1.6065432212799624
0,scatter,,2.1418490054348354,1.6043524952452275
0,scatter,,2.157879758303633,1.6017244559906985
0,scatter,,2.173882013404931,1.5986517779143123
0,scatter,,2.189851287937158,1.5951272408317843
0,scatter,,2.2057830276909995,1.5911437339692007
0,scatter,,2.221672607970053,1.586694279753901
0,scatter,,2.237515335072794,1.5817720427438016
0,scatter,,2.253306447833825,1.5763703414225756
0,scatter,,2.2690411192813564,1.570482661021472
0,scatter,,2.284714458391566,1.5641026665132178
0,scatter,,2.3003215106757438,1.5572242126405227
0,scatter,,2.3158572612564687,1.5498413600022263
0,scatter,,2.331316637340377,1.5419483895400068
0,scatter,,2.346694510110245,1.5335398154692736
0,scatter,,2.361985697144869,1.5246103993793856
0,scatter,,2.377184964987249,1.5151551645523045
0,scatter,,2.392287031640632,1.5051694049113693
0,scatter,,2.407286569198809,1.4946486936643062
0,scatter,,2.422178207295707,1.4835889086782998
0,scatter,,2.436956536035663,1.4719862410588869
0,scatter,,2.451616109265968,1.459837208363892
0,scatter,,2.4661514477203874,1.4471386689180703
0,scatter,,2.4805570416155396,1.4338878386981504
0,scatter,,2.494827355554447,1.4200822998549956
0,scatter,,2.5089568319052202,1.4057200155158378
0,scatter,,2.522939894629912,1.3907993432984325
0,scatter,,2.5367709532827303,1.375319047265478
0,scatter,,2.5504444068826158,1.3592782998410196
0,scatter,,2.5639546484836715,1.3426767042458603
0,scatter,,2.5772960695623404,1.3255143046627775
0,scatter,,2.5904630645275524,1.3077915954787995
0,scatter,,2.603450035361348,1.289509531538322
0,scatter,,2.616251394863069,1.2706695380149284
0,scatter,,2.628861572406445,1.2512735195539837
0,scatter,,2.641275019281231,1.23132386888643
0,scatter,,2.6534862132515262,1.2108234749090576
0,scatter,,2.6654896636180694,1.1897757300932303
0,scatter,,2.67727991583442,1.1681845349071536
0,scatter,,2.6888515566594484,1.146054303433755
0,scatter,,2.700199219984827,1.1233899707528594
0,scatter,,2.7113175918508325,1.1001969957009727
0,scatter,,2.7222014158165266,1.0764813639772721
0,scatter,,2.7328454977503234,1.0522495908148324
0,scatter,,2.7432447102502153,1.027508723014117
0,scatter,,2.7533939997518124,1.0022663379451084
0,scatter,,2.7632883912351835,0.976530543388472
0,scatter,,2.772922993563991,0.9503099758415636
0,scatter,,2.782293004659601,0.9236137982295299
0,scatter,,2.7913937159337134,0.8964516984174673
0,scatter,,2.8002205186490543,0.8688338814911571
0,scatter,,2.8087689088595416,0.8407710645066974
0,scatter,,2.817034492498961,0.812274469553474
0,scatter,,2.8250129902931636,0.7833558156093672
0,scatter,,2.832700242276039,0.7540273168442541
0,scatter,,2.8400922125587322,0.7243016641470658
0,scatter,,2.8471849950632824,0.6941920160672791
0,scatter,,2.8539748176146738,0.6637119864353631
0,scatter,,2.860458046503368,0.6328756307677397
0,scatter,,2.866631190576814,0.6016974371278766
0,scatter,,2.8724909055307,0.5701923096840036
0,scatter,,2.8780339981366128,0.5383755495792159
0,scatter,,2.8832574300666662,0.5062628393289501
0,scatter,,2.888158321699338,0.47387022523133077
0,scatter,,2.8927339556820537,0.441214097319267
0,scatter,,2.8969817803943725,0.40831116899291836
0,scatter,,2.900899412789784,0.375178459519509
0,scatter,,2.9044846410197045,0.341833275903379
0,scatter,,2.9077354280244303,0.30829318408621753
0,scatter,,2.9106499138533675,0.27457598846482
0,scatter,,2.9132264171960682,0.240699712386655
0,scatter,,2.9154634380036804,0.20668257166486048
0,scatter,,2.9173596596042883,0.17254294878261023
0,scatter,,2.918913949999368,0.13829936980854307
0,scatter,,2.920125362405011,0.10397048459039371
0,scatter,,2.920993137376527,0.06957503414027527
0,scatter,,2.9215167034559064,0.035131825859986046
0,scatter,,2.921695677318418,0.0006597123929927146
0,scatter,,2.9215298640681358,-0.03382243428447727
0,scatter,,2.92101925774011,-0.06829575441010186
0,scatter,,2.920164040920158,-0.10274142455445438
0,scatter,,2.918964583915819,-0.1371406760036656
0,scatter,,2.9174214443489914,-0.17147482771850941
0,scatter,,2.915535366179352,-0.20572531275753372
0,scatter,,2.913307278399919,-0.23987370027776345
0,scatter,,2.9107382934976123,-0.2739017152091307
0,scatter,,2.907829705768246,-0.30779127208030455
0,scatter,,2.904582989290432,-0.3415244971303616
0,scatter,,2.9009997958814635,-0.3750837452639849
0,scatter,,2.8970819525465643,-0.4084516261319458
0,scatter,,2.8928314586624984,-0.44161103048493383
0,scatter,,2.888250483155681,-0.4745451496082679
0,scatter,,2.8833413618689003,-0.5072374891213453
0,scatter,,2.878106593651827,-0.5396718975712873
0,scatter,,2.872548836869476,-0.5718325849133211
0,scatter,,2.8666709061126237,-0.6037041372748673
0,scatter,,2.8604757685350366,-0.6352715325563449
0,scatter,,2.853966539022555,-0.6665201634466442
0,scatter,,2.847146476189913,-0.697435850874827
0,scatter,,2.840018978195358,-0.7280048579099623
0,scatter,,2.832587579026756,-0.7582139002536544
0,scatter,,2.8248559428458466,-0.7880501619065101
0,scatter,,2.8168278595660423,-0.8175013045683701
0,scatter,,2.8085072400506275,-0.8465554776733041
0,scatter,,2.799898111062525,-0.8752013375913505
0,scatter,,2.7910046103489345,-0.9034280459512475
0,scatter,,2.7818309815404083,-0.9312252766277747
0,scatter,,2.7723815689743354,-0.9585832223228286
0,scatter,,2.7626608123003207,-0.9854926065061552
0,scatter,,2.7526732412634374,-1.011944684061297
0,scatter,,2.7424234704521644,-1.037931240627326
0,scatter,,2.7319161938978658,-1.0634445961549208
0,scatter,,2.721156179745886,-1.08847760808339
0,scatter,,2.7101482649159467,-1.1130236730144687
0,scatter,,2.698897349679233,-1.1370767211703785
0,scatter,,2.687408392343236,-1.1606312160123986
0,scatter,,2.6756864039173958,-1.183682151894212
0,scatter,,2.663736442765358,-1.206225052780626
0,scatter,,2.6515636094410766,-1.2282559643302493
0,scatter,,2.639173041480518,-1.24977144920552
0,scatter,,2.626569908259383,-1.2707685810061915
0,scatter,,2.6137594057476945,-1.2912449400017472
0,scatter,,2.600746751670733,-1.3111986030431535
0,scatter,,2.5875371805987903,-1.330628135203739
0,scatter,,2.5741359391101337,-1.3495325810518428
0,scatter,,2.560548280824451,-1.3679114566486572
0,scatter,,2.54677946185275,-1.385764738827341
0,scatter,,2.5328347363896944,-1.403092853717263
0,scatter,,2.518719352237536,-1.4198966660463683
0,scatter,,2.5044385462922056,-1.4361774683509558
0,scatter,,2.4899975402177867,-1.451936969537545
0,scatter,,2.475401536800419,-1.467177281038686
0,scatter,,2.4606557158663294,-1.4819009047603606
0,scatter,,2.4457652305221593,-1.4961107200730897
0,scatter,,2.4307352029538425,-1.509809971822372
0,scatter,,2.415570720648214,-1.5230022575254738
0,scatter,,2.4002768338662266,-1.5356915119966716
0,scatter,,2.384858551999891,-1.5478819946200602
0,scatter,,2.369320840476455,-1.5595782756901246
0,scatter,,2.3536686172111563,-1.5707852224767327
0,scatter,,2.337906749617806,-1.581507985421292
0,scatter,,2.322040052653038,-1.5917519846735309
0,scatter,,2.3060732858959714,-1.601522896280644
0,scatter,,2.2900111511408947,-1.6108266386022603
0,scatter,,2.2738582894999695,-1.6196693577909438
0,scatter,,2.2576192792006267,-1.6280574143094035
0,scatter,,2.241298634219241,-1.635997370750213
0,scatter,,2.22490080205934,-1.6434959782195013
0,scatter,,2.208430162007139,-1.6505601634979972
0,scatter,,2.191891022921275,-1.6571970143980002
0,scatter,,2.1752876217713957,-1.6634137674346825
0,scatter,,2.158624122772065,-1.6692177973262357
0,scatter,,2.1419046158434734,-1.6746166040797703
0,scatter,,2.1251331154796453,-1.6796178013266887
0,scatter,,2.108313559224521,-1.684229102453538
0,scatter,,2.091449806861488,-1.6884583099438388
0,scatter,,2.0745456399760283,-1.6923133063009992
0,scatter,,2.057604761047907,-1.6958020424733597
0,scatter,,2.0406307928653282,-1.6989325276606777
0,scatter,,2.02362727763905,-1.701712816660727
0,scatter,,2.0065976767350344,-1.7041510011360548
0,scatter,,1.9895453706131108,-1.7062552019798776
0,scatter,,1.9724736584694142,-1.708033559343228
0,scatter,,1.9553857581183913,-1.7094942240454218
0,scatter,,1.9382848056848185,-1.710645346614616
0,scatter,,1.9211738557635143,-1.7114950704480667
0,scatter,,1.904055881675645,-1.7120515254909083
0,scatter,,1.8869337755746862,-1.7123228200473655
0,scatter,,1.869810348715582,-1.7123170338185558
0,scatter,,1.8526883316265692,-1.7120422086465117
0,scatter,,1.8355703746052554,-1.7115063436627522
0,scatter,,1.8184590482477447,-1.7107173903158301
0,scatter,,1.801356843922061,-1.7096832459203886
0,scatter,,1.7842661743501618,-1.7084117483839636
0,scatter,,1.767189374173842,-1.7069106691819924
0,scatter,,1.7501287006107893,-1.7051877078589608
0,scatter,,1.7330863342814442,-1.7032504905828854
0,scatter,,1.7160643799288346,-1.7011065645255177
0,scatter,,1.6990648672253874,-1.6987633939718614
0,scatter,,1.6820897516448043,-1.6962283560630755
0,scatter,,1.6651409154090788,-1.6935087358426626
0,scatter,,1.6482201683047628,-1.6906117255796818
0,scatter,,1.6313292486626174,-1.687544421058564
0,scatter,,1.614469824332543,-1.6843138188947382
0,scatter,,1.597643493696399,-1.6809268139743587
0,scatter,,1.5808517868200784,-1.677390195723885
0,scatter,,1.5640961663519224,-1.6737106478821078
0,scatter,,1.5473780286052545,-1.6698947464776706
0,scatter,,1.5306987046471217,-1.6659489581070674
0,scatter,,1.5140594613891836,-1.6618796385927328
0,scatter,,1.4974615029072478,-1.657693031063537
0,scatter,,1.4809059714032142,-1.6533952655268749
0,scatter,,1.4643939482760364,-1.6489923582569064
0,scatter,,1.447926455304983,-1.6444902109694457
0,scatter,,1.4315044557784287,-1.6398946103607241
0,scatter,,1.4151288557949067,-1.6352112275631845
0,scatter,,1.3988005054093562,-1.6304456179658473
0,scatter,,1.3825201995946772,-1.6256032214312437
0,scatter,,1.3662886794746965,-1.620689362256625
0,scatter,,1.3501066334590344,-1.615709249387752
0,scatter,,1.3339746984727059,-1.6106679767780818
0,scatter,,1.3178934612578,-1.605570523879897
0,scatter,,1.3018634592067788,-1.600421756111529
0,scatter,,1.2858851815961445,-1.5952264255324264
0,scatter,,1.2699590707047437,-1.5899891715769967
0,scatter,,1.254085522956898,-1.5847145219271892
0,scatter,,1.2382648902516205,-1.5794068937318562
0,scatter,,1.2224974807783626,-1.5740705942136286
0,scatter,,1.2067835601581967,-1.5687098218021671
0,scatter,,1.1911233525334213,-1.5633286672746216
0,scatter,,1.1755170416391403,-1.5579311149631543
0,scatter,,1.1599647721931707,-1.5525210447676427
0,scatter,,1.1444666505524768,-1.547102232584127
0,scatter,,1.129022745710814,-1.5416783515827694
0,scatter,,1.1136330903746867,-1.536252973734745
0,scatter,,1.0982976819333032,-1.5308295711665905
0,scatter,,1.0830164834058609,-1.5254115175267626
0,scatter,,1.0677894243664412,-1.5200020893611703
0,scatter,,1.0526164028068519,-1.514604469953261
0,scatter,,1.03749728570007,-1.5092217498974805
0,scatter,,1.0224319090281035,-1.5038569263570096
0,scatter,,1.0074200792089893,-1.498512905956465
0,scatter,,0.9924615739657766,-1.4931925062942717
0,scatter,,0.9775561431725421,-1.4878984574420224
0,scatter,,0.9627035096767717,-1.4826334034250934
0,scatter,,0.9479033705284902,-1.4773999051792617
0,scatter,,0.933155398355689,-1.4722004440750247
0,scatter,,0.918459240794886,-1.467037418727751
0,scatter,,0.9038145218308565,-1.4619131485049044
0,scatter,,0.889220842587183,-1.4568298751721451
0,scatter,,0.8746777820660718,-1.4517897644097941
0,scatter,,0.8601848978665411,-1.446794907297596
0,scatter,,0.8457417270226619,-1.4418473223492079
0,scatter,,0.8313477875061558,-1.4369489603269394
0,scatter,,0.8170025777710057,-1.4321017010666748
0,scatter,,0.8027055776888093,-1.4273073560624705
0,scatter,,0.7884562493154861,-1.4225676704037193
0,scatter,,0.7742540375293114,-1.4178843242278196
0,scatter,,0.7600983706499297,-1.4132589341355866
0,scatter,,0.7459886610585102,-1.408693054669834
0,scatter,,0.7319243063467574,-1.4041881825637794
0,scatter,,0.7179046893923777,-1.399745755535847
0,scatter,,0.7039291788139617,-1.3953671530812661
0,scatter,,0.6899971296957569,-1.3910536986986781
0,scatter,,0.6761078841287569,-1.3868066612214032
0,scatter,,0.6622607717357258,-1.3826272561102237
0,scatter,,0.6484551101796504,-1.378516646705228
0,scatter,,0.6346902059201868,-1.3744759470254346
0,scatter,,0.6209653546972325,-1.3705062229778755
0,scatter,,0.6072798416430512,-1.3666084913795347
0,scatter,,0.5936329419449188,-1.3627837223436239
0,scatter,,0.5800239212991402,-1.3590328404562142
0,scatter,,0.5664520363513519,-1.3553567259142651
0,scatter,,0.5529165351236062,-1.3517562156248926
0,scatter,,0.5394166575091168,-1.3482321048539676
0,scatter,,0.5259516358505053,-1.3447851495352783
0,scatter,,0.512520695004534,-1.3414160648975983
0,scatter,,0.4991230528534851,-1.3381255273891681
0,scatter,,0.4857579206953093,-1.33491417576604
0,scatter,,0.4724245036106698,-1.3317826120582659
0,scatter,,0.4591220008192673,-1.3287314025003325
0,scatter,,0.4458496060417912,-1.3257610785747789
0,scatter,,0.43260650797020006,-1.3228721391314147
0,scatter,,0.4193918904312852,-1.320065049689232
0,scatter,,0.4062049327352739,-1.3173402435238328
0,scatter,,0.3930448100125622,-1.3146981226963854
0,scatter,,0.37991069351956436,-1.3121390588412134
0,scatter,,0.36680175093642675,-1.3096633939209434
0,scatter,,0.3537171466574729,-1.307271440962168
0,scatter,,0.34065604212781603,-1.3049634855109258
0,scatter,,0.3276175960798771,-1.3027397857607383
0,scatter,,0.31460096478038213,-1.3006005728976668
0,scatter,,0.3016053023143637,-1.2985460520227037
0,scatter,,0.28862976084224834,-1.2965764027608604
0,scatter,,0.2756734908508184,-1.2946917798408613
0,scatter,,0.26273564139848266,-1.2928923136453234
0,scatter,,0.24981536036094348,-1.2911781110158538
0,scatter,,0.23691179466829074,-1.2895492558761696
0,scatter,,0.22402409052263272,-1.288005809154717
0,scatter,,0.21115139362897625,-1.2865478095148266
0,scatter,,0.19829284941588743,-1.285175273792426
0,scatter,,0.1854476032521114,-1.2838881974038425
0,scatter,,0.17261480065902832,-1.2826865547268549
0,scatter,,0.15979358751542713,-1.281570299525867
0,scatter,,0.14698311024910693,-1.280539365508649
0,scatter,,0.13418251606159654,-1.2795936662637863
0,scatter,,0.12139095311972747,-1.2787330956713976
0,scatter,,0.1086075707504745,-1.2779575281892943
0,scatter,,0.09583151963468228,-1.2772668190941006
0,scatter,,0.08306195199885096,-1.2766608046978876
0,scatter,,0.0702980218012473,-1.2761393025534575
0,scatter,,0.057538884876385754,-1.2757021117773746
0,scatter,,0.04478369917716696,-1.2753490129986553
0,scatter,,0.03203162495432306,-1.2750797685013948
0,scatter,,0.019281824930120935,-1.2748941223611745
0,scatter,,0.006533464481653005,-1.274791800522565
0,scatter,,-0.006214288176504705,-1.2747725108534218
0,scatter,,-0.018962261809461266,-1.2748359431761214
0,scatter,,-0.031711281979196905,-1.2749817692758645
0,scatter,,-0.044462170862145475,-1.2752096428876676
0,scatter,,-0.057215747178322784,-1.2755191998614344
0,scatter,,-0.06997282592810461,-1.2759100579623954
0,scatter,,-0.08273421813923898,-1.2763818166695793
0,scatter,,-0.09550073073973772,-1.2769340571798211
0,scatter,,-0.1082731663729612,-1.2775663422892305
0,scatter,,-0.12105232321107881,-1.2782782162533652
0,scatter,,-0.13383899476647515,-1.2790692046262637
0,scatter,,-0.1466339697013079,-1.2799388140785213
0,scatter,,-0.1594380316344244,-1.2808865321945442
0,scatter,,-0.17225195901367696,-1.281911827188872
0,scatter,,-0.1850765249584554,-1.283014147625959
0,scatter,,-0.19791249689031393,-1.2841929223050452
0,scatter,,-0.21076063641420006,-1.285447559899313
0,scatter,,-0.2236216991164321,-1.2867774486458312
0,scatter,,-0.23649643435701168,-1.2881819560171184
0,scatter,,-0.24938558505839273,-1.2896604283727005
0,scatter,,-0.2622898874903097,-1.2912121905907987
0,scatter,,-0.27521007105026607,-1.29283654568028
0,scatter,,-0.28814685806654033,-1.2945327743422912
0,scatter,,-0.3011009636667215,-1.2963001344318372
0,scatter,,-0.31407309537454736,-1.2981378607065053
0,scatter,,-0.327063952930113,-1.3000451642938395
0,scatter,,-0.3400742280611696,-1.302021232189451
0,scatter,,-0.35310460423784795,-1.3040652267491923
0,scatter,,-0.3661557564219103,-1.3061762851622714
0,scatter,,-0.3792283508101433,-1.3083535189054167
0,scatter,,-0.39232304457200495,-1.3105960131782812
0,scatter,,-0.40544048558942236,-1.3129028263236617
0,scatter,,-0.41858131230111056,-1.315272989275674
0,scatter,,-0.4317461532779709,-1.3177055048796416
0,scatter,,-0.4449356269443903,-1.3201993472576805
0,scatter,,-0.45815034131652016,-1.3227534611662677
0,scatter,,-0.4713908937039729,-1.3253667613234772
0,scatter,,-0.4846578704041243,-1.3280381317184669
0,scatter,,-0.49795184638928175,-1.3307664249034439
0,scatter,,-0.5112733849863247,-1.3335504612682165
0,scatter,,-0.5246230375488302,-1.3363890282987931
0,scatter,,-0.5380013432325155,-1.3392808802012608
0,scatter,,-0.5514088285850821,-1.3422247368979099
0,scatter,,-0.5648460071114808,-1.3452192829511542
0,scatter,,-0.5783133789790692,-1.3482631669812775
0,scatter,,-0.5918114306522293,-1.351355000854979
0,scatter,,-0.6053406345182165,-1.3544933588587857
0,scatter,,-0.6189014485043903,-1.3576767768575908
0,scatter,,-0.6324943156864654,-1.3609037514384825
0,scatter,,-0.6461196638873926,-1.3641727390399983
0,scatter,,-0.659777905363828,-1.3674821555925365
0,scatter,,-0.673469436467677,-1.3708303760625726
0,scatter,,-0.6871946369452195,-1.3742157320651804
0,scatter,,-0.700953869630937,-1.3776365116620848
0,scatter,,-0.7147474800089475,-1.3810909584826314
0,scatter,,-0.7285757957603808,-1.3845772708102055
0,scatter,,-0.7424391263008425,-1.3880936006588018
0,scatter,,-0.756337762307618,-1.3916380528400192
0,scatter,,-0.7702719752368008,-1.3952086840208815
0,scatter,,-0.78424201690325,-1.3988035021944154
0,scatter,,-0.798248119288407,-1.402420467515249
0,scatter,,-0.8122904935065814,-1.4060574883433727
0,scatter,,-0.8263693294458245,-1.4097124212274443
0,scatter,,-0.8404847952833426,-1.4133830702211683
0,scatter,,-0.8546370369498565,-1.417067185963347
0,scatter,,-0.8688261775833678,-1.4207624647568204
0,scatter,,-0.8830523169725647,-1.4244665476469274
0,scatter,,-0.8973155309895534,-1.4281770194999788
0,scatter,,-0.9116158710450545,-1.43189140826189
0,scatter,,-0.9259533640905884,-1.435607187213055
0,scatter,,-0.9403280113444262,-1.4393217704308388
0,scatter,,-0.9547397876852489,-1.4430325119008924
0,scatter,,-0.9691886412106385,-1.4467367055763118
0,scatter,,-0.9836744926232035,-1.450431584575956
0,scatter,,-0.9981972346066184,-1.4541143203956903
0,scatter,,-1.0127567311920238,-1.4577820221335807
0,scatter,,-1.0273528171141033,-1.461431735729757
0,scatter,,-1.0419852971580779,-1.4650604432257248
0,scatter,,-1.0566539462379902,-1.4686650655396352
0,scatter,,-1.0713585083683141,-1.4722424600847455
0,scatter,,-1.086098695308585,-1.4757894169104855
0,scatter,,-1.1008741863614784,-1.479302660355698
0,scatter,,-1.1156846276990116,-1.4827788485447595
0,scatter,,-1.1305296316811668,-1.4862145729175016
0,scatter,,-1.1454087761667822,-1.489606357794266
0,scatter,,-1.1603216038165365,-1.4929506599774176
0,scatter,,-1.1752676213885926,-1.4962438683908124
0,scatter,,-1.190246299483299,-1.499482305612086
0,scatter,,-1.2052570724227778,-1.5026622300225125
0,scatter,,-1.2202993361294903,-1.5057798299134426
0,scatter,,-1.2353724480483574,-1.5088312259558792
0,scatter,,-1.2504757264984576,-1.5118124714308347
0,scatter,,-1.265608449993624,-1.514719552409816
0,scatter,,-1.280769856562344,-1.5175483880107443
0,scatter,,-1.295959143070227,-1.520294830725963
0,scatter,,-1.311175464691548,-1.5229546664793097
0,scatter,,-1.3264179341214841,-1.5255236153794671
0,scatter,,-1.3416856208409034,-1.5279973324377385
0,scatter,,-1.3569775505060464,-1.5303714080820299
0,scatter,,-1.3722927042824489,-1.5326413688966847
0,scatter,,-1.3876300181820693,-1.534802678453656
0,scatter,,-1.4029883824033502,-1.5368507382374073
0,scatter,,-1.4183666408986928,-1.5387808893903954
0,scatter,,-1.4337635918095561,-1.540588417355103
0,scatter,,-1.4491779852489914,-1.5422685480099954
0,scatter,,-1.4646085231421193,-1.543816450560227
0,scatter,,-1.4800538587879661,-1.5452272396151587
0,scatter,,-1.4955125963004319,-1.5464959769655635
0,scatter,,-1.5109832900626885,-1.5476176734956704
0,scatter,,-1.5264644441955182,-1.5485872912335557
0,scatter,,-1.54195451259028,-1.5493997456778938
0,scatter,,-1.5574518985519494,-1.5500499081710062
0,scatter,,-1.5729549533761389,-1.5505326081564585
0,scatter,,-1.5884619764195933,-1.5508426359500502
0,scatter,,-1.6039712147063985,-1.5509747455490872
0,scatter,,-1.619480862554344,-1.5509236576017518
0,scatter,,-1.6349890612261921,-1.550684062541014
0,scatter,,-1.650493898660344,-1.550250623893391
0,scatter,,-1.6659934101265,-1.5496179818718616
0,scatter,,-1.6814855769941395,-1.5487807569045222
0,scatter,,-1.696968326489364,-1.547733553462247
0,scatter,,-1.7124395317742067,-1.5464709641055676
0,scatter,,-1.7278970118244108,-1.544987573688618
0,scatter,,-1.7433385313444891,-1.5432779637535279
0,scatter,,-1.7587618007210641,-1.5413367171189294
0,scatter,,-1.7741644763249733,-1.5391584218528114
0,scatter,,-1.7895441612785865,-1.536737674328248
0,scatter,,-1.8048984041977818,-1.534069087931388
0,scatter,,-1.820224699857784,-1.5311472970240714
0,scatter,,-1.8355204894695831,-1.5279669622615815
0,scatter,,-1.8507831609527896,-1.524522776256914
0,scatter,,-1.8660100492617222,-1.5208094694482683
0,scatter,,-1.8811984367673495,-1.5168218161602314
0,scatter,,-1.896345554167301,-1.51255463642815
0,scatter,,-1.9114485807797044,-1.5080028043864007
0,scatter,,-1.9265046447364989,-1.5031612583759162
0,scatter,,-1.9415108238813608,-1.4980250052022752
0,scatter,,-1.9564641464813637,-1.4925891269537632
0,scatter,,-1.97136159200612,-1.486848788009335
0,scatter,,-1.9862000919758338,-1.4807992422379297
0,scatter,,-2.0009765308895475,-1.4744358395115422
0,scatter,,-2.0156877472990153,-1.4677540258578896
0,scatter,,-2.0303305347851506,-1.4607493591467229
0,scatter,,-2.0449016431179796,-1.4534175152916042
0,scatter,,-2.05939777949461,-1.445754294590069
0,scatter,,-2.0738156098448717,-1.4377556292654237
0,scatter,,-2.0881517602017245,-1.4294175910993812
0,scatter,,-2.1024028176338563,-1.4207363988133994
0,scatter,,-2.1165653321726197,-1.4117084261534258
0,scatter,,-2.130635818550773,-1.4023302098810353
0,scatter,,-2.1446107577258084,-1.3925984576472048
0,scatter,,-2.1584865986385835,-1.3825100560464108
0,scatter,,-2.172259760056537,-1.3720620787440292
0,scatter,,-2.185926632246657,-1.361251788863355
0,scatter,,-2.199483578996676,-1.350076647372019
0,scatter,,-2.212926939975065,-1.338534327209272
0,scatter,,-2.226253032739924,-1.3266227174671623
0,scatter,,-2.2394581549850527,-1.3143399309474642
0,scatter,,-2.2525385868737513,-1.301684311660349
0,scatter,,-2.265490592945099,-1.2886544407490717
0,scatter,,-2.278310423886749,-1.2752491416862295
0,scatter,,-2.2909943205333896,-1.2614674916107178
0,scatter,,-2.3035385158570634,-1.2473088264406527
0,scatter,,-2.315939237597819,-1.2327727474755277
0,scatter,,-2.328192710999578,-1.2178591279139024
0,scatter,,-2.3402951614036813,-1.2025681181014607
0,scatter,,-2.3522428161687876,-1.186900146856666
0,scatter,,-2.364031908889886,-1.170855933617982
0,scatter,,-2.375658682004344,-1.154436491981231
0,scatter,,-2.3871193897207865,-1.1376431342210014
0,scatter,,-2.398410301105681,-1.1204774759638958
0,scatter,,-2.409527703105085,-1.1029414403379305
0,scatter,,-2.420467902083261,-1.0850372593690327
0,scatter,,-2.431227228673202,-1.0667674800912514
0,scatter,,-2.441802040947234,-1.048134967567393
0,scatter,,-2.452188727342543,-1.0291429070424436
0,scatter,,-2.4623837099433223,-1.0097948061546917
0,scatter,,-2.4723834477843423,-0.9900944966858636
0,scatter,,-2.48218443887484,-0.9700461352899407
0,scatter,,-2.4917832242645748,-0.949654204571119
0,scatter,,-2.5011763920142975,-0.9289235136001285
0,scatter,,-2.5103605800241895,-0.9078591974151103
0,scatter,,-2.519332479361708,-0.8864667161755708
0,scatter,,-2.5280888375986317,-0.8647518537468326
0,scatter,,-2.536626461114488,-0.842720717200755
0,scatter,,-2.5449422184745347,-0.8203797367583465
0,scatter,,-2.553033044438948,-0.7977356563826913
0,scatter,,-2.560895943117834,-0.7747955345913891
0,scatter,,-2.5685279908620893,-0.7515667391397653
0,scatter,,-2.5759263394200924,-0.7280569422484586
0,scatter,,-2.5830882187875717,-0.7042741165337906
0,scatter,,-2.5900109394692077,-0.6802265331215476
0,scatter,,-2.5966918962442582,-0.655922750940486
0,scatter,,-2.603128570724139,-0.6313716114582896
0,scatter,,-2.6093185344550074,-0.6065822305256643
0,scatter,,-2.615259451857483,-0.581563989867101
0,scatter,,-2.6209490824835866,-0.556326529825174
0,scatter,,-2.626385283866196,-0.5308797396196658
0,scatter,,-2.6315660130066996,-0.5052337519252407
0,scatter,,-2.6364893293040232,-0.4793989310099293
0,scatter,,-2.6411533972034436,-0.4533858611551848
0,scatter,,-2.6455564881279385,-0.4272053369182763
0,scatter,,-2.6496969821443943,-0.40086835271318966
0,scatter,,-2.6535733703851148,-0.37438609040483667
0,scatter,,-2.6571842569081405,-0.34776990724820966
0,scatter,,-2.660528360174872,-0.3210313243098023
0,scatter,,-2.663604514101934,-0.29418201556032286
0,scatter,,-2.6664116703846785,-0.2672337920420857
0,scatter,,-2.668948899625582,-0.24019858915470482
0,scatter,,-2.6712153921808413,-0.21308845506864296
0,scatter,,-2.673210459210472,-0.1859155370065529
0,scatter,,-2.674933534015243,-0.158692064885866
0,scatter,,-2.676384172684803,-0.13143033785479363
0,scatter,,-2.677562054307879,-0.10414271339986153
0,scatter,,-2.6784669817839344,-0.07684159033906177
0,scatter,,-2.679098882286697,-0.049539393275815344
0,scatter,,-2.679457807366237,-0.022248558999619666
0,scatter,,-2.679543932737775,0.00501847427980899
0,scatter,,-2.6793575585117346,0.03224928611759884
0,scatter,,-2.6788991089207146,0.059431488009504936
0,scatter,,-2.6781691318731276,0.08655273606825661
0,scatter,,-2.677168298346655,0.11360074286216783
0,scatter,,-2.675897401873151,0.14056329661844788
0,scatter,,-2.67435735767841,0.1674282742148422
0,scatter,,-2.6725492017580175,0.19418365152635386
0,scatter,,-2.6704740897800043,0.22081751839407066
0,scatter,,-2.668133295837976,0.24731809447960573
0,scatter,,-2.665528211110123,0.2736737413615511
0,scatter,,-2.6626603426693145,0.29987296944717623
0,scatter,,-2.6595313115416412,0.32590445720831446
0,scatter,,-2.65614285094826,0.3517570636883976
0,scatter,,-2.6524968044566934,0.3774198398272617
0,scatter,,-2.64859512394208,0.402882040602952
0,scatter,,-2.644439867820412,0.4281331319212974
0,scatter,,-2.6400331993598805,0.45316279456855124
0,scatter,,-2.6353773835178718,0.4779609439859903
0,scatter,,-2.6304747849091235,0.5025177342980972
0,scatter,,-2.6253278653528542,0.5268235666037229
0,scatter,,-2.6199391812564965,0.5508691116894588
0,scatter,,-2.614311381003522,0.5746453093279881
0,scatter,,-2.6084472022142333,0.5981433769955893
0,scatter,,-2.602349468952731,0.6213548161318962
0,scatter,,-2.5960210889574884,0.6442714047548617
0,scatter,,-2.589465050564694,0.6668852177209759
0,scatter,,-2.5826844197340866,0.6891886256198699
0,scatter,,-2.5756823372468634,0.7111743068897387
0,scatter,,-2.568462015737304,0.7328352549392262
0,scatter,,-2.561026736393628,0.7541647727646597
0,scatter,,-2.5533798459569947,0.7751564807934697
0,scatter,,-2.5455247531043326,0.7958043139406563
0,scatter,,-2.5374649254972916,0.8161025270492349
0,scatter,,-2.5292038865791353,0.8360456968710235
0,scatter,,-2.5207452123262235,0.8556287224018367
0,scatter,,-2.51209252845349,0.8748468281698013
0,scatter,,-2.503249506743805,0.8936955611158754
0,scatter,,-2.494219861976866,0.9121707908710657
0,scatter,,-2.4850073485750515,0.9302687086887681
0,scatter,,-2.4756157572687743,0.9479858257593373
0,scatter,,-2.46604891215595,0.9653189714802892
0,scatter,,-2.456310667410002,0.982265290820771
0,scatter,,-2.44640490426064,0.9988222424658754
0,scatter,,-2.4363355278230228,1.0149875950738583
0,scatter,,-2.4261064640018515,1.030759423393933
0,scatter,,-2.415721656470158,1.0461361044772408
0,scatter,,-2.4051850635171745,1.061116313335739
0,scatter,,-2.3945006552594204,1.0756990182078754
0,scatter,,-2.3836724106861906,1.0898834754239302
0,scatter,,-2.3727043147973883,1.103669224400896
0,scatter,,-2.361600355800323,1.1170560822275857
0,scatter,,-2.3503645223973617,1.130044137038037
0,scatter,,-2.3390008011090715,1.1426337420134998
0,scatter,,-2.3275131736354453,1.1548255092595077
0,scatter,,-2.3159056141842447,1.1666203046434096
0,scatter,,-2.304182087126621,1.1780192388755368
0,scatter,,-2.292346544523895,1.1890236608136286
0,scatter,,-2.28040292375779,1.1996351503420954
0,scatter,,-2.268355145375481,1.2098555142298864
0,scatter,,-2.2562071107359407,1.2196867757140673
0,scatter,,-2.243962699833239,1.229131166475788
0,scatter,,-2.231625769219199,1.2381911191955748
0,scatter,,-2.2192001503141414,1.2468692633490746
0,scatter,,-2.2066896474166176,1.2551684165735029
0,scatter,,-2.194098035592274,1.263091573680061
0,scatter,,-2.1814290590228036,1.2706419000222915
0,scatter,,-2.1686864294239228,1.2778227253031897
0,scatter,,-2.1558738246220015,1.2846375386571782
0,scatter,,-2.1429948866878075,1.2910899753289116
0,scatter,,-2.130053220598553,1.2971838105777873
0,scatter,,-2.1170523928797156,1.3029229524325179
0,scatter,,-2.1039959304136095,1.308311438111235
0,scatter,,-2.090887319101736,1.3133534216623717
0,scatter,,-2.077730002743783,1.3180531671241993
0,scatter,,-2.064527381980569,1.322415041352751
0,scatter,,-2.051282813235656,1.326443510274412
0,scatter,,-2.0379996078420874,1.3301431289641126
0,scatter,,-2.0246810312060575,1.3335185339595266
0,scatter,,-2.0113303020258755,1.3365744367756196
0,scatter,,-1.9979505914504478,1.3393156189214392
0,scatter,,-1.9845450224070569,1.3417469256340697
0,scatter,,-1.9711166692051985,1.3438732568350495
0,scatter,,-1.9576685569451573,1.345699561961828
0,scatter,,-1.944203661078857,1.3472308337888932
0,scatter,,-1.9307249068144456,1.3484721032075235
0,scatter,,-1.9172351687532094,1.3494284336396087
0,scatter,,-1.903737270854394,1.350104914773499
0,scatter,,-1.8902339860870978,1.3505066578505318
0,scatter,,-1.876728036256854,1.3506387908343205
0,scatter,,-1.8632220918026143,1.3505064503067168
0,scatter,,-1.8497187717167891,1.3501147766688593
0,scatter,,-1.8362206436002086,1.3494689132153899
0,scatter,,-1.8227302236370573,1.348574000027812
0,scatter,,-1.809249976657326,1.3474351698952918
0,scatter,,-1.7957823162258277,1.3460575416787084
0,scatter,,-1.7823296047906028,1.3444462165280768
0,scatter,,-1.768894153887697,1.3426062766864042
0,scatter,,-1.7554782243599354,1.3405427805759893
0,scatter,,-1.7420840266214925,1.3382607593943474
0,scatter,,-1.72871372090229,1.3357652125921717
0,scatter,,-1.7153694175824274,1.3330611048782992
0,scatter,,-1.7020531775963845,1.3301533643193586
0,scatter,,-1.6887670127948589,1.3270468789240493
0,scatter,,-1.6755128863587514,1.323746493978754
0,scatter,,-1.6622927132531922,1.3202570088984191
0,scatter,,-1.6491083606904586,1.3165831749590622
0,scatter,,-1.6359616486081083,1.312729693554332
0,scatter,,-1.6228543501846653,1.3087012138343326
0,scatter,,-1.6097881923693866,1.3045023307690997
0,scatter,,-1.5967648564648615,1.3001375828265498
0,scatter,,-1.5837859786859545,1.2956114504154548
0,scatter,,-1.5708531507196317,1.2909283546935109
0,scatter,,-1.5579679203362529,1.2860926559287718
0,scatter,,-1.545131792000003,1.281108652199595
0,scatter,,-1.5323462275474204,1.2759805778809814
0,scatter,,-1.519612646806682,1.2707126026693913
0,scatter,,-1.5069324282089842,1.2653088308267513
0,scatter,,-1.4943069094642014,1.2597733001974964
0,scatter,,-1.4817373882229778,1.254109981456976
0,scatter,,-1.4692251228533106,1.2483227771603316
0,scatter,,-1.4567713330486265,1.2424155213762869
0,scatter,,-1.444377200447371,1.2363919793945695
0,scatter,,-1.4320438693568542,1.2302558472404677
0,scatter,,-1.4197724474329407,1.2240107514040712
0,scatter,,-1.407564006358111,1.2176602486582946
0,scatter,,-1.3954195825614686,1.2112078258814671
0,scatter,,-1.383340178347374,1.2046568992151214
0,scatter,,-1.3713267620672034,1.1980108150196933
0,scatter,,-1.3593802688579322,1.1912728498685086
0,scatter,,-1.3475016014070806,1.1844462105504512
0,scatter,,-1.3356916306315139,1.1775340342791576
0,scatter,,-1.3239511963493305,1.170539388960091
0,scatter,,-1.312281108091824,1.1634652735213815
0,scatter,,-1.3006821461662423,1.156314618312399
0,scatter,,-1.2891550616510519,1.149090285479303
0,scatter,,-1.2777005772918095,1.1417950694438688
0,scatter,,-1.2663193881911954,1.1344316974091067
0,scatter,,-1.2550121624598276,1.1270028298989123
0,scatter,,-1.2437795418567394,1.11951106133013
0,scatter,,-1.2326221427088488,1.1119589209683782
0,scatter,,-1.2215405566175033,1.1043488736635934
0,scatter,,-1.2105353506114473,1.0966833199460115
0,scatter,,-1.1996070680076447,1.0889645970230144
0,scatter,,-1.1887562290274718,1.081194979509463
0,scatter,,-1.177983331400566,1.0733766801729088
0,scatter,,-1.1672888509667034,1.0655118507140162
0,scatter,,-1.1566732426652675,1.0576025834329754
0,scatter,,-1.1461369408102828,1.0496509113673798
0,scatter,,-1.1356803595380205,1.0416588088419936
0,scatter,,-1.125303893508276,1.0336281926058968
0,scatter,,-1.1150079184628705,1.0255609226871512
0,scatter,,-1.1047927917719167,1.0174588032493355
0,scatter,,-1.09465885301683,1.0093235835930934
0,scatter,,-1.084606424870506,1.0011569600712773
0,scatter,,-1.074635813178563,0.992960575674798
0,scatter,,-1.0647473075562524,0.9847360211757928
0,scatter,,-1.0549411819474492,0.9764848361889665
0,scatter,,-1.0452176951201926,0.9682085100749493
0,scatter,,-1.035577091150435,0.9599084828361492
0,scatter,,-1.0260195999971071,0.9515861463819006
0,scatter,,-1.0165454381610115,0.9432428461339876
0,scatter,,-1.007154808770288,0.9348798805675034
0,scatter,,-0.9978479021753932,0.9264985026466798
0,scatter,,-0.9886248964029318,0.9180999207747483
0,scatter,,-0.97948595758742,0.9096852996918144
0,scatter,,-0.9704312403916019,0.9012557613590183
0,scatter,,-0.9614608885716605,0.8928123865073699
0,scatter,,-0.9525750353642576,0.8843562154448952
0,scatter,,-0.9437738037057727,0.8758882481671053
0,scatter,,-0.9350573067181779,0.8674094456577675
0,scatter,,-0.9264256480903484,0.8589207307656646
0,scatter,,-0.9178789224475419,0.8504229890591329
0,scatter,,-0.9094172157184712,0.8419170697039902
0,scatter,,-0.9010406056597208,0.8334037871847526
0,scatter,,-0.8927491620327246,0.8248839212767417
0,scatter,,-0.8845429469194025,0.8163582177627062
0,scatter,,-0.8764220151002379,0.8078273895025111
0,scatter,,-0.8683864143753679,0.7992921172414725
0,scatter,,-0.8604361858770364,0.7907530504040324
0,scatter,,-0.8525713643733428,0.7822108078722153
0,scatter,,-0.8447919785692201,0.7736659787830413
0,scatter,,-0.8370980515392015,0.7651191241585947
0,scatter,,-0.8294896008773471,0.7565707768560331
0,scatter,,-0.8219666389524785,0.7480214421869501
0,scatter,,-0.8145291732243997,0.7394715989373392
0,scatter,,-0.8071772065123276,0.7309217001270985
0,scatter,,-0.7999107372580234,0.7223721737646848
0,scatter,,-0.7927297597838756,0.713823423597918
0,scatter,,-0.7856342645358169,0.7052758298212765
0,scatter,,-0.7786242380186075,0.6967297486136911
0,scatter,,-0.7716996633099376,0.6881855139177552
0,scatter,,-0.7648605203515842,0.6796434383747737
0,scatter,,-0.758106786071904,0.6711038136238445
0,scatter,,-0.7514384345985816,0.6625669109615879
0,scatter,,-0.74485543746689,0.6540329819968917
0,scatter,,-0.7383577638235898,0.6455022593015306
0,scatter,,-0.7319453806195394,0.6369749570220291
0,scatter,,-0.7256182525541699,0.6284512703033135
0,scatter,,-0.7193763424749984,0.619931376934092
0,scatter,,-0.713219611618141,0.6114154382353484
0,scatter,,-0.7071480196979303,0.602903599230304
0,scatter,,-0.7011615250726967,0.5943959891969659
0,scatter,,-0.695260084906516,0.585892722213462
0,scatter,,-0.6894436553272748,0.5773938976970387
0,scatter,,-0.6837121915754363,0.568899600915817
0,scatter,,-0.678065647927274,0.56040990266451
0,scatter,,-0.6725039780213511,0.5519248604543859
0,scatter,,-0.6670271350598547,0.543444519242377
0,scatter,,-0.6616350718585041,0.5349689116003115
0,scatter,,-0.6563277409688076,0.526498058161166
0,scatter,,-0.651105094796135,0.5180319680558844
0,scatter,,-0.6459670857138068,0.5095706393412528
0,scatter,,-0.6409136661726722,0.5011140594135409
0,scatter,,-0.6359447887825064,0.49266220516228354
0,scatter,,-0.6310604064332682,0.4842150435641779
0,scatter,,-0.6262604724015829,0.47577253215404275
0,scatter,,-0.6215449404358544,0.4673346193031467
0,scatter,,-0.6169137648468033,0.45890124457977766
0,scatter,,-0.6123669005945382,0.450472339100873
0,scatter,,-0.6079043033724819,0.4420478258753811
0,scatter,,-0.6035259296876293,0.4336276201369972
0,scatter,,-0.5992317369115573,0.42521162953711855
0,scatter,,-0.5950216833740484,0.41679975455906404
0,scatter,,-0.5908957284443415,0.4083918888771289
0,scatter,,-0.5868538325884972,0.3999879196021059
0,scatter,,-0.5828959574339804,0.3915877275693938
0,scatter,,-0.5790220658314563,0.3831911876194937
0,scatter,,-0.5752321219139496,0.3747981688712842
0,scatter,,-0.5715260911533065,0.36640853498687714
0,scatter,,-0.5679039404006905,0.35802214432098695
0,scatter,,-0.5643656379473643,0.3496388502469917
0,scatter,,-0.5609111535796951,0.3412585014484731
0,scatter,,-0.5575404586199857,0.33288094210865726
0,scatter,,-0.5542535259705145,0.32450601213701435
0,scatter,,-0.5510503301553408,0.3161335473893892
0,scatter,,-0.5479308473599991,0.30776337988202107
0,scatter,,-0.5448950554691387,0.29939533799913276
0,scatter,,-0.5419429340977094,0.29102924663725105
0,scatter,,-0.5390744646274853,0.28266492743808486
0,scatter,,-0.5362896302410767,0.27430219900731084
0,scatter,,-0.5335884159498443,0.2659408770728413
0,scatter,,-0.5309708086219183,0.25758077466210927
0,scatter,,-0.52843679700854,0.24922170227442197
0,scatter,,-0.5259863717686909,0.24086346804829847
0,scatter,,-0.5236195254921029,0.2325058779237765
0,scatter,,-0.5213362527135496,0.2241487357383759
0,scatter,,-0.5191365499383112,0.2157918434287969
0,scatter,,-0.5170204156645055,0.2074350012139485
0,scatter,,-0.5149878503964415,0.19907800770876038
0,scatter,,-0.5130388566600828,0.19072066006460298
0,scatter,,-0.5111734390171853,0.18236275410624184
0,scatter,,-0.5093916040780918,0.17400408446532004
0,scatter,,-0.5076933605132524,0.16564444471068535
0,scatter,,-0.5060787190635248,0.15728362747587965
0,scatter,,-0.5045476925492434,0.14892142458378843
0,scatter,,-0.5031002958754313,0.1405576271224651
0,scatter,,-0.5017365460291106,0.1321920254018725
0,scatter,,-0.5004564621019758,0.123824409365656
0,scatter,,-0.4992600652889318,0.11545456860316733
0,scatter,,-0.49814737889004757,0.10708229243733552
0,scatter,,-0.4971184283125798,0.0987073700302413
0,scatter,,-0.49617324107194904,0.09032959048684375
0,scatter,,-0.49531184679165585,0.08194874295682109
0,scatter,,-0.4945342772021703,0.0735646167348088
0,scatter,,-0.4938405661388163,0.06517700135931795
0,scatter,,-0.4932307495386705,0.05678568671015896
0,scatter,,-0.49270486544786285,0.04839046305332602
0,scatter,,-0.4922629540097544,0.03999112116706263
0,scatter,,-0.49190505744996105,0.03158745247682379
0,scatter,,-0.4916312200764631,0.023179249117341302
0,scatter,,-0.4914414882720592,0.014766304024368203
0,scatter,,-0.4913359104859033,0.0063484110259956344
0,scatter,,-0.49131453722412616,-0.002074635066189167
0,scatter,,-0.4913774210395374,-0.010503038366158412
0,scatter,,-0.491524616520412,-0.018937001822445364
0,scatter,,-0.49175618027835544,-0.027376727126824634
0,scatter,,-0.49207217093530753,-0.03582241462351189
0,scatter,,-0.4924726491098534,-0.04427426322071179
0,scatter,,-0.4929576774017962,-0.05273247029165881
0,scatter,,-0.4935273203764324,-0.06119723158284563
0,scatter,,-0.49418164454776947,-0.06966874112002877
0,scatter,,-0.4949207183607188,-0.07814719111244102
0,scatter,,-0.49574461217231475,-0.08663277185588307
0,scatter,,-0.4966533982319151,-0.09512567163417852
0,scatter,,-0.4976471506603898,-0.10362607661913897
0,scatter,,-0.49872594542826865,-0.11213417076876532
0,scatter,,-0.4998898603328131,-0.12065013572342413
0,scatter,,-0.501138974982186,-0.1291741506621197
0,scatter,,-0.5024733707673359,-0.1377063922084263
0,scatter,,-0.5038931308266457,-0.14624703436213293
0,scatter,,-0.5053983400247819,-0.15479624835723177
0,scatter,,-0.5069890849244582,-0.1633542025445576
0,scatter,,-0.5086654537569875,-0.17192106227129414
0,scatter,,-0.5104275363916451,-0.18049698975748854
0,scatter,,-0.5122754243037428,-0.18908214396904932
0,scatter,,-0.5142092105414379,-0.19767668048737008
0,scatter,,-0.5162289896912176,-0.20628075137529725
0,scatter,,-0.5183348578416948,-0.21489450502847574
0,scatter,,-0.5205269125444504,-0.22351808596704398
0,scatter,,-0.5228052527781661,-0.23215163479091233
0,scatter,,-0.5251699789076326,-0.24079528800274122
0,scatter,,-0.5276211926416278,-0.24944917783976012
0,scatter,,-0.5301589969895261,-0.25811343211189297
0,scatter,,-0.5327834962162449,-0.26678817403473476
0,scatter,,-0.535494795795538,-0.27547352205742537
0,scatter,,-0.5382930023615577,-0.28416958968513434
0,scatter,,-0.5411782236585895,-0.29287648529585697
0,scatter,,-0.5441505684890041,-0.30159431195165426
0,scatter,,-0.5472101466534729,-0.31032316716603314
0,scatter,,-0.5503570688955758,-0.3190631427065995
0,scatter,,-0.5535914468526749,-0.3278143244455293
0,scatter,,-0.5569133929904319,-0.33657679211046176
0,scatter,,-0.5603230205403279,-0.34535061906223
0,scatter,,-0.563820443434962,-0.35413587206567737
0,scatter,,-0.5674057762409981,-0.362932611053155
0,scatter,,-0.5710791340897775,-0.37174088888073553
0,scatter,,-0.5748406326054835,-0.3805607510768371
0,scatter,,-0.57869038783073,-0.38939223558293895
0,scatter,,-0.5826285161483123,-0.39823537248200686
0,scatter,,-0.5866551341905598,-0.40709018368564326
0,scatter,,-0.5907703587723971,-0.4159566827031616
0,scatter,,-0.5949743068029335,-0.42483487433846706
0,scatter,,-0.5992670951947529,-0.4337247543803542
0,scatter,,-0.6036488407723679,-0.44262630929118424
0,scatter,,-0.6081196601775483,-0.451539515886268
0,scatter,,-0.6126796697713724,-0.4604643410036318
0,scatter,,-0.6173289855330233,-0.4694007411641871
0,scatter,,-0.6220677229551813,-0.47834866222198114
0,scatter,,-0.6268959969358583,-0.4873080390042038
0,scatter,,-0.6318139216577201,-0.49627879495283644
0,scatter,,-0.6368216104706586,-0.5052608417465563
0,scatter,,-0.6419191757904101,-0.5142540788854278
0,scatter,,-0.6471067289654397,-0.5232583933017453
0,scatter,,-0.6523843801491205,-0.5322736589470571
0,scatter,,-0.6577522381679292,-0.5412997363678378
0,scatter,,-0.6632104103853655,-0.5503364722696154
0,scatter,,-0.66875900256141,-0.5593836990692271
0,scatter,,-0.6743981187075417,-0.568441234435223
0,scatter,,-0.6801278609371348,-0.5775088808160846
0,scatter,,-0.6859483293102502,-0.586586424977473
0,scatter,,-0.6918596216661325,-0.5956736377339509
0,scatter,,-0.6978618334714521,-0.604770273096371
0,scatter,,-0.7039550576488649,-0.6138760678057603
0,scatter,,-0.710139384400271,-0.6229907408587385
0,scatter,,-0.7164149010267049,-0.6321139929608567
0,scatter,,-0.7227816917428039,-0.6412455059665814
0,scatter,,-0.7292398374856413,-0.6503849423055844
0,scatter,,-0.7357894157177015,-0.6595319443950108
0,scatter,,-0.7424305002240286,-0.6686861340377461
0,scatter,,-0.7491631609033254,-0.6778471118063566
0,scatter,,-0.7559874635527801,-0.6870144564123718
0,scatter,,-0.7629034696466451,-0.6961877240609297
0,scatter,,-0.7699112361083421,-0.7053664477904562
0,scatter,,-0.7770108150758568,-0.7145501367970452
0,scatter,,-0.7842022536618175,-0.7237382759284308
0,scatter,,-0.7914855937139493,-0.7329303261474155
0,scatter,,-0.7988608715458588,-0.7421257219397499
0,scatter,,-0.806328117678198,-0.7513238710633364
0,scatter,,-0.8138873565704537,-0.7605241540338201
0,scatter,,-0.8215386063437489,-0.7697259233832722
0,scatter,,-0.8292818784959675,-0.778928502904894
0,scatter,,-0.8371171776089451,-0.7881311868835545
0,scatter,,-0.8450445010477556,-0.7973332393123296
0,scatter,,-0.8530638386518369,-0.8065338930948602
0,scatter,,-0.8611751724176859,-0.8157323492333522
0,scatter,,-0.8693784761731563,-0.8249277760023936
0,scatter,,-0.8776737152725724,-0.8341193082049403
0,scatter,,-0.8860608464763662,-0.8433060470471907
0,scatter,,-0.8945398172590711,-0.8524870581566206
0,scatter,,-0.9031105655250419,-0.8616613709508245
0,scatter,,-0.9117730192873114,-0.8708279779015528
0,scatter,,-0.9205270962928109,-0.8799858336397895
0,scatter,,-0.9293727036382597,-0.8891338540477495
0,scatter,,-0.9383097373767898,-0.8982709153380831
0,scatter,,-0.9473380821150437,-0.9073958531202378
0,scatter,,-0.9564576106004676,-0.9165074614539259
0,scatter,,-0.9656681832988732,-0.9256044918900047
0,scatter,,-0.9749696479619926,-0.9346856524987346
0,scatter,,-0.984361839205822,-0.9437496071440209
0,scatter,,-0.9938445782589067,-0.9527949769558318
0,scatter,,-1.0034176722364236,-0.961820336100389
0,scatter,,-1.0130809137121968,-0.9708242113259541
0,scatter,,-1.0228340802829672,-0.9798050815322304
0,scatter,,-1.0326769340818545,-0.9887613768413609
0,scatter,,-1.0426092212818594,-0.9976914776701882
0,scatter,,-1.052630671589173,-1.0065937138046464
0,scatter,,-1.062740997726069,-1.0154663634771912
0,scatter,,-1.0729398949035331,-1.02430765244856
0,scatter,,-1.0832270403832667,-1.033115752488404
0,scatter,,-1.093602093065804,-1.0418887796387815
0,scatter,,-1.1040646925890163,-1.050624795394309
0,scatter,,-1.1146144589168445,-1.0593218048490036
0,scatter,,-1.1252509917783513,-1.067977755694956
0,scatter,,-1.1359738700884083,-1.0765905372788698
0,scatter,,-1.1467826513584771,-1.085157979662699
0,scatter,,-1.1576768710978567,-1.0936778526894715
0,scatter,,-1.1686560422052599,-1.102147865054957
0,scatter,,-1.1797196543518784,-1.1105656634159105
0,scatter,,-1.1908671735012777,-1.1189288348692517
0,scatter,,-1.202098041168844,-1.1272349036755955
0,scatter,,-1.2134116736955367,-1.1354813285440206
0,scatter,,-1.2248074616684932,-1.1436655035204872
0,scatter,,-1.236284769262525,-1.1517847572887006
0,scatter,,-1.247842933572795,-1.1598363525026891
0,scatter,,-1.2594812639390587,-1.167817485153561
0,scatter,,-1.271199041261424,-1.1757252839726589
0,scatter,,-1.2829955173075653,-1.183556809873371
0,scatter,,-1.2948699141250126,-1.1913090554069157
0,scatter,,-1.3068214240802987,-1.1989789441077712
0,scatter,,-1.3188492080661944,-1.206563330327317
0,scatter,,-1.3309523950488922,-1.2140589987898316
0,scatter,,-1.3431300814917178,-1.2214626642278639
0,scatter,,-1.3553813306515379,-1.2287709711009656
0,scatter,,-1.3677051718717725,-1.2359804933704277
0,scatter,,-1.3801005998722788,-1.2430877343326996
0,scatter,,-1.392566574036852,-1.2500891265144978
0,scatter,,-1.4051020176986375,-1.2569810316323842
0,scatter,,-1.417705817557018,-1.26375974159721
0,scatter,,-1.430376823062945,-1.2704214793639341
0,scatter,,-1.4431138453503491,-1.276962396532831
0,scatter,,-1.4559156566963196,-1.2833785749048614
0,scatter,,-1.468780989820669,-1.2896660269363267
0,scatter,,-1.4817085371825116,-1.2958206962490597
0,scatter,,-1.494696950279943,-1.3018384582378821
0,scatter,,-1.507744838953315,-1.3077151207792914
0,scatter,,-1.5208507706926175,-1.3134464250454172
0,scatter,,-1.5340132699704665,-1.3190280464305546
0,scatter,,-1.5472308184912307,-1.3244555957226984
0,scatter,,-1.5605018536990056,-1.3297246201414024
0,scatter,,-1.573824767839282,-1.3348306045770482
0,scatter,,-1.5871979076944067,-1.3397689730531492
0,scatter,,-1.6006195739771352,-1.3445350902697815
0,scatter,,-1.6140880207390687,-1.3491242632842075
0,scatter,,-1.627601454794553,-1.3535317433332616
0,scatter,,-1.6411580351617046,-1.3577527278025372
0,scatter,,-1.6547558725215743,-1.3617823623472398
0,scatter,,-1.6683930287869269,-1.3656157428961961
0,scatter,,-1.68206751702246,-1.3692479168177258
0,scatter,,-1.695777300297624,-1.3726738875472893
0,scatter,,-1.7095202914410916,-1.3758886167300108
0,scatter,,-1.7232943526862974,-1.3788870269451075
0,scatter,,-1.7370972952885966,-1.3816640047777136
0,scatter,,-1.7509268791720665,-1.384214404071648
0,scatter,,-1.7647808126080367,-1.3865330493682928
0,scatter,,-1.7786567519263834,-1.3886147395366057
0,scatter,,-1.7925523012617328,-1.3904542515995575
0,scatter,,-1.8064650125614272,-1.3920463426711913
0,scatter,,-1.8203923855091781,-1.393385753235029
0,scatter,,-1.8343318669596247,-1.39446721554473
0,scatter,,-1.848280851084453,-1.3952854560267571
0,scatter,,-1.8622366793519698,-1.3958351998535174
0,scatter,,-1.876196640553835,-1.3961111757301468
0,scatter,,-1.8901579708836076,-1.3961081208731758
0,scatter,,-1.9041178540691992,-1.3958207861834981
0,scatter,,-1.9180734211900639,-1.395243941170612
0,scatter,,-1.9320217507202992,-1.3943723792760618
0,scatter,,-1.9459598695850986,-1.393200924538943
0,scatter,,-1.9598847531144015,-1.3917244370673174
0,scatter,,-1.9737933254221618,-1.3899378191462541
0,scatter,,-1.9876824598528904,-1.3878360215516994
0,scatter,,-2.00154897949158,-1.3854140500647103
0,scatter,,-2.0153896577388535,-1.3826669721873648
0,scatter,,-2.029201219020725,-1.3795899207257798
0,scatter,,-2.0429803395442527,-1.3761780987536465
0,scatter,,-2.056723647938272,-1.3724267940619304
0,scatter,,-2.0704277261895565,-1.368331382782364
0,scatter,,-2.0840891105876254,-1.3638873365659985
0,scatter,,-2.097704292747418,-1.3590902299678975
0,scatter,,-2.1112697207139557,-1.3539357479673306
0,scatter,,-2.1247818001507195,-1.348419693618684
0,scatter,,-2.1382368949168185,-1.3425379941383733
0,scatter,,-2.1516313279086248,-1.336286707537048
0,scatter,,-2.1649613840938464,-1.3296620344536911
0,scatter,,-2.1782233112099805,-1.3226603242160373
0,scatter,,-2.19141332128407,-1.3152780827585442
0,scatter,,-2.204527592253585,-1.3075119806422053
0,scatter,,-2.2175622696727664,-1.2993588611242755
0,scatter,,-2.2305134685055727,-1.2908157482678784
0,scatter,,-2.243377274646179,-1.281879852518392
0,scatter,,-2.256149746581679,-1.272548576674047
0,scatter,,-2.268826918315919,-1.262819530192138
0,scatter,,-2.2814048010661887,-1.2526905341089902
0,scatter,,-2.293879385440254,-1.2421596286970429
0,scatter,,-2.3062466437106783,-1.2312250811168381
0,scatter,,-2.318502532176364,-1.219885392967387
0,scatter,,-2.3306429936116926,-1.2081393077172644
0,scatter,,-2.3426639589158045,-1.195985817153914
0,scatter,,-2.354561348883343,-1.1834241677074846
0,scatter,,-2.3663310791690764,-1.17045386955166
0,scatter,,-2.3779690619277543,-1.1570747022619485
0,scatter,,-2.3894712085284713,-1.1432867211938902
0,scatter,,-2.400833432372609,-1.1290902636367448
0,scatter,,-2.412051651780493,-1.1144859546880206
0,scatter,,-2.4231217929457554,-1.099474712824638
0,scatter,,-2.4340397924252124,-1.0840577557049043
0,scatter,,-2.444801599651989,-1.0682366056614405
0,scatter,,-2.455403181501745,-1.0520130927219618
0,scatter,,-2.4658405247801634,-1.0353893594775383
0,scatter,,-2.4761096393752906,-1.0183678648827146
0,scatter,,-2.486206561478521,-1.0009513875854692
0,scatter,,-2.496127356846951,-0.9831430287857221
0,scatter,,-2.505868124104151,-0.9649462145945469
0,scatter,,-2.5154249976215013,-0.9463647000058382
0,scatter,,-2.524794150113668,-0.9274025738062337
0,scatter,,-2.533971797144242,-0.9080642540370238
0,scatter,,-2.54295419991016,-0.888354491060743
0,scatter,,-2.551737668459733,-0.8682783680383854
0,scatter,,-2.5603185652532274,-0.8478413001591185
0,scatter,,-2.5686933097774505,-0.8270490313632868
0,scatter,,-2.5768583802093064,-0.8059076358100442
0,scatter,,-2.584810317234529,-0.7844235147739828
0,scatter,,-2.592545727531545,-0.7626033934676136
0,scatter,,-2.600061286959825,-0.7404543182169459
0,scatter,,-2.607353742010204,-0.717983660889088
0,scatter,,-2.614419914761599,-0.695199106355922
0,scatter,,-2.6212567058473235,-0.6721086482939891
0,scatter,,-2.627861097208006,-0.6487205850889565
0,scatter,,-2.634230155076073,-0.6250435139074509
0,scatter,,-2.640361033708927,-0.6010863251926569
0,scatter,,-2.6462509777646326,-0.5768581948691175
0,scatter,,-2.6518973249125493,-0.5523685763033745
0,scatter,,-2.6572975088288042,-0.5276271922106559
0,scatter,,-2.6624490619047023,-0.5026440256457796
0,scatter,,-2.6673496173338433,-0.47742931435293134
0,scatter,,-2.671996911641502,-0.45199354056236074
0,scatter,,-2.6763887875444676,-0.42634741701660295
0,scatter,,-2.6805231959464124,-0.4005018780212975
0,scatter,,-2.684398198073479,-0.3744680680441835
0,scatter,,-2.6880119677054055,-0.34825733192617564
0,scatter,,-2.6913627933169204,-0.3218812049028186
0,scatter,,-2.6944490794126343,-0.29535139530503096
0,scatter,,-2.697269348403668,-0.2686797735249506
0,scatter,,-2.6998222421639912,-0.24187835865548013
0,scatter,,-2.702106523470972,-0.21495930610877476
0,scatter,,-2.704121077363278,-0.18793489803946342
0,scatter,,-2.7058649121544325,-0.1608175230553694
0,scatter,,-2.7073371604475764,-0.13361966371959114
0,scatter,,-2.7085370799627766,-0.10635388217192616
0,scatter,,-2.709464054303341,-0.07903280578183336
0,scatter,,-2.710117594250923,-0.05166911633212398
0,scatter,,-2.7104973373528134,-0.02427553059137652
0,scatter,,-2.710603048297166,0.0031352140857771396
0,scatter,,-2.710434619099189,0.030550374409396095
0,scatter,,-2.7099920690603256,0.05795721623467681
0,scatter,,-2.709275545219555,0.08534302636949428
0,scatter,,-2.7082853214934692,0.11269513015133618
0,scatter,,-2.7070217980681317,0.14000090687957895
0,scatter,,-2.7054855008778644,0.1672478038919001
0,scatter,,-2.703677080775912,0.19442335125269133
0,scatter,,-2.7015973133749167,0.2215151747568247
0,scatter,,-2.699247097705156,0.24851101062276462
0,scatter,,-2.6966274544409425,0.2753987204619492
0,scatter,,-2.693739524849871,0.3021663043667186
0,scatter,,-2.6905845692645474,0.32880191429184513
0,scatter,,-2.6871639659400475,0.3552938668489861
0,scatter,,-2.6834792095888966,0.3816306567195209
0,scatter,,-2.6795319086047913,0.4078009675973966
0,scatter,,-2.675323783421537,0.43379368535888735
0,scatter,,-2.6708566643780527,0.45959790887663565
0,scatter,,-2.6661324896097063,0.4852029612487072
0,scatter,,-2.6611533034949524,0.5105984014836739
0,scatter,,-2.655921253974329,0.5357740342165086
0,scatter,,-2.650438588932834,0.5607199179505682
0,scatter,,-2.644707654019941,0.5854263747409778
0,scatter,,-2.638730890856078,0.6098839999008663
0,scatter,,-2.6325108338009953,0.6340836695773162
0,scatter,,-2.626050106808738,0.6580165478264802
0,scatter,,-2.6193514206859914,0.6816740939458359
0,scatter,,-2.612417570215083,0.7050480689066215
0,scatter,,-2.6052514310265966,0.7281305412176725
0,scatter,,-2.5978559565103505,0.7509138921914089
0,scatter,,-2.590234174644052,0.7733908207210274
0,scatter,,-2.5823891848180374,0.7955543473305419
0,scatter,,-2.57432415459889,0.8173978179657874
0,scatter,,-2.5660423164806856,0.8389149067420555
0,scatter,,-2.557546964529695,0.8600996186170453
0,scatter,,-2.548841451025727,0.880946291487115
0,scatter,,-2.5399291833061497,0.9014495960262696
0,scatter,,-2.530813620315423,0.9216045392864297
0,scatter,,-2.521498269255833,0.9414064649722883
0,scatter,,-2.5119866821898054,0.9608510470392408
0,scatter,,-2.5022824527722145,0.979934297464508
0,scatter,,-2.492389212896287,0.9986525620378203
0,scatter,,-2.4823106293509056,1.0170025123855844
0,scatter,,-2.4720504004768538,1.0349811542164213
0,scatter,,-2.461612252981116,1.052585818568009
0,scatter,,-2.4509999387310275,1.069814156212361
0,scatter,,-2.4402172312740507,1.086664142263685
0,scatter,,-2.429267922958742,1.1031340657929387
0,scatter,,-2.4181558218062804,1.1192225249109002
0,scatter,,-2.4068847479608424,1.134928429109623
0,scatter,,-2.395458531472598,1.150250984948064
0,scatter,,-2.3838810086689564,1.1651896967300768
0,scatter,,-2.3721560189662334,1.1797443626840738
0,scatter,,-2.360287402115973,1.193915067389793
0,scatter,,-2.348278996468929,1.2077021706104227
0,scatter,,-2.3361346352664443,1.2211063034272016
0,scatter,,-2.3238581439807686,1.234128359819712
0,scatter,,-2.31145333784431,1.246769489665505
0,scatter,,-2.298924019219026,1.2590311059602968
0,scatter,,-2.2862739752031,1.2709148612144034
0,scatter,,-2.273506975201687,1.2824226416423932
0,scatter,,-2.260626768585705,1.2935565619145684
0,scatter,,-2.247637082473011,1.3043189640245154
0,scatter,,-2.2345416194536587,1.3147124009009061
0,scatter,,-2.22134405546783,1.3247396302086882
0,scatter,,-2.2080480378682523,1.3344036076727335
0,scatter,,-2.1946571837359827,1.3437074817650343
0,scatter,,-2.1811750776146397,1.352654581380601
0,scatter,,-2.1676052698331527,1.361248408769959
0,scatter,,-2.153951274867431,1.369492632693501
0,scatter,,-2.140216569798237,1.377391081959524
0,scatter,,-2.1264045926076887,1.3849477341045562
0,scatter,,-2.112518740768059,1.3921667082946692
0,scatter,,-2.09856236988094,1.3990522589420002
0,scatter,,-2.0845387923838996,1.4056087685794378
0,scatter,,-2.0704512762883804,1.411840737428702
0,scatter,,-2.056303044049369,1.4177527765913602
0,scatter,,-2.0420972714267513,1.4233496027907657
0,scatter,,-2.02783708651236,1.4286360299709318
0,scatter,,-2.0135255688653766,1.4336169598224542
0,scatter,,-1.9991657486421597,1.4382973754912831
0,scatter,,-1.9847606058348422,1.4426823342605855
0,scatter,,-1.9703130695194266,1.4467769612662933
0,scatter,,-1.9558260168818675,1.4505864473492016
0,scatter,,-1.9413022730933023,1.4541160368236532
0,scatter,,-1.926744610719179,1.4573710226699457
0,scatter,,-1.9121557492611125,1.4603567412108656
0,scatter,,-1.8975383548061218,1.463078566633004
0,scatter,,-1.8828950393059536,1.4655419001967431
0,scatter,,-1.8682283603217054,1.4677521648833238
0,scatter,,-1.8535408213007933,1.46971480636555
0,scatter,,-1.8388348711818336,1.4714352848826495
0,scatter,,-1.8241129043013535,1.4729190705404964
0,scatter,,-1.8093772603206164,1.474171637840098
0,scatter,,-1.7946302239703706,1.4751984534390095
0,scatter,,-1.7798740253936711,1.4760049804855686
0,scatter,,-1.7651108401953672,1.4765966729666433
0,scatter,,-1.750342789549163,1.4769789705925334
0,scatter,,-1.7355719403845828,1.4771572949279619
0,scatter,,-1.7208003054549208,1.4771370436199829
0,scatter,,-1.7060298435284809,1.4769235859293193
0,scatter,,-1.6912624599333788,1.4765222626149692
0,scatter,,-1.6765000067600266,1.4759383810577522
0,scatter,,-1.6617442832145497,1.4751772121230047
0,scatter,,-1.646997036001192,1.4742439870589148
0,scatter,,-1.6322599597040857,1.4731438928942227
0,scatter,,-1.617534697260996,1.4718820715721526
0,scatter,,-1.602822840428003,1.4704636173231944
0,scatter,,-1.5881259302648452,1.4688935740221567
0,scatter,,-1.573445457648105,1.467176933014466
0,scatter,,-1.5587828638313344,1.4653186303669703
0,scatter,,-1.544139541024026,1.4633235442964203
0,scatter,,-1.5295168329098583,1.4611964949858511
0,scatter,,-1.5149160352620146,1.458942242252264
0,scatter,,-1.5003383965496915,1.4565654840227775
0,scatter,,-1.4857851185640667,1.4540708549122499
0,scatter,,-1.471257357161314,1.4514629240434844
0,scatter,,-1.4567562228151374,1.4487461947092415
0,scatter,,-1.442282781268804,1.4459251033940754
0,scatter,,-1.4278380542250189,1.4430040186640267
0,scatter,,-1.4134230200203397,1.4399872403622267
0,scatter,,-1.399038614381725,1.4368789986350985
0,scatter,,-1.3846857312136716,1.4336834529708302
0,scatter,,-1.3703652230671715,1.430404692527211
0,scatter,,-1.356077901929291,1.4270467353847922
0,scatter,,-1.3418245399254554,1.4236135282203704
0,scatter,,-1.3276058700164135,1.4201089460906446
0,scatter,,-1.3134225867026825,1.4165367922845127
0,scatter,,-1.2992753471537328,1.4129007973459708
0,scatter,,-1.285164771592535,1.4092046197624077
0,scatter,,-1.2710914438577479,1.4054518463384555
0,scatter,,-1.2570559122508493,1.401645992019896
0,scatter,,-1.2430586902369256,1.3977905000830557
0,scatter,,-1.2291002571386653,1.3938887423850177
0,scatter,,-1.2151810589303338,1.389944019694715
0,scatter,,-1.201301509332469,1.3859595621457386
0,scatter,,-1.1874619898927554,1.3819385295162465
0,scatter,,-1.1736628508530471,1.377884011730904
0,scatter,,-1.1599044118695117,1.3737990293746751
0,scatter,,-1.1461869626849879,1.3696865342368285
0,scatter,,-1.132510763791133,1.365549409889901
0,scatter,,-1.1188760473936357,1.3613904726643664
0,scatter,,-1.1052830180367272,1.3572124722699075
0,scatter,,-1.0917318528919087,1.3530180920668158
0,scatter,,-1.078222702601094,1.3488099500160387
0,scatter,,-1.0647556919122008,1.344590599422247
0,scatter,,-1.0513309203029142,1.340362529694329
0,scatter,,-1.037948462633569,1.336128167209413
0,scatter,,-1.024608370162033,1.3318898769965617
0,scatter,,-1.0113106706848762,1.3276499625721812
0,scatter,,-0.9980553691832154,1.3234106668994994
0,scatter,,-0.9848424484831504,1.319174173412182
0,scatter,,-0.9716718698328032,1.3149426068896264
0,scatter,,-0.9585435734671742,1.3107180343346472
0,scatter,,-0.9454574793081103,1.3065024662859352
0,scatter,,-0.9324134876848419,1.3022978582268998
0,scatter,,-0.9194114794690187,1.2981061103084417
0,scatter,,-0.9064513167801723,1.2939290687807896
0,scatter,,-0.8935328435167478,1.2897685269442563
0,scatter,,-0.8806558858684906,1.2856262260746754
0,scatter,,-0.867820252823432,1.2815038563663101
0,scatter,,-0.8550257369170325,1.2774030587744283
0,scatter,,-0.8422721145194435,1.2733254252416688
0,scatter,,-0.8295591462376063,1.269272499367501
0,scatter,,-0.8168865774649114,1.265245777635548
0,scatter,,-0.8042541388393543,1.261246710343401
0,scatter,,-0.7916615466898445,1.2572767025195186
0,scatter,,-0.7791085035232741,1.2533371150465775
0,scatter,,-0.7665946986304574,1.2494292663226634
0,scatter,,-0.7541198082360966,1.2455544320247465
0,scatter,,-0.7416834959911386,1.241713846352615
0,scatter,,-0.7292854133952215,1.2379087030077576
0,scatter,,-0.7169252001899833,1.234140156078105
0,scatter,,-0.704602484741996,1.230409320906312
0,scatter,,-0.6923168845501524,1.2267172756081892
0,scatter,,-0.6800680065754456,1.2230650617469747
0,scatter,,-0.6678554474571838,1.219453684477283
0,scatter,,-0.6556787939494673,1.2158841138103849
0,scatter,,-0.6435376232635355,1.2123572854429632
0,scatter,,-0.6314315034007234,1.2088741015691407
0,scatter,,-0.6193599934763273,1.205435431675298
0,scatter,,-0.6073226440346777,1.202042113317284
0,scatter,,-0.5953189974630271,1.1986949534709264
0,scatter,,-0.5833485883641192,1.1953947296844596
0,scatter,,-0.5714109436049936,1.192142189481433
0,scatter,,-0.5595055827278479,1.1889380517770958
0,scatter,,-0.5476320182411859,1.1857830076629081
0,scatter,,-0.5357897559030979,1.1826777211705264
0,scatter,,-0.5239782949993282,1.1796228300300469
0,scatter,,-0.512197128616779,1.1766189464238348
0,scatter,,-0.5004457437930147,1.1736666572921217
0,scatter,,-0.4887236215177212,1.1707665241020042
0,scatter,,-0.4770302374842194,1.1679190854072687
0,scatter,,-0.4653650621395839,1.165124856819019
0,scatter,,-0.4537275608985444,1.1623843315936975
0,scatter,,-0.4421171943717731,1.1596979812836117
0,scatter,,-0.4305334185898774,1.1570662563813987
0,scatter,,-0.4189756852236745,1.1544895869597092
0,scatter,,-0.4074434417416527,1.1519683830200065
0,scatter,,-0.3959361313275017,1.1495030336977023
0,scatter,,-0.3844531935127219,1.1470939099226078
0,scatter,,-0.37299406425378356,1.1447413644127666
0,scatter,,-0.36155817608176727,1.1424457320278136
0,scatter,,-0.35014495828509656,1.1402073302888702
0,scatter,,-0.338753837088611,1.1380264598890928
0,scatter,,-0.3273842358294637,1.1359034051956753
0,scatter,,-0.31603557510525865,1.1338384346504808
0,scatter,,-0.3047072726619607,1.1318318002005556
0,scatter,,-0.29339874388192366,1.1298837389749348
0,scatter,,-0.2821094019053286,1.127994473591708
0,scatter,,-0.2708386577195129,1.1261642123470972
0,scatter,,-0.25958592030111816,1.124393149603071
0,scatter,,-0.2483505967548492,1.1226814661625277
0,scatter,,-0.23713209244872857,1.121029329632335
0,scatter,,-0.22592981114508054,1.119436894764516
0,scatter,,-0.214743155093589,1.1179043034565845
0,scatter,,-0.20357152518752983,1.1164316853632628
0,scatter,,-0.19241432109457524,1.1150191582810225
0,scatter,,-0.18127094136371497,1.1136668283234852
0,scatter,,-0.1701407835411624,1.1123747901929602
0,scatter,,-0.15902324428391187,1.111143127439296
0,scatter,,-0.147917719470816,1.1099719127062446
0,scatter,,-0.13682360431143384,1.1088612079652829
0,scatter,,-0.12574029343586746,1.1078110646023456
0,scatter,,-0.11466718100646846,1.1068215236814622
0,scatter,,-0.10360366083448609,1.1058926162487637
0,scatter,,-0.09254912647117677,1.105024363435645
0,scatter,,-0.08150297130642122,1.1042167766230069
0,scatter,,-0.07046458866611699,1.103469857593291
0,scatter,,-0.059433371908093675,1.102783598670462
0,scatter,,-0.04840871451684863,1.1021579828481494
0,scatter,,-0.03739001018649937,1.1015929838177785
0,scatter,,-0.0263766529089699,1.101088566035931
0,scatter,,-0.015368037086454754,1.1006446849845586
0,scatter,,-0.0043635576112950325,1.100261287158688
0,scatter,,0.0066373900446428935,1.099938310125941
0,scatter,,0.017635409740992807,1.0996756825749563
0,scatter,,0.028631104580182774,1.0994733243518562
0,scatter,,0.03962507681915694,1.099331146484866
0,scatter,,0.050617927780139266,1.099249051167902
0,scatter,,0.06161025776142927,1.0992269317103904
0,scatter,,0.07260266595144398,1.0992646726310698
0,scatter,,0.08359575033978099,1.0993621495888939
0,scatter,,0.09459010762785754,1.0995192293415286
0,scatter,,0.10558633313961495,1.0997357696950407
0,scatter,,0.11658502073149644,1.100011619441812
0,scatter,,0.1275867627018634,1.1003466182867543
0,scatter,,0.13859214970051997,1.1007405967435997
0,scatter,,0.14960177063964503,1.1011933759703023
0,scatter,,0.16061621259428802,1.1017047677819374
0,scatter,,0.17163606070990062,1.1022745744894418
0,scatter,,0.18266189810688563,1.10290258875778
0,scatter,,0.19369430578355723,1.1035885934612337
0,scatter,,0.20473386251736136,1.104332361527315
0,scatter,,0.215781144764632,1.105133655769386
0,scatter,,0.22683672655861067,1.1059922287080484
0,scatter,,0.23790117940547278,1.1069078223813575
0,scatter,,0.2489750721767436,1.1078801680805765
0,scatter,,0.26005897099682007,1.1089089859755115
0,scatter,,0.27115343914208645,1.109993985222682
0,scatter,,0.28225903692488863,1.1111348636030882
0,scatter,,0.293376321578073,1.112331307255107
0,scatter,,0.3045058471372934,1.1135829904128585
0,scatter,,0.3156481643207839,1.1148895751333985
0,scatter,,0.32680382040633993,1.1162507110127753
0,scatter,,0.3379733591052326,1.1176660348909766
0,scatter,,0.34915732043333647,1.1191351705458663
0,scatter,,0.3603562405733055,1.12065772831684
0,scatter,,0.37157065172966364,1.1222333046752835
0,scatter,,0.3828010820129919,1.1238614821290585
0,scatter,,0.39404805528769127,1.1255418287677805
0,scatter,,0.40531209102496446,1.1272738978894952
0,scatter,,0.416593704152831,1.1290572276246489
0,scatter,,0.4278934049021248,1.1308913405489744
0,scatter,,0.43921169864864673,1.1327757432853682
0,scatter,,0.4505490857512089,1.1347099260947784
0,scatter,,0.46190606138529383,1.1366933624561097
0,scatter,,0.4732831153830896,1.1387255086321335
0,scatter,,0.48468073206929296,1.1408058032243293
0,scatter,,0.4960993900480619,1.1429336667301457
0,scatter,,0.5075395620346318,1.1451085010747524
0,scatter,,0.5190017146674758,1.1473296891363107
0,scatter,,0.5304863083150085,1.1495965942607365
0,scatter,,0.5419937968772974,1.1519085597657488
0,scatter,,0.5535246275825192,1.1542649084342098
0,scatter,,0.5650792407783409,1.1566649419968498
0,scatter,,0.5766580697179614,1.1591079406043863
0,scatter,,0.5882615403689577,1.1615931624592992
0,scatter,,0.5998900712028375,1.1641198433540112
0,scatter,,0.6115440728949453,1.1666871956951783
0,scatter,,0.6232239481239027,1.169294408149979
0,scatter,,0.6349300913315828,1.171940645079383
0,scatter,,0.6466628884761232,1.1746250459568996
0,scatter,,0.6584227167790804,1.1773467247777543
0,scatter,,0.670209944466452,1.1801047694585127
0,scatter,,0.6820249305033014,1.182898241227185
0,scatter,,0.6938680243221775,1.1857261740039382
0,scatter,,0.7057395656151186,1.188587574288131
0,scatter,,0.7176398840542408,1.191481420559902
0,scatter,,0.7295692988736389,1.194406661699559
0,scatter,,0.7415281186440426,1.1973622168670188
0,scatter,,0.7535166409712447,1.2003469748629785
0,scatter,,0.7655351521874847,1.2033597934790767
0,scatter,,0.777583927035701,1.2063994988409192
0,scatter,,0.7896632283469783,1.209464884744197
0,scatter,,0.8017733067109154,1.212554711983987
0,scatter,,0.8139144001386586,1.2156677076773215
0,scatter,,0.8260867338847344,1.2188025656922705
0,scatter,,0.8382905200484173,1.221957945641316
0,scatter,,0.8505259570041903,1.2251324707730837
0,scatter,,0.8627932291717784,1.2283247281857765
0,scatter,,0.8750925066482849,1.2315332681610809
0,scatter,,0.8874239448328411,1.2347566034952362
0,scatter,,0.8997876840440475,1.2379932088279118
0,scatter,,0.9121838491299649,1.2412415199691034
0,scatter,,0.9246125490703981,1.2444999332242515
0,scatter,,0.9370738765725279,1.2477668047219967
0,scatter,,0.9495679080095321,1.2510404517699472
0,scatter,,0.9620947027982489,1.254319151009878
0,scatter,,0.9746543026794693,1.2576011360548303
0,scatter,,0.9872467315060528,1.2608845981087966
0,scatter,,0.9998719948102426,1.2641676853551047
0,scatter,,1.0125300793638146,1.2674485023503341
0,scatter,,1.025220952730847,1.2707251094241763
0,scatter,,1.0379445628133823,1.2739955220857646
0,scatter,,1.0507008373897768,1.27725771043689
0,scatter,,1.063489683652132,1.2805095986249573
0,scatter,,1.0763109883878554,1.2837490674915455
0,scatter,,1.0891646169772289,1.2869739514717415
0,scatter,,1.1020504125648487,1.2901820363892462
0,scatter,,1.1149681958960311,1.2933710605522903
0,scatter,,1.1279177648302394,1.296538714316338
0,scatter,,1.1408988938486315,1.2996826396647871
0,scatter,,1.153911333555574,1.3028004298083606
0,scatter,,1.1669548101739626,1.3058896288038833
0,scatter,,1.1800290250346914,1.3089477311932562
0,scatter,,1.1931336540790642,1.3119721817421757
0,scatter,,1.2062683481677992,1.314960378580193
0,scatter,,1.219432731865751,1.3179096700488997
0,scatter,,1.2326264026667484,1.3208173534279875
0,scatter,,1.2458489307938028,1.323680676103632
0,scatter,,1.259099858696913,1.3264968355275342
0,scatter,,1.2723787005488618,1.3292629792187944
0,scatter,,1.2856849417396614,1.3319762048101986
0,scatter,,1.2990180383699999,1.3346335601394088
0,scatter,,1.3123774168511866,1.3372320431036704
0,scatter,,1.325762473342675,1.3397686019886668
0,scatter,,1.339172573162202,1.3422401359179679
0,scatter,,1.3526070503389709,1.34464349497545
0,scatter,,1.366065207109372,1.3469754805317267
0,scatter,,1.379546313413113,1.3492328456236664
0,scatter,,1.3930496063897904,1.3514122953883807
0,scatter,,1.4065742898765883,1.353510487553175
0,scatter,,1.4201195345287043,1.3555240351174167
0,scatter,,1.4336844773481332,1.3574495070574113
0,scatter,,1.4472682202502791,1.3592834257843263
0,scatter,,1.460869830128277,1.3610222697983951
0,scatter,,1.4744883384069811,1.3626624746475575
0,scatter,,1.4881227406021351,1.3642004339608924
0,scatter,,1.5017719958865132,1.3656325005642787
0,scatter,,1.5154350266637961,1.3669549876804108
0,scatter,,1.529110718535796,1.368164170416568
0,scatter,,1.5427979202092699,1.3692562873050134
0,scatter,,1.5564954421112978,1.3702275412546963
0,scatter,,1.570202056491928,1.37107410136777
0,scatter,,1.583916497094272,1.3717921046200028
0,scatter,,1.5976374588250883,1.372377657632935
0,scatter,,1.6113635974394744,1.3728268385470481
0,scatter,,1.6250935292407351,1.373135698998149
0,scatter,,1.638825831084172,1.3733002663883525
0,scatter,,1.652559040668819,1.3733165464430557
0,scatter,,1.66629165514033,1.3731805247584592
0,scatter,,1.6800221313448078,1.3728881695328845
0,scatter,,1.6937488856919845,1.3724354341442642
0,scatter,,1.7074702940009843,1.3718182598202404
0,scatter,,1.7211846913692026,1.37103257842938
0,scatter,,1.7348903720648519,1.3700743153958068
0,scatter,,1.7485855896595994,1.368939392375558
0,scatter,,1.7622685577632824,1.3676237290851339
0,scatter,,1.7759374487018336,1.36612324878322
0,scatter,,1.7895903939608742,1.3644338809443106
0,scatter,,1.8032254843378486,1.3625515646064432
0,scatter,,1.8168407700414482,1.360472251993452
0,scatter,,1.830434260824618,1.3581919122690478
0,scatter,,1.8440039261519086,1.355706535424727
0,scatter,,1.857547695492526,1.3530121357444733
0,scatter,,1.871063459159636,1.3501047522436966
0,scatter,,1.884549067764712,1.3469804580717475
0,scatter,,1.8980023327355848,1.3436353636947063
0,scatter,,1.911421026792916,1.3400656207227362
0,scatter,,1.9248028843760128,1.3362674264453531
0,scatter,,1.9381456021129913,1.332237028495625
0,scatter,,1.951446839335778,1.3279707296446401
0,scatter,,1.9647042186568136,1.3234648923068302
0,scatter,,1.9779153267814293,1.3187159380071138
0,scatter,,1.991077714962447,1.3137203581207884
0,scatter,,2.0041888997250004,1.3084747186923622
0,scatter,,2.017246363680463,1.3029756643293868
0,scatter,,2.030247556352674,1.2972199233046027
0,scatter,,2.043189895058925,1.2912043127405757
0,scatter,,2.0560707657082804,1.2849257436292791
0,scatter,,2.0688875234005017,1.2783812254759563
0,scatter,,2.081637494093347,1.2715678728155457
0,scatter,,2.0943179754644548,1.2644829102692785
0,scatter,,2.1069262380130023,1.2571236779941783
0,scatter,,2.119459526247416,1.2494876372490267
0,scatter,,2.1319150599306624,1.2415723760229307
0,scatter,,2.1442900352313283,1.233375610475206
0,scatter,,2.1565816260690083,1.2248951901745275
0,scatter,,2.168786985737647,1.216129109435979
0,scatter,,2.180903248263441,1.2070755096333123
0,scatter,,2.192927529932471,1.1977326845452085
0,scatter,,2.204856930879252,1.1880990856913607
0,scatter,,2.216688536689743,1.17817332748798
0,scatter,,2.2284194190813453,1.1679541890322829
0,scatter,,2.240046638562078,1.15744062236275
0,scatter,,2.251567246340288,1.1466317579205563
0,scatter,,2.2629782858846244,1.1355269085634188
0,scatter,,2.2742767948017684,1.124125574388554
0,scatter,,2.2854598067701652,1.1124274474686635
0,scatter,,2.2965243533267006,1.10043241546223
0,scatter,,2.307467465065577,1.0881405618498694
0,scatter,,2.3182861749153756,1.075552176326546
0,scatter,,2.3289775198900027,1.0626677570400507
0,scatter,,2.339538543146236,1.0494880139716796
0,scatter,,2.3499662961730943,1.03601387256407
0,scatter,,2.360257841029442,1.022246477164188
0,scatter,,2.3704102518219603,1.0081871927472872
0,scatter,,2.3804206165629873,0.9938376070636318
0,scatter,,2.390286041080802,0.9791995363526445
0,scatter,,2.4000036505891247,0.9642750263289129
0,scatter,,2.4095705920267307,0.9490663542994477
0,scatter,,2.4189840364396322,0.9335760310298804
0,scatter,,2.4282411813624645,0.9178068023039752
0,scatter,,2.437339251936193,0.9017616491437553
0,scatter,,2.4462755043055266,0.885443789549524
0,scatter,,2.45504722846467,0.8688566794566782
0,scatter,,2.4636517502499573,0.852004012655301
0,scatter,,2.472086433772253,0.8348897207090117
0,scatter,,2.4803486838610977,0.8175179725165678
0,scatter,,2.4884359482725857,0.7998931738398434
0,scatter,,2.4963457186608653,0.7820199681441815
0,scatter,,2.504075534900111,0.763903232500592
0,scatter,,2.5116229870346256,0.7455480763169603
0,scatter,,2.518985717442283,0.7269598393693085
0,scatter,,2.5261614231739533,0.7081440891703402
0,scatter,,2.533147858277566,0.6891066179215121
0,scatter,,2.539942835741238,0.6698534405646702
0,scatter,,2.5465442291778073,0.6503907933982378
0,scatter,,2.5529499758830623,0.6307251263756692
0,scatter,,2.5591580785734993,0.6108631003913152
0,scatter,,2.5651666073962764,0.5908115828376392
0,scatter,,2.5709737024139665,0.5705776418398824
0,scatter,,2.5765775758250067,0.5501685404799707
0,scatter,,2.5819765131756673,0.5295917322943531
0,scatter,,2.5871688756190574,0.5088548544591104
0,scatter,,2.592153101791166,0.4879657211531533
0,scatter,,2.596927708964693,0.4669323200105839
0,scatter,,2.6014912948630498,0.4457628044059925
0,scatter,,2.6058425397212748,0.4244654837189815
0,scatter,,2.6099802075245866,0.4030488171605664
0,scatter,,2.6139031474341725,0.38152140596223355
0,scatter,,2.6176102956720135,0.35989198590710025
0,scatter,,2.6211006764968254,0.3381694186113862
0,scatter,,2.624373403255022,0.3163626827162471
0,scatter,,2.627427679653069,0.2944808651706851
0,scatter,,2.6302628007965962,0.27253315226622554
0,scatter,,2.6328781540675297,0.25052882265097187
0,scatter,,2.6352732200304407,0.22847723604109854
0,scatter,,2.6374475731799434,0.2063878236342954
0,scatter,,2.639400882569751,0.18427007881834584
0,scatter,,2.641132912410691,0.1621335475632421
0,scatter,,2.642643522933676,0.13998781998879378
0,scatter,,2.643932670320686,0.11784251889539545
0,scatter,,2.6450004070442117,0.09570729002092844
0,scatter,,2.645846882074054,0.07359179213174641
0,scatter,,2.6464723409908024,0.051505687261669424
0,scatter,,2.646877126148398,0.029458631881263027
0,scatter,,2.6470616762752615,0.00746026529982019
0,scatter,,2.647026526303269,-0.01447979985662641
0,scatter,,2.646772307026992,-0.03635198748993507
0,scatter,,2.6462997448215293,-0.058146767635994565
0,scatter,,2.6456096614124647,-0.07985466576174989
0,scatter,,2.6447029727387608,-0.10146627309666051
0,scatter,,2.643580688409316,-0.12297225584578486
0,scatter,,2.642243910883083,-0.14436336450220097
0,scatter,,2.6406938347982694,-0.16563044288567516
0,scatter,,2.638931746080365,-0.186764437052554
0,scatter,,2.636959020397319,-0.20775640426080377
0,scatter,,2.634777122163109,-0.22859752140793219
0,scatter,,2.6323876032423987,-0.2492790933197953
0,scatter,,2.6297921015968666,-0.269792560804464
0,scatter,,2.6269923408168077,-0.29012950900781675
0,scatter,,2.6239901278287516,-0.3102816744514
0,scatter,,2.6207873511212947,-0.33024095211805765
0,scatter,,2.617385979328295,-0.34999940247108163
0,scatter,,2.613788059486856,-0.36954925798528937
0,scatter,,2.6099957154056357,-0.38888292987291884
0,scatter,,2.60601114652567,-0.4079930160999024
0,scatter,,2.6018366250158462,-0.42687230407273447
0,scatter,,2.597474494086235,-0.4455137766939439
0,scatter,,2.5929271660261044,-0.46391061740014367
0,scatter,,2.5881971201217504,-0.4820562146161616
0,scatter,,2.583286900966747,-0.4999441679571749
0,scatter,,2.5781991164474825,-0.5175682926964161
0,scatter,,2.5729364348935144,-0.5349226200104252
0,scatter,,2.5675015831795234,-0.5520014015957871
0,scatter,,2.5618973444759456,-0.5687991123484435
0,scatter,,2.5561265559866744,-0.5853104528189704
0,scatter,,2.550192107091805,-0.6015303553698682
0,scatter,,2.5440969366677035,-0.6174539823415832
0,scatter,,2.537844030703196,-0.633076726812349
0,scatter,,2.5314364200633643,-0.6483942145027082
0,scatter,,2.5248771781396124,-0.6634023043079302
0,scatter,,2.518169418549853,-0.6780970895592882
0,scatter,,2.511316292984402,-0.6924749017857704
0,scatter,,2.5043209885709303,-0.7065323048326572
0,scatter,,2.4971867256174547,-0.7202660958194553
0,scatter,,2.4899167552939185,-0.7336733044022261
0,scatter,,2.4825143573096344,-0.7467511913730988
0,scatter,,2.4749828375813334,-0.7594972496917672
0,scatter,,2.4673255259368276,-0.7719092030551424
0,scatter,,2.4595457738740127,-0.783985000114615
0,scatter,,2.451646952297329,-0.7957228138883196
0,scatter,,2.4436324492971404,-0.8071210390812446
0,scatter,,2.4355056680237412,-0.8181782894740712
0,scatter,,2.427270023910487,-0.8288933974000193
0,scatter,,2.4189289434418084,-0.8392654088978382
0,scatter,,2.410485861459779,-0.8492935786353195
0,scatter,,2.401944219286474,-0.8589773674199367
0,scatter,,2.3933074626921855,-0.8683164382385007
0,scatter,,2.384579039847509,-0.8773106525410713
0,scatter,,2.3757623990934245,-0.8859600678132916
0,scatter,,2.3668609872476645,-0.8942649319115249
0,scatter,,2.35787824767355,-0.9022256789825668
0,scatter,,2.348817618650505,-0.9098429232320364
0,scatter,,2.33968253144664,-0.9171174553514531
0,scatter,,2.330476408608153,-0.9240502374397451
0,scatter,,2.321202662103789,-0.9306423998677861
0,scatter,,2.3118646917704244,-0.9368952351964833
0,scatter,,2.3024658837272494,-0.9428101928202064
0,scatter,,2.2930096088768077,-0.9483888742804005
0,scatter,,2.2834992213803518,-0.953633028021316
0,scatter,,2.2739380571616907,-0.9585445440174049
0,scatter,,2.264329432569103,-0.9631254490479331
0,scatter,,2.2546766430445917,-0.967377901578413
0,scatter,,2.2449829617907375,-0.9713041858669246
0,scatter,,2.2352516385574845,-0.974906707149387
0,scatter,,2.225485898469967,-0.9781879867528005
0,scatter,,2.215688940875656,-0.9811506561837786
0,scatter,,2.2058639382729317,-0.9837974522221481
0,scatter,,2.196014035292613,-0.9861312122654752
0,scatter,,2.1861423477123436,-0.9881548684984592
0,scatter,,2.176251961530047,-0.9898714431259129
0,scatter,,2.1663459320651457,-0.9912840442775814
0,scatter,,2.156427283174022,-0.9923958594884204
0,scatter,,2.146499006470622,-0.9932101510127035
0,scatter,,2.136564060606006,-0.9937302508941139
0,scatter,,2.1266253706024028,-0.9939595559834745
0,scatter,,2.1166858271795563,-0.9939015241163771
0,scatter,,2.1067482860181785,-0.9935596724755859
0,scatter,,2.09681556749474,-0.9929375683088879
0,scatter,,2.0868904561194617,-0.9920388261722979
0,scatter,,2.0769757000961584,-0.9908671039921721
0,scatter,,2.0670740109428274,-0.9894260990872944
0,scatter,,2.057188062967704,-0.9877195429827462
0,scatter,,2.0473204926244666,-0.9857511952019046
0,scatter,,2.037473898870283,-0.9835248440884248
0,scatter,,2.027650842694833,-0.9810443015672885
0,scatter,,2.0178538469089093,-0.9783133996476283
0,scatter,,2.008085395989832,-0.975335987230049
0,scatter,,1.9983479358102567,-0.972115924006968
0,scatter,,1.9886438733915714,-0.9686570742724083
0,scatter,,1.9789755772156294,-0.9649633112348577
0,scatter,,1.9693453770375005,-0.9610385109103295
0,scatter,,1.959755563882788,-0.9568865491573938
0,scatter,,1.9502083900820006,-0.952511298949963
0,scatter,,1.9407060692013376,-0.94791662605635
0,scatter,,1.9312507760725595,-0.9431063857595868
0,scatter,,1.9218446471268085,-0.9380844232914575
0,scatter,,1.912489780420989,-0.9328545700765112
0,scatter,,1.903188235793452,-0.9274206414557608
0,scatter,,1.893942035044186,-0.9217864345512295
0,scatter,,1.8847531620628655,-0.9159557250927725
0,scatter,,1.8756235630523492,-0.9099322655277023
0,scatter,,1.866555146847145,-0.9037197844276842
0,scatter,,1.857549785124829,-0.8973219840548358
0,scatter,,1.8486093126776004,-0.8907425387138362
0,scatter,,1.8397355276999798,-0.8839850932153437
0,scatter,,1.8309301921146182,-0.8770532603508685
0,scatter,,1.8221950318815565,-0.869950619949952
0,scatter,,1.8135317373141737,-0.8626807183373321
0,scatter,,1.8049419634329007,-0.8552470666677303
0,scatter,,1.796427330319989,-0.847653139827219
0,scatter,,1.7879894234854194,-0.8399023754170051
0,scatter,,1.7796297943049482,-0.8319981719869105
0,scatter,,1.7713499603656786,-0.8239438887097913
0,scatter,,1.763151405834976,-0.8157428449282003
0,scatter,,1.755035581881702,-0.8073983191705641
0,scatter,,1.7470039070822996,-0.7989135485240357
0,scatter,,1.739057767836952,-0.7902917280619397
0,scatter,,1.7311985189144363,-0.7815360097695202
0,scatter,,1.7234274837580672,-0.7726495026663958
0,scatter,,1.7157459548922505,-0.7636352725452041
0,scatter,,1.7081551943844335,-0.7544963415287498
0,scatter,,1.7006564342736405,-0.7452356878519794
0,scatter,,1.6932508769985752,-0.7358562457100091
0,scatter,,1.6859396958884718,-0.7263609049965684
0,scatter,,1.6787240358409705,-0.7167525105934401
0,scatter,,1.6716050133861562,-0.7070338633677611
0,scatter,,1.6645837172304658,-0.6972077199209193
0,scatter,,1.6576612087150042,-0.687276792610846
0,scatter,,1.6508385222464994,-0.6772437496864171
0,scatter,,1.6441166657237827,-0.6671112154670933
0,scatter,,1.637496621127226,-0.6568817705587072
0,scatter,,1.6309793450006012,-0.6465579521145696
0,scatter,,1.6245657685824981,-0.6361422541495242
0,scatter,,1.6182567983705387,-0.625637127872339
0,scatter,,1.61205331653941,-0.6150449820580923
0,scatter,,1.6059561813514256,-0.604368183452637
0,scatter,,1.5999662275700777,-0.5936090572157341
0,scatter,,1.5940842671260564,-0.582769887616612
0,scatter,,1.5883110892887635,-0.571852918335104
0,scatter,,1.5826474610084527,-0.5608603529413898
0,scatter,,1.5770941273811894,-0.5497943555113272
0,scatter,,1.571651812031338,-0.5386570511984353
0,scatter,,1.5663212174857375,-0.5274505268250834
0,scatter,,1.5611030255936837,-0.5161768315987303
0,scatter,,1.5559978981229594,-0.5048379782094012
0,scatter,,1.5510064767784064,-0.49343594281930314
0,scatter,,1.5461293836487913,-0.481972665929772
0,scatter,,1.5413672215770884,-0.4704500531275
0,scatter,,1.5367205744972963,-0.45886997579412026
0,scatter,,1.53219000776181,-0.44723427182558817
0,scatter,,1.5277760685789552,-0.43554474669056803
0,scatter,,1.5234792863843414,-0.42380317434071657
0,scatter,,1.5193001729193423,-0.4120112973467813
0,scatter,,1.5152392226411482,-0.4001708279823695
0,scatter,,1.5112969130167362,-0.38828344901982564
0,scatter,,1.507473704805914,-0.37635081452755625
0,scatter,,1.5037700423397558,-0.36437455068957264
0,scatter,,1.5001863539545046,-0.3523562572086546
0,scatter,,1.4967230521149342,-0.34029750765697436
0,scatter,,1.4933805336237695,-0.3281998501657491
0,scatter,,1.4901591799165563,-0.3160648084512417
0,scatter,,1.4870593572963393,-0.30389388266549905
0,scatter,,1.4840814171583534,-0.291688550247515
0,scatter,,1.481225696231369,-0.27945026688825236
0,scatter,,1.4784925169072982,-0.267180467915078
0,scatter,,1.4758821872705628,-0.2548805684357749
0,scatter,,1.4733950013316606,-0.24255196439652865
0,scatter,,1.4710312392258973,-0.230196033532537
0,scatter,,1.4687911673866811,-0.21781413625098817
0,scatter,,1.4666750387089644,-0.20540761651273273
0,scatter,,1.4646830927660945,-0.1929778030357902
0,scatter,,1.4628155559867768,-0.1805260103436037
0,scatter,,1.4610726416574122,-0.16805353896920355
0,scatter,,1.4594545501167038,-0.1555616766902776
0,scatter,,1.4579614688765947,-0.14305169943565169
0,scatter,,1.45659357273256,-0.1305248721851471
0,scatter,,1.4553510238642346,-0.11798244986745463
0,scatter,,1.4542339719263977,-0.10542567825592242
0,scatter,,1.4532425541594916,-0.09285579502944255
0,scatter,,1.4523768955871699,-0.08027403138519323
0,scatter,,1.4516371088903213,-0.06768161184781352
0,scatter,,1.4510232945232404,-0.05507975551982875
0,scatter,,1.450535540780544,-0.04246967710102313
0,scatter,,1.450173923841577,-0.02985258783020145
0,scatter,,1.4499385078068718,-0.017229696432192874
0,scatter,,1.4498293447268837,-0.004602210071069986
0,scatter,,1.4498464746136985,0.008028664725938064
0,scatter,,1.4499899252140203,0.02066172202498169
0,scatter,,1.4502597122372267,0.03329575465960456
0,scatter,,1.4506558393812752,0.04592955314440372
0,scatter,,1.4511782982403847,0.058561905006541334
0,scatter,,1.451827068274811,0.07119159384276738
0,scatter,,1.4526021167725003,0.08381739837110899
0,scatter,,1.453503398802816,0.09643809147692205
0,scatter,,1.454530857162479,0.10905243925195801
0,scatter,,1.4556844221851344,0.12165920073437768
0,scatter,,1.456964011651673,0.13425712704556664
0,scatter,,1.4583695309148768,0.1468449592991668
0,scatter,,1.4599008726939404,0.1594214282770094
0,scatter,,1.461557916969606,0.17198525350320382
0,scatter,,1.4633405308713776,0.18453514231309043
0,scatter,,1.4652485685564736,0.1970697889196691
0,scatter,,1.4672818710806106,0.20958787347692504
0,scatter,,1.4694402662143629,0.22208806136588394
0,scatter,,1.4717235681495064,0.23456900297563377
0,scatter,,1.474131577589574,0.24702933156452198
0,scatter,,1.4766640814962113,0.25946766276011113
0,scatter,,1.4793208528949828,0.2718825937267617
0,scatter,,1.482101650686055,0.2842727022665209
0,scatter,,1.4850062194459346,0.2966365459218346
0,scatter,,1.4880342892202545,0.30897266107990734
0,scatter,,1.4911855753087662,0.32127956210344144
0,scatter,,1.494459778059855,0.3335557408527483
0,scatter,,1.497856582616444,0.34579966536792184
0,scatter,,1.5013756586737466,0.35800977899191244
0,scatter,,1.505016660233702,0.37018449961103495
0,scatter,,1.5087792253460004,0.38232221879922845
0,scatter,,1.5126629758404693,0.394421300967536
0,scatter,,1.5166675170510058,0.406480082519491
0,scatter,,1.5207924375309334,0.4184968710121516
0,scatter,,1.5250373087735303,0.43046994462226035
0,scatter,,1.5294016849084837,0.442397551273332
0,scatter,,1.533885102376824,0.45427790747979413
0,scatter,,1.5384870796233296,0.4661091977651138
0,scatter,,1.5432071167715893,0.4778895738862388
0,scatter,,1.5480446952909968,0.4896171540693136
0,scatter,,1.5529992776558748,0.5012900222575718
0,scatter,,1.5580703069967363,0.5129062273718611
0,scatter,,1.563257206768401,0.5244637827071532
0,scatter,,1.5685593804435187,0.535960665507577
0,scatter,,1.5739762110351028,0.5473948157432251
0,scatter,,1.5795070607615764,0.5587641356490075
0,scatter,,1.585151270669632,0.570066489106322
0,scatter,,1.5909081602459214,0.581299701022832
0,scatter,,1.5967770270222863,0.5924615567335126
0,scatter,,1.602757146174604,0.6035498014238179
0,scatter,,1.6088477701230273,0.6145621396087866
0,scatter,,1.6150481282096265,0.6254962349927116
0,scatter,,1.6213574261751573,0.6363497095216806
0,scatter,,1.6277748457481673,0.6471201429670981
0,scatter,,1.6342995442384487,0.6578050725790472
0,scatter,,1.6409306541074888,0.668401992693366
0,scatter,,1.6476672825344136,0.6789083543721275
0,scatter,,1.654508510977905,0.689321565079406
0,scatter,,1.6614533947344818,0.6996389883943526
0,scatter,,1.6685009626638903,0.7098579441392701
0,scatter,,1.6756502166375271,0.7199757079436838
0,scatter,,1.6829001309523552,0.7299895107806385
0,scatter,,1.6902496519850274,0.7398965390824604
0,scatter,,1.697697697741831,0.7496939346770538
0,scatter,,1.7052431574071478,0.7593787947725881
0,scatter,,1.7128848908909846,0.768948171992771
0,scatter,,1.7206217283758602,0.7783990744645645
0,scatter,,1.7284524698633363,0.7877284659602604
0,scatter,,1.7363758847207844,0.7969332660962486
0,scatter,,1.7443907112287085,0.806010350590487
0,scatter,,1.7524956562738507,0.8149565518038997
0,scatter,,1.7606893955363834,0.8237686601035112
0,scatter,,1.7689705719585198,0.8324434226418108
0,scatter,,1.7773377956499958,0.8409775444129042
0,scatter,,1.7857896435592355,0.8493676890137363
0,scatter,,1.7943246590609325,0.8576104793442837
0,scatter,,1.802941351550762,0.8657024983880505
0,scatter,,1.8116381960478927,0.8736402900757391
0,scatter,,1.8204136328059815,0.881420360235066
0,scatter,,1.8292660669337037,0.8890391776300838
0,scatter,,1.838193868025565,0.8964931750931361
0,scatter,,1.8471953698038253,0.9037787507517299
0,scatter,,1.8562688699079513,0.9108922676375953
0,scatter,,1.8654126294960793,0.9178300559483163
0,scatter,,1.8746248727968564,0.924588416224971
0,scatter,,1.8839037869018356,0.9311636197762455
0,scatter,,1.8932475214838422,0.9375519103586573
0,scatter,,1.9026541885333321,0.9437495059651484
0,scatter,,1.9121218621137932,0.9497526007251811
0,scatter,,1.921648578137271,0.9555573669195454
0,scatter,,1.9312323341615016,0.9611599571133908
0,scatter,,1.940871089209809,0.9665565064108121
0,scatter,,1.9505627636149658,0.9717431348344099
0,scatter,,1.960305238823658,0.9767159491807546
0,scatter,,1.9700963569312457,0.9814710420274565
0,scatter,,1.9799339211102556,0.9860044995758811
0,scatter,,1.9898156954130162,0.990312403041953
0,scatter,,1.9997394046801724,0.9943908309424457
0,scatter,,2.0097027345271306,0.998235861980312
0,scatter,,2.019703331360258,1.0018435780340464
0,scatter,,2.0297388024238967,1.0052100672504096
0,scatter,,2.0398067158796493,1.0083314272397734
0,scatter,,2.049904600942323,1.0112037690276052
0,scatter,,2.060029948130677,1.013823223363659
0,scatter,,2.0701802092964656,1.01618593988625
0,scatter,,2.0803527978970253,1.0182880921845592
0,scatter,,2.0905450892744373,1.0201258820652965
0,scatter,,2.1007544209637183,1.0216955436045763
0,scatter,,2.110978093043278,1.0229933473299133
0,scatter,,2.121213368529488,1.0240156045335973
0,scatter,,2.131457473816722,1.0247586717185706
0,scatter,,2.141707599127036,1.025218954492281
0,scatter,,2.151960898690712,1.0253929057402793
0,scatter,,2.1622144912695123,1.025277030038798
0,scatter,,2.172465461583854,1.0248679067666078
0,scatter,,2.1827108606433403,1.0241621870946114
0,scatter,,2.1929477057890403,1.0231565799776523
0,scatter,,2.203172981969486,1.0218478733766192
0,scatter,,2.21338364252327,1.0202329439795517
0,scatter,,2.223576609918738,1.0183087515209197
0,scatter,,2.2337487767858226,1.016072345971121
0,scatter,,2.2438970066387056,1.0135208751752025
0,scatter,,2.254018134918462,1.0106515887848824
0,scatter,,2.2641089701887243,1.007461843233307
0,scatter,,2.27416629512641,1.0039491071301492
0,scatter,,2.284186867643766,1.0001109665395131
0,scatter,,2.294167422177808,0.9959451299968934
0,scatter,,2.3041046708662076,0.9914494339579092
0,scatter,,2.3139953047853514,0.9866218482299798
0,scatter,,2.323835995360854,0.9814604810252691
0,scatter,,2.333623396059346,0.97596358328563
0,scatter,,2.343354143444138,0.9701295551645582
0,scatter,,2.3530248587511045,0.9639569510293008
0,scatter,,2.362632149641898,0.9574444835835025
0,scatter,,2.3721726117932227,0.9505910290861438
0,scatter,,2.3816428304169754,0.9433956331918266
0,scatter,,2.391039382041284,0.9358575154434979
0,scatter,,2.4003588362738304,0.9279760728871714
0,scatter,,2.4095977576173317,0.9197508860216225
0,scatter,,2.4187527073347126,0.9111817233524439
0,scatter,,2.427820245310127,0.9022685451228191
0,scatter,,2.4367969319640648,0.8930115071509117
0,scatter,,2.445679330329598,0.8834109662444175
0,scatter,,2.4544640080571125,0.8734674838055476
0,scatter,,2.4631475393536726,0.863181828347692
0,scatter,,2.471726507192162,0.8525549801466598
0,scatter,,2.480197505482819,0.8415881349372657
0,scatter,,2.488557141178546,0.8302827065572465
0,scatter,,2.4968020363442776,0.8186403289045321
0,scatter,,2.5049288306064565,0.8066628603000593
0,scatter,,2.5129341833618413,0.7943523855896589
0,scatter,,2.520814775653204,0.7817112161223565
0,scatter,,2.5285673128204627,0.7687418936691228
0,scatter,,2.536188527008588,0.7554471931526376
0,scatter,,2.543675179422627,0.7418301235711161
0,scatter,,2.551024062748591,0.7278939294510374
0,scatter,,2.558232003601562,0.7136420920527266
0,scatter,,2.565295863887254,0.6990783251724739
0,scatter,,2.572212542955234,0.684206574222849
0,scatter,,2.578978981695497,0.6690310239095176
0,scatter,,2.585592164079595,0.6535560936995113
0,scatter,,2.592049119525623,0.6377864367014568
0,scatter,,2.598346925259103,0.6217269381235353
0,scatter,,2.6044827084772755,0.6053827150722761
0,scatter,,2.6104536482137313,0.5887591186343255
0,scatter,,2.6162569783855982,0.5718617239301835
0,scatter,,2.62188998977975,0.5546963296791078
0,scatter,,2.6273500322418073,0.5372689550646458
0,scatter,,2.632634516861197,0.5195858358420041
0,scatter,,2.637740918145922,0.5016534209194429
0,scatter,,2.642666776382032,0.4834783766537772
0,scatter,,2.6474096994973904,0.4650675741079653
0,scatter,,2.6519673651361995,0.44642808520317057
0,scatter,,2.6563375227042423,0.42756717910208747
0,scatter,,2.6605179952930103,0.4084923164700556
0,scatter,,2.6645066812622646,0.38921113901667986
0,scatter,,2.66830155638307,0.36973146804088697
0,scatter,,2.6719006755508765,0.3500612970125582
0,scatter,,2.675302174431462,0.33020878374119417
0,scatter,,2.678504271080319,0.3101822437563031
0,scatter,,2.681505267526715,0.2899901494671847
0,scatter,,2.6843035511891897,0.26964111508835487
0,scatter,,2.686897596265581,0.24914388997953482
0,scatter,,2.689285965034656,0.2285073512622781
0,scatter,,2.691467309117808,0.20774049536924166
0,scatter,,2.69344037090823,0.18685242906720856
0,scatter,,2.6952039842965174,0.16585236086516358
0,scatter,,2.6967570757076813,0.1447495917523084
0,scatter,,2.6980986650062584,0.12355350573152679
0,scatter,,2.699227866284692,0.10227356078271391
0,scatter,,2.7001438885888955,0.08091928213344038
0,scatter,,2.7008460364466655,0.059500249018113946
0,scatter,,2.7013337103558115,0.03802608567335445
0,scatter,,2.70160640715593,0.0165064516618253
0,scatter,,2.701663720395482,-0.005048967922193115
0,scatter,,2.7015053409447987,-0.026630471542546816
0,scatter,,2.701131056539986,-0.04822835251477728
0,scatter,,2.700540751911043,-0.06983290880368347
0,scatter,,2.699734408694769,-0.09143445308576896
0,scatter,,2.6987121052856673,-0.11302332246419092
0,scatter,,2.697474016790483,-0.13458988703272592
0,scatter,,2.696020414250217,-0.15612456170527877
0,scatter,,2.694351664221274,-0.1776178154876224
0,scatter,,2.6924682281640835,-0.19906018109621765
0,scatter,,2.690370661853792,-0.22044226438589795
0,scatter,,2.688059615005808,-0.2417547540646441
0,scatter,,2.6855358297697043,-0.2629884303670596
0,scatter,,2.6828001399308254,-0.2841341749144027
0,scatter,,2.6798534698414804,-0.30518297926519145
0,scatter,,2.676696833326539,-0.326125953639714
0,scatter,,2.6733313327184445,-0.3469543353579422
0,scatter,,2.669758157252783,-0.36765949709515244
0,scatter,,2.6659785817417925,-0.3882329548639666
0,scatter,,2.66199396503541,-0.4086663760088199
0,scatter,,2.6578057484767372,-0.4289515865187089
0,scatter,,2.6534154542322868,-0.44908057828619125
0,scatter,,2.6488246838537775,-0.4690455156300288
0,scatter,,2.6440351163795857,-0.4888387421276024
0,scatter,,2.639048506388773,-0.5084527871336236
0,scatter,,2.6338666822576835,-0.5278803712589324
0,scatter,,2.6284915442299766,-0.547114411886799
0,scatter,,2.622925062264939,-0.5661480290264201
0,scatter,,2.6171692740842656,-0.5849745498795531
0,scatter,,2.6112262832341564,-0.6035875129249284
0,scatter,,2.6050982566742986,-0.6219806728673648
0,scatter,,2.5987874226695324,-0.640148004269781
0,scatter,,2.592296068798866,-0.658083704614622
0,scatter,,2.585626539442548,-0.6757821978736803
0,scatter,,2.5787812335366618,-0.6932381375071743
0,scatter,,2.57176260237231,-0.7104464072515116
0,scatter,,2.564573147362414,-0.7274021259732673
0,scatter,,2.5572154173468316,-0.7441006468280306
0,scatter,,2.5496920065724584,-0.7605375596616756
0,scatter,,2.5420055522427853,-0.7767086918413646
0,scatter,,2.534158731940572,-0.7926101090770675
0,scatter,,2.5261542615220582,-0.8082381148561313
0,scatter,,2.5179948926208415,-0.8235892515827026
0,scatter,,2.5096834101841483,-0.838660301174521
0,scatter,,2.501222630223191,-0.8534482801937708
0,scatter,,2.4926153973710137,-0.8679504428761899
0,scatter,,2.483864582511648,-0.8821642804476418
0,scatter,,2.474973080535842,-0.8960875138864706
0,scatter,,2.4659438078794116,-0.9097180979406694
0,scatter,,2.456779700242254,-0.9230542180974683
0,scatter,,2.447483710514552,-0.9360942833874849
0,scatter,,2.438058806192887,-0.9488369298296949
0,scatter,,2.4285079672887866,-0.961281015332953
0,scatter,,2.4188341843832175,-0.9734256132746217
0,scatter,,2.4090404559630385,-0.9852700146809732
0,scatter,,2.3991297866999606,-0.9968137209369308
0,scatter,,2.389105185473091,-1.0080564389617128
0,scatter,,2.3789696625501424,-1.0189980829431116
0,scatter,,2.3687262277766847,-1.0296387684733148
0,scatter,,2.3583778899099133,-1.0399788001071681
0,scatter,,2.3479276532992084,-1.050018675123176
0,scatter,,2.3373785158020732,-1.0597590797403806
0,scatter,,2.326733467743421,-1.0692008808472602
0,scatter,,2.3159954908292284,-1.078345118353359
0,scatter,,2.3051675545395405,-1.0871930072264735
0,scatter,,2.294252614939547,-1.0957459303763515
0,scatter,,2.283253614692715,-1.1040054290471049
0,scatter,,2.272173479951966,-1.111973201544838
0,scatter,,2.2610151183602287,-1.1196510990081674
0,scatter,,2.2497814184294,-1.1270411183471591
0,scatter,,2.238475249289111,-1.1341453948968625
0,scatter,,2.2270994569232365,-1.140966200838261
0,scatter,,2.2156568633921654,-1.1475059387772242
0,scatter,,2.204150267366278,-1.153767134732764
0,scatter,,2.1925824415458486,-1.1597524338338274
0,scatter,,2.180956130717422,-1.1654645954682035
0,scatter,,2.169274051811293,-1.1709064874278623
0,scatter,,2.1575388946705303,-1.1760810802413837
0,scatter,,2.1457533169688356,-1.1809914424367993
0,scatter,,2.1339199442387553,-1.1856407349918054
0,scatter,,2.122041368706454,-1.190032205973752
0,scatter,,2.11012015176368,-1.1941691860811328
0,scatter,,2.098158824897865,-1.1980550838220165
0,scatter,,2.0861598813952393,-1.201693378519208
0,scatter,,2.0741257785002616,-1.205087615778136
0,scatter,,2.062058936456619,-1.2082414022350696
0,scatter,,2.049961742577559,-1.2111584052911264
0,scatter,,2.037836548674199,-1.2138423462972043
0,scatter,,2.025685666219801,-1.2162969915069843
0,scatter,,2.0135113679019137,-1.2185261493278559
0,scatter,,2.0013158870720953,-1.2205336656277246
0,scatter,,1.9891014228535917,-1.2223234279557718
0,scatter,,1.9768701348931674,-1.2238993534475828
0,scatter,,1.9646241414437948,-1.2252653819782542
0,scatter,,1.952365520363484,-1.2264254739097655
0,scatter,,1.9400963091806593,-1.227383606725135
0,scatter,,1.9278185101261356,-1.2281437824567571
0,scatter,,1.9155340836487478,-1.2287100100864758
0,scatter,,1.9032449486628376,-1.2290863025755423
0,scatter,,1.8909529830893084,-1.2292766745329136
0,scatter,,1.8786600246442462,-1.2292851410443317
0,scatter,,1.8663678749639707,-1.2291157256275649
0,scatter,,1.854078293181932,-1.2287724393344752
0,scatter,,1.8417929974541485,-1.2282592815951816
0,scatter,,1.8295136652208583,-1.2275802376056502
0,scatter,,1.81724193474182,-1.226739280172913
0,scatter,,1.8049794076696022,-1.2257403750064921
0,scatter,,1.7927276438164181,-1.2245874600885969
0,scatter,,1.7804881631324285,-1.2232844489903771
0,scatter,,1.7682624458548666,-1.221835228113777
0,scatter,,1.7560519347311858,-1.2202436621887371
0,scatter,,1.7438580357156281,-1.218513593746678
0,scatter,,1.7316821146806607,-1.2166488268682445
0,scatter,,1.7195254991912903,-1.2146531309098125
0,scatter,,1.7073894790585273,-1.2125302396791682
0,scatter,,1.6952753073234277,-1.21028385262301
0,scatter,,1.6831842024035624,-1.2079176414328139
0,scatter,,1.671117344131006,-1.2054352281764904
0,scatter,,1.6590758760442454,-1.2028401925822358
0,scatter,,1.6470609057163603,-1.200136070249092
0,scatter,,1.635073506907509,-1.1973263609078453
0,scatter,,1.6231147185363137,-1.1944145191013693
0,scatter,,1.6111855448842558,-1.1914039516520192
0,scatter,,1.5992869565276486,-1.188298019124679
0,scatter,,1.5874198907913741,-1.1851000349059804
0,scatter,,1.575585251308418,-1.1818132614690093
0,scatter,,1.5637839096572825,-1.1784409134241154
0,scatter,,1.5520167058488106,-1.1749861569277782
0,scatter,,1.5402844488123486,-1.1714521091626602
0,scatter,,1.5285879166661835,-1.1678418367956498
0,scatter,,1.5169278557191803,-1.1641583490676608
0,scatter,,1.5053049831319325,-1.1604046065279672
0,scatter,,1.4937199869672202,-1.156583518679351
0,scatter,,1.4821735266423808,-1.1526979433785165
0,scatter,,1.4706662332001494,-1.148750685595181
0,scatter,,1.4591987092215017,-1.1447444947903374
0,scatter,,1.4477715304693002,-1.140682069240185
0,scatter,,1.4363852460623272,-1.1365660545465681
0,scatter,,1.42504037900243,-1.132399043601714
0,scatter,,1.4137374265436167,-1.1281835760592454
0,scatter,,1.402476860603894,-1.123922138004547
0,scatter,,1.3912591286747753,-1.1196171634220093
0,scatter,,1.3800846542095329,-1.1152710338793184
0,scatter,,1.3689538371663044,-1.1108860788045598
0,scatter,,1.3578670543523852,-1.106464574975747
0,scatter,,1.346824659982213,-1.102008746951973
0,scatter,,1.335826986391751,-1.0975207682074926
0,scatter,,1.3248743444698707,-1.0930027611265734
0,scatter,,1.3139670241854184,-1.0884567974451527
0,scatter,,1.3031052948982873,-1.083884897684942
0,scatter,,1.2922894060203618,-1.0792890323429782
0,scatter,,1.2815195875652794,-1.0746711225843366
0,scatter,,1.270796050610195,-1.0700330405527168
0,scatter,,1.2601189877814882,-1.0653766098336717
0,scatter,,1.2494885735275356,-1.060703604798557
0,scatter,,1.238904964849302,-1.0560157525063372
0,scatter,,1.228368301779046,-1.0513147332714643
0,scatter,,1.2178787078113424,-1.046602181019357
0,scatter,,1.2074362903767846,-1.0418796839242597
0,scatter,,1.197041141310532,-1.037148785066854
0,scatter,,1.1866933372754631,-1.0324109828638903
0,scatter,,1.1763929398884825,-1.0276677297078616
0,scatter,,1.166139996553364,-1.0229204350485113
0,scatter,,1.1559345408222275,-1.0181704656028692
0,scatter,,1.1457765927530552,-1.013419145595209
0,scatter,,1.1356661593083934,-1.0086677573098388
0,scatter,,1.1256032347422236,-1.0039175416272927
0,scatter,,1.1155878010904654,-0.9991696989926965
0,scatter,,1.1056198291560497,-0.9944253923401869
0,scatter,,1.0956992780357266,-0.989685744359639
0,scatter,,1.0858260956999637,-0.9849518388939522
0,scatter,,1.0760002194350446,-0.980224721824723
0,scatter,,1.0662215761998493,-0.9755054016494524
0,scatter,,1.0564900829722537,-0.970794850041132
0,scatter,,1.0468056472126062,-0.9660940030240437
0,scatter,,1.037168167634724,-0.961403763710736
0,scatter,,1.0275775338497126,-0.9567249994717285
0,scatter,,1.0180336269145445,-0.9520585436333224
0,scatter,,1.0085363196994268,-0.9474051963063501
0,scatter,,0.9990854772068979,-0.9427657250071986
0,scatter,,0.9896809568825166,-0.9381408652680977
0,scatter,,0.9803226090042888,-0.9335313215719181
0,scatter,,0.9710102771680652,-0.9289377686780819
0,scatter,,0.9617437982366323,-0.9243608508985247
0,scatter,,0.9525230027601114,-0.919801183211132
0,scatter,,0.9433477152747244,-0.9152593519226184
0,scatter,,0.9342177545824026,-0.910735915275207
0,scatter,,0.9251329340235008,-0.9062314040433387
0,scatter,,0.9160930617866729,-0.9017463223488696
0,scatter,,0.9070979412241922,-0.8972811485283975
0,scatter,,0.8981473709792984,-0.8928363350550397
0,scatter,,0.8892411452909993,-0.8884123094002248
0,scatter,,0.8803790542415169,-0.884009474622013
0,scatter,,0.871560883994949,-0.8796282099311096
0,scatter,,0.8627864170296305,-0.8752688712462727
0,scatter,,0.8540554323975375,-0.8709317919690264
0,scatter,,0.8453677059635409,-0.8666172836510259
0,scatter,,0.8367230105541812,-0.8623256360652957
0,scatter,,0.8281211162009632,-0.8580571179625898
0,scatter,,0.8195617903466537,-0.8538119776018787
0,scatter,,0.8110447980454529,-0.8495904432675454
0,scatter,,0.8025699021576438,-0.8453927237761112
0,scatter,,0.7941368635715774,-0.841219009193401
0,scatter,,0.7857454413888223,-0.8370694713301428
0,scatter,,0.7773953930601061,-0.8329442639348688
0,scatter,,0.7690864745846635,-0.8288435233351256
0,scatter,,0.7608184406811803,-0.8247673689122759
0,scatter,,0.75259104495365,-0.8207159035663293
0,scatter,,0.7444040400524127,-0.8166892141716009
0,scatter,,0.7362571778585635,-0.812687372294221
0,scatter,,0.7281502096206701,-0.8087104344848751
0,scatter,,0.7200828860801216,-0.8047584424962837
0,scatter,,0.7120549576300107,-0.8008314238587038
0,scatter,,0.7040661744539845,-0.7969293922957976
0,scatter,,0.6961162866607002,-0.7930523481305043
0,scatter,,0.6882050444140662,-0.7892002786808002
0,scatter,,0.6803321980590497,-0.7853731586450498
0,scatter,,0.6724974982572655,-0.781570950635873
0,scatter,,0.6647006961592409,-0.7777936061742596
0,scatter,,0.6569415434286381,-0.7740410650154611
0,scatter,,0.6492197923816636,-0.770313255834625
0,scatter,,0.6415351961016476,-0.7666100966618264
0,scatter,,0.6338875085435912,-0.7629314952346629
0,scatter,,0.6262764846352779,-0.7592773493423621
0,scatter,,0.6187018803748284,-0.7556475471612679
0,scatter,,0.6111634529248477,-0.7520419675832676
0,scatter,,0.603660960697075,-0.7484604808574651
0,scatter,,0.596194163443615,-0.7449029487138309
0,scatter,,0.5887628223458381,-0.7413692244456821
0,scatter,,0.5813667000922386,-0.7378591533841462
0,scatter,,0.5740055609565551,-0.734372573197949
0,scatter,,0.5666791708730431,-0.7309093141858971
0,scatter,,0.5593872975087841,-0.7274691995619847
0,scatter,,0.5521297103332058,-0.7240520457331878
0,scatter,,0.5449061806824191,-0.720657662635159
0,scatter,,0.5377164818140752,-0.7172858542326032
0,scatter,,0.5305603889845713,-0.7139364183779242
0,scatter,,0.523437679502864,-0.7106091471976079
0,scatter,,0.5163481327856899,-0.7073038273716424
0,scatter,,0.5092915304114505,-0.7040202403804231
0,scatter,,0.5022676561718965,-0.7007581627456558
0,scatter,,0.49527629612143576,-0.6975173662652061
0,scatter,,0.48831723862417203,-0.6942976182428763
0,scatter,,0.48139027436057075,-0.6910986818244084
0,scatter,,0.4744951963947033,-0.6879203161439703
0,scatter,,0.46763180023866346,-0.6847622764679119
0,scatter,,0.4607998838713515,-0.6816243144610128
0,scatter,,0.4539992477740962,-0.6785061783924973
0,scatter,,0.44722969496448045,-0.6754076133370807
0,scatter,,0.44049103102826187,-0.6723283613710502
0,scatter,,0.4337830641495449,-0.6692681617635087
0,scatter,,0.42710560512803075,-0.6662267511745957
0,scatter,,0.42045846736799775,-0.663203863876332
0,scatter,,0.41384146696891166,-0.6601992318626551
0,scatter,,0.4072544227259118,-0.6572125850462648
0,scatter,,0.40069715614635704,-0.6542436514330262
0,scatter,,0.3941694914689236,-0.6512921572881524
0,scatter,,0.38767125568115296,-0.6483578272983025
0,scatter,,0.3812022785355932,-0.645440384729727
0,scatter,,0.374762392564286,-0.6425395515825947
0,scatter,,0.3683514330505228,-0.6396550487421974
0,scatter,,0.36196923806936804,-0.6367865961253271
0,scatter,,0.3556156485210859,-0.6339339128232153
0,scatter,,0.3492905081199808,-0.6310967172416562
0,scatter,,0.3429936634012836,-0.6282747272374233
0,scatter,,0.33672496372694677,-0.6254676602514306
0,scatter,,0.3304842612901769,-0.6226752334386287
0,scatter,,0.32427141111902447,-0.619897163794851
0,scatter,,0.31808627106632814,-0.6171331682711656
0,scatter,,0.31192870177286613,-0.6143829638658563
0,scatter,,0.3057985667360204,-0.6116462677937117
0,scatter,,0.29969573228433044,-0.608922797582375
0,scatter,,0.29362006757058023,-0.6062122711806277
0,scatter,,0.2875714445678412,-0.6035144070669012
0,scatter,,0.28154973806452854,-0.6008289243551515
0,scatter,,0.27555482565859263,-0.5981555428982179
0,scatter,,0.2695865877501426,-0.5954939833877684
0,scatter,,0.2636449074683152,-0.5928439673721703
0,scatter,,0.2577296707241955,-0.5902052174277804
0,scatter,,0.2518407662309903,-0.5875774572887638
0,scatter,,0.24597808546156946,-0.584960411898656
0,scatter,,0.24014152263735145,-0.5823538074991327
0,scatter,,0.23433097471648018,-0.579757371716749
0,scatter,,0.2285463413814121,-0.5771708336477709
0,scatter,,0.22278752502602786,-0.5745939239412118
0,scatter,,0.21705443074216202,-0.572026374880097
0,scatter,,0.21134696630566782,-0.5694679204610714
0,scatter,,0.2056650421621307,-0.5669182964724688
0,scatter,,0.20000857140992112,-0.5643772405678317
0,scatter,,0.19437746954544324,-0.561844492011914
0,scatter,,0.18877165465683202,-0.5593197920415673
0,scatter,,0.18319104753427493,-0.556802884111378
0,scatter,,0.17763557152565335,-0.5542935137885584
0,scatter,,0.1721051525163596,-0.5517914288176307
0,scatter,,0.1665997189087018,-0.5492963791837471
0,scatter,,0.1611192016009998,-0.546808117174753
0,scatter,,0.15566353396626442,-0.544326397442001
0,scatter,,0.15023265183056408,-0.5418509770600212
0,scatter,,0.14482649345118148,-0.5393816155851536
0,scatter,,0.13944499949445388,-0.5369180751131511
0,scatter,,0.13408811301206794,-0.5344601203335043
0,scatter,,0.12875577920448283,-0.5320075182076645
0,scatter,,0.12344794557199976,-0.5295600383306354
0,scatter,,0.11816456202416073,-0.5271174532184397
0,scatter,,0.11290558073391821,-0.5246795381449817
0,scatter,,0.1076709561108927,-0.5222460711884936
0,scatter,,0.10246064477442678,-0.5198168332770772
0,scatter,,0.09727460552632675,-0.5173916082333335
0,scatter,,0.09211279932338512,-0.5149701828181756
0,scatter,,0.08697518924977521,-0.5125523467739105
0,scatter,,0.08186174048921065,-0.5101378928665908
0,scatter,,0.07677242029696232,-0.5077266169277264
0,scatter,,0.07170719797116962,-0.5053183178940756
0,scatter,,0.06666604465222856,-0.5029127974881895
0,scatter,,0.06164893342330067,-0.5005098605274546
0,scatter,,0.05665583940575961,-0.4981093152221678
0,scatter,,0.0516867396246457,-0.4957109729931412
0,scatter,,0.046741612977281966,-0.4933146485042754
0,scatter,,0.04182044020164158,-0.4909201596944308
0,scatter,,0.036923203844557384,-0.4885273278086756
0,scatter,,0.03204988822985487,-0.48613597742898856
0,scatter,,0.027200479426301785,-0.48374593650439984
0,scatter,,0.022374965215457072,-0.481357036380648
0,scatter,,0.017573335059499488,-0.47896911182942825
0,scatter,,0.012795580068687105,-0.4765820010766236
0,scatter,,0.008041692841668308,-0.47419554552210025
0,scatter,,0.0033116675193008566,-0.4718095899766468
0,scatter,,-0.0013945001423514639,-0.4694239829453977
0,scatter,,-0.006076812888649898,-0.46703857645113417
0,scatter,,-0.010735272001105266,-0.4646532260560242
0,scatter,,-0.015369877332213025,-0.4622677908828532
0,scatter,,-0.019980627340325567,-0.4598821336358099
0,scatter,,-0.024567519124666946,-0.45749612062080125
0,scatter,,-0.02913054846041544,-0.45510962176536063
0,scatter,,-0.0336697098337819,-0.45272251063821345
0,scatter,,-0.03818499647718704,-0.4503346644684746
0,scatter,,-0.04267640040451814,-0.44794596416437976
0,scatter,,-0.04714391253080398,-0.44555629408643066
0,scatter,,-0.051587522656812906,-0.4431655422127896
0,scatter,,-0.05600721942394686,-0.4407736003907626
0,scatter,,-0.06040299040970085,-0.4383803641795052
0,scatter,,-0.06477482216446256,-0.43598573286310244
0,scatter,,-0.06912270024827043,-0.43358960946327596
0,scatter,,-0.0734466092676761,-0.43119190075165903
0,scatter,,-0.07774653291263742,-0.4287925172616967
0,scatter,,-0.08202245399337627,-0.42639137330022736
0,scatter,,-0.08627435447730132,-0.42398838695870694
0,scatter,,-0.09050221552592881,-0.42158348012413327
0,scatter,,-0.09470601753173773,-0.4191765784897152
0,scatter,,-0.09888574021497108,-0.41676761137127133
0,scatter,,-0.10304136262973045,-0.4143565118169624
0,scatter,,-0.10717286313559499,-0.4119432168282057
0,scatter,,-0.11128021948068927,-0.4095276672195528
0,scatter,,-0.11536340883952431,-0.40710980762441895
0,scatter,,-0.11942240785090327,-0.404689586500382
0,scatter,,-0.12345719265582317,-0.4022669561340997
0,scatter,,-0.12746773893531388,-0.39984187264589444
0,scatter,,-0.13145402194830938,-0.3974142959939593
0,scatter,,-0.13541601656949068,-0.3949841899782317
0,scatter,,-0.1393536973270415,-0.3925515222439837
0,scatter,,-0.14326703844041092,-0.3901162642850821
0,scatter,,-0.14715601389402672,-0.38767839130557624
0,scatter,,-0.15102059745981372,-0.38523788228167954
0,scatter,,-0.1548607626901465,-0.3827947201394356
0,scatter,,-0.15867648298551124,-0.3803488916385305
0,scatter,,-0.1624677316326316,-0.377900387371325
0,scatter,,-0.1662344818426296,-0.3754492017614531
0,scatter,,-0.16997670678905574,-0.3729953330620781
0,scatter,,-0.1736943796459172,-0.37053878335373197
0,scatter,,-0.17738747362564233,-0.3680795585417802
0,scatter,,-0.18105596201692845,-0.3656176683535562
0,scatter,,-0.1846998182225606,-0.36315312633511093
0,scatter,,-0.1883190157971468,-0.3606859498476206
0,scatter,,-0.19191352850543242,-0.35821615996649736
0,scatter,,-0.1954833303532399,-0.3557437815081133
0,scatter,,-0.1990283955959266,-0.3532688431609184
0,scatter,,-0.20254869879441045,-0.35079137739289606
0,scatter,,-0.20604421485289218,-0.348311420444145
0,scatter,,-0.20951491905638864,-0.3458290123191912
0,scatter,,-0.21296078710821828,-0.3433441967788449
0,scatter,,-0.21638179516738154,-0.340857021331641
0,scatter,,-0.21977791988578774,-0.3383675372249027
0,scatter,,-0.22314913844541043,-0.33587579943536955
0,scatter,,-0.22649542859532049,-0.33338186665942776
0,scatter,,-0.22981676868854914,-0.3308858013029799
0,scatter,,-0.23311313772983938,-0.3283876694121233
0,scatter,,-0.2363845154099341,-0.32588754067480524
0,scatter,,-0.2396308821248208,-0.32338548850159105
0,scatter,,-0.24285221902275705,-0.3208815899568144
0,scatter,,-0.24604850804073705,-0.31837592574501117
0,scatter,,-0.2492197319407365,-0.31586858019711284
0,scatter,,-0.252365874345876,-0.313359641256139
0,scatter,,-0.25548691977636073,-0.31084920046250053
0,scatter,,-0.2585828536853049,-0.3083373529388258
0,scatter,,-0.2616536624943898,-0.3058241973743505
0,scatter,,-0.2646993336293106,-0.303309836008904
0,scatter,,-0.26771985555508665,-0.30079437461643244
0,scatter,,-0.2707152178163786,-0.29827792246175644
0,scatter,,-0.27368541107186106,-0.2957605922859815
0,scatter,,-0.2766304271199266,-0.29324250033460914
0,scatter,,-0.27955025893865415,-0.29072376631189234
0,scatter,,-0.2824449007202698,-0.28820451336149155
0,scatter,,-0.2853143479054406,-0.2856848680467735
0,scatter,,-0.2881585972173023,-0.2831649603307086
0,scatter,,-0.2909776466953183,-0.2806449235552789
0,scatter,,-0.29377149572892314,-0.278124894420435
0,scatter,,-0.29654014509091076,-0.27560501296263384
0,scatter,,-0.2992835969706341,-0.27308542253289714
0,scatter,,-0.30200185500697385,-0.27056626977442233
0,scatter,,-0.30469492432676964,-0.2680477045991684
0,scatter,,-0.3073628115766167,-0.2655298801646482
0,scatter,,-0.31000552494401534,-0.263012952851406
0,scatter,,-0.3126230741960498,-0.2604970822381667
0,scatter,,-0.31521547071125455,-0.2579824310772268
0,scatter,,-0.3177827275111673,-0.2554691652694134
0,scatter,,-0.32032485929158333,-0.2529574538386432
0,scatter,,-0.3228418824535986,-0.25044746890599495
0,scatter,,-0.32533381513432713,-0.24793938566340265
0,scatter,,-0.32780067723737816,-0.24543338234688347
0,scatter,,-0.3302424904630522,-0.24292964020933666
0,scatter,,-0.33265927833821873,-0.24042834349294775
0,scatter,,-0.33505106624593556,-0.23792967940113527
0,scatter,,-0.3374178814547705,-0.23543383807007398
0,scatter,,-0.3397597531477928,-0.23294101253982827
0,scatter,,-0.342076712452602,-0.23045139872790824
0,scatter,,-0.34436879250306135,-0.22796519547237087
0,scatter,,-0.3466360284245421,-0.2254826044081424
0,scatter,,-0.34887845735966877,-0.2230038299319548
0,scatter,,-0.3510961185085564,-0.22052907919944298
0,scatter,,-0.3532890531561608,-0.21805856209427005
0,scatter,,-0.35545730469930525,-0.21559249119686982
0,scatter,,-0.3576009186733513,-0.2131310817528404
0,scatter,,-0.35971994277856595,-0.21067455164092783
0,scatter,,-0.36181442690615123,-0.20822312134063395
0,scatter,,-0.36388442316390535,-0.2057770138994822
0,scatter,,-0.3659299859015648,-0.2033364548998805
0,scatter,,-0.3679511717357949,-0.20090167242561563
0,scatter,,-0.3699480395747997,-0.19847289702801174
0,scatter,,-0.37192065064259705,-0.19605036169169368
0,scatter,,-0.3738690685029291,-0.1936343017999883
0,scatter,,-0.3757933590957903,-0.1912249551520144
0,scatter,,-0.3776935908049917,-0.18882256210468074
0,scatter,,-0.3795698343863935,-0.18642736515935368
0,scatter,,-0.38142216302460413,-0.1840396090628484
0,scatter,,-0.383250652362289,-0.18165954080020114
0,scatter,,-0.38505538052217136,-0.1792874095595772
0,scatter,,-0.38683642812868024,-0.17692346669688666
0,scatter,,-0.3885938783292176,-0.17456796570014144
0,scatter,,-0.390327816815018,-0.1722211621535889
0,scatter,,-0.3920383318416422,-0.16988331370156565
0,scatter,,-0.39372551424907765,-0.16755468001210583
0,scatter,,-0.39538945748141735,-0.16523552274034178
0,scatter,,-0.39703025760617366,-0.16292610549161804
0,scatter,,-0.39864801333315075,-0.16062669378442218
0,scatter,,-0.40024282603293165,-0.1583375550130546
0,scatter,,-0.4018147997549505,-0.15605895841007425
0,scatter,,-0.4033640413056341,-0.1537911751764245
0,scatter,,-0.40489066026028286,-0.15153447842858084
0,scatter,,-0.4063947688594016,-0.14928914282613506
0,scatter,,-0.4078764820971976,-0.14705544473354656
0,scatter,,-0.40933591773892464,-0.14483366218542787
0,scatter,,-0.4107731963371154,-0.14262407484976136
0,scatter,,-0.4121884412473896,-0.140426963991055
0,scatter,,-0.41358177864387324,-0.13824261243338637
0,scatter,,-0.41495333753420444,-0.13607130452337068
0,scatter,,-0.41630324977410593,-0.13391332609309053
0,scatter,,-0.41763165008156783,-0.1317689644229159
0,scatter,,-0.41893867605057994,-0.1296385082043146
0,scatter,,-0.4202244681644587,-0.12752224750258215
0,scatter,,-0.4214891698087452,-0.12542047371952936
0,scatter,,-0.4227329272836561,-0.12333347955616074
0,scatter,,-0.4239558898212696,-0.1212615589843489
0,scatter,,-0.42515820973449103,-0.1192050074506347
0,scatter,,-0.42634004225352146,-0.11716412153215122
0,scatter,,-0.42750154552573044,-0.1151391988801625
0,scatter,,-0.4286428806797076,-0.11313053827708963
0,scatter,,-0.42976421183603825,-0.11113843960084152
0,scatter,,-0.4308657061177011,-0.10916320378920426
0,scatter,,-0.43194753366003674,-0.10720513280438364
0,scatter,,-0.4330098676203259,-0.10526452959763825
0,scatter,,-0.43405288418695775,-0.10334169807404121
0,scatter,,-0.4350767625881744,-0.10143694305740338
0,scatter,,-0.4360816851004159,-0.09955057025531729
0,scatter,,-0.4370678370562494,-0.0976828862243563
0,scatter,,-0.4380354068518692,-0.09583419833546082
0,scatter,,-0.43898458595418993,-0.09400481473947285
0,scatter,,-0.4399155689075183,-0.09219504433285171
0,scatter,,-0.44082855337856736,-0.0904051967535214
0,scatter,,-0.44172374029897343,-0.08863558245242728
0,scatter,,-0.4426013335828313,-0.08688651243777468
0,scatter,,-0.44346154023481815,-0.08515829832117192
0,scatter,,-0.44430457037751725,-0.08345125230195032
0,scatter,,-0.4451306372567254,-0.08176568713511684
0,scatter,,-0.4459399572464002,-0.0801019160995741
0,scatter,,-0.44673274985323413,-0.0784602529666425
0,scatter,,-0.4475092377208456,-0.07684101196891555
0,scatter,,-0.4482696466336059,-0.07524450776941545
0,scatter,,-0.4490142055200917,-0.07367105543108106
0,scatter,,-0.44974314645615265,-0.07212097038661792
0,scatter,,-0.4504567046676133,-0.07059456840867946
0,scatter,,-0.45115511853259843,-0.06909216558041051
0,scatter,,-0.4518386295834716,-0.067614078266384
0,scatter,,-0.4525074825084112,-0.06616062308388723
0,scatter,,-0.4531619252593942,-0.06473211685114705
0,scatter,,-0.4538022090472924,-0.0633288765606746
0,scatter,,-0.45442858812353115,-0.061951219399880915
0,scatter,,-0.45504131990988134,-0.060599462695485246
0,scatter,,-0.45564066500079975,-0.05927392388628501
0,scatter,,-0.45622688716403015,-0.05797492049666622
0,scatter,,-0.4568002533408825,-0.05670277011056724
0,scatter,,-0.457361033646207,-0.05545779034587195
0,scatter,,-0.45790950136805586,-0.05424029882925949
0,scatter,,-0.458445932967027,-0.05305061317153549
0,scatter,,-0.45897060807530515,-0.051889050943422436
0,scatter,,-0.4594838094953932,-0.05075592965183567
0,scatter,,-0.4599858231985285,-0.04965156671667019
0,scatter,,-0.4604769383228034,-0.048576279448067326
0,scatter,,-0.46095744717096837,-0.04753038502421917
0,scatter,,-0.46142764521345564,-0.04651420046216055
0,scatter,,-0.46188783124036564,-0.045528042385666725
0,scatter,,-0.46233830716357144,-0.04457222727012022
0,scatter,,-0.4627793779983496,-0.04364707144284612
0,scatter,,-0.46321135192133195,-0.042752890979587156
0,scatter,,-0.46363454026760487,-0.041890001684077326
0,scatter,,-0.46404925752757376,-0.04105871906810531
0,scatter,,-0.46445582134358865,-0.04025935833208811
0,scatter,,-0.46485455250632834,-0.039492234346173494
0,scatter,,-0.4652457749509592,-0.03875766163185014
0,scatter,,-0.46562981575305457,-0.03805595434410744
0,scatter,,-0.46600700512429066,-0.03738742625412459
0,scatter,,-0.466377676407916,-0.0367523907325088
0,scatter,,-0.4667421660739917,-0.03615116073309793
0,scatter,,-0.467100813714415,-0.03558404877731812
0,scatter,,-0.46745396203772305,-0.03505136693911392
0,scatter,,-0.46780195688875154,-0.03455342674860165
0,scatter,,-0.46814514733437895,-0.034090538879876925
0,scatter,,-0.46848388546739295,-0.03366301375892906
0,scatter,,-0.468818526467797,-0.03327116133103776
0,scatter,,-0.46914942861199965,-0.032915290998249844
0,scatter,,-0.469476953267157,-0.03259571160527345
0,scatter,,-0.46980146488534913,-0.03231273142586586
0,scatter,,-0.4701233309976068,-0.03206665814970781
0,scatter,,-0.4704429222077762,-0.031857798869782364
0,scatter,,-0.47076061218623827,-0.03168646007025198
0,scatter,,-0.47107677766347944,-0.0315529476148437
0,scatter,,-0.4713917984235155,-0.031457566735747976
0,scatter,,-0.4717060572971774,-0.03140062202303126
0,scatter,,-0.4720199401552608,-0.03138241741457047
0,scatter,,-0.4723338359015363,-0.03140325618651321
0,scatter,,-0.47264813646563425,-0.031463440944266965
0,scatter,,-0.4729632368226786,-0.031563273336323666
0,scatter,,-0.4732795349854324,-0.03170305405132286
0,scatter,,-0.473597431940185,-0.03188308339570802
0,scatter,,-0.47391733167240685,-0.03210366094320331
0,scatter,,-0.4742396411597513,-0.032365085521067496
0,scatter,,-0.47456477036455796,-0.03266765520091644
0,scatter,,-0.47489313222626184,-0.03301166728992606
0,scatter,,-0.4752251426537201,-0.03339741832242278
0,scatter,,-0.4755612205174566,-0.033825204051859986
0,scatter,,-0.47590178764182284,-0.034295319443174585
0,scatter,,-0.47624726879708845,-0.03480805866553393
0,scatter,,-0.4765980916914604,-0.03536371508547008
0,scatter,,-0.4769546869630297,-0.035962581260393776
0,scatter,,-0.4773174881716593,-0.03660494893250171
0,scatter,,-0.47768693179081156,-0.037291109023072436
0,scatter,,-0.47806345719818755,-0.038021351609261095
0,scatter,,-0.4784475066341483,-0.03879596539068235
0,scatter,,-0.47883952523484696,-0.03961523834298347
0,scatter,,-0.4792399610276761,-0.040479457774351864
0,scatter,,-0.4796492649093557,-0.041388910107580654
0,scatter,,-0.4800678906372349,-0.0423438808728885
0,scatter,,-0.4804962948205511,-0.04334465470094062
0,scatter,,-0.48093493691164796,-0.04439151531605748
0,scatter,,-0.4813842791971467,-0.04548474552959224
0,scatter,,-0.4818447867890881,-0.04662462723349859
0,scatter,,-0.4823169276160409,-0.04781144139407314
0,scatter,,-0.4828011724141755,-0.04904546804585031
0,scatter,,-0.4832979947183208,-0.050326986285687186
0,scatter,,-0.48380787085298954,-0.05165627426698323
0,scatter,,-0.484331279923391,-0.05303360919407346
0,scatter,,-0.48486870380642866,-0.05445926731677483
0,scatter,,-0.48542062711476297,-0.05593352379181021
0,scatter,,-0.4859875370864248,-0.05745665217583262
0,scatter,,-0.4865699237846016,-0.05902892545415872
0,scatter,,-0.4871682800156178,-0.060650615674545744
0,scatter,,-0.4877831013025243,-0.06232199385637949
0,scatter,,-0.4884148858751931,-0.06404332998166908
0,scatter,,-0.489064134660367,-0.065814892985914
0,scatter,,-0.4897313512716816,-0.06763695074887664
0,scatter,,-0.49041704199965536,-0.06950977008523081
0,scatter,,-0.49112171580164027,-0.07143361673504921
0,scatter,,-0.49184588429175863,-0.07340875535418584
0,scatter,,-0.49259006173080017,-0.07543544950446426
0,scatter,,-0.4933547650161058,-0.07751396164372878
0,scatter,,-0.494140513671431,-0.07964455311572381
0,scatter,,-0.4949478298367813,-0.0818274841397632
0,scatter,,-0.49577723825824144,-0.08406301380023343
0,scatter,,-0.4966292661786088,-0.08635139970248573
0,scatter,,-0.4975044433156138,-0.08869289792299309
0,scatter,,-0.4984033020656,-0.09108776371720274
0,scatter,,-0.4993263773726099,-0.09353625110242017
0,scatter,,-0.5002742067143887,-0.09603861283350174
0,scatter,,-0.5012473300899152,-0.09859510038342208
0,scatter,,-0.5022462900067746,-0.10120596392306205
0,scatter,,-0.5032716314684047,-0.10387145230028215
0,scatter,,-0.5043239019612019,-0.10659181301822512
0,scatter,,-0.5054036514414707,-0.10936729221278974
0,scatter,,-0.5065114323222429,-0.11219813462932104
0,scatter,,-0.5076477994599512,-0.11508458359846253
0,scatter,,-0.5088133101409417,-0.11802688101110946
0,scatter,,-0.5100085240297323,-0.1210252672452343
0,scatter,,-0.5112340031655862,-0.12407998115191238
0,scatter,,-0.512490312007239,-0.12719126010032028
0,scatter,,-0.513778017381681,-0.1303593399029807
0,scatter,,-0.5150976884691286,-0.13358445478511555
0,scatter,,-0.5164498967878766,-0.13686683735302252
0,scatter,,-0.5178352161789747,-0.14020671856144373
0,scatter,,-0.5192542227906711,-0.1436043276797646
0,scatter,,-0.5207074950626653,-0.14705989225713423
0,scatter,,-0.5221956137101516,-0.15057363808643837
0,scatter,,-0.5237191617076293,-0.15414578916705537
0,scatter,,-0.5252787242725161,-0.15777656766645895
0,scatter,,-0.5268748888484938,-0.1614661938804389
0,scatter,,-0.5285082449072015,-0.1652148855717872
0,scatter,,-0.5301793840387677,-0.16902285829599245
0,scatter,,-0.5318889001187299,-0.1728903259875999
0,scatter,,-0.5336373891539246,-0.17681750044845923
0,scatter,,-0.5354254492618671,-0.18080459129178994
0,scatter,,-0.5372536806496762,-0.18485180588417266
0,scatter,,-0.5391226855925967,-0.1889593492855639
0,scatter,,-0.5410330684120892,-0.19312742418723736
0,scatter,,-0.5429854354534536,-0.1973562308475569
0,scatter,,-0.5449803950630251,-0.2016459670256435
0,scatter,,-0.5470185575649155,-0.20599682791284427
0,scatter,,-0.5491005352372603,-0.21040900606190502
0,scatter,,-0.5512269422865809,-0.21488269131030074
0,scatter,,-0.5533983945743477,-0.2194180700802209
0,scatter,,-0.5556155097994928,-0.22401532582233252
0,scatter,,-0.557878907629207,-0.22867463932851684
0,scatter,,-0.5601892095263048,-0.2333961882814919
0,scatter,,-0.5625470387189488,-0.23818014716071445
0,scatter,,-0.5649530201696762,-0.24302668714528416
0,scatter,,-0.5674077805436157,-0.24793597601359119
0,scatter,,-0.5699119481759641,-0.2529081780398179
0,scatter,,-0.5724661530386745,-0.25794345388717105
0,scatter,,-0.5750710267063109,-0.2630419604977216
0,scatter,,-0.5777272023211159,-0.2682038509789209
0,scatter,,-0.5804353145572495,-0.2734292744866747
0,scatter,,-0.5831959995777634,-0.2787183760849466
0,scatter,,-0.5860098946315913,-0.28407129548250154
0,scatter,,-0.5888776383889867,-0.2894881680702336
0,scatter,,-0.5917998710285184,-0.2949691251833405
0,scatter,,-0.594777234024264,-0.30051429342810965
0,scatter,,-0.5978103700998515,-0.3061237945278624
0,scatter,,-0.6008999231813068,-0.311797745164172
0,scatter,,-0.6040465383486392,-0.3175362568131947
0,scatter,,-0.6072508617861061,-0.3233394355769543
0,scatter,,-0.6105135407312096,-0.32920738200964184
0,scatter,,-0.6138352234223647,-0.33514019093877306
0,scatter,,-0.6172165590451758,-0.34113795128104496
0,scatter,,-0.6206581976773767,-0.3472007458529538
0,scatter,,-0.6241607902171039,-0.3533286511338576
0,scatter,,-0.6277249878753645,-0.3595217358244965
0,scatter,,-0.631351442598808,-0.36578006197197066
0,scatter,,-0.6350408070780524,-0.37210368494905016
0,scatter,,-0.638793734516979,-0.3784926527720691
0,scatter,,-0.6426108785580995,-0.38494700584792796
0,scatter,,-0.6464928932054799,-0.3914667767127672
0,scatter,,-0.6504404327453008,-0.39805198976237555
0,scatter,,-0.6544541516639544,-0.40470266097408125
0,scatter,,-0.658534704563571,-0.4114187976198781
0,scatter,,-0.6626827460750293,-0.4182003979707915
0,scatter,,-0.666898930764996,-0.42504745104431946
0,scatter,,-0.671183913039751,-0.4319599363501724
0,scatter,,-0.6755383470616493,-0.43893782338908144
0,scatter,,-0.6799628866459998,-0.4459810714031883
0,scatter,,-0.6844581851599421,-0.4530896290408678
0,scatter,,-0.6890248954188049,-0.4602634340077499
0,scatter,,-0.6936636695794308,-0.4675024127078404
0,scatter,,-0.6983751590305693,-0.4748064798748346
0,scatter,,-0.7031600142802288,-0.48217553819337183
0,scatter,,-0.7080188848398702,-0.4896094779099791
0,scatter,,-0.712952419074908,-0.49710817635192467
0,scatter,,-0.7179612635793498,-0.5046714961721104
0,scatter,,-0.7230460636692597,-0.5122992865826832
0,scatter,,-0.7282074632311608,-0.5199913828623054
0,scatter,,-0.7334461044375815,-0.5277476055062714
0,scatter,,-0.7387626275996557,-0.5355677597410058
0,scatter,,-0.7441576710154237,-0.5434516350249327
0,scatter,,-0.7496318708136879,-0.5513990045353863
0,scatter,,-0.7551858607932624,-0.5594096246412086
0,scatter,,-0.760820272257728,-0.5674832343610794
0,scatter,,-0.7665357338453748,-0.575619554807004
0,scatter,,-0.7723328711567102,-0.583818288398458
0,scatter,,-0.7782123064731009,-0.592079118165547
0,scatter,,-0.7841746590701298,-0.6004017076873466
0,scatter,,-0.7902205447699728,-0.608785700194471
0,scatter,,-0.7963505757316931,-0.6172307179194448
0,scatter,,-0.8025653602417232,-0.6257363614367899
0,scatter,,-0.808865502498441,-0.634302208986112
0,scatter,,-0.8152516023906499,-0.6429278157778082
0,scatter,,-0.8217242552698386,-0.6516127132811048
0,scatter,,-0.8282840517160821,-0.6603564084941251
0,scatter,,-0.834931577253888,-0.6691583831414825
0,scatter,,-0.8416674116576812,-0.6780180923507346
0,scatter,,-0.8484921293160638,-0.6869349646363362
0,scatter,,-0.8554062988743386,-0.6959084009746279
0,scatter,,-0.8624104828563778,-0.7049377738423925
0,scatter,,-0.8695052373797592,-0.7140224263606756
0,scatter,,-0.876691111863226,-0.7231616714180901
0,scatter,,-0.8839686487259771,-0.7323547907728437
0,scatter,,-0.8913383830788285,-0.741601034133422
0,scatter,,-0.8988008424073031,-0.7508996182178662
0,scatter,,-0.9063565462461445,-0.760249725790879
0,scatter,,-0.914006005507492,-0.7696505047136046
0,scatter,,-0.9217497221327049,-0.779101066936845
0,scatter,,-0.9295881893425209,-0.7886004874082946
0,scatter,,-0.9375218909269211,-0.7981478030551281
0,scatter,,-0.9455513008609268,-0.8077420117087337
0,scatter,,-0.9536768829123012,-0.8173820710053306
0,scatter,,-0.9618990902390491,-0.8270668972628357
0,scatter,,-0.97021836497627,-0.836795364333359
0,scatter,,-0.9786351378125752,-0.846566302431472
0,scatter,,-0.9871498275554533,-0.8563784969374345
0,scatter,,-0.9957628406238582,-0.866230687358569
0,scatter,,-1.0044745701785576,-0.8761215673080827
0,scatter,,-1.01328539629015,-0.886049781344164
0,scatter,,-1.022195685303455,-0.8960139241339764
0,scatter,,-1.0312057892618072,-0.9060125393796956
0,scatter,,-1.040316045393505,-0.9160441184975425
0,scatter,,-1.0495267755854591,-0.9261070992722873
0,scatter,,-1.058838285844091,-0.9361998644872652
0,scatter,,-1.0682508657428156,-0.9463207405291774
0,scatter,,-1.0777647878561472,-0.9564679959677157
0,scatter,,-1.0873803071804764,-0.9666398401100565
0,scatter,,-1.0970976604055305,-0.976834423363828
0,scatter,,-1.1069170653414855,-0.987049835274687
0,scatter,,-1.1168387204543306,-0.9972841008831863
0,scatter,,-1.1268628041267506,-1.0075351805771438
0,scatter,,-1.136989474000234,-1.0178009686198513
0,scatter,,-1.147218866301998,-1.0280792916613715
0,scatter,,-1.1575510951560049,-1.0383679072325913
0,scatter,,-1.167986251878093,-1.0486645022224714
0,scatter,,-1.1785244042827823,-1.0589666914547589
0,scatter,,-1.1891655962786496,-1.0692720175334396
0,scatter,,-1.1999098467121616,-1.079577947575454
0,scatter,,-1.2107571486415591,-1.0898818718100123
0,scatter,,-1.2217074686365967,-1.1001811023413144
0,scatter,,-1.2327607459877061,-1.1104728715874177
0,scatter,,-1.2439168918989785,-1.120754330708797
0,scatter,,-1.2551757886650785,-1.131022548027242
0,scatter,,-1.2665372888313593,-1.1412745074349506
0,scatter,,-1.278001214423869,-1.1515071084969655
0,scatter,,-1.289567356229629,-1.161717167859996
0,scatter,,-1.3012354725684443,-1.1719014109945056
0,scatter,,-1.313005288531078,-1.1820564734382368
0,scatter,,-1.3248764950752674,-1.1921788995724445
0,scatter,,-1.3368487480936533,-1.2022651411894734
0,scatter,,-1.34892166746491,-1.212311556071849
0,scatter,,-1.3610948360882578,-1.2223144065842388
0,scatter,,-1.3733677989044593,-1.2322698582991656
0,scatter,,-1.3857400627116798,-1.242173982921271
0,scatter,,-1.398211094673164,-1.2520227544166924
0,scatter,,-1.4107803207266354,-1.261812044734971
0,scatter,,-1.4234471249950742,-1.2715376249239736
0,scatter,,-1.4362108487569547,-1.2811951640324297
0,scatter,,-1.4490707894019454,-1.2907802280518883
0,scatter,,-1.4620261993724015,-1.3002882789002381
0,scatter,,-1.4750762850909995,-1.309714673448924
0,scatter,,-1.4882202059925946,-1.3190546633013944
0,scatter,,-1.5014570743962026,-1.3283033996964013
0,scatter,,-1.5147859532508596,-1.3374559259057315
0,scatter,,-1.5282058552513207,-1.3465071779086621
0,scatter,,-1.5417157419193153,-1.355451985000557
0,scatter,,-1.555314522525743,-1.3642850695944677
0,scatter,,-1.5690010530077638,-1.3730010471310479
0,scatter,,-1.582774134915067,-1.3815944259108903
0,scatter,,-1.5966325145186853,-1.3900596061260682
0,scatter,,-1.610574881454526,-1.3983908815468151
0,scatter,,-1.624599867696706,-1.4065824395004718
0,scatter,,-1.6387060464946435,-1.4146283611608916
0,scatter,,-1.6528919312837056,-1.4225226221038032
0,scatter,,-1.6671559745949143,-1.4302590929903798
0,scatter,,-1.6814965671969224,-1.437831541581843
0,scatter,,-1.6959120379809174,-1.4452336387188
0,scatter,,-1.7104006514899457,-1.4524589522850833
0,scatter,,-1.7249606073046928,-1.4595009508850127
0,scatter,,-1.7395900391380887,-1.4663530061544205
0,scatter,,-1.7542870138418176,-1.4730083947574608
0,scatter,,-1.7690495304254847,-1.4794603005885836
0,scatter,,-1.7838755193753026,-1.4857018173736551
0,scatter,,-1.7987628425566673,-1.4917259518627886
0,scatter,,-1.8137092909301356,-1.4975256258003002
0,scatter,,-1.8287125841592107,-1.5030936793566878
0,scatter,,-1.8437703698542356,-1.508422874546516
0,scatter,,-1.8588802227754597,-1.5135058988498766
0,scatter,,-1.8740396440646963,-1.5183353690887822
0,scatter,,-1.889246060850675,-1.5229038361344776
0,scatter,,-1.9044968262585886,-1.5272037905014402
0,scatter,,-1.9197892174576512,-1.5312276649053234
0,scatter,,-1.9351204355817453,-1.5349678401524434
0,scatter,,-1.9504876052467708,-1.5384166505886427
0,scatter,,-1.965887774070301,-1.5415663897841958
0,scatter,,-1.9813179122395101,-1.5444093165346457
0,scatter,,-1.9967749126481318,-1.546937660703714
0,scatter,,-2.012255591281893,-1.549143629214446
0,scatter,,-2.0277566854252385,-1.5510194144439593
0,scatter,,-2.043274854168321,-1.5525572008852138
0,scatter,,-2.0588066783691867,-1.5537491727179262
0,scatter,,-2.074348660654326,-1.5545875217583816
0,scatter,,-2.0898972254910047,-1.5550644557653737
0,scatter,,-2.105448719796744,-1.555172205214423
0,scatter,,-2.120999413539708,-1.5549030307960003
0,scatter,,-2.1365454990068367,-1.5542492370694432
0,scatter,,-2.152083091735684,-1.5532031800214015
0,scatter,,-2.16760823106648,-1.5517572769155845
0,scatter,,-2.1831168807771597,-1.5499040165521725
0,scatter,,-2.198604929815711,-1.5476359698962718
0,scatter,,-2.214068193491451,-1.544945796290178
0,scatter,,-2.2295024145365434,-1.5418262531491065
0,scatter,,-2.2449032635520743,-1.5382702156807073
0,scatter,,-2.260266340505631,-1.53427068438906
0,scatter,,-2.2755871760416673,-1.5298207969672344
0,scatter,,-2.2908612329086595,-1.5249138405478522
0,scatter,,-2.3060839075086212,-1.519543264284804
0,scatter,,-2.321250531493476,-1.513702684495147
0,scatter,,-2.3363563735630164,-1.50738589738027
0,scatter,,-2.3513966414907967,-1.5005869016701894
0,scatter,,-2.3663664841316914,-1.4932999068082837
0,scatter,,-2.3812609936101197,-1.4855193463529321
0,scatter,,-2.3960752076019736,-1.4772398907958628
0,scatter,,-2.4108041112826406,-1.4684564499244748
0,scatter,,-2.4254426403809015,-1.4591641979558874
0,scatter,,-2.439985683859811,-1.449358587320798
0,scatter,,-2.4544280866275963,-1.439035360386884
0,scatter,,-2.4687646524731193,-1.4281905636251526
0,scatter,,-2.482990147149176,-1.416820556237551
0,scatter,,-2.4970993016164287,-1.4049220095903912
0,scatter,,-2.5110868153012356,-1.392491940254182
0,scatter,,-2.5249473595737078,-1.379527716276501
0,scatter,,-2.538675581325902,-1.3660270691465577
0,scatter,,-2.552266106504653,-1.351988106568608
0,scatter,,-2.5657135440672847,-1.33740932489236
0,scatter,,-2.5790124899560047,-1.322289621636374
0,scatter,,-2.5921575311400282,-1.3066283080515273
0,scatter,,-2.605143249696296,-1.2904251126915507
0,scatter,,-2.6179642270345114,-1.2736801862741463
0,scatter,,-2.6306150485425315,-1.2563941279710986
0,scatter,,-2.6430903080501986,-1.2385679891640737
0,scatter,,-2.6553846123195655,-1.22020328187763
0,scatter,,-2.667492584576626,-1.2013019783795178
0,scatter,,-2.6794088705743064,-1.1818665297801039
0,scatter,,-2.691128143285392,-1.1618998724566045
0,scatter,,-2.702645107760391,-1.1414054345535112
0,scatter,,-2.7139545051056224,-1.1203871327399224
0,scatter,,-2.7250511178308727,-1.098849380365531
0,scatter,,-2.7359297757580867,-1.076797099473855
0,scatter,,-2.7465853608434934,-1.054235721314525
0,scatter,,-2.75701281185985,-1.031171186696495
0,scatter,,-2.7672071279549333,-1.0076099392596685
0,scatter,,-2.7771633763187373,-0.9835589398779291
0,scatter,,-2.7868766967641743,-0.9590256634011195
0,scatter,,-2.7963423068898052,-0.9340180976589841
0,scatter,,-2.805555505015948,-0.9085447324023095
0,scatter,,-2.8145116771302146,-0.8826145639159664
0,scatter,,-2.823206302552268,-0.8562370933769458
0,scatter,,-2.831634958699389,-0.829422320541608
0,scatter,,-2.8397933248421805,-0.8021807347084657
0,scatter,,-2.847677185897581,-0.7745233048740604
0,scatter,,-2.8552824403593107,-0.7464614796390437
0,scatter,,-2.862605104096052,-0.7180071755742585
0,scatter,,-2.869641314857286,-0.6891727670535966
0,scatter,,-2.8763873339313695,-0.6599710714181559
0,scatter,,-2.8828395539535023,-0.6304153413731657
0,scatter,,-2.8889945030019213,-0.6005192515511699
0,scatter,,-2.894848848688392,-0.5702968841657092
0,scatter,,-2.9003993999437676,-0.5397627141888798
0,scatter,,-2.905643111514569,-0.5089315935004965
0,scatter,,-2.910577089835238,-0.47781873402814373
0,scatter,,-2.9151985957890596,-0.4464396899457961
0,scatter,,-2.9195050474978776,-0.41481034020180013
0,scatter,,-2.923494021054159,-0.3829468729559311
0,scatter,,-2.927163257270639,-0.35086575999439246
0,scatter,,-2.930510663608758,-0.31858373713815313
0,scatter,,-2.9335343167486454,-0.28611778278339006
0,scatter,,-2.9362324624521494,-0.2534851041977588
0,scatter,,-2.93860351966966,-0.22070310852823957
0,scatter,,-2.94064608319354,-0.18778937718866368
0,scatter,,-2.9423589249329813,-0.15476164338279536
0,scatter,,-2.9437409946548923,-0.12163777230041792
0,scatter,,-2.944791420079705,-0.08843574317297692
0,scatter,,-2.9455095096872315,-0.055173614088253664
0,scatter,,-2.945894752763042,-0.02186950085512057
0,scatter,,-2.945946820130119,0.011458445423501065
0,scatter,,-2.9456655643167378,0.04479206513223525
0,scatter,,-2.9450510195461925,0.078113216842104
0,scatter,,-2.944103401421663,0.11140380058429948
0,scatter,,-2.9428231056139222,0.14464577406085566
0,scatter,,-2.941210707977509,0.17782118778520367
0,scatter,,-2.9392669633167006,0.2109122080083255
0,scatter,,-2.9369928041799516,0.24390113632201743
0,scatter,,-2.934389339393494,0.2767704325480041
0,scatter,,-2.9314578521978683,0.309502744157405
0,scatter,,-2.9281997983311205,0.3420809273106852
0,scatter,,-2.9246168039627722,0.3744880619816508
0,scatter,,-2.9207106631448707,0.4067074802623239
0,scatter,,-2.9164833351255113,0.4387227887451497
0,scatter,,-2.911936941662371,0.4705178863338577
0,scatter,,-2.9070737643532647,0.5020769791799479
0,scatter,,-2.9018962407872815,0.5333846078246989
0,scatter,,-2.8964069612184455,0.5644256639494741
0,scatter,,-2.8906086655486565,0.5951854026564019
0,scatter,,-2.884504239271472,0.6256494615268726
0,scatter,,-2.87809670918585,0.655803879245561
0,scatter,,-2.8713892394923075,0.6856351089868143
0,scatter,,-2.86438512844949,0.7151300275952839
0,scatter,,-2.8570878030117988,0.7442759537213357
0,scatter,,-2.8495008144416034,0.7730606590388815
0,scatter,,-2.841627833782306,0.8014723787259574
0,scatter,,-2.833472647928906,0.8294998200522459
0,scatter,,-2.8250391542229325,0.85713217180699
0,scatter,,-2.816331355634547,0.884359111422518
0,scatter,,-2.807353355978112,0.9111708109102383
0,scatter,,-2.798109354557464,0.9375579496705532
0,scatter,,-2.7886036413861954,0.9635117142536453
0,scatter,,-2.7788405922167976,0.9890237999472395
0,scatter,,-2.7688246633777016,1.0140864144019672
0,scatter,,-2.7585603863424835,1.0386922843982465
0,scatter,,-2.748052362668773,1.0628346548481231
0,scatter,,-2.737305258998884,1.0865072856234772
0,scatter,,-2.7263238018106515,1.1097044518554244
0,scatter,,-2.7151127722154555,1.1324209442189468
0,scatter,,-2.7036770008234985,1.154652066526457
0,scatter,,-2.692021362711208,1.1763936295716775
0,scatter,,-2.680150772346694,1.197641947723958
0,scatter,,-2.668070178528634,1.218393834667922
0,scatter,,-2.6557845593769516,1.2386465984776507
0,scatter,,-2.643298917563849,1.2583980329837192
0,scatter,,-2.630618275461258,1.2776464111422543
0,scatter,,-2.617747670338414,1.2963904776258608
0,scatter,,-2.6046921495479034,1.3146294416359967
0,scatter,,-2.591456766176007,1.332362965887557
0,scatter,,-2.5780465745035857,1.349591157577135
0,scatter,,-2.5644666255780613,1.3663145585150887
0,scatter,,-2.5507219627021978,1.382534135618201
0,scatter,,-2.536817617540486,1.3982512687381339
0,scatter,,-2.5227586060029257,1.4134677396171693
0,scatter,,-2.508549924246896,1.4281857203677513
0,scatter,,-2.4941965444794096,1.4424077622866398
0,scatter,,-2.4797034117231607,1.4561367826460383
0,scatter,,-2.46507544018631,1.4693760523589645
0,scatter,,-2.450317509821774,1.482129183340418
0,scatter,,-2.4354344630109295,1.494400115675489
0,scatter,,-2.420431100290113,1.50619310585523
0,scatter,,-2.4053121782611004,1.5175127127048258
0,scatter,,-2.3900824067810347,1.5283637842055362
0,scatter,,-2.3747464459835315,1.5387514446516974
0,scatter,,-2.3593089036657893,1.548681081577675
0,scatter,,-2.343774331871314,1.5581583317682468
0,scatter,,-2.328147224907948,1.5671890686487702
0,scatter,,-2.3124320176084376,1.5757793898808674
0,scatter,,-2.296633082891553,1.583935604244712
0,scatter,,-2.2807547298020014,1.5916642190316133
0,scatter,,-2.2648012010594023,1.5989719261091713
0,scatter,,-2.2487766710790527,1.6058655889881657
0,scatter,,-2.232685245292201,1.6123522328978448
0,scatter,,-2.2165309582233848,1.618439031824369
0,scatter,,-2.2003177721324807,1.6241332968593107
0,scatter,,-2.184049575467687,1.629442463507904
0,scatter,,-2.1677301811235803,1.6343740779582012
0,scatter,,-2.1513633264080556,1.6389357902434134
0,scatter,,-2.134952671754178,1.6431353420204402
0,scatter,,-2.118501799887488,1.6469805560946813
0,scatter,,-2.102014215001027,1.6504793256293488
0,scatter,,-2.085493341512666,1.6536396006409912
0,scatter,,-2.0689425243186967,1.6564693829174684
0,scatter,,-2.0523650281805326,1.6589767156697455
0,scatter,,-2.035764037339136,1.6611696742995665
0,scatter,,-2.0191426552455916,1.6630563575618191
0,scatter,,-2.0025039039414616,1.6646448753792245
0,scatter,,-1.9858507244068146,1.6659433444070402
0,scatter,,-1.9691859765501223,1.666959880256366
0,scatter,,-1.952512439207352,1.667702589484342
0,scatter,,-1.935832810292019,1.6681795625525668
0,scatter,,-1.9191497067699967,1.6683988639853633
0,scatter,,-1.9024656650799674,1.668368527659125
0,scatter,,-1.885783141571709,1.6680965518294995
0,scatter,,-1.8691045128379355,1.6675908923638536
0,scatter,,-1.8524320761797848,1.6668594572662176
0,scatter,,-1.8357680500524778,1.6659100995386718
0,scatter,,-1.8191145746264763,1.6647506120351157
0,scatter,,-1.8024737124887622,1.6633887250171924
0,scatter,,-1.7858474492612364,1.6618321006375223
0,scatter,,-1.7692376943037273,1.6600883288531731
0,scatter,,-1.7526462814679566,1.6581649226977273
0,scatter,,-1.736074969893263,1.6560693133997804
0,scatter,,-1.7195254447967143,1.6538088494626106
0,scatter,,-1.702999318331067,1.6513907926068199
0,scatter,,-1.6864981304613211,1.6488223148933479
0,scatter,,-1.670023349895239,1.6461104957816233
0,scatter,,-1.6535763751193318,1.6432623183862825
0,scatter,,-1.6371585352138118,1.6402846690719046
0,scatter,,-1.620771090866675,1.6371843349715092
0,scatter,,-1.6044152353719927,1.6339680021267466
0,scatter,,-1.5880920956597715,1.6306422538201262
0,scatter,,-1.5718027335381082,1.6272135681258089
0,scatter,,-1.5555481464796812,1.623688317951771
0,scatter,,-1.539329268698431,1.6200727698796635
0,scatter,,-1.5231469722331472,1.6163730831788767
0,scatter,,-1.5070020679987388,1.6125953091661922
0,scatter,,-1.4908953068993924,1.6087453905557219
0,scatter,,-1.474827381386783,1.6048291596516995
0,scatter,,-1.4587989259680585,1.600852339786679
0,scatter,,-1.4428105183649613,1.596820544966992
0,scatter,,-1.4268626806605549,1.5927392796710895
0,scatter,,-1.4109558803667235,1.58861393898261
0,scatter,,-1.3950905315492268,1.5844498088373749
0,scatter,,-1.3792669963845146,1.5802520663622495
0,scatter,,-1.3634855856515387,1.576025780356916
0,scatter,,-1.3477465598866099,1.5717759118439727
0,scatter,,-1.3320501305058758,1.5675073147070455
0,scatter,,-1.3163964608461596,1.5632247364116565
0,scatter,,-1.3007856672592357,1.5589328188619194
0,scatter,,-1.285217820616783,1.5546360997131696
0,scatter,,-1.2696929467641227,1.550339012800431
0,scatter,,-1.2542110276335703,1.546045889239541
0,scatter,,-1.238772002309874,1.541760958548765
0,scatter,,-1.2233757680145374,1.537488349755355
0,scatter,,-1.2080221811403684,1.5332320926812564
0,scatter,,-1.1927110586638898,1.5289961200785323
0,scatter,,-1.1774421785566103,1.5247842677667547
0,scatter,,-1.1622152808318413,1.5206002761453052
0,scatter,,-1.1470300685318666,1.516447791641002
0,scatter,,-1.131886208638653,1.5123303680533728
0,scatter,,-1.116783333025266,1.5082514680851735
0,scatter,,-1.1017210397118156,1.5042144658105316
0,scatter,,-1.0866988932814687,1.5002226467932125
0,scatter,,-1.071716425833606,1.496279209806207
0,scatter,,-1.0567731378743752,1.492387268425529
0,scatter,,-1.0418684991423022,1.4885498524896947
0,scatter,,-1.0270019494677842,1.484769909741234
0,scatter,,-1.0121728998807562,1.4810503083983537
0,scatter,,-0.9973807330065637,1.4773938372817512
0,scatter,,-0.9826248039210626,1.4738032076105843
0,scatter,,-0.9679044409429594,1.470281054627554
0,scatter,,-0.9532189463706939,1.46682993907865
0,scatter,,-0.9385675972463273,1.4634523488611664
0,scatter,,-0.9239496463025467,1.4601507014854183
0,scatter,,-0.9093643223551297,1.456927344296862
0,scatter,,-0.8948108310496751,1.4537845562127951
0,scatter,,-0.880288355557719,1.4507245492993894
0,scatter,,-0.8657960572259933,1.4477494701996851
0,scatter,,-0.8513330762546738,1.444861401751584
0,scatter,,-0.8368985325385234,1.4420623654256783
0,scatter,,-0.8224915259522588,1.4393543211944526
0,scatter,,-0.8081111370302704,1.4367391693046763
0,scatter,,-0.7937564275728101,1.4342187517498362
0,scatter,,-0.7794264412106509,1.4317948535877505
0,scatter,,-0.7651202039543943,1.4294692042259014
0,scatter,,-0.7508367247282696,1.42724347867305
0,scatter,,-0.7365749960820187,1.4251192997107047
0,scatter,,-0.7223339948139686,1.423098239661048
0,scatter,,-0.7081126820743121,1.4211818196141612
0,scatter,,-0.6939100040600079,1.419371511617491
0,scatter,,-0.6797248925130154,1.417668739919403
0,scatter,,-0.6655562652066732,1.4160748821821174
0,scatter,,-0.6514030264249271,1.414591270681188
0,scatter,,-0.6372640674218828,1.4132191934448948
0,scatter,,-0.6231382664181699,1.4119598936881974
0,scatter,,-0.6090244894256756,1.410814572328323
0,scatter,,-0.5949215908050614,1.4097843895189204
0,scatter,,-0.5808284135337315,1.4088704651166228
0,scatter,,-0.5667437896162849,1.4080738796840004
0,scatter,,-0.5526665404894974,1.4073956754760437
0,scatter,,-0.53859547742234,1.4068368574122094
0,scatter,,-0.5245294018210884,1.4063983935937399
0,scatter,,-0.5104671051774523,1.4060812140792218
0,scatter,,-0.4964073700663623,1.4058862147959978
0,scatter,,-0.4823489703367198,1.4058142575082748
0,scatter,,-0.46829067140915415,1.4058661703055242
0,scatter,,-0.45423123062078674,1.4060427483174542
0,scatter,,-0.4401693975656097,1.4063447544037928
0,scatter,,-0.426103914431885,1.4067729198200052
0,scatter,,-0.41203351612936034,1.4073279440260247
0,scatter,,-0.3979569304931835,1.408010494790962
0,scatter,,-0.3838728790336552,1.4088212104744395
0,scatter,,-0.3697800770317748,1.4097606996619196
0,scatter,,-0.3556772338326942,1.410829541578256
0,scatter,,-0.341563053139214,1.4120282864799059
0,scatter,,-0.32743623330205207,1.4133574560125801
0,scatter,,-0.3132954676057112,1.414817543519144
0,scatter,,-0.29913944450837643,1.4164090137714118
0,scatter,,-0.2849668479599013,1.418132303653922
0,scatter,,-0.27077635769274494,1.4199878225037819
0,scatter,,-0.2565666494845943,1.4219759520751323
0,scatter,,-0.24233639543407146,1.4240970466418406
0,scatter,,-0.22808426423604153,1.4263514330606473
0,scatter,,-0.21380892145630556,1.4287394107947675
0,scatter,,-0.19950902980431068,1.431261251834726
0,scatter,,-0.1851832493963621,1.433917200331746
0,scatter,,-0.17083023804970993,1.4367074729259162
0,scatter,,-0.15644865155550186,1.4396322584723946
0,scatter,,-0.14203714395682182,1.442691717801878
0,scatter,,-0.12759436783015604,1.4458859834735176
0,scatter,,-0.11311897456999744,1.4492151594836085
0,scatter,,-0.09860961467667739,1.4526793209298101
0,scatter,,-0.08406493804555396,1.456278513484508
0,scatter,,-0.06948359426142997,1.4600127528779805
0,scatter,,-0.05486423290284263,1.4638820247226245
0,scatter,,-0.040205503844808366,1.4678862838300368
0,scatter,,-0.025506057569411007,1.4720254536215995
0,scatter,,-0.01076454548241931,1.476299425491746
0,scatter,,0.00402037976399045,1.4807080581210612
0,scatter,,0.01885006394171028,1.4852511767375354
0,scatter,,0.03372585088070343,1.4899285721673434
0,scatter,,0.04864908215151725,1.4947400001315225
0,scatter,,0.06362109670774257,1.4996851803603386
0,scatter,,0.07864323051690872,1.504763795595403
0,scatter,,0.09371681618621222,1.5099754905743044
0,scatter,,0.1088431825776007,1.5153198709587905
0,scatter,,0.12402365441233482,1.5207965022058794
0,scatter,,0.1392595518583018,1.5264049083674518
0,scatter,,0.1545521900851113,1.5321445707816737
0,scatter,,0.16990287887290578,1.538014926863149
0,scatter,,0.18531292215560763,1.544015368707307
0,scatter,,0.20078361755870583,1.5501452416520267
0,scatter,,0.2163162559257507,1.5564038427845548
0,scatter,,0.23191212083002358,1.5627904193850353
0,scatter,,0.24757248807121934,1.5693041673059602
0,scatter,,0.26329862514805635,1.5759442292873052
0,scatter,,0.2790917906312264,1.5827096932158848
0,scatter,,0.29495323371784676,1.5895995902938114
0,scatter,,0.3108841936480293,1.5966128931538077
0,scatter,,0.3268858990922357,1.6037485139073095
0,scatter,,0.34295956753931844,1.6110053021210426
0,scatter,,0.35910640466439747,1.6183820427232398
0,scatter,,0.37532760367639517,1.6258774538388083
0,scatter,,0.3916243446414751,1.6334901845599823
0,scatter,,0.4079977936334376,1.641218812947943
0,scatter,,0.4244491021457222,1.6490618433903326
0,scatter,,0.4409794063963687,1.6570177040552125
0,scatter,,0.45758982650191476,1.6650847444852546
0,scatter,,0.4742814656826444,1.673261233004862
0,scatter,,0.49105540944308684,1.6815453540520127
0,scatter,,0.5079127247262547,1.6899352054335983
0,scatter,,0.5248544590417374,1.6984287955038846
0,scatter,,0.5418816393939011,1.7070240409676634
0,scatter,,0.5589952714026328,1.715718763710333
0,scatter,,0.5761963385314648,1.7245106869950912
0,scatter,,0.5934858009789886,1.7333974328325712
0,scatter,,0.610864594654661,1.742376518808103
0,scatter,,0.6283336301229999,1.7514453548313627
0,scatter,,0.6458937915159433,1.760601239808018
0,scatter,,0.663545935413165,1.769841358233018
0,scatter,,0.6812908896101867,1.779162777856641
0,scatter,,0.6991294518694109,1.7885624470262738
0,scatter,,0.7170623888970009,1.7980371881364858
0,scatter,,0.7350904349862128,1.8075836953679214
0,scatter,,0.7532142907145613,1.8171985310296337
0,scatter,,0.7714346216069118,1.82687812179153
0,scatter,,0.7897520567602228,1.83661875484514
0,scatter,,0.8081671874297014,1.8464165739928116
0,scatter,,0.8266805656115818,1.8562675770587205
0,scatter,,0.8452927026434066,1.8661676155031164
0,scatter,,0.8640040674994544,1.8761123835830094
0,scatter,,0.8828150852829486,1.886097416779425
0,scatter,,0.9017261356227461,1.8961180880707504
0,scatter,,0.920737551019685,1.9061696038345048
0,scatter,,0.939849615150571,1.9162469996996323
0,scatter,,0.9590625611281074,1.9263451363495814
0,scatter,,0.9783765697878262,1.936458696222293
0,scatter,,0.9977917683458359,1.946582185708494
0,scatter,,1.0173082279354204,1.956709922956722
0,scatter,,1.0369259618370579,1.9668360354987589
0,scatter,,1.056644923617264,1.9769544572399003
0,scatter,,1.0764650051572837,1.9870589245637105
0,scatter,,1.0963860346378695,1.9971429724569567
0,scatter,,1.116407774632124,2.0071999312041937
0,scatter,,1.136529920358108,2.0172229238412664
0,scatter,,1.1567520969315475,2.0272048602147343
0,scatter,,1.1770738574286046,2.0371384341465757
0,scatter,,1.197494680708741,2.047016119940093
0,scatter,,1.21801396917246,2.0568301688628563
0,scatter,,1.2386310464772208,2.06657260569422
0,scatter,,1.259345155788617,2.0762352305137144
0,scatter,,1.2801554576455898,2.0858096174857494
0,scatter,,1.3010610265761844,2.0952871029022107
0,scatter,,1.3220608492127015,2.1046587871289875
0,scatter,,1.3431538218811903,2.1139155323171255
0,scatter,,1.3643387481533296,2.123047960255975
0,scatter,,1.3856143363824796,2.132046450484691
0,scatter,,1.4069791986015394,2.1409011445036037
0,scatter,,1.4284318471906663,2.1496019408917064
0,scatter,,1.4499706916625865,2.1581384912702064
0,scatter,,1.4715940367265326,2.166500202038138
0,scatter,,1.4933000797789546,2.1746762340474106
0,scatter,,1.5150869083771814,2.18265550258158
0,scatter,,1.5369524978462097,2.1904266783734494
0,scatter,,1.5588947106664,2.1979781977085073
0,scatter,,1.5809112919454198,2.205298253841785
0,scatter,,1.6029998670208603,2.212374799215193
0,scatter,,1.6251579394065883,2.219195549774896
0,scatter,,1.6473828883545383,2.2257479878418507
0,scatter,,1.6696719664260329,2.23201936546176
0,scatter,,1.6920222976593928,2.237996710084003
0,scatter,,1.714430877697119,2.243666836843577
0,scatter,,1.7368945678922034,2.249016342487443
0,scatter,,1.7594100941285853,2.254031614544559
0,scatter,,1.7819740449441082,2.258698838817885
0,scatter,,1.8045828694418402,2.2630040067271517
0,scatter,,1.8272328752502183,2.2669329233312134
0,scatter,,1.8499202278745028,2.270471218755293
0,scatter,,1.8726409505367163,2.2736043612121466
0,scatter,,1.8953909185567877,2.276317659618816
0,scatter,,1.9181658593774653,2.278596278251523
0,scatter,,1.9409613511508759,2.280425249144433
0,scatter,,1.9637728213498744,2.281789485204465
0,scatter,,1.986595545482801,2.282673794213524
0,scatter,,2.009424648436707,2.283062894193769
0,scatter,,2.032255103108069,2.282941429201141
0,scatter,,2.0550817269076456,2.2822939856750777
0,scatter,,2.077899182726436,2.2811051105487326
0,scatter,,2.100701978528012,2.2793593300959705
0,scatter,,2.1234844671047353,2.277041169814013
0,scatter,,2.1462408461065623,2.2741351750722405
0,scatter,,2.1689651612156804,2.2706259242816844
0,scatter,,2.1916513040367924,2.2664980589461137
0,scatter,,2.214293012056618,2.2617363094234535
0,scatter,,2.236883870455311,2.2563255170680248
0,scatter,,2.2594173132559554,2.2502506600458183
0,scatter,,2.281886624713691,2.2434968802657695
0,scatter,,2.304284941154141,2.236049509367605
0,scatter,,2.326605254600279,2.22789408001836
0,scatter,,2.3488404133789085,2.2190163723146195
0,scatter,,2.370983124975194,2.209402440957812
0,scatter,,2.393025959234378,2.1990386429351902
0,scatter,,2.4149613516353585,2.1879116683294746
0,scatter,,2.436781605167993,2.1760085716958852
0,scatter,,2.4584788950268925,2.163316804600123
0,scatter,,2.4800452734720793,2.1498242489308903
0,scatter,,2.5014726737018362,2.1355192508134726
0,scatter,,2.5227529146003467,2.120390655382848
0,scatter,,2.5438777061883524,2.1044278299505077
0,scatter,,2.564838655376185,2.0876206895416027
0,scatter,,2.585627271151194,2.0699597547241386
0,scatter,,2.606234971128524,2.0514361759886595
0,scatter,,2.626653088200965,2.032041768177474
0,scatter,,2.6468728769118743,2.0117690423995263
0,scatter,,2.6668855181866356,1.9906112294602454
0,scatter,,2.6866821302338275,1.9685623276316533
0,scatter,,2.7062537755148592,1.9456171321279516
0,scatter,,2.7255914687778438,1.9217712672592158
0,scatter,,2.744686185535228,1.8970212178857035
0,scatter,,2.7635288690888977,1.8713643426466295
0,scatter,,2.7821104412886064,1.8447989195115624
0,scatter,,2.8004218121406943,1.8173241758662564
0,scatter,,2.818453889262309,1.7889403127429018
0,scatter,,2.836197588032976,1.7596485314663162
0,scatter,,2.8536438390556844,1.7294510489651491
0,scatter,,2.8707835991326798,1.698351122435493
0,scatter,,2.8876078645561414,1.6663530792502401
0,scatter,,2.9041076806754864,1.6334623317934287
0,scatter,,2.9202741531025143,1.5996853950810244
0,scatter,,2.9360984577178186,1.56502989900948
0,scatter,,2.951571849715312,1.529504595692516
0,scatter,,2.9666856793801926,1.4931193799825415
0,scatter,,2.9814314021860535,1.455885293727523
0,scatter,,2.9958005905075455,1.4178145309164323
0,scatter,,3.0097849446975045,1.3789204392725953
0,scatter,,3.0233763014990735,1.3392175285523475
0,scatter,,3.0365666488909957,1.2987214533231544
0,scatter,,3.0493481385257195,1.257449018477461
0,scatter,,3.0617130962537895,1.215418165969846
0,scatter,,3.0736540337721086,1.1726479630198805
0,scatter,,3.0851636579346833,1.1291585941020037
0,scatter,,3.0962348812924274,1.0849713451326883
0,scatter,,3.1068608341059245,1.0401085798106227
0,scatter,,3.1170348779704216,0.9945937090828548
0,scatter,,3.1267506144713835,0.9484511694495943
0,scatter,,3.1360018934688596,0.9017063991606364
0,scatter,,3.144782823295253,0.85438580558179
0,scatter,,3.1530877813473777,0.8065167275856826
0,scatter,,3.1609114233046594,0.7581273973296585
0,scatter,,3.1682486916575696,0.7092469015245373
0,scatter,,3.17509482352555,0.6599051393724944
0,scatter,,3.181445358864601,0.6101327765027128
0,scatter,,3.187296148110096,0.559961196947744
0,scatter,,3.1926433586767033,0.5094224546109047
0,scatter,,3.1974834819557185,0.4585492190307014
0,scatter,,3.201813338667687,0.407374723695815
0,scatter,,3.2056300844860037,0.35593270874200433
0,scatter,,3.2089312148276403,0.30425736381507107
0,scatter,,3.21171456872539,0.2523832713086442
0,scatter,,3.2139783332052936,0.20034534021167583
0,scatter,,3.2157210460408314,0.14817874661207142
0,scatter,,3.2169415969249657,0.09591888182626555
0,scatter,,3.217639230690321,0.04360127588478574
0,scatter,,3.2178135482343664,-0.008738464702356286
0,scatter,,3.217464506173011,-0.061064708044055005
0,scatter,,3.2165924173681217,-0.11334187206060956
0,scatter,,3.215197950255085,-0.1655344910584836
0,scatter,,3.213282126945972,-0.21760726628629523
0,scatter,,3.210846321314303,-0.26952513421207075
0,scatter,,3.2078922565011583,-0.3212533367281687
0,scatter,,3.2044220015445304,-0.3727574722405532
0,scatter,,3.2004379674687975,-0.42400355199052575
0,scatter,,3.195942902685469,-0.4749580726360242
0,scatter,,3.190939888025626,-0.5255880662472858
0,scatter,,3.1854323314536592,-0.5758611450482738
0,scatter,,3.1794239612576782,-0.6257455714865451
0,scatter,,3.172918819482537,-0.6752103055834568
0,scatter,,3.1659212556205287,-0.7242250414897095
0,scatter,,3.1584359178620116,-0.772760268352651
0,scatter,,3.150467744932069,-0.8207873142424462
0,scatter,,3.142021958729364,-0.8682783775875644
0,scatter,,3.1331040544746824,-0.9152065732937716
0,scatter,,3.123719791003992,-0.9615459713331777
0,scatter,,3.113875181457001,-1.0072716282359149
0,scatter,,3.103576484088265,-1.0523596156472106
0,scatter,,3.0928301909450036,-1.0967870486803923
0,scatter,,3.0816430176702916,-1.140532107914356
0,scatter,,3.0700218924587817,-1.1835740718066505
0,scatter,,3.0579739451618555,-1.2258933312699973
0,scatter,,3.0455064962968232,-1.267471398141092
0,scatter,,3.0326270456256608,-1.3082909215448917
0,scatter,,3.0193432603980934,-1.3483357084385956
0,scatter,,3.0056629641383874,-1.3875907188420271
0,scatter,,2.9915941249893576,-1.4260420713462292
0,scatter,,2.9771448440700516,-1.4636770486849002
0,scatter,,2.962323343857993,-1.500484097366468
0,scatter,,2.9471379566074907,-1.5364528189121687
0,scatter,,2.931597112812138,-1.5715739649087286
0,scatter,,2.915709329643756,-1.6058394316653626
0,scatter,,2.899483199689884,-1.6392422454718478
0,scatter,,2.8829273797456163,-1.6717765485290115
0,scatter,,2.866050579638048,-1.7034375846736527
0,scatter,,2.84886155117898,-1.7342216834658604
0,scatter,,2.8313690776859217,-1.7641262368361599
0,scatter,,2.8135819634159946,-1.7931496783588141
0,scatter,,2.795509022975691,-1.8212914621408829
0,scatter,,2.777159071451956,-1.8485520366260841
0,scatter,,2.7585409147256414,-1.8749328176018407
0,scatter,,2.7396633397792702,-1.9004361614353256
0,scatter,,2.720535105069363,-1.9250653378091078
0,scatter,,2.7011649322269218,-1.948824497410637
0,scatter,,2.6815614973341186,-1.9717186416150565
0,scatter,,2.661733422611969,-1.993753590911458
0,scatter,,2.641689267112905,-2.0149359558959183
0,scatter,,2.6214375202204674,-2.035273101696805
0,scatter,,2.600986594406252,-2.0547731146989183
0,scatter,,2.5803448181359,-2.073444769534314
0,scatter,,2.559520428312527,-2.0912974950616627
0,scatter,,2.5385215639877434,-2.1083413405404525
0,scatter,,2.5173562613049723,-2.12458694210948
0,scatter,,2.496032447520512,-2.140045489030745
0,scatter,,2.474557935401408,-2.154728689543675
0,scatter,,2.4529404172229388,-2.1686487356600717
0,scatter,,2.431187461610486,-2.181818272905033
0,scatter,,2.4093065088451686,-2.194250367138372
0,scatter,,2.3873048668408465,-2.2059584723816092
0,scatter,,2.3651897063559115,-2.216956395031392
0,scatter,,2.3429680586030197,-2.22725826651938
0,scatter,,2.320646812276559,-2.236878513325395
0,scatter,,2.2982327107031226,-2.245831827078352
0,scatter,,2.2757323487588024,-2.2541331322379343
0,scatter,,2.253152170698697,-2.261797557994244
0,scatter,,2.230498468923768,-2.2688404146095227
0,scatter,,2.2077773821010007,-2.2752771656618256
0,scatter,,2.1849948936406194,-2.2811234012190407
0,scatter,,2.1621568300110603,-2.286394808708719
0,scatter,,2.139268860675882,-2.291107155371906
0,scatter,,2.1163364972413397,-2.2952762637722866
0,scatter,,2.0933650930234093,-2.2989179896763665
0,scatter,,2.070359842391768,-2.3020481960064694
0,scatter,,2.0473257811673866,-2.3046827369938017
0,scatter,,2.0242677868587444,-2.306837439410542
0,scatter,,2.0011905790024995,-2.3085280838828046
0,scatter,,1.9780987195585717,-2.3097703845658257
0,scatter,,1.954996613642264,-2.3105799726500473
0,scatter,,1.9318885106101398,-2.3109723841344607
0,scatter,,1.9087785050281796,-2.310963043973741
0,scatter,,1.8856705378442198,-2.310567251540731
0,scatter,,1.8625683976431855,-2.3098001647317106
0,scatter,,1.8394757221879232,-2.3086767921617106
0,scatter,,1.8163959999523667,-2.307211980860859
0,scatter,,1.7933325717905486,-2.305420405769835
0,scatter,,1.7702886327632346,-2.3033165574041496
0,scatter,,1.7472672339550628,-2.3009147352705055
0,scatter,,1.7242712844150072,-2.2982290399734526
0,scatter,,1.7013035531805334,-2.295273365517192
0,scatter,,1.6783666715078271,-2.292061391024523
0,scatter,,1.6554631350168538,-2.2886065748779196
0,scatter,,1.6325953057554268,-2.2849221511025535
0,scatter,,1.6097654145172302,-2.281021123914836
0,scatter,,1.5869755631219196,-2.2769162637825304
0,scatter,,1.564227727098452,-2.272620101390263
0,scatter,,1.5415237580411512,-2.2681449247310908
0,scatter,,1.5188653856533583,-2.2635027791270748
0,scatter,,1.4962542203385865,-2.258705463886549
0,scatter,,1.4736917556176266,-2.2537645307422336
0,scatter,,1.4511793709940775,-2.2486912819816767
0,scatter,,1.4287183344044616,-2.2434967697202395
0,scatter,,1.4063098042613265,-2.2381917962645046
0,scatter,,1.3839548321299373,-2.2327869137440737
0,scatter,,1.3616543651748074,-2.227292424461326
0,scatter,,1.3394092490360143,-2.22171838141582
0,scatter,,1.3172202302743887,-2.2160745892647684
0,scatter,,1.2950879583840433,-2.210370605693827
0,scatter,,1.2730129884301138,-2.204615742817346
0,scatter,,1.250995783438552,-2.1988190688739393
0,scatter,,1.229036717217954,-2.1929894107726358
0,scatter,,1.2071360767294304,-2.187135356242146
0,scatter,,1.185294063989195,-2.1812652555455583
0,scatter,,1.1635107986162028,-2.17538722428899
0,scatter,,1.1417863201152436,-2.1695091460419795
0,scatter,,1.120120590518055,-2.1636386760431634
0,scatter,,1.0985134966289432,-2.157783244132502
0,scatter,,1.0769648518504256,-2.1519500568391834
0,scatter,,1.0554743985573858,-2.1461461009798035
0,scatter,,1.0340418102329971,-2.140378146828053
0,scatter,,1.0126666939136306,-2.1346527524777636
0,scatter,,0.991348592278988,-2.128976267213413
0,scatter,,0.970086985355405,-2.123354833776708
0,scatter,,0.9488812927049961,-2.117794392368768
0,scatter,,0.927730875397465,-2.1123006840796545
0,scatter,,0.9066350382179869,-2.1068792554343854
0,scatter,,0.885593031600125,-2.1015354619799846
0,scatter,,0.8646040532031184,-2.096274470582822
0,scatter,,0.8436672499011468,-2.0911012635223454
0,scatter,,0.8227817195805293,-2.086020641932881
0,scatter,,0.8019465131935823,-2.0810372306042453
0,scatter,,0.7811606364480055,-2.076155481199498
0,scatter,,0.7604230512023336,-2.0713796742095067
0,scatter,,0.7397326772941987,-2.066713923073331
0,scatter,,0.7190883941616306,-2.062162177433944
0,scatter,,0.6984890424245701,-2.057728226305777
0,scatter,,0.6779334255268153,-2.0534157016564514
0,scatter,,0.6574203119410876,-2.0492280849482447
0,scatter,,0.6369484358691874,-2.045168706124364
0,scatter,,0.6165164988941086,-2.041240747507518
0,scatter,,0.596123171552037,-2.0374472473633234
0,scatter,,0.5757670947951055,-2.03379110296542
0,scatter,,0.5554468814373706,-2.030275073624135
0,scatter,,0.5351611170958565,-2.026901782026255
0,scatter,,0.5149083614203901,-2.0236737165596015
0,scatter,,0.4946871502048728,-2.0205932366237263
0,scatter,,0.4744959963322545,-2.017662574001486
0,scatter,,0.4543333910727235,-2.014883835425032
0,scatter,,0.4341978053720027,-2.0122590051023397
0,scatter,,0.41408769104724097,-2.0097899468316665
0,scatter,,0.39400148116661143,-2.007478402453117
0,scatter,,0.37393759217564093,-2.0053259981213016
0,scatter,,0.3538944250039108,-2.0033342459880896
0,scatter,,0.33387036607827425,-2.001504545445248
0,scatter,,0.3138637884750365,-1.99983818495863
0,scatter,,0.29387305306420164,-1.998336343831229
0,scatter,,0.2738965093022543,-1.9970000925861677
0,scatter,,0.2539324960360871,-1.9958303933403472
0,scatter,,0.23397934335242726,-1.9948281041000835
0,scatter,,0.2140353732943507,-1.9939939786922862
0,scatter,,0.1940989008961366,-1.9933286678424524
0,scatter,,0.17416823521735436,-1.9928327201839975
0,scatter,,0.15424168036134644,-1.9925065831139652
0,scatter,,0.13431753635670374,-1.9923506026134852
0,scatter,,0.11439410028949061,-1.9923650247942366
0,scatter,,0.09446966731279476,-1.9925499965023699
0,scatter,,0.07454253161227602,-1.9929055655258876
0,scatter,,0.054610987399291336,-1.9934316809111827
0,scatter,,0.034673329902317106,-1.9941281931753754
0,scatter,,0.014727856326284788,-1.9949948541983544
0,scatter,,-0.0052271332095454315,-1.9960313168633337
0,scatter,,-0.025193334581318227,-1.9972371355868528
0,scatter,,-0.045172438709393935,-1.998611765804086
0,scatter,,-0.06516613056597316,-2.0001545635902795
0,scatter,,-0.08517608817528234,-2.0018647851904743
0,scatter,,-0.1052039816099275,-2.0037415864317096
0,scatter,,-0.12525147204351766,-2.0057840216626723
0,scatter,,-0.14532021068354617,-2.0079910432221393
0,scatter,,-0.16541183772871992,-2.010361500610131
0,scatter,,-0.1855279813514526,-2.012894139346114
0,scatter,,-0.2056702566504097,-2.0155875998255293
0,scatter,,-0.22584026459094436,-2.018440416070059
0,scatter,,-0.24603959094360214,-2.0214510143234063
0,scatter,,-0.26626980522788884,-2.0246177114762323
0,scatter,,-0.28653245956050155,-2.027938713666362
0,scatter,,-0.3068290875545075,-2.0314121145459483
0,scatter,,-0.3271612031859204,-2.035035893480458
0,scatter,,-0.34753029963975157,-2.038807913658925
0,scatter,,-0.3679378481361521,-2.0427259201025874
0,scatter,,-0.3883852967835769,-2.0467875376263627
0,scatter,,-0.4088740693323099,-2.0509902686136736
0,scatter,,-0.42940556391259366,-2.0553314907020757
0,scatter,,-0.44998115179131837,-2.0598084544199393
0,scatter,,-0.47060217608523813,-2.0644182807067177
0,scatter,,-0.4912699504472479,-2.0691579583388346
0,scatter,,-0.5119857577311411,-2.0740243412825548
0,scatter,,-0.5327508487532855,-2.0790141464009464
0,scatter,,-0.5535664407809299,-2.0841239502050777
0,scatter,,-0.574433716090083,-2.089350185873089
0,scatter,,-0.5953538205481255,-2.094689140382427
0,scatter,,-0.6163278621302112,-2.1001369514359522
0,scatter,,-0.6373569094022183,-2.1056896043068414
0,scatter,,-0.6584419899917962,-2.1113429287356458
0,scatter,,-0.6795840892481713,-2.1170925970809833
0,scatter,,-0.7007841483578857,-2.122934119366366
0,scatter,,-0.7220430627223665,-2.128862840034796
0,scatter,,-0.74336168032483,-2.1348739347911954
0,scatter,,-0.7647408000138665,-2.140962407112493
0,scatter,,-0.7861811697489601,-2.1471230847001963
0,scatter,,-0.8076834848752399,-2.153350616360209
0,scatter,,-0.8292483866988657,-2.1596394712596756
0,scatter,,-0.8508764600939429,-2.16598393152352
0,scatter,,-0.8725682317320266,-2.172378089511997
0,scatter,,-0.8943241682079686,-2.1788158446218318
0,scatter,,-0.9161446740727784,-2.185290899691386
0,scatter,,-0.9380300898262364,-2.1917967573908443
0,scatter,,-0.9599806900413245,-2.1983267177820074
0,scatter,,-0.981996681861944,-2.2048738786920934
0,scatter,,-1.0040782019807806,-2.2114311260499036
0,scatter,,-1.026225314794139,-2.2179911325152895
0,scatter,,-1.0484380102829651,-2.2245463545519333
0,scatter,,-1.0707162018029168,-2.2310890291982886
0,scatter,,-1.093059723835311,-2.237611170890817
0,scatter,,-1.1154683300901131,-2.2441045706969414
0,scatter,,-1.1379416918821608,-2.250560797490256
0,scatter,,-1.1604793944306715,-2.256971187003101
0,scatter,,-1.1830809350508742,-2.2633268425343513
0,scatter,,-1.2057457208197215,-2.269618632839885
0,scatter,,-1.2284730661710572,-2.2758371899367504
0,scatter,,-1.251262190457174,-2.2819729070571415
0,scatter,,-1.2741122162748006,-2.2880159408648986
0,scatter,,-1.2970221675619924,-2.293956212826111
0,scatter,,-1.319990965346982,-2.2997833988437417
0,scatter,,-1.343017426096781,-2.305486932624203
0,scatter,,-1.3661002592541553,-2.311056005225562
0,scatter,,-1.389238064738503,-2.3164795647922047
0,scatter,,-1.412429330428437,-2.321746316573029
0,scatter,,-1.4356724310951128,-2.3268447295042196
0,scatter,,-1.458965625879482,-2.3317630369543205
0,scatter,,-1.4823070539361534,-2.336489230027641
0,scatter,,-1.5056947330186072,-2.3410110638246233
0,scatter,,-1.5291265570541324,-2.345316059795937
0,scatter,,-1.5526002937236831,-2.3493915085324333
0,scatter,,-1.576113582065946,-2.3532244730635363
0,scatter,,-1.5996639324487558,-2.3568018003836824
0,scatter,,-1.623248723062847,-2.3601101219933254
0,scatter,,-1.6468651961648197,-2.3631358540781
0,scatter,,-1.6705104569683313,-2.3658652068676225
0,scatter,,-1.694181471518208,-2.3682841911346273
0,scatter,,-1.7178750646068677,-2.370378625326986
0,scatter,,-1.7415879178347686,-2.372134143556266
0,scatter,,-1.7653165708630574,-2.37353621077621
0,scatter,,-1.789057416976112,-2.3745701267565873
0,scatter,,-1.812806700556946,-2.375221034621129
0,scatter,,-1.8365605164899255,-2.375473933996559
0,scatter,,-1.8603148086695003,-2.375313692938412
0,scatter,,-1.8840653686028999,-2.374725060693903
0,scatter,,-1.907807834371941,-2.3736926814230883
0,scatter,,-1.9315376931661112,-2.3722011101016616
0,scatter,,-1.9552502764792994,-2.370234826545018
0,scatter,,-1.9789407593838049,-2.3677782518466124
0,scatter,,-2.0026041607308867,-2.3648157660730185
0,scatter,,-2.0262353427129636,-2.3613317266512817
0,scatter,,-2.049829010583116,-2.3573104877684576
0,scatter,,-2.0733797130000333,-2.3527364196506664
0,scatter,,-2.0968818455345977,-2.347593921406734
0,scatter,,-2.12032964677577,-2.3418674539404836
0,scatter,,-2.1437171997147,-2.3355415612004373
0,scatter,,-2.167038433118566,-2.3286008930592055
0,scatter,,-2.1902871226164344,-2.3210302305550496
0,scatter,,-2.2134568920171933,-2.312814512232723
0,scatter,,-2.2365412152542112,-2.303938858033684
0,scatter,,-2.259533420018874,-2.2943885810022917
0,scatter,,-2.2824266878328854,-2.2841492354063417
0,scatter,,-2.3052140571592936,-2.273206640386594
0,scatter,,-2.327888426448849,-2.2615469079037225
0,scatter,,-2.35044255728861,-2.249156472913006
0,scatter,,-2.3728690759407853,-2.236022123877242
0,scatter,,-2.3951604783373437,-2.222131034859296
0,scatter,,-2.41730913459221,-2.207470798216479
0,scatter,,-2.4393072927750645,-2.192029457825494
0,scatter,,-2.461147083519502,-2.1757955432179714
0,scatter,,-2.4828205254643465,-2.158758096271858
0,scatter,,-2.5043195320635383,-2.1409066784637822
0,scatter,,-2.525635913083772,-2.12223146147578
0,scatter,,-2.546761384364089,-2.102723214340013
0,scatter,,-2.5676875719627366,-2.0823733591093796
0,scatter,,-2.588406019767151,-2.0611739952626653
0,scatter,,-2.6089081961300917,-2.039117934336104
0,scatter,,-2.629185501227194,-2.0161987321642805
0,scatter,,-2.6492292746535075,-1.992410720887819
0,scatter,,-2.6690308033922654,-1.9677490403551223
0,scatter,,-2.688581329967167,-1.942209668731343
0,scatter,,-2.707872060800104,-1.9157894531397464
0,scatter,,-2.726894175612322,-1.8884861371641237
0,scatter,,-2.7456388356889825,-1.8602983910807684
0,scatter,,-2.7640971942994175,-1.83122583576608
0,scatter,,-2.7822604052611806,-1.8012690716843098
0,scatter,,-2.800119633898921,-1.7704296990742505
0,scatter,,-2.817666066154242,-1.7387103449408807
0,scatter,,-2.8348909199117376,-1.7061146791120487
0,scatter,,-2.851785454753812,-1.6726474375266915
0,scatter,,-2.86834098352235,-1.638314433600492
0,scatter,,-2.8845488817496827,-1.6031225865859065
0,scatter,,-2.9004005994541053,-1.5670799272331981
0,scatter,,-2.9158876733716115,-1.5301955964990233
0,scatter,,-2.9310017379309774,-1.4924798676433493
0,scatter,,-2.9457345361168135,-1.453944149165404
0,scatter,,-2.960077928614651,-1.4146009934052666
0,scatter,,-2.9740239088994347,-1.3744640902458933
0,scatter,,-2.987564613163203,-1.3335482678517567
0,scatter,,-3.0006923303698754,-1.2918694887583937
0,scatter,,-3.0133995157315407,-1.2494448432247165
0,scatter,,-3.025678801026012,-1.2062925384732954
0,scatter,,-3.0375230047227872,-1.1624318833923377
0,scatter,,-3.0489251446396395,-1.117883276685703
0,scatter,,-3.0598784480115753,-1.0726681864482388
0,scatter,,-3.0703763611603545,-1.0268091265486246
0,scatter,,-3.0804125614883358,-0.9803296347955481
0,scatter,,-3.0899809668646965,-0.9332542444578167
0,scatter,,-3.099075744417076,-0.8856084532306087
0,scatter,,-3.107691321763758,-0.8374186907069334
0,scatter,,-3.1158223955747286,-0.7887122822565014
0,scatter,,-3.1234639392578276,-0.7395174108927606
0,scatter,,-3.1306112122948626,-0.6898630752975883
0,scatter,,-3.1372597682105696,-0.6397790469911435
0,scatter,,-3.1434054621942926,-0.5892958233672692
0,scatter,,-3.1490444577128027,-0.5384445800273625
0,scatter,,-3.1541732329394065,-0.4872571203278703
0,scatter,,-3.1587885871912875,-0.4357658220597737
0,scatter,,-3.1628876460934356,-0.3840035848997193
0,scatter,,-3.1664678668108945,-0.332003772221294
0,scatter,,-3.169527042075648,-0.2798001558911517
0,scatter,,-3.172063304195619,-0.227426855719246
0,scatter,,-3.174075128179714,-0.1749182803657855
0,scatter,,-3.1755613342528974,-0.12230906694983891
0,scatter,,-3.176521089993838,-0.0696340176215573
0,scatter,,-3.1769539114682592,-0.016928040279091134
0,scatter,,-3.176859664159227,0.0357739172593667
0,scatter,,-3.176238562936106,0.08843692692770624
0,scatter,,-3.175091171588316,0.14102614502810812
0,scatter,,-3.173418401679981,0.19350687398342584
0,scatter,,-3.171221510744246,0.24584462313893968
0,scatter,,-3.1685020999278004,0.29800517244925084
0,scatter,,-3.1652621110050583,0.3499546293712893
0,scatter,,-3.1615038227500016,0.4016594913656565
0,scatter,,-3.1572298470095466,0.45308669730499984
0,scatter,,-3.152443123662475,0.5042036913938633
0,scatter,,-3.1471469151741247,0.5549784811440395
0,scatter,,-3.1413448006185654,0.605379692474192
0,scatter,,-3.1350406695761013,0.6553766150726947
0,scatter,,-3.1282387161190064,0.704939233561742
0,scatter,,-3.120943430268977,0.7540382927109411
0,scatter,,-3.1131595905444347,0.8026453309228188
0,scatter,,-3.1048922558635126,0.8507327487570769
0,scatter,,-3.0961467567867116,0.8982738362389903
0,scatter,,-3.0869286863674863,0.945242802282662
0,scatter,,-3.077243890798368,0.9916148134299866
0,scatter,,-3.0670984599162217,1.0373660191624863
0,scatter,,-3.056498716731859,1.0824735853161518
0,scatter,,-3.045451207106417,1.1269157159445364
0,scatter,,-3.0339626898678107,1.1706716862094413
0,scatter,,-3.0220401259022003,1.2137218593612242
0,scatter,,-3.0096906669032717,1.2560476980151418
0,scatter,,-2.9969216444303934,1.2976317811078597
0,scatter,,-2.983740558401088,1.3384578152212734
0,scatter,,-2.970155065996779,1.3785106417788808
0,scatter,,-2.956172970145159,1.4177762416678754
0,scatter,,-2.9418022083654076,1.456241741742933
0,scatter,,-2.9270508413493466,1.4938954146719
0,scatter,,-2.9119270413226293,1.5307266725506399
0,scatter,,-2.8964390807655693,1.566726063139157
0,scatter,,-2.8805953208086565,1.601885264655948
0,scatter,,-2.86440420026257,1.6361970728118993
0,scatter,,-2.8478742244636046,1.669655388227361
0,scatter,,-2.8310139542412314,1.7022552040741885
0,scatter,,-2.813831995094196,1.7339925902951057
0,scatter,,-2.796336986618456,1.764864672013295
0,scatter,,-2.7785375920387456,1.794869610225598
0,scatter,,-2.760442487536379,1.8240065820619848
0,scatter,,-2.742060352695245,1.8522757544875457
0,scatter,,-2.723399860768115,1.8796782589196264
0,scatter,,-2.7044696691451655,1.9062161648454488
0,scatter,,-2.6852784093484003,1.9318924563686912
0,scatter,,-2.665834678785633,1.9567109996425658
0,scatter,,-2.6461470321606524,1.9806765129668435
0,scatter,,-2.6262239730546,2.0037945366931473
0,scatter,,-2.6060739450779975,2.0260714032944014
0,scatter,,-2.5857053247991413,2.0475142043451453
0,scatter,,-2.5651264144809613,2.0681307579564354
0,scatter,,-2.5443454349300842,2.08792957621038
0,scatter,,-2.5233705179322725,2.106919832223896
0,scatter,,-2.5022097004161457,2.1251113269140225
0,scatter,,-2.4808709185951576,2.1425144558051112
0,scatter,,-2.4593620021271483,2.159140175931516
0,scatter,,-2.437690667923988,2.1749999712233876
0,scatter,,-2.415864515517969,2.1901058204708987
0,scatter,,-2.3938910226049255,2.204470165316838
0,scatter,,-2.3717775404962933,2.2181058778450593
0,scatter,,-2.3495312893737315,2.231026226545658
0,scatter,,-2.3271593547787233,2.243244845945366
0,scatter,,-2.3046686844704345,2.2547757070183834
0,scatter,,-2.282066085129108,2.265633086671627
0,scatter,,-2.2593582189748598,2.2758315356102137
0,scatter,,-2.236551601322452,2.2853858502278035
0,scatter,,-2.213652598640503,2.2943110463950167
0,scatter,,-2.190667426402255,2.3026223315757677
0,scatter,,-2.16760214698118,2.310335075825338
0,scatter,,-2.144462668183495,2.317464786296639
0,scatter,,-2.1212547423422166,2.3240270848175166
0,scatter,,-2.0979839652071504,2.3300376832172476
0,scatter,,-2.0746557749121037,2.335512357610414
0,scatter,,-2.051275451437851,2.3404669262261457
0,scatter,,-2.0278481166519744,2.3449172316626985
0,scatter,,-2.004378734092704,2.348879119588607
0,scatter,,-1.980872109060646,2.352368419354115
0,scatter,,-1.9573328882611933,2.3554009180174966
0,scatter,,-1.9337655608678264,2.357992349945526
0,scatter,,-1.9101744591519345,2.360158380272715
0,scatter,,-1.8865637591925373,2.3619145883786983
0,scatter,,-1.8629374817790572,2.3632764513787614
0,scatter,,-1.8392994934028866,2.3642593265742695
0,scatter,,-1.815653507668001,2.3648784445001887
0,scatter,,-1.7920030865926222,2.3651488947458135
0,scatter,,-1.7683516420887126,2.3650856146756953
0,scatter,,-1.7447024374835909,2.3647033748166404
0,scatter,,-1.7210585892358896,2.3640167707927064
0,scatter,,-1.6974230687467906,2.3630402163058046
0,scatter,,-1.6737987041984108,2.361787933616523
0,scatter,,-1.650188182526939,2.360273945542751
0,scatter,,-1.6265940516508246,2.3585120654661704
0,scatter,,-1.6030187223282457,2.3565158944240365
0,scatter,,-1.5794644703468348,2.354298814801529
0,scatter,,-1.5559334387331631,2.3518739850797608
0,scatter,,-1.532427640142884,2.3492543343002295
0,scatter,,-1.5089489592495489,2.346452557409182
0,scatter,,-1.485499154813975,2.3434811137884286
0,scatter,,-1.4620798621411337,2.3403522235749743
0,scatter,,-1.4386925954651133,2.337077865253469
0,scatter,,-1.415338750712972,2.3336697727703655
0,scatter,,-1.3920196076663502,2.3301394347129682
0,scatter,,-1.368736332342313,2.326498093347876
0,scatter,,-1.3454899794980077,2.3227567437263654
0,scatter,,-1.3222814951725275,2.3189261332880085
0,scatter,,-1.2991117194622348,2.3150167616763913
0,scatter,,-1.2759813885337818,2.3110388813042633
0,scatter,,-1.252891137196012,2.3070024978894126
0,scatter,,-1.2298415013395498,2.302917371329912
0,scatter,,-1.2068329208463198,2.2987930173291895
0,scatter,,-1.1838657417885672,2.2946387085915734
0,scatter,,-1.1609402184053954,2.2904634760384144
0,scatter,,-1.1380565156857283,2.286276110820194
0,scatter,,-1.1152147116673756,2.282085166250597
0,scatter,,-1.0924147996897289,2.277898959871568
0,scatter,,-1.0696566912037082,2.2737255765033697
0,scatter,,-1.0469402198636226,2.2695728733109504
0,scatter,,-1.0242651407793293,2.2654484780207413
0,scatter,,-1.001631133658997,2.26135979289002
0,scatter,,-0.9790378051215874,2.2573139975878456
0,scatter,,-0.9564846908084051,2.2533180518810716
0,scatter,,-0.9339712574960162,2.2493786984624546
0,scatter,,-0.9114969071340742,2.245502470915688
0,scatter,,-0.8890609773898093,2.2416956927042007
0,scatter,,-0.8666627430613385,2.237964478521389
0,scatter,,-0.8443014186956787,2.2343147388646205
0,scatter,,-0.8219761605375289,2.2307521829446624
0,scatter,,-0.7996860684280431,2.227282321526447
0,scatter,,-0.7774301883859644,2.2239104722426166
0,scatter,,-0.7552075155430489,2.220641766228734
0,scatter,,-0.7330169937195951,2.217481143131058
0,scatter,,-0.7108575181446305,2.21443335712969
0,scatter,,-0.6887279372891124,2.211502979928188
0,scatter,,-0.6666270546070874,2.2086944034633462
0,scatter,,-0.644553630330468,2.20601184291747
0,scatter,,-0.6225063845363702,2.203459345282481
0,scatter,,-0.6004839974204654,2.201040785915137
0,scatter,,-0.5784851109475433,2.1987598710757963
0,scatter,,-0.5565083307698373,2.1966201416534155
0,scatter,,-0.5345522278210888,2.1946249755140177
0,scatter,,-0.5126153398752387,2.1927775897052073
0,scatter,,-0.490696173659644,2.191081045436679
0,scatter,,-0.46879320664000124,2.189538251450199
0,scatter,,-0.44690488745621204,2.18815196069887
0,scatter,,-0.4250296379277124,2.1869247748100853
0,scatter,,-0.4031658545310439,2.185859145919387
0,scatter,,-0.3813119098469765,2.1849573783279537
0,scatter,,-0.3594661540865587,2.184221630573694
0,scatter,,-0.3376269172266456,2.183653920815742
0,scatter,,-0.31579250952503635,2.183256123302072
0,scatter,,-0.2939612230857517,2.1830299705421945
0,scatter,,-0.27213133334610645,2.1829770549972154
0,scatter,,-0.25030110044749043,2.18309883006329
0,scatter,,-0.22846877059086163,2.183396610895239
0,scatter,,-0.2066325777707173,2.1838715773889215
0,scatter,,-0.18479074502062195,2.184524774186634
0,scatter,,-0.1629414853987345,2.1853571090488546
0,scatter,,-0.14108300353913708,2.1863693544604317
0,scatter,,-0.11921349698850489,2.187562147846813
0,scatter,,-0.09733115753667601,2.188935991627593
0,scatter,,-0.07543417262618124,2.1904912536278407
0,scatter,,-0.0535207269844078,2.1922281687482106
0,scatter,,-0.03158900351213167,2.194146835791403
0,scatter,,-0.009637184762797693,2.1962472178408485
0,scatter,,0.012336545681392162,2.198529141814878
0,scatter,,0.034334001855509624,2.2009922976897474
0,scatter,,0.05635699404833566,2.2036362375874208
0,scatter,,0.07840732722718691,2.206460376143669
0,scatter,,0.10048679979258035,2.209463988324124
0,scatter,,0.12259720226090817,2.212646207511607
0,scatter,,0.14474031578111257,2.2160060245183852
0,scatter,,0.16691791070721348,2.219542285942564
0,scatter,,0.18913174515545883,2.2232536923628663
0,scatter,,0.21138356349554377,2.227138796849812
0,scatter,,0.23367509477973247,2.231196003731136
0,scatter,,0.2560080514090482,2.2354235647175007
0,scatter,,0.2783841275401034,2.2398195771658624
0,scatter,,0.30080499752758627,2.2443819816098207
0,scatter,,0.3232723143463911,2.2491085590882394
0,scatter,,0.3457877079847826,2.253996928396433
0,scatter,,0.36835278375846736,2.2590445444786322
0,scatter,,0.390969120697629,2.2642486940343156
0,scatter,,0.41363826985462904,2.269606492222299
0,scatter,,0.4363617525628621,2.2751148796199128
0,scatter,,0.45914105867388283,2.280770618722862
0,scatter,,0.4819776447585077,2.286570290296915
0,scatter,,0.5048729322861639,2.292510290301289
0,scatter,,0.5278283057780043,2.2985868273047174
0,scatter,,0.5508451108432831,2.304795915973076
0,scatter,,0.5739246522464279,2.311133373937262
0,scatter,,0.59706819191316,2.317594817649685
0,scatter,,0.6202769468911493,2.324175658041735
0,scatter,,0.6435520872692198,2.3308710960995622
0,scatter,,0.666894734231267,2.3376761207741983
0,scatter,,0.6903059577629427,2.3445855027280116
0,scatter,,0.7137867743591191,2.351593788635143
0,scatter,,0.7373381448247393,2.3586952973155415
0,scatter,,0.7609609719602904,2.365884114900257
0,scatter,,0.7846560981960047,2.3731540899050807
0,scatter,,0.8084243032676657,2.3804988291561187
0,scatter,,0.8322663021170228,2.3879116963854448
0,scatter,,0.8561827418416282,2.3953858019016554
0,scatter,,0.8801741992959163,2.402913999180257
0,scatter,,0.9042411785165217,2.41048888021568
0,scatter,,0.9283841080581136,2.4181027704981126
0,scatter,,0.9526033382723307,2.4257477239628944
0,scatter,,0.976899139084113,2.4334155222454403
0,scatter,,1.0012716970717643,2.441097668937632
0,scatter,,1.0257211120546335,2.448785380463796
0,scatter,,1.0502473945125612,2.4564695839040884
0,scatter,,1.074850462633738,2.4641409124018043
0,scatter,,1.0995301393080699,2.4717897006322067
0,scatter,,1.124286149217369,2.479405981354397
0,scatter,,1.1491181169124884,2.4869794889438337
0,scatter,,1.174025562273053,2.494499646069456
0,scatter,,1.1990078975901084,2.501955561588157
0,scatter,,1.2240644245511048,2.509336028280948
0,scatter,,1.249194331002804,2.5166295196175916
0,scatter,,1.2743966876665884,2.5238241867241182
0,scatter,,1.2996704457601984,2.530907860901071
0,scatter,,1.3250144342474317,2.5378680545480226
0,scatter,,1.3504273545630288,2.544691948463545
0,scatter,,1.3759077781747642,2.5513663955402652
0,scatter,,1.4014541432389156,2.55787791991
0,scatter,,1.427064751213408,2.564212716396247
0,scatter,,1.4527377635895504,2.570356651041881
0,scatter,,1.4784712009592775,2.5762952729819064
0,scatter,,1.504262937283067,2.5820138046626795
0,scatter,,1.530110696421914,2.5874971431059572
0,scatter,,1.5560120494007361,2.5927298651338946
0,scatter,,1.5819644111090707,2.597696230586643
0,scatter,,1.6079650370072733,2.6023801861722076
0,scatter,,1.634011021031102,2.6067653742342816
0,scatter,,1.6600992945610114,2.610835145980577
0,scatter,,1.6862266191653046,2.61457255306927
0,scatter,,1.7123895851845359,2.6179603607944446
0,scatter,,1.738584608908728,2.6209810569199883
0,scatter,,1.764807929690854,2.6236168609949044
0,scatter,,1.7910556071842936,2.6258497347524425
0,scatter,,1.8173235222169823,2.627661401762994
0,scatter,,1.8436073718619386,2.6290333544606708
0,scatter,,1.8699026655698696,2.6299468644940793
0,scatter,,1.8962047242143556,2.630383000712933
0,scatter,,1.9225086779868392,2.6303226453888207
0,scatter,,1.9488094644171936,2.6297465116495173
0,scatter,,1.975101827534898,2.6286351627584006
0,scatter,,2.0013803201126925,2.6269690344199295
0,scatter,,2.027639296602649,2.6247284528167527
0,scatter,,2.053872913712857,2.6218936584309236
0,scatter,,2.0800751298992988,2.618444830522736
0,scatter,,2.1062397047027486,2.614362112848582
0,scatter,,2.132360198306034,2.609625640866544
0,scatter,,2.158429974435947,2.6042155633806883
0,scatter,,2.1844421999102908,2.598112073913815
0,scatter,,2.21038984201709,2.5912954491668247
0,scatter,,2.236265671148552,2.583746077745913
0,scatter,,2.262062261963201,2.5754444945072
0,scatter,,2.2877719948639745,2.5663714165127773
0,scatter,,2.3133870580883227,2.556507778148199
0,scatter,,2.33889945230876,2.545834749086959
0,scatter,,2.36430099100881,2.534333793587569
0,scatter,,2.3895833039549874,2.521986707820194
0,scatter,,2.414737841143798,2.5087756580518628
0,scatter,,2.439755876726615,2.4946832226454916
0,scatter,,2.464628511038232,2.4796924339182707
0,scatter,,2.489346677359459,2.4637868237543876
0,scatter,,2.5139011472403747,2.4469504693206825
0,scatter,,2.538282535637723,2.42916803960985
0,scatter,,2.5624813069754726,2.4104248431540247
0,scatter,,2.5864877832025295,2.3907068526179307
0,scatter,,2.6102921501971363,2.370000753924847
0,scatter,,2.633884462870719,2.3482940297327755
0,scatter,,2.657254656152988,2.3255749668459837
0,scatter,,2.680392551533772,2.301832724346925
0,scatter,,2.7032878668278797,2.277057371416632
0,scatter,,2.725930225240369,2.251239935503303
0,scatter,,2.7483091652476874,2.224372447626618
0,scatter,,2.77041415087977,2.1964479874217333
0,scatter,,2.792234582440766,2.167460726730876
0,scatter,,2.8137598072779526,2.137405973719128
0,scatter,,2.8349791321317492,2.106280212663271
0,scatter,,2.855881834101453,2.074081146831798
0,scatter,,2.876457174130071,2.040807734233375
0,scatter,,2.8966944086956845,2.006460227605221
0,scatter,,2.9165828038262775,1.9710402063537193
0,scatter,,2.93611164776097,1.9345506122058218
0,scatter,,2.9552702653885703,1.8969957768136814
0,scatter,,2.9740480320790583,1.8583814489485049
0,scatter,,2.9924343878067843,1.8187148224854495
0,scatter,,3.0104188507263028,1.7780045678250869
0,scatter,,3.027991033637835,1.736260831238244
0,scatter,,3.0451406590734416,1.6934952569064798
0,scatter,,3.0618575746598897,1.6497210020937367
0,scatter,,3.0781317647749016,1.6049527508117372
0,scatter,,3.093953369043113,1.559206712938753
0,scatter,,3.1093126977848597,1.5125006253158229
0,scatter,,3.124200244818973,1.4648537498361074
0,scatter,,3.138606705027129,1.4162868677791436
0,scatter,,3.152522988992601,1.3668222683333782
0,scatter,,3.165940236574774,1.3164837297022822
0,scatter,,3.1788498336813604,1.2652965048674512
0,scatter,,3.1912434260159093,1.2132872955444667
0,scatter,,3.2031129325992937,1.1604842219360763
0,scatter,,3.2144505616197963,1.1069167938356514
0,scatter,,3.2252488227911544,1.0526158720867882
0,scatter,,3.235500540483092,0.9976136272554862
0,scatter,,3.2451988681280173,0.9419434952891301
0,scatter,,3.254337299203585,0.8856401281860304
0,scatter,,3.2629096791739562,0.8287393404583713
0,scatter,,3.2709102174834332,0.7712780518492303
0,scatter,,3.2783334979968846,0.7132942277050824
0,scatter,,3.2851744896092336,0.6548268126810546
0,scatter,,3.291428554854112,0.5959156651975509
0,scatter,,3.2970914591896916,0.5366014848815933
0,scatter,,3.3021593790923536,0.4769257391553294
0,scatter,,3.306628909026104,0.4169305882907199
0,scatter,,3.3104970684973924,0.3566588031919007
0,scatter,,3.3137613071416623,0.2961536885243594
0,scatter,,3.3164195101398533,0.23545899564330533
0,scatter,,3.3184700020343607,0.17461884054235402
0,scatter,,3.3199115499128213,0.11367761778818276
0,scatter,,3.3207433659956207,0.052679910876106094
0,scatter,,3.320965108750122,-0.008329590353000405
0,scatter,,3.3205768838180427,-0.0693061836996397
0,scatter,,3.3195792435230107,-0.13020523762568198
0,scatter,,3.3179731857641723,-0.19098228181232624
0,scatter,,3.3157601520139175,-0.25159309498967775
0,scatter,,3.3129420243341947,-0.31199378737964734
0,scatter,,3.3095211216376326,-0.3721408919198036
0,scatter,,3.3055001951250818,-0.4319914415589531
0,scatter,,3.3008824227379705,-0.4915030561111728
0,scatter,,3.2956714032174173,-0.5506340155926339
0,scatter,,3.289871148927291,-0.6093433404756522
0,scatter,,3.2834860775746515,-0.667590876535239
0,scatter,,3.276521003549733,-0.7253373679003227
0,scatter,,3.2689811289669866,-0.7825445204167074
0,scatter,,3.260872035207169,-0.8391750413287489
0,scatter,,3.2521996707228973,-0.8951927229754019
0,scatter,,3.242970340425642,-0.9505624881250295
0,scatter,,3.2331906937339543,-1.0052504802574167
0,scatter,,3.2228677123386724,-1.059224105114444
0,scatter,,3.2120086974132853,-1.112452075136034
0,scatter,,3.2006212567142964,-1.1649044136321804
0,scatter,,3.188713290559052,-1.2165525172377134
0,scatter,,3.1762929781078557,-1.2673691914452134
0,scatter,,3.163368763616892,-1.3173287062754164
0,scatter,,3.149949341638836,-1.3664067953810328
0,scatter,,3.136043641840897,-1.4145806774375904
0,scatter,,3.1216608137657955,-1.461829069805031
0,scatter,,3.1068102119546523,-1.5081322076898431
0,scatter,,3.091501381379022,-1.5534718562143086
0,scatter,,3.0757440419164346,-1.597831311759464
0,scatter,,3.0595480729422766,-1.6411954009198721
0,scatter,,3.0429234975200954,-1.6835504767862737
0,scatter,,3.025880467576714,-1.724884411695257
0,scatter,,3.0084292487340183,-1.7651865864692022
0,scatter,,2.990580205510493,-1.8044478780333673
0,scatter,,2.97234378628479,-1.842660639118888
0,scatter,,2.953730508570393,-1.8798186780202262
0,scatter,,2.9347509445047555,-1.9159172344943654
0,scatter,,2.9154157068362747,-1.9509529524876097
0,scatter,,2.8957354349250743,-1.9849238523144819
0,scatter,,2.875720781211783,-2.0178292971825935
0,scatter,,2.855382398030382,-2.0496699579990816
0,scatter,,2.834730924723103,-2.080447777185628
0,scatter,,2.8137769745548686,-2.1101659353468296
0,scatter,,2.792531123163256,-2.138828806818175
0,scatter,,2.7710038969181605,-2.1664419182569237
0,scatter,,2.749205761479381,-2.1930119066679064
0,scatter,,2.727147109977546,-2.218546477562288
0,scatter,,2.70483825372444,-2.2430543579903093
0,scatter,,2.6822894121186893,-2.2665452514854394
0,scatter,,2.6595107028543388,-2.2890297921981424
0,scatter,,2.6365121321304184,-2.310519498676536
0,scatter,,2.613303587191983,-2.3310267269622558
0,scatter,,2.5898948280075773,-2.350564624068397
0,scatter,,2.5662954791796215,-2.369147080471719
0,scatter,,2.542515022316312,-2.386788682762531
0,scatter,,2.5185627903317123,-2.4035046692791298
0,scatter,,2.4944479609415207,-2.4193108840083415
0,scatter,,2.470179550284506,-2.434223729328805
0,scatter,,2.4457664075809697,-2.4482601214558977
0,scatter,,2.421217210857576,-2.4614374488408064
0,scatter,,2.396540462301796,-2.4737735286984406
0,scatter,,2.3717444835706165,-2.485286561601664
0,scatter,,2.346837412485836,-2.4959950921154377
0,scatter,,2.321827200125009,-2.5059179705050862
0,scatter,,2.2967216078642236,-2.515074313262261
0,scatter,,2.2715282043653335,-2.5234834613377997
0,scatter,,2.246254363953765,-2.5311649469535733
0,scatter,,2.220907264992682,-2.5381384591189757
0,scatter,,2.195493888402345,-2.544423808835826
0,scatter,,2.170021016137339,-2.550040891740305
0,scatter,,2.1444952310548557,-2.5550096625851726
0,scatter,,2.118922916473139,-2.5593501050947247
0,scatter,,2.0933102560807715,-2.563082203809541
0,scatter,,2.0676632334730782,-2.566225909538309
0,scatter,,2.0419876328201285,-2.568801116442499
0,scatter,,2.016289039936259,-2.570827642336296
0,scatter,,1.9905728430025391,-2.5723252035514177
0,scatter,,1.9648442336577627,-2.573313391375074
0,scatter,,1.9391082082065743,-2.573811646855802
0,scatter,,1.9133695694212365,-2.5738392491883033
0,scatter,,1.8876329282164293,-2.573415295686682
0,scatter,,1.8619027055628965,-2.572558684985817
0,scatter,,1.8361831344465893,-2.57128809580366
0,scatter,,1.8104782621911117,-2.569621977589456
0,scatter,,1.784791952814703,-2.5675785376494487
0,scatter,,1.7591278894848619,-2.5651757284320102
0,scatter,,1.7334895772574825,-2.562431234094837
0,scatter,,1.7078803458184137,-2.5593624599256706
0,scatter,,1.682303352109736,-2.5559865264594324
0,scatter,,1.6567615832837712,-2.552320260147317
0,scatter,,1.6312578597155232,-2.5483801857846613
0,scatter,,1.6057948383042726,-2.5441825178099937
0,scatter,,1.58037501523633,-2.539743157726627
0,scatter,,1.55500072919315,-2.5350776887423305
0,scatter,,1.5296741645376435,-2.5302013717257985
0,scatter,,1.504397354909494,-2.5251291408088323
0,scatter,,1.4791721862568428,-2.5198756015252175
0,scatter,,1.4540003999825177,-2.5144550292791643
0,scatter,,1.428883596299353,-2.5088813677804693
0,scatter,,1.4038232377041469,-2.5031682281720453
0,scatter,,1.378820652516354,-2.497328888637629
0,scatter,,1.3538770377280724,-2.4913762950735006
0,scatter,,1.3289934624514832,-2.4853230617072173
0,scatter,,1.3041708712782494,-2.479181472369671
0,scatter,,1.2794100882278194,-2.472963482702999
0,scatter,,1.2547118190953332,-2.466680721364835
0,scatter,,1.2300766547882398,-2.460344492448375
0,scatter,,1.2055050745493208,-2.4539657781286497
0,scatter,,1.1809974490250366,-2.4475552414687765
0,scatter,,1.1565540434685648,-2.4411232297164878
0,scatter,,1.1321750233796357,-2.434679781299941
0,scatter,,1.1078604548611044,-2.4282346256411227
0,scatter,,1.0836103076234875,-2.421797186912293
0,scatter,,1.0594244584262107,-2.415376588600482
0,scatter,,1.0353026939344838,-2.408981657415872
0,scatter,,1.0112447135775513,-2.4026209274412835
0,scatter,,0.9872501346956386,-2.396302650638744
0,scatter,,0.9633184934725302,-2.390034796251202
0,scatter,,0.9394492470383059,-2.3838250535211767
0,scatter,,0.9156417768270699,-2.37768083793601
0,scatter,,0.8918953911832292,-2.3716092955964077
0,scatter,,0.8682093279056949,-2.3656173075520734
0,scatter,,0.8445827585193698,-2.359711500703494
0,scatter,,0.8210147899812515,-2.3538982493863196
0,scatter,,0.7975044659603943,-2.348183675530229
0,scatter,,0.774050770009872,-2.3425736559458197
0,scatter,,0.7506526279140397,-2.337073826679786
0,scatter,,0.7273089099686566,-2.3316895872244663
0,scatter,,0.7040184342791435,-2.3264261096574383
0,scatter,,0.680779969086413,-2.32128834336257
0,scatter,,0.657592233514918,-2.3162810124846844
0,scatter,,0.6344539004522174,-2.311408623491664
0,scatter,,0.6113635986471555,-2.306675469172902
0,scatter,,0.5883199147506115,-2.302085632456187
0,scatter,,0.5653213958824194,-2.2976429932703186
0,scatter,,0.5423665521364871,-2.2933512351721994
0,scatter,,0.5194538571722306,-2.2892138414586496
0,scatter,,0.49658175071625194,-2.2852341019577773
0,scatter,,0.47374864045299525,-2.281415116506897
0,scatter,,0.45095290385599834,-2.2777597981573625
0,scatter,,0.42819289025792073,-2.2742708779989544
0,scatter,,0.40546692321580574,-2.2709509119569335
0,scatter,,0.38277330121776787,-2.267802276997026
0,scatter,,0.3601102997870206,-2.26482717634991
0,scatter,,0.33747617321052975,-2.2620276423641923
0,scatter,,0.31486915620151606,-2.2594055389529712
0,scatter,,0.2922874656516431,-2.256962564747577
0,scatter,,0.26972930273218465,-2.25470025887216
0,scatter,,0.24719285380669387,-2.252619997913888
0,scatter,,0.22467629220787683,-2.25072299930399
0,scatter,,0.202177779845306,-2.249010323436151
0,scatter,,0.17969546874711678,-2.2474828752650886
0,scatter,,0.15722750262571328,-2.2461414061053806
0,scatter,,0.13477201871523764,-2.2449865177980515
0,scatter,,0.1123271488877538,-2.244018660491285
0,scatter,,0.0898910212117578,-2.2432381342527927
0,scatter,,0.06746176148094295,-2.242645090354744
0,scatter,,0.04503749468722748,-2.2422395319774218
0,scatter,,0.02261634649689684,-2.2420213148717862
0,scatter,,0.00019644489023221134,-2.2419901497984935
0,scatter,,-0.02222407855328022,-2.2421456008019582
0,scatter,,-0.04464708720009826,-2.2424870852913696
0,scatter,,-0.06707443786729447,-2.2430138744281427
0,scatter,,-0.08950797936479979,-2.2437250929218777
0,scatter,,-0.11194955103378879,-2.2446197186922228
0,scatter,,-0.13440098121375516,-2.245696583737323
0,scatter,,-0.15686408582188083,-2.246954372483941
0,scatter,,-0.17934066689512368,-2.248391620581638
0,scatter,,-0.20183251108192346,-2.250006714386404
0,scatter,,-0.2243413881452449,-2.2517978898673237
0,scatter,,-0.24686904945364777,-2.253763231357165
0,scatter,,-0.2694172264660367,-2.255900671165926
0,scatter,,-0.29198762919339316,-2.2582079876460237
0,scatter,,-0.3145819446422112,-2.2606828028057975
0,scatter,,-0.33720183524799496,-2.263322580984072
0,scatter,,-0.35984893728727774,-2.2661246269116093
0,scatter,,-0.3825248592683973,-2.2690860836242464
0,scatter,,-0.405231180330711,-2.272203930769389
0,scatter,,-0.42796944865268316,-2.275474983328903
0,scatter,,-0.4507411796660693,-2.2788958872353593
0,scatter,,-0.47354785439672115,-2.282463117545644
0,scatter,,-0.49639091774114075,-2.286172975828343
0,scatter,,-0.5192717767102276,-2.290021587365506
0,scatter,,-0.5421917986591782,-2.2940048983696606
0,scatter,,-0.5651523096678367,-2.298118674619797
0,scatter,,-0.5881545924941687,-2.302358496639681
0,scatter,,-0.6111998847129281,-2.3067197566192017
0,scatter,,-0.6342893768467476,-2.311197655464773
0,scatter,,-0.6574242104259447,-2.315787199441994
0,scatter,,-0.6806054760107663,-2.3204831967217707
0,scatter,,-0.7038342114019975,-2.325280255549766
0,scatter,,-0.7271113995652856,-2.330172780452731
0,scatter,,-0.7504379663187632,-2.335154966875917
0,scatter,,-0.7738147783514315,-2.340220798563267
0,scatter,,-0.7972426410717233,-2.3453640438940293
0,scatter,,-0.8207222964139849,-2.350578252165728
0,scatter,,-0.8442544207440927,-2.355856750747202
0,scatter,,-0.8678396229889785,-2.3611926439177595
0,scatter,,-0.8914784417018414,-2.366578805060426
0,scatter,,-0.9151713429433664,-2.3720078744069206
0,scatter,,-0.9389187179405641,-2.377472255611057
0,scatter,,-0.9627208806737814,-2.3829641121450704
0,scatter,,-0.9865780654616253,-2.3884753639576783
0,scatter,,-1.0104904251920652,-2.3939976882666465
0,scatter,,-1.0344580281414637,-2.3995225122315627
0,scatter,,-1.0584808553846476,-2.405041009457462
0,scatter,,-1.0825587983877079,-2.4105440979039123
0,scatter,,-1.1066916563976734,-2.416022436915907
0,scatter,,-1.1308791337925581,-2.4214664243593607
0,scatter,,-1.155120838051215,-2.426866197377273
0,scatter,,-1.1794162771914631,-2.432211630657219
0,scatter,,-1.2037648560879237,-2.43749232908612
0,scatter,,-1.2281658742385555,-2.4426976284720245
0,scatter,,-1.2526185230178226,-2.447816593901752
0,scatter,,-1.2771218828987088,-2.4528380183166796
0,scatter,,-1.3016749209732283,-2.4577504228407485
0,scatter,,-1.3262764894192942,-2.4625420618647103
0,scatter,,-1.3509253208797658,-2.4672009142468325
0,scatter,,-1.3756200262144447,-2.471714685892268
0,scatter,,-1.400359091835731,-2.4760708108205263
0,scatter,,-1.4251408769162242,-2.4802564520704418
0,scatter,,-1.449963610651738,-2.4842585032477578
0,scatter,,-1.4748253912755078,-2.4880635972084284
0,scatter,,-1.4997241818837894,-2.4916581030081155
0,scatter,,-1.5246578073557255,-2.4950281275016684
0,scatter,,-1.5496239521975936,-2.4981595209539824
0,scatter,,-1.5746201579076862,-2.501037881311215
0,scatter,,-1.599643820362138,-2.50364855905515
0,scatter,,-1.6246921884738261,-2.505976666226006
0,scatter,,-1.6497623624633948,-2.5080070848921356
0,scatter,,-1.6748512889694718,-2.50972446716848
0,scatter,,-1.6999557598838002,-2.5111132464415857
0,scatter,,-1.7250724101260038,-2.5121576461666484
0,scatter,,-1.750197715465747,-2.51284168940953
0,scatter,,-1.7753279908895323,-2.5131492099653774
0,scatter,,-1.8004593911536133,-2.513063867693043
0,scatter,,-1.8255879056300341,-2.5125691554949205
0,scatter,,-1.8507093574202864,-2.5116484138703767
0,scatter,,-1.875819402102265,-2.5102848456695748
0,scatter,,-1.9009135263034393,-2.5084615313766334
0,scatter,,-1.9259870464486417,-2.506161445404085
0,scatter,,-1.9510351101761398,-2.5033674728503468
0,scatter,,-1.9760526937478267,-2.500062428296445
0,scatter,,-2.0010346003383797,-2.4962290755396106
0,scatter,,-2.0259754604110145,-2.491850148013415
0,scatter,,-2.050869731410797,-2.4869083705657378
0,scatter,,-2.0757116976503798,-2.481386482421469
0,scatter,,-2.100495471543537,-2.475267257392085
0,scatter,,-2.125214995239605,-2.4685335246547377
0,scatter,,-2.149864038302189,-2.4611682052136823
0,scatter,,-2.1744361999070088,-2.4531543348086347
0,scatter,,-2.1989249100953225,-2.444475092202636
0,scatter,,-2.2233234312514947,-2.435113828866498
0,scatter,,-2.2476248600297426,-2.425054097934253
0,scatter,,-2.271822130789838,-2.4142796702400773
0,scatter,,-2.2959080166901837,-2.402774582285776
0,scatter,,-2.3198751327005254,-2.3905231667916045
0,scatter,,-2.343715938954182,-2.377510084286089
0,scatter,,-2.3674227442254763,-2.3637203574668124
0,scatter,,-2.3909877085103246,-2.3491394029270434
0,scatter,,-2.4144028481330726,-2.3337530699825035
0,scatter,,-2.4376600404505004,-2.317547678201516
0,scatter,,-2.4607510284265155,-2.3005100543866206
0,scatter,,-2.4836674258677087,-2.282627571080899
0,scatter,,-2.506400723155909,-2.263888168277511
0,scatter,,-2.528942293245321,-2.2442803974249736
0,scatter,,-2.551283398037888,-2.2237934709682494
0,scatter,,-2.573415195287525,-2.2024172942901306
0,scatter,,-2.595328745891567,-2.180142504536353
0,scatter,,-2.617015020164813,-2.1569605012873425
0,scatter,,-2.6384649050985773,-2.1328634805311952
0,scatter,,-2.659669214994961,-2.1078444856198053
0,scatter,,-2.6806186991451098,-2.0818974385945737
0,scatter,,-2.701304050938748,-2.05501717709093
0,scatter,,-2.7217159165980567,-2.02719948394889
0,scatter,,-2.7418449034603745,-1.9984411087681009
0,scatter,,-2.761681592606648,-1.9687398230648137
0,scatter,,-2.7812165484634517,-1.9380944447309958
0,scatter,,-2.800440329609128,-1.9065048685069115
0,scatter,,-2.8193434992430486,-1.8739720928222825
0,scatter,,-2.837916633052012,-1.8404982340369538
0,scatter,,-2.856150335186682,-1.8060865684113276
0,scatter,,-2.8740352490678616,-1.7707415515746312
0,scatter,,-2.8915620692249093,-1.7344688387950455
0,scatter,,-2.9087215533710915,-1.6972753034464039
0,scatter,,-2.925504531046846,-1.6591690443183809
0,scatter,,-2.9419019199178016,-1.620159408304714
0,scatter,,-2.95790473836471,-1.58025700104398
0,scatter,,-2.9735041177838846,-1.5394736936147113
0,scatter,,-2.9886913152646395,-1.4978226257589404
0,scatter,,-3.0034577237937308,-1.4553182186270384
0,scatter,,-3.017794885334429,-1.4119761550757803
0,scatter,,-3.0316945072330133,-1.3678133912719228
0,scatter,,-3.0451484731175666,-1.3228481426852705
0,scatter,,-3.0581488558502024,-1.277099873090989
0,scatter,,-3.0706879285071373,-1.2305892852875935
0,scatter,,-3.0827581753905515,-1.1833383075148252
0,scatter,,-3.094352305370616,-1.1353700689252444
0,scatter,,-3.105463266285724,-1.0867088707215429
0,scatter,,-3.1160842557597825,-1.0373801604271284
0,scatter,,-3.126208731844739,-0.9874105029754178
0,scatter,,-3.1358304215490422,-0.9368275530991792
0,scatter,,-3.1449433343659856,-0.8856600116166171
0,scatter,,-3.1535417719465837,-0.8339375860191345
0,scatter,,-3.161620338104281,-0.781690946879442
0,scatter,,-3.169173948289161,-0.7289516818118541
0,scatter,,-3.1761978375318307,-0.6757522477310014
0,scatter,,-3.1826875698715478,-0.6221259166095374
0,scatter,,-3.1886390460035736,-0.5681067215621246
0,scatter,,-3.194048510193466,-0.5137294009886252
0,scatter,,-3.1989125578247233,-0.45902933592089323
0,scatter,,-3.2032281407240246,-0.404042492096874
0,scatter,,-3.2069925730471347,-0.34880535429476667
0,scatter,,-3.210203536327551,-0.29335486026945945
0,scatter,,-3.2128590830093082,-0.2377283388965113
0,scatter,,-3.2149576409360003,-0.18196343417058783
0,scatter,,-3.2164980160704335,-0.12609803685784307
0,scatter,,-3.2174793933488486,-0.07017022689101285
0,scatter,,-3.2179013394348925,-0.014218188938093741
0,scatter,,-3.2177638034056093,0.041719858929537806
0,scatter,,-3.2170671160301247,0.09760572295107581
0,scatter,,-3.215811989619511,0.15340131604506801
0,scatter,,-3.213999516752009,0.20906873219496458
0,scatter,,-3.211631167774791,0.2645703025392064
0,scatter,,-3.208708788136039,0.3198686721919273
0,scatter,,-3.2052345949851713,0.37492687600852626
0,scatter,,-3.201211173049241,0.42970839302453323
0,scatter,,-3.1966414697551113,0.4841772136376428
0,scatter,,-3.191528789554793,0.5382979145814768
0,scatter,,-3.1858767881235615,0.592035710880429
0,scatter,,-3.1796894658133286,0.6453565109925296
0,scatter,,-3.1729711596686725,0.6982269887028789
0,scatter,,-3.1657265359923863,0.7506146307327216
0,scatter,,-3.1579605826274113,0.8024877804598245
0,scatter,,-3.149678598752568,0.8538157025904403
0,scatter,,-3.1408861859221537,0.9045686250429125
0,scatter,,-3.1315892394104274,0.9547177734448379
0,scatter,,-3.1217939364221574,1.0042354227925352
0,scatter,,-3.1115067256232654,1.0530949325320926
0,scatter,,-3.1007343169725887,1.101270778984921
0,scatter,,-3.0894836701449035,1.1487385854652439
0,scatter,,-3.0777619826317046,1.195475148103117
0,scatter,,-3.0655766780035565,1.241458461523825
0,scatter,,-3.0529353934585504,1.286667750109381
0,scatter,,-3.039845968047766,1.331083470054389
0,scatter,,-3.026316430150233,1.3746873256231187
0,scatter,,-3.0123549845462048,1.417462289547361
0,scatter,,-2.9979699999354734,1.4593926047788364
0,scatter,,-2.9831699963177423,1.50046378496922
0,scatter,,-2.967963632163838,1.540662618717279
0,scatter,,-2.952359691640754,1.5799771715334245
0,scatter,,-2.9363670719669384,1.6183967744035022
0,scatter,,-2.919994770769467,1.6559120172437538
0,scatter,,-2.903251873432182,1.6925147415310546
0,scatter,,-2.886147540759653,1.728198024362929
0,scatter,,-2.8686909967504124,1.7629561614871712
0,scatter,,-2.85089151639629,1.7967846504959804
0,scatter,,-2.8327584136469515,1.829680171919091
0,scatter,,-2.8143010299773747,1.8616405631207962
0,scatter,,-2.7955287228816235,1.8926647943572754
0,scatter,,-2.7764508543724453,1.9227529442797817
0,scatter,,-2.7570767803257312,1.9519061697807185
0,scatter,,-2.737415839918304,1.9801266757748694
0,scatter,,-2.7174773450173846,2.0074176850351537
0,scatter,,-2.6972705700823774,2.033783405962279
0,scatter,,-2.6768047430348787,2.059228996972374
0,scatter,,-2.6560890358845,2.083760532131598
0,scatter,,-2.6351325554883736,2.1073849662266793
0,scatter,,-2.6139443338710877,2.1301101010151355
0,scatter,,-2.592533321594873,2.1519445449006063
0,scatter,,-2.5709083795359957,2.17289767677905
0,scatter,,-2.549078271331046,2.192979608581812
0,scatter,,-2.5270516549728934,2.212201147024114
0,scatter,,-2.5048370774199253,2.230573756419629
0,scatter,,-2.4824429682004268,2.248109521035331
0,scatter,,-2.459877633391253,2.2648211076299942
0,scatter,,-2.4371492488829056,2.2807217258990713
0,scatter,,-2.414265855834648,2.295825092863534
0,scatter,,-2.3912353562762294,2.310145397321776
0,scatter,,-2.3680655084377795,2.323697263661607
0,scatter,,-2.3447639219627368,2.3364957138526754
0,scatter,,-2.321338053915564,2.348556131848368
0,scatter,,-2.2977952063273825,2.359894233399967
0,scatter,,-2.2741425227678724,2.3705260315938705
0,scatter,,-2.2503869853463137,2.3804678030850885
0,scatter,,-2.2265354115516693,2.389736052505181
0,scatter,,-2.202594453187672,2.3983474878681856
0,scatter,,-2.1785705942556786,2.406318989346132
0,scatter,,-2.1544701493570293,2.413667580122508
0,scatter,,-2.1302992617461576,2.4204103931648766
0,scatter,,-2.1060639030637383,2.4265646502454357
0,scatter,,-2.081769872545473,2.432147635790522
0,scatter,,-2.057422796508818,2.4371766719877437
0,scatter,,-2.033028127697286,2.4416690904078004
0,scatter,,-2.0085911455502528,2.4456422125276354
0,scatter,,-1.9841169565550756,2.4491133297993706
0,scatter,,-1.9596104946037027,2.4520996825380745
0,scatter,,-1.9350765214601322,2.454618437670123
0,scatter,,-1.9105196275504766,2.4566866699194083
0,scatter,,-1.8859442331604577,2.4583213481405006
0,scatter,,-1.8613545895179033,2.459539317734093
0,scatter,,-1.8367547800936141,2.4603572842703443
0,scatter,,-1.8121487220143004,2.460791796422153
0,scatter,,-1.7875401677584712,2.4608592368507014
0,scatter,,-1.7629327068628244,2.4605758085447964
0,scatter,,-1.7383297677838525,2.4599575229984527
0,scatter,,-1.7137346199251666,2.459020186753183
0,scatter,,-1.6891503756446806,2.4577793945824133
0,scatter,,-1.6645799924227733,2.456250520126902
0,scatter,,-1.6400262751140795,2.4544487075190053
0,scatter,,-1.6154918784689527,2.4523888617167096
0,scatter,,-1.5909793093713922,2.4500856437348326
0,scatter,,-1.5664909292505165,2.4475534652525903
0,scatter,,-1.5420289566132221,2.4448064830714933
0,scatter,,-1.5175954696083958,2.4418585945435716
0,scatter,,-1.493192409143305,2.4387234298591114
0,scatter,,-1.4688215810579766,2.435414352073213
0,scatter,,-1.4444846587581401,2.4319444545048743
0,scatter,,-1.4201831859772474,2.4283265578353896
0,scatter,,-1.3959185795158022,2.424573208309481
0,scatter,,-1.3716921325957416,2.420696675346986
0,scatter,,-1.347505016973698,2.416708951830521
0,scatter,,-1.3233582857139967,2.4126217536388572
0,scatter,,-1.299252876002569,2.4084465194901012
0,scatter,,-1.2751896119421449,2.4041944112916114
0,scatter,,-1.251169207913649,2.399876314621477
0,scatter,,-1.227192270618648,2.3955028399998564
0,scatter,,-1.2032593018857685,2.391084324157792
0,scatter,,-1.1793707014202903,2.3866308315720044
0,scatter,,-1.15552676957158,2.3821521564298114
0,scatter,,-1.1317277106273917,2.3776578255715513
0,scatter,,-1.107973634700562,2.373157099746608
0,scatter,,-1.0842645604989953,2.368658976291543
0,scatter,,-1.0606004179565562,2.3641721918128606
0,scatter,,-1.0369810508999682,2.359705225242449
0,scatter,,-1.0134062201009106,2.3552663020292925
0,scatter,,-0.9898756051052127,2.3508633955601406
0,scatter,,-0.9663888068777435,2.3465042307269743
0,scatter,,-0.9429453502628361,2.3421962872057542
0,scatter,,-0.9195446865151858,2.3379468031713313
0,scatter,,-0.8961861960974187,2.3337627800393936
0,scatter,,-0.8728691904120509,2.3296509839222557
0,scatter,,-0.8495929142887497,2.3256179496602076
0,scatter,,-0.8263565482641324,2.3216699843081234
0,scatter,,-0.8031592109482757,2.3178131711312484
0,scatter,,-0.7799999615324829,2.31405337429224
0,scatter,,-0.7568778014639743,2.310396240364723
0,scatter,,-0.733791676739924,2.3068472024098923
0,scatter,,-0.7107404800068542,2.303411483378958
0,scatter,,-0.6877230527990813,2.30009410027796
0,scatter,,-0.6647381877878589,2.296899868487092
0,scatter,,-0.6417846302579309,2.2938334026237035
0,scatter,,-0.6188610802724847,2.2908991206452005
0,scatter,,-0.5959661945966344,2.2881012469157263
0,scatter,,-0.5730985885751302,2.285443815117583
0,scatter,,-0.5502568380495328,2.2829306714137694
0,scatter,,-0.5274394819128039,2.2805654807810023
0,scatter,,-0.504645023148265,2.27835172594951
0,scatter,,-0.4818719307258279,2.27629271056233
0,scatter,,-0.4591186415181282,2.2743915624436997
0,scatter,,-0.4363835620870808,2.272651236224898
0,scatter,,-0.41366507045936857,2.2710745159005175
0,scatter,,-0.3909615172867425,2.2696640152509997
0,scatter,,-0.36827122761461767,2.2684221802889644
0,scatter,,-0.34559250320045615,2.2673512935183298
0,scatter,,-0.3229236238397529,2.266453474759461
0,scatter,,-0.3002628490246218,2.2657306830408968
0,scatter,,-0.2776084195998268,2.2651847184085834
0,scatter,,-0.25495855920211197,2.264817222702875
0,scatter,,-0.23231147510850692,2.264629677647635
0,scatter,,-0.2096653609423551,2.2646234110223507
0,scatter,,-0.18701839792106023,2.2647995963058416
0,scatter,,-0.16436875636233356,2.2651592533468143
0,scatter,,-0.14171459725606214,2.2657032491972138
0,scatter,,-0.11905407382032245,2.266432298757627
0,scatter,,-0.09638533239534348,2.2673469628496297
0,scatter,,-0.07370651446247167,2.268447650287754
0,scatter,,-0.05101575836735468,2.2697346187120973
0,scatter,,-0.028311200648826015,2.2712079738158515
0,scatter,,-0.005590977566854418,2.2728676691424523
0,scatter,,0.017146773364136433,2.2747135057352463
0,scatter,,0.039903911900775496,2.276745131241799
0,scatter,,0.06268229360506107,2.2789620387590244
0,scatter,,0.08548376812738667,2.2813635669984094
0,scatter,,0.10831017771982185,2.283948898828848
0,scatter,,0.1311633556697206,2.2867170600687587
0,scatter,,0.15404512471685777,2.2896669181378067
0,scatter,,0.1769572954646603,2.2927971805149383
0,scatter,,0.199901664866812,2.296106392702631
0,scatter,,0.22288001448965777,2.2995929367866244
0,scatter,,0.24589410887511526,2.303255029395986
0,scatter,,0.26894569388765494,2.307090719488571
0,scatter,,0.29203649502097845,2.3110978860411002
0,scatter,,0.31516821567919595,2.3152742355869815
0,scatter,,0.3383425355056864,2.319617299513559
0,scatter,,0.36156110860754753,2.3241244313013802
0,scatter,,0.3848255616817723,2.3287928036981707
0,scatter,,0.4081374922315687,2.3336194056008246
0,scatter,,0.4314984667079397,2.3386010388433074
0,scatter,,0.45491001861707686,2.343734314842576
0,scatter,,0.4783736466152955,2.349015651159323
0,scatter,,0.5018908126294689,2.354441268119025
0,scatter,,0.5254629397411607,2.3600071847112467
0,scatter,,0.5490914101882173,2.365709214860665
0,scatter,,0.5727775632960647,2.3715429634401994
0,scatter,,0.5965226933607177,2.377503822167391
0,scatter,,0.6203280474928178,2.3835869654040316
0,scatter,,0.6441948235486431,2.389787346447532
0,scatter,,0.6681241677855021,2.3960996926760307
0,scatter,,0.6921171725356023,2.4025185008906242
0,scatter,,0.7161748739102014,2.4090380329272643
0,scatter,,0.7402982494155185,2.415652311005313
0,scatter,,0.7644882155178014,2.422355112997805
0,scatter,,0.7887456253553706,2.4291399686967696
0,scatter,,0.813071266222222,2.4360001550682666
0,scatter,,0.8374658567402122,2.442928690061616
0,scatter,,0.8619300443677107,2.449918328471233
0,scatter,,0.8864644027235608,2.4569615570631367
0,scatter,,0.9110694288562237,2.464050589674617
0,scatter,,0.9357455406613687,2.4711773634888328
0,scatter,,0.9604930744264017,2.478333536377246
0,scatter,,0.9853122812707499,2.485510478102505
0,scatter,,1.0102033244948059,2.4926992671913766
0,scatter,,1.0351662766341168,2.499890686443681
0,scatter,,1.0602011164403162,2.5070752183846374
0,scatter,,1.0853077259516277,2.514243041667366
0,scatter,,1.1104858882434638,2.5213840320804386
0,scatter,,1.135735283208342,2.5284877518549327
0,scatter,,1.1610554846161152,2.535543447289523
0,scatter,,1.1864459570060482,2.542540045800662
0,scatter,,1.2119060524255965,2.549466152497713
0,scatter,,1.2374350071797189,2.5563100472686653
0,scatter,,1.2630319397865017,2.563059689080708
0,scatter,,1.2886958465417315,2.569702707396336
0,scatter,,1.3144255979695367,2.576226399032556
0,scatter,,1.3402199357737186,2.5826177283318428
0,scatter,,1.3660774694335218,2.5888633258637967
0,scatter,,1.3919966727689408,2.59494948749215
0,scatter,,1.4179758818549568,2.6008621803472094
0,scatter,,1.4440132913329167,2.6065870417474093
0,scatter,,1.4701069497038173,2.6121093738471894
0,scatter,,1.4962547566888178,2.6174141486353673
0,scatter,,1.5224544598456664,2.62248600998954
0,scatter,,1.5487036511825256,2.627309276309019
0,scatter,,1.5749997647906149,2.6318679475961164
0,scatter,,1.6013400748677684,2.636145714635157
0,scatter,,1.6277216896289712,2.640125953280391
0,scatter,,1.6541415493049427,2.6437917348260966
0,scatter,,1.68059642307458,2.647125833022333
0,scatter,,1.7070829059873012,2.6501107317360497
0,scatter,,1.7335974165142596,2.6527286350215364
0,scatter,,1.7601361963329183,2.6549614838612663
0,scatter,,1.7866953039022724,2.656790957296568
0,scatter,,1.8132706127797047,2.658198486890369
0,scatter,,1.8398578093776599,2.6591652705428657
0,scatter,,1.8664523905430979,2.659672286689552
0,scatter,,1.8930496614525234,2.659700309891797
0,scatter,,1.9196447367440326,2.659229931226668
0,scatter,,1.9462325355005565,2.65824157265629
0,scatter,,1.9728077794090968,2.656715506181665
0,scatter,,1.9993649919554963,2.6546318753380236
0,scatter,,2.0258984970957594,2.651970717256863
0,scatter,,2.0524024181265568,2.6487119861264112
0,scatter,,2.0788706794790244,2.644835575084278
0,scatter,,2.1052970050409217,2.640321343664731
0,scatter,,2.131674915940788,2.6351491476024687
0,scatter,,2.1579977317567915,2.62929886665459
0,scatter,,2.1842585707783067,2.622750435325269
0,scatter,,2.210450350544665,2.6154838751858116
0,scatter,,2.2365657900250757,2.607479321287873
0,scatter,,2.262597412017975,2.5987170506785744
0,scatter,,2.288537541660022,2.5891775360097173
0,scatter,,2.314378309775532,2.578841475698854
0,scatter,,2.340111655279399,2.5676898329679365
0,scatter,,2.365729327923569,2.5557038766704903
0,scatter,,2.3912228916860063,2.542865218438734
0,scatter,,2.4165837293808874,2.529155834290507
0,scatter,,2.4418030455302544,2.5145581329551434
0,scatter,,2.466871871249757,2.499054992655186
0,scatter,,2.491781069364114,2.4826298039596515
0,scatter,,2.516521339268437,2.4652665159060487
0,scatter,,2.541083221459455,2.4469496840288962
0,scatter,,2.5654571058848137,2.427664515636376
0,scatter,,2.5896332379709235,2.407396919204821
0,scatter,,2.6136017257918547,2.386133554001737
0,scatter,,2.637352547856451,2.3638618658325665
0,scatter,,2.660875561405801,2.3405701235612897
0,scatter,,2.684160511054394,2.3162474949348884
0,scatter,,2.707197038146864,2.290884083110811
0,scatter,,2.72997469060717,2.2644709743327933
0,scatter,,2.752482931060258,2.2370002775734514
0,scatter,,2.774711147388052,2.2084651705862592
0,scatter,,2.7966486660273646,2.1788599533402655
0,scatter,,2.8182847624138803,2.148180088898458
0,scatter,,2.839608672987228,2.1164222470728333
0,scatter,,2.86060960582454,2.08358433020666
0,scatter,,2.881276754242341,2.049665520168943
0,scatter,,2.901599310882839,2.0146663239556544
0,scatter,,2.9215664808126602,1.9785886044514562
0,scatter,,2.9411674954277807,1.941435613755039
0,scatter,,2.960391622831704,1.9032120133313462
0,scatter,,2.979228185270573,1.8639239102683487
0,scatter,,2.9976665745041355,1.8235788841303893
0,scatter,,3.0156962660925135,1.7821860069790973
0,scatter,,3.033306834386145,1.7397558618103675
0,scatter,,3.050487964349164,1.6963005515803522
0,scatter,,3.0672294706145804,1.6518337170705781
0,scatter,,3.083521312846585,1.6063705440930025
0,scatter,,3.099353611072315,1.5599277663574398
0,scatter,,3.114716660761466,1.5125236660985122
0,scatter,,3.129600944546957,1.4641780745959418
0,scatter,,3.143997152611904,1.4149123576688332
0,scatter,,3.1578961971125037,1.3647494038207162
0,scatter,,3.1712892272972013,1.313713606675608
0,scatter,,3.1841676441324234,1.2618308454896054
0,scatter,,3.1965231129115623,1.2091284693374755
0,scatter,,3.208347579636192,1.1556352578343148
0,scatter,,3.21963328429014,1.1013813902577136
0,scatter,,3.230372776784523,1.046398402284275
0,scatter,,3.240558929533555,0.9907191441560523
0,scatter,,3.2501849502141815,0.9343777327006719
0,scatter,,3.259244393872104,0.877409503132341
0,scatter,,3.267731173200246,0.8198509621503818
0,scatter,,3.2756395719444376,0.7617397162612786
0,scatter,,3.2829642547363553,0.7031144130302437
0,scatter,,3.289700278627294,0.6440146760736241
0,scatter,,3.2958431014062444,0.5844810334102882
0,scatter,,3.3013885903426394,0.5245548433550427
0,scatter,,3.3063330300932696,0.46427822251252826
0,scatter,,3.3106731297391923,0.40369396850144973
0,scatter,,3.314406029279755,0.342845473478556
0,scatter,,3.317529305110988,0.28177664309107503
0,scatter,,3.3200409755456466,0.220531815943326
0,scatter,,3.321939503824605,0.15915567206910453
0,scatter,,3.323223801190944,0.09769314534578517
0,scatter,,3.3238932293347654,0.036189338650575484
0,scatter,,3.323947601449569,-0.025310566552498942
0,scatter,,3.3233871822433105,-0.08676140206045915
0,scatter,,3.3222126876065947,-0.14811810095400677
0,scatter,,3.3204252838802617,-0.20933578452434054
0,scatter,,3.318026584458863,-0.2703698536833255
0,scatter,,3.3150186467342144,-0.3311760757355148
0,scatter,,3.3114039686496195,-0.39171066907102836
0,scatter,,3.3071854833110463,-0.4519303882960524
0,scatter,,3.302366552969547,-0.5117926068676504
0,scatter,,3.29695096289754,-0.5712553975903214
0,scatter,,3.2909429139809174,-0.6302776103972887
0,scatter,,3.2843470141045095,-0.6888189468652105
0,scatter,,3.2771682695628876,-0.7468400327883989
0,scatter,,3.269412075866059,-0.8043024878414299
0,scatter,,3.261084206785288,-0.8611689894340707
0,scatter,,3.2521908036388862,-0.9174033349792546
0,scatter,,3.242738364298897,-0.9729705024306315
0,scatter,,3.232733730557051,-1.0278367015976937
0,scatter,,3.2221840755642943,-1.0819694242461952
0,scatter,,3.21109689119393,-1.1353374931873108
0,scatter,,3.1994799742393276,-1.187911101659196
0,scatter,,3.1873414123872243,-1.2396618495333964
0,scatter,,3.1746895702418443,-1.290562779341263
0,scatter,,3.161533074741249,-1.3405884045501022
0,scatter,,3.147880800113685,-1.3897147309667157
0,scatter,,3.133741852962682,-1.4379192786409334
0,scatter,,3.119125557163974,-1.485181099779308
0,scatter,,3.1040414383092023,-1.5314807854543546
0,scatter,,3.0884992083261844,-1.5768004739053947
0,scatter,,3.0725087500119073,-1.6211238571253215
0,scatter,,3.0560801015372867,-1.6644361752827959
0,scatter,,3.0392234409247214,-1.7067242119692283
0,scatter,,3.0219490706097996,-1.7479762898289708
0,scatter,,3.004267402224782,-1.7881822533010028
0,scatter,,2.9861889414748353,-1.8273334506228511
0,scatter,,2.967724273147983,-1.8654227193199877
0,scatter,,2.948884046286027,-1.902444368460322
0,scatter,,2.9296789595059494,-1.9383941402391214
0,scatter,,2.910119746617365,-1.9732691844860926
0,scatter,,2.8902171639035386,-2.007068042117966
0,scatter,,2.8699819750946216,-2.0397905976062103
0,scatter,,2.8494249376194576,-2.0714380401302375
0,scatter,,2.8285567909537814,-2.102012835449714
0,scatter,,2.8073882451325556,-2.1315186935159165
0,scatter,,2.7859299657624303,-2.1599605074344903
0,scatter,,2.764192563099214,-2.1873443161415693
0,scatter,,2.7421865830409806,-2.2136772794464328
0,scatter,,2.719922494102506,-2.2389676144575206
0,scatter,,2.697410676766877,-2.263224546832287
0,scatter,,2.6746614145982064,-2.286458275497616
0,scatter,,2.6516848853691815,-2.30867993224846
0,scatter,,2.6284911504049444,-2.3299015139615347
0,scatter,,2.60509014659495,-2.3501358408707382
0,scatter,,2.5814916793491323,-2.3693965273146973
0,scatter,,2.5577054140618007,-2.387697915266346
0,scatter,,2.533740869030757,-2.4050550258806793
0,scatter,,2.5096074091276113,-2.4214835231140395
0,scatter,,2.4853142397545005,-2.4369996712835023
0,scatter,,2.4608704008287114,-2.4516202723013305
0,scatter,,2.4362847617450587,-2.465362625656431
0,scatter,,2.4115660164867667,-2.478244487469073
0,scatter,,2.386722678994641,-2.490284036449768
0,scatter,,2.3617630799590397,-2.5014998203977825
0,scatter,,2.3366953633759513,-2.5119107221267263
0,scatter,,2.311527483284016,-2.521535917804824
0,scatter,,2.2862671989708563,-2.530394813265091
0,scatter,,2.260922075222826,-2.5385070370505916
0,scatter,,2.2354994800000703,-2.545892399844547
0,scatter,,2.2100065827653737,-2.5525708583314395
0,scatter,,2.1844503519785294,-2.5585624607234974
0,scatter,,2.1588375553899826,-2.5638873329591356
0,scatter,,2.1331747595729373,-2.568565648834094
0,scatter,,2.1074683295534746,-2.5726175981691886
0,scatter,,2.0817244280250073,-2.576063349745603
0,scatter,,2.055949016060364,-2.578923028949776
0,scatter,,2.030147854015084,-2.581216696134282
0,scatter,,2.004326502133515,-2.5829643205636397
0,scatter,,1.9784903214923444,-2.5841857542465068
0,scatter,,1.9526444752526717,-2.5849007099206047
0,scatter,,1.9267939302668524,-2.5851287451592686
0,scatter,,1.900943458702479,-2.584889242075705
0,scatter,,1.8750976398747736,-2.5842013880483736
0,scatter,,1.8492608622276485,-2.583084156345189
0,scatter,,1.8234373255867315,-2.5815562961493184
0,scatter,,1.7976310434543237,-2.5796363169383354
0,scatter,,1.7718458454930892,-2.5773424750504543
0,scatter,,1.7460853802314267,-2.5746927589293542
0,scatter,,1.7203531176158742,-2.5717048820632633
0,scatter,,1.6946523518387857,-2.568396272496572
0,scatter,,1.6689862042510915,-2.5647840638250936
0,scatter,,1.6433576265925371,-2.560885084829162
0,scatter,,1.6177694037588026,-2.5567158554766833
0,scatter,,1.5922241569159366,-2.552292580829994
0,scatter,,1.5667243466603655,-2.547631145809578
0,scatter,,1.5412722763411077,-2.5427471102066
0,scatter,,1.515870095906934,-2.537655701562717
0,scatter,,1.4905198043831303,-2.5323718169497957
0,scatter,,1.4652232533639855,-2.5269100195416163
0,scatter,,1.439982150337904,-2.521284536818329
0,scatter,,1.4147980622848615,-2.515509259287558
0,scatter,,1.3896724195047963,-2.509597739512838
0,scatter,,1.3646065180853053,-2.503563193181297
0,scatter,,1.339601523533894,-2.497418499338166
0,scatter,,1.3146584740818714,-2.4911762014103704
0,scatter,,1.2897782844340442,-2.4848485087720826
0,scatter,,1.2649617492209393,-2.478447298634324
0,scatter,,1.2402095456053819,-2.471984118103171
0,scatter,,1.2155222368113008,-2.4654701867542927
0,scatter,,1.1909002753143243,-2.458916399426959
0,scatter,,1.166344006657648,-2.4523333304966366
0,scatter,,1.1418536723675923,-2.4457312368093236
0,scatter,,1.1174294127089623,-2.439120060608526
0,scatter,,1.0930712699777136,-2.4325094337044986
0,scatter,,1.0687791915494376,-2.425908681470124
0,scatter,,1.0445530335100508,-2.4193268288006546
0,scatter,,1.0203925631369934,-2.4127726030075087
0,scatter,,0.9962974617287137,-2.406254437959532
0,scatter,,0.9722673275917306,-2.3997804789023958
0,scatter,,0.9483016789166624,-2.3933585872229974
0,scatter,,0.9243999571209436,-2.3869963471862765
0,scatter,,0.9005615289990441,-2.3807010684648335
0,scatter,,0.8767856894877575,-2.3744797911580218
0,scatter,,0.8530716643601127,-2.3683392907354315
0,scatter,,0.8294186129146618,-2.362286083237928
0,scatter,,0.8058256309203911,-2.356326431836327
0,scatter,,0.7822917525854627,-2.3504663491896243
0,scatter,,0.7588159531516191,-2.3447116028003445
0,scatter,,0.7353971513122707,-2.3390677197447913
0,scatter,,0.7120342117511731,-2.3335399922484443
0,scatter,,0.6887259476804504,-2.3281334834406535
0,scatter,,0.6654711225801401,-2.3228530290955374
0,scatter,,0.6422684526208879,-2.3177032431070823
0,scatter,,0.6191166088314204,-2.3126885217684303
0,scatter,,0.5960142192067733,-2.3078130478723873
0,scatter,,0.572959870951203,-2.303080795707905
0,scatter,,0.5499521130953073,-2.2984955382988717
0,scatter,,0.5269894576789634,-2.2940608466276657
0,scatter,,0.5040703820202651,-2.2897800951008622
0,scatter,,0.48119333073884024,-2.2856564656998954
0,scatter,,0.4583567177146135,-2.2816929518306424
0,scatter,,0.4355589279072163,-2.277892361646517
0,scatter,,0.4127983183789796,-2.2742573183101293
0,scatter,,0.3900732211241309,-2.270790267210034
0,scatter,,0.3673819447065531,-2.2674934785797554
0,scatter,,0.3447227759248562,-2.264369050207359
0,scatter,,0.32209398157598346,-2.2614189105067437
0,scatter,,0.29949381016244914,-2.2586448212912513
0,scatter,,0.2769204927493034,-2.2560483762724277
0,scatter,,0.25437224536537684,-2.2536310072512618
0,scatter,,0.23184727073981565,-2.2513939869402413
0,scatter,,0.2093437597298659,-2.2493384301904324
0,scatter,,0.18685989293154542,-2.247465296069566
0,scatter,,0.1643938422763322,-2.245775389807843
0,scatter,,0.14194377199256528,-2.2442693620709084
0,scatter,,0.11950784042986937,-2.242947711656165
0,scatter,,0.09708420193495501,-2.241810788305456
0,scatter,,0.074671008111972,-2.2408587929075927
0,scatter,,0.05226640931358405,-2.240091778533689
0,scatter,,0.029868556124685412,-2.239509651333019
0,scatter,,0.007475600758468537,-2.2391121706619073
0,scatter,,-0.01491430150071385,-2.2388989494552427
0,scatter,,-0.03730299071260597,-2.238869455549935
0,scatter,,-0.0596923008822501,-2.239023011464958
0,scatter,,-0.08208405850215993,-2.239358794480391
0,scatter,,-0.10448008109302753,-2.2398758365741607
0,scatter,,-0.126882175779718,-2.240573024016814
0,scatter,,-0.1492921378910826,-2.2414490966794287
0,scatter,,-0.17171174937544983,-2.242502648106062
0,scatter,,-0.19414277737394092,-2.2437321246041764
0,scatter,,-0.21658697274239058,-2.2451358244101782
0,scatter,,-0.23904606856088798,-2.2467118967296393
0,scatter,,-0.26152177864960113,-2.2484583405684173
0,scatter,,-0.2840157961306914,-2.2503730031996056
0,scatter,,-0.30652979180241496,-2.2524535791696603
0,scatter,,-0.3290654126289128,-2.2546976086619632
0,scatter,,-0.3516242801920294,-2.2571024758125624
0,scatter,,-0.3742079891180024,-2.2596654069227586
0,scatter,,-0.3968181054915623,-2.262383468537983
0,scatter,,-0.4194561653086794,-2.2652535653926584
0,scatter,,-0.44212367277528497,-2.2682724382568304
0,scatter,,-0.4648220986642368,-2.2714366616923227
0,scatter,,-0.4875528786468298,-2.2747426416464553
0,scatter,,-0.5103174115902426,-2.2781866129570987
0,scatter,,-0.5331170578320736,-2.281764636759836
0,scatter,,-0.5559531375111624,-2.2854725979963044
0,scatter,,-0.5788269287136037,-2.2893062024537225
0,scatter,,-0.6017396656450483,-2.293260973845843
0,scatter,,-0.6246925368131613,-2.2973322509066767
0,scatter,,-0.6476866831544766,-2.3015151843458375
0,scatter,,-0.6707231961285113,-2.3058047337261005
0,scatter,,-0.6938031158947989,-2.310195664715783
0,scatter,,-0.7169274294054866,-2.314682546087006
0,scatter,,-0.7400970681815271,-2.31925974558543
0,scatter,,-0.7633129063831257,-2.32392142700458
0,scatter,,-0.786575758740991,-2.3286615468249314
0,scatter,,-0.8098863784489961,-2.333473850806782
0,scatter,,-0.8332454550930682,-2.3383518709174322
0,scatter,,-0.8566536128461357,-2.34328892372462
0,scatter,,-0.8801114077596872,-2.348278104541322
0,scatter,,-0.9036193256502837,-2.3533122846695083
0,scatter,,-0.9271777798650117,-2.3583841082445005
0,scatter,,-0.9507871089661208,-2.363485988890732
0,scatter,,-0.974447574391002,-2.368610106477082
0,scatter,,-0.9981593586893255,-2.3737484072613495
0,scatter,,-1.0219225626735953,-2.378892598384858
0,scatter,,-1.0457372027743654,-2.3840341437456236
0,scatter,,-1.0696032087756608,-2.389164262221519
0,scatter,,-1.0935204213145528,-2.394273924901134
0,scatter,,-1.117488589344262,-2.399353852413803
0,scatter,,-1.141507368040641,-2.404394514846514
0,scatter,,-1.1655763166579238,-2.4093861317105403
0,scatter,,-1.1896948948004178,-2.414318664068527
0,scatter,,-1.2138624603114392,-2.419181815325368
0,scatter,,-1.2380782666566061,-2.423965029757405
0,scatter,,-1.2623414602676348,-2.428657491188016
0,scatter,,-1.286651078064539,-2.4332481228209875
0,scatter,,-1.3110060460864934,-2.43772559245545
0,scatter,,-1.3354051751881917,-2.442078304767202
0,scatter,,-1.3598471587121153,-2.4462944029258105
0,scatter,,-1.384330569998739,-2.450361769866431
0,scatter,,-1.4088538597171854,-2.454268029144996
0,scatter,,-1.4334153532072336,-2.4580005462419936
0,scatter,,-1.4580132493605835,-2.461546436058921
0,scatter,,-1.4826456171229747,-2.4648925619094633
0,scatter,,-1.5073103921410003,-2.468025535494582
0,scatter,,-1.5320053748067637,-2.470931722572559
0,scatter,,-1.5567282277353296,-2.4735972469629846
0,scatter,,-1.5814764732627435,-2.476007995098283
0,scatter,,-1.606247491876911,-2.478149623699449
0,scatter,,-1.6310385210620626,-2.4800075691311854
0,scatter,,-1.6558466503595253,-2.4815670466729434
0,scatter,,-1.680668820218535,-2.4828130609710337
0,scatter,,-1.7055018198926808,-2.4837304143733823
0,scatter,,-1.730342285346527,-2.484303715864874
0,scatter,,-1.7551866975236616,-2.4845173912378264
0,scatter,,-1.78003138291821,-2.484355697570063
0,scatter,,-1.8048725089393747,-2.483802730212392
0,scatter,,-1.8297060826953866,-2.4828424358766776
0,scatter,,-1.8545279498722167,-2.481458626611422
0,scatter,,-1.879333793343075,-2.47963499410941
0,scatter,,-1.9041191319055781,-2.4773551249712007
0,scatter,,-1.9288793213000834,-2.4746025164833907
0,scatter,,-1.9536095524155117,-2.4713605940484853
0,scatter,,-1.9783048490592783,-2.467612729776424
0,scatter,,-2.0029600684110425,-2.4633422615862752
0,scatter,,-2.0275699006807977,-2.458532513603412
0,scatter,,-2.0521288689468715,-2.4531668176673658
0,scatter,,-2.076631330032755,-2.4472285331152253
0,scatter,,-2.10107147640276,-2.4407010649593763
0,scatter,,-2.1254433337352467,-2.433567898457205
0,scatter,,-2.149740762870241,-2.4258126208956403
0,scatter,,-2.173957460973603,-2.417418947973273
0,scatter,,-2.1980869628673467,-2.4083707516414
0,scatter,,-2.222122642729955,-2.3986520878943582
0,scatter,,-2.246057717291518,-2.388247212051448
0,scatter,,-2.2698852469129767,-2.3771406220389064
0,scatter,,-2.293598138202607,-2.3653170889165978
0,scatter,,-2.3171891471522277,-2.3527616861496337
0,scatter,,-2.340650882381691,-2.339459822116325
0,scatter,,-2.3639758076920976,-2.325397269633547
0,scatter,,-2.3871562463920757,-2.3105602017981335
0,scatter,,-2.4101843859684964,-2.2949352286817297
0,scatter,,-2.4330522822622727,-2.2785094316626546
0,scatter,,-2.4557518643387093,-2.261270399858117
0,scatter,,-2.478274939763362,-2.243206255825646
0,scatter,,-2.5006132002395964,-2.2243056861367623
0,scatter,,-2.5227582275513156,-2.204557996622096
0,scatter,,-2.5447014999911888,-2.1839531406287804
0,scatter,,-2.5664343991641148,-2.162481755841848
0,scatter,,-2.5879482164818497,-2.1401351969772935
0,scatter,,-2.6092341588188273,-2.116905560925463
0,scatter,,-2.630283359044565,-2.0927857395143605
0,scatter,,-2.6510868833017387,-2.067769449636903
0,scatter,,-2.6716357394561805,-2.041851267948286
0,scatter,,-2.6919208857580497,-2.015026663441134
0,scatter,,-2.7119332379534744,-1.9872920129689877
0,scatter,,-2.731663681077387,-1.958644652873833
0,scatter,,-2.751103079005558,-1.9290829074361848
0,scatter,,-2.7702422844117596,-1.8986061166693107
0,scatter,,-2.7890721492408983,-1.8672146648594317
0,scatter,,-2.807583532056572,-1.8349099943420175
0,scatter,,-2.8257673113523225,-1.8016946397595444
0,scatter,,-2.8436143976840023,-1.7675722549269621
0,scatter,,-2.861115744272298,-1.7325476308405154
0,scatter,,-2.878262358775517,-1.6966267152332501
0,scatter,,-2.895045312579561,-1.659816623349629
0,scatter,,-2.911455752690847,-1.62212565229092
0,scatter,,-2.927484916809206,-1.583563300241301
0,scatter,,-2.943124144133729,-1.5441402722271043
0,scatter,,-2.958364887803171,-1.5038684867572092
0,scatter,,-2.9731987255881203,-1.4627610789664767
0,scatter,,-2.987617370036005,-1.4208324061193336
0,scatter,,-3.001612684829325,-1.3780980367110638
0,scatter,,-3.01517669626132,-1.3345747527302396
0,scatter,,-3.0283016050809786,-1.2902805378787985
0,scatter,,-3.0409797984535754,-1.245234566878537
0,scatter,,-3.053203859118678,-1.19945719882322
0,scatter,,-3.0649665783390323,-1.1529699558307784
0,scatter,,-3.076260968220205,-1.1057955009324436
0,scatter,,-3.0870802753349,-1.0579576097373047
0,scatter,,-3.0974179900317957,-1.0094811467078253
0,scatter,,-3.107267855520688,-0.9603920392541023
0,scatter,,-3.1166238786498823,-0.9107172440583347
0,scatter,,-3.1254803412701664,-0.8604847081920681
0,scatter,,-3.1338318096151467,-0.8097233298946402
0,scatter,,-3.1416731437657432,-0.7584629170397875
0,scatter,,-3.1489995063103278,-0.7067341425867337
0,scatter,,-3.1558063700648358,-0.6545684980709228
0,scatter,,-3.162089527186846,-0.6019982410021705
0,scatter,,-3.167845095776613,-0.5490563446589052
0,scatter,,-3.1730695269737605,-0.4957764422857795
0,scatter,,-3.1777596116864832,-0.44219276846575156
0,scatter,,-3.1819124854583833,-0.3883401040816648
0,scatter,,-3.185525634348307,-0.3342537116220952
0,scatter,,-3.188596899229874,-0.27996927447705133
0,scatter,,-3.191124479273732,-0.22552283612672358
0,scatter,,-3.193106936137688,-0.17095072747275722
0,scatter,,-3.1945431961935005,-0.11628950396329474
0,scatter,,-3.1954325513198634,-0.061575889730803635
0,scatter,,-3.1957746616236427,-0.006846695150073266
0,scatter,,-3.1955695557306125,0.04786124810729528
0,scatter,,-3.1948176300018543,0.10251114173552713
0,scatter,,-3.1935196484331225,0.15706630214548956
0,scatter,,-3.1916767412069276,0.21149022844384607
0,scatter,,-3.1892904021977047,0.2657466546032786
0,scatter,,-3.186362486402341,0.3197996257285159
0,scatter,,-3.1828952065490217,0.3736135676985165
0,scatter,,-3.178891129106128,0.42715333761525043
0,scatter,,-3.1743531695083003,0.4803842900249583
0,scatter,,-3.1692845866699013,0.5332723465858933
0,scatter,,-3.1636889774162573,0.5857840445211002
0,scatter,,-3.1575702701177217,0.6378865899421107
0,scatter,,-3.150932717010643,0.6895479255465082
0,scatter,,-3.1437808870587274,0.740736775497444
0,scatter,,-3.1361196585565394,0.791422686549559
0,scatter,,-3.12795420930013,0.8415760895757234
0,scatter,,-3.1192900079772437,0.8911683392669854
0,scatter,,-3.1101328059880085,0.9401717458040503
0,scatter,,-3.100488625942532,0.988559625293266
0,scatter,,-3.09036375163093,1.0363063335347955
0,scatter,,-3.0797647191647397,1.0833872900846588
0,scatter,,-3.0686983044719454,1.1297790149361815
0,scatter,,-3.05717151192127,1.175459155222321
0,scatter,,-3.0451915647910446,1.2204065025806767
0,scatter,,-3.0327658925069674,1.2646010158088798
0,scatter,,-3.0199021180500867,1.308023839106224
0,scatter,,-3.0066080480367763,1.350657312537579
0,scatter,,-2.9928916600069715,1.3924849828064367
0,scatter,,-2.9787610885082816,1.4334916119796222
0,scatter,,-2.964224613584079,1.473663180732903
0,scatter,,-2.949290652465525,1.5129868886017996
0,scatter,,-2.933967742990111,1.5514511522977803
0,scatter,,-2.9182645314811575,1.5890456001969164
0,scatter,,-2.902189762518446,1.6257610672190024
0,scatter,,-2.885752268222211,1.6615895866682053
0,scatter,,-2.868960952621454,1.6965243713436124
0,scatter,,-2.8518247808305057,1.7305597996540643
0,scatter,,-2.8343527706074694,1.7636914070915513
0,scatter,,-2.816553978382848,1.795915859331378
0,scatter,,-2.798437487116858,1.8272309275941025
0,scatter,,-2.7800123964196315,1.8576354692287296
0,scatter,,-2.7612878141143047,1.8871294126398257
0,scatter,,-2.742272842194206,1.9157137144769874
0,scatter,,-2.7229765672158104,1.943390333490361
0,scatter,,-2.7034080522922928,1.9701622124314184
0,scatter,,-2.6835763268636628,1.9960332432588082
0,scatter,,-2.66349037585765,2.021008225377716
0,scatter,,-2.6431591313724243,2.0450928369082635
0,scatter,,-2.622591465833629,2.068293616228662
0,scatter,,-2.60179618163928,2.0906179099234468
0,scatter,,-2.5807820032794364,2.112073837967397
0,scatter,,-2.5595575703240803,2.1326702647961424
0,scatter,,-2.5381314308128324,2.1524167709490754
0,scatter,,-2.516512033498827,2.171323606462694
0,scatter,,-2.4947077213194806,2.189401657260751
0,scatter,,-2.4727267250675595,2.2066624078461397
0,scatter,,-2.450577157727142,2.223117904627175
0,scatter,,-2.4282670093303,2.2387807262594057
0,scatter,,-2.405804141772435,2.2536639462064607
0,scatter,,-2.383196283897534,2.267781094291747
0,scatter,,-2.3604510269520813,2.281146126032786
0,scatter,,-2.3375758206489596,2.29377338660385
0,scatter,,-2.3145779694787336,2.3056775766644892
0,scatter,,-2.291464629228728,2.31687372328881
0,scatter,,-2.2682428039958777,2.327377144730393
0,scatter,,-2.24491934342065,2.337203419302755
0,scatter,,-2.221500940003345,2.346368357569998
0,scatter,,-2.1979941272392143,2.354887969883519
0,scatter,,-2.1744052776688334,2.3627784384660964
0,scatter,,-2.1507406010887333,2.3700560912746313
0,scatter,,-2.127006143587442,2.376737372814293
0,scatter,,-2.1032077861711214,2.3828388198249444
0,scatter,,-2.0793512438840223,2.3883770367630603
0,scatter,,-2.05544206593845,2.3933686692483356
0,scatter,,-2.031485635388765,2.397830381380868
0,scatter,,-2.0074871683474464,2.4017788359987824
0,scatter,,-1.9834517132194258,2.4052306766321983
0,scatter,,-1.959384153201676,2.4082025012102384
0,scatter,,-1.9352892062826856,2.410710845172579
0,scatter,,-1.9111714253634422,2.412772164228726
0,scatter,,-1.8870351977351958,2.414402819017293
0,scatter,,-1.8628847487326046,2.4156190564508084
0,scatter,,-1.838724142343707,2.4164369956060385
0,scatter,,-1.814557282125741,2.416872613580296
0,scatter,,-1.7903879109791718,2.4169417319048168
0,scatter,,-1.76621961543528,2.416660005098635
0,scatter,,-1.7420558268726638,2.4160429093272904
0,scatter,,-1.7178998230525213,2.415105731495205
0,scatter,,-1.6937547282080787,2.4138635568853273
0,scatter,,-1.6696235176119338,2.4123312639078267
0,scatter,,-1.6455090193355082,2.410523515556967
0,scatter,,-1.621413916231129,2.4084547515948245
0,scatter,,-1.5973407463841114,2.4061391775952914
0,scatter,,-1.5732919076470289,2.4035907641575553
0,scatter,,-1.5492696598692237,2.4008232412935744
0,scatter,,-1.5252761271838164,2.397850093371161
0,scatter,,-1.501313298774223,2.3946845495382156
0,scatter,,-1.4773830332894766,2.391339586287795
0,scatter,,-1.453487061331627,2.387827924361135
0,scatter,,-1.4296269879369587,2.384162026027436
0,scatter,,-1.405804293724794,2.3803540873211158
0,scatter,,-1.3820203389177268,2.376416042210385
0,scatter,,-1.3582763661334027,2.3723595622764275
0,scatter,,-1.3345735028295305,2.368196055445958
0,scatter,,-1.3109127638583573,2.363936665303185
0,scatter,,-1.2872950533041816,2.359592266680033
0,scatter,,-1.26372116796989,2.3551734713932264
0,scatter,,-1.2401917996726348,2.3506906275439685
0,scatter,,-1.216707537594429,2.3461538196918377
0,scatter,,-1.193268871515462,2.3415728719358917
0,scatter,,-1.1698761959042407,2.3369573535976342
0,scatter,,-1.1465298097927692,2.332316573838721
0,scatter,,-1.123229920131289,2.3276595859063045
0,scatter,,-1.0999766442286243,2.322995189167576
0,scatter,,-1.0767700131307418,2.31833193421877
0,scatter,,-1.0536099743501335,2.3136781262947705
0,scatter,,-1.0304963929143038,2.30904182388462
0,scatter,,-1.0074290543513411,2.304430843350883
0,scatter,,-0.9844076670272937,2.299852761810984
0,scatter,,-0.9614318651735972,2.2953149221180764
0,scatter,,-0.9385012108543,2.29082443505456
0,scatter,,-0.9156151959415986,2.2863881816984346
0,scatter,,-0.8927732445728745,2.282012817267717
0,scatter,,-0.8699747153832144,2.2777047744976553
0,scatter,,-0.8472189040260423,2.2734702683352976
0,scatter,,-0.8245050450270163,2.2693152981242144
0,scatter,,-0.8018323139012199,2.265245650982497
0,scatter,,-0.779199829282461,2.2612669053615244
0,scatter,,-0.7566066550213032,2.257384434626404
0,scatter,,-0.734051802479337,2.2536034116142623
0,scatter,,-0.711534232174989,2.2499288104850796
0,scatter,,-0.6890528558138859,2.246365410350355
0,scatter,,-0.6666065382197695,2.242917798565811
0,scatter,,-0.6441940993076727,2.239590374339044
0,scatter,,-0.6218143160939031,2.2363873526073292
0,scatter,,-0.5994659242497543,2.233312765796798
0,scatter,,-0.5771476199895793,2.2303704672659848
0,scatter,,-0.5548580618319477,2.227564134198505
0,scatter,,-0.5325958725003989,2.2248972713313995
0,scatter,,-0.5103596406147055,2.22237321360665
0,scatter,,-0.4881479221663538,2.219995127707719
0,scatter,,-0.465959242269276,2.21776601513148
0,scatter,,-0.44379209677607495,2.2156887145606072
0,scatter,,-0.42164495386501627,2.213765904099223
0,scatter,,-0.3995162557013172,2.212000103945131
0,scatter,,-0.3774044204212642,2.21039368087723
0,scatter,,-0.3553078430852574,2.208948846950977
0,scatter,,-0.3332248973752003,2.2076676623596665
0,scatter,,-0.3111539371622184,2.2065520375375853
0,scatter,,-0.28909329802393857,2.205603734942598
0,scatter,,-0.2670412987466955,2.204824370719724
0,scatter,,-0.24499624233617906,2.2042154142610717
0,scatter,,-0.22295641776406608,2.2037781907420553
0,scatter,,-0.200920101643367,2.2035138832878003
0,scatter,,-0.17888555950139268,2.203423533385334
0,scatter,,-0.15685104722128315,2.2035080419060202
0,scatter,,-0.13481481248522414,2.203768170038042
0,scatter,,-0.11277509600324587,2.204204538956292
0,scatter,,-0.09073013250413921,2.204817628088024
0,scatter,,-0.06867815291121052,2.2056077796592786
0,scatter,,-0.046617385466262484,2.206575197424244
0,scatter,,-0.024546057113408477,2.207719946652588
0,scatter,,-0.002462394911867125,2.2090419541211492
0,scatter,,0.019635372570121434,2.210541007877105
0,scatter,,0.04174901431654418,2.212216754922201
0,scatter,,0.0638802950261998,2.214068702522454
0,scatter,,0.08603097366146871,2.216096217723172
0,scatter,,0.10820280214073068,2.218298526079638
0,scatter,,0.13039752391330067,2.2206747107021623
0,scatter,,0.15261687252289025,2.223223711165039
0,scatter,,0.1748625702121322,2.2259443219799513
0,scatter,,0.19713632650055163,2.228835190997568
0,scatter,,0.21943983659922162,2.231894818473448
0,scatter,,0.24177477997138086,2.235121555107794
0,scatter,,0.2641428188255413,2.238513600211938
0,scatter,,0.28654559658833756,2.242068999741796
0,scatter,,0.30898473636404455,2.2457856441841693
0,scatter,,0.33146183943392693,2.2496612662300866
0,scatter,,0.353978483585369,2.2536934384978258
0,scatter,,0.37653622150782107,2.2578795710081954
0,scatter,,0.3991365791605519,2.2622169085317396
0,scatter,,0.4217810541019463,2.2667025278200037
0,scatter,,0.44447111378975457,2.2713333347108993
0,scatter,,0.46720819391811275,2.2761060612218325
0,scatter,,0.4899936966490681,2.281017262403235
0,scatter,,0.512828988757137,2.286063312986148
0,scatter,,0.5357153998437019,2.291240404087119
0,scatter,,0.5586542204795621,2.2965445397435817
0,scatter,,0.5816467003115366,2.3019715333430018
0,scatter,,0.6046940461538611,2.307517004051726
0,scatter,,0.6277974201147303,2.3131763735100983
0,scatter,,0.65095793746142,2.318944861357003
0,scatter,,0.6741766646200826,2.3248174815469755
0,scatter,,0.6974546171005527,2.3307890383870022
0,scatter,,0.7207927573737556,2.336854122487668
0,scatter,,0.7441919927085853,2.3430071066632525
0,scatter,,0.7676531731130314,2.3492421425525634
0,scatter,,0.7911770889890462,2.3555531559100635
0,scatter,,0.8147644687852521,2.3619338420826885
0,scatter,,0.8384159767144412,2.368377662033556
0,scatter,,0.8621322103756888,2.374877838076622
0,scatter,,0.8859136983290414,2.381427349592582
0,scatter,,0.9097608978077254,2.3880189297378545
0,scatter,,0.9336741923469161,2.3946450619563744
0,scatter,,0.9576538888361523,2.4012979736379725
0,scatter,,0.9817002151076308,2.40796963296379
0,scatter,,1.0058133173036738,2.4146517448489484
0,scatter,,1.0299932571938986,2.4213357469136594
0,scatter,,1.0542400095798952,2.4280128062478314
0,scatter,,1.0785534601714573,2.4346738190590074
0,scatter,,1.1029334019246095,2.4413094023199666
0,scatter,,1.127379532441404,2.447909891524657
0,scatter,,1.1518914511741702,2.4544653377467034
0,scatter,,1.1764686565200002,2.4609655044737297
0,scatter,,1.2011105429120001,2.467399864809479
0,scatter,,1.2258163989269744,2.4737576044928784
0,scatter,,1.2505854034270225,2.4800276148281295
0,scatter,,1.2754166223373686,2.486198489429442
0,scatter,,1.3003090059236107,2.4922585240585704
0,scatter,,1.3252613857445548,2.498195715167728
0,scatter,,1.3502724715744345,2.503997758733541
0,scatter,,1.375340849278651,2.5096520540216427
0,scatter,,1.400464978030946,2.515145704705875
0,scatter,,1.4256431856791907,2.5204655117470653
0,scatter,,1.450873666463124,2.5255979778182103
0,scatter,,1.4761544779657014,2.530529308612478
0,scatter,,1.5014835380538636,2.5352454146080414
0,scatter,,1.5268586223500218,2.5397319153708175
0,scatter,,1.5522773630286897,2.5439741494396646
0,scatter,,1.5777372431453816,2.547957167692453
0,scatter,,1.6032355945804486,2.551665741065601
0,scatter,,1.6287695953323647,2.555084366355941
0,scatter,,1.6543362666912345,2.5581972721408173
0,scatter,,1.6799324706000638,2.560988425841651
0,scatter,,1.705554909530087,2.5634415483296027
0,scatter,,1.7312001214580028,2.565540115748393
0,scatter,,1.756864477232315,2.5672673685713954
0,scatter,,1.7825441787618255,2.5686063236079493
0,scatter,,1.8082352567105304,2.569539785363271
0,scatter,,1.8339335682759437,2.5700503583554526
0,scatter,,1.8596347971744775,2.5701204632859826
0,scatter,,1.8853344515706019,2.5697323513166905
0,scatter,,1.911027859951088,2.568868116480037
0,scatter,,1.9367101708405952,2.567509714224543
0,scatter,,1.9623763513814518,2.5656389793822214
0,scatter,,1.988021186062831,2.5632376453224217
0,scatter,,2.0136392765725244,2.560287363640118
0,scatter,,2.039225043238894,2.5567697240849165
0,scatter,,2.0647727205229005,2.552666280111308
0,scatter,,2.090276358039944,2.547958571951689
0,scatter,,2.1157298205934243,2.542628151869467
0,scatter,,2.1411267882893488,2.5366566108709367
0,scatter,,2.166460757124316,2.5300256057220047
0,scatter,,2.1917250422658054,2.5227168761906666
0,scatter,,2.216912776254752,2.5147122881340196
0,scatter,,2.2420169105072825,2.505993864176052
0,scatter,,2.267030217431064,2.496543814327747
0,scatter,,2.2919452923799204,2.486344570177903
0,scatter,,2.316754555934719,2.4753788204479994
0,scatter,,2.3414502574698686,2.4636295327251596
0,scatter,,2.3660244780715596,2.451079992595325
0,scatter,,2.3904691332867887,2.437713852670057
0,scatter,,2.4147759774104536,2.4235151643160124
0,scatter,,2.4389366077854895,2.4084684166963997
0,scatter,,2.4629424682599073,2.3925585761663757
0,scatter,,2.4867848543590707,2.375771127251624
0,scatter,,2.510454919689929,2.3580921149520124
0,scatter,,2.5339436811834815,2.33950818718147
0,scatter,,2.557242025307111,2.320006638323689
0,scatter,,2.580340714816807,2.2995754349584665
0,scatter,,2.603230395858878,2.27820326070107
0,scatter,,2.625901605460845,2.255879574747358
0,scatter,,2.648344779624882,2.2325946462884136
0,scatter,,2.670550261854379,2.208339597270258
0,scatter,,2.6925083100433227,2.1831064358068417
0,scatter,,2.7142091058678837,2.1568880984278573
0,scatter,,2.7356427663074983,2.1296784994114657
0,scatter,,2.7567993527310075,2.1014725669236194
0,scatter,,2.777668881400117,2.07226628286766
0,scatter,,2.7982413328502416,2.0420567082305463
0,scatter,,2.8185066631565032,2.010842020224155
0,scatter,,2.8384548169847448,1.978621560218462
0,scatter,,2.858075738830934,1.9453958607238564
0,scatter,,2.877359385412184,1.911166677358298
0,scatter,,2.8962957355853787,1.875937009975813
0,scatter,,2.9148748031742517,1.8397111299836106
0,scatter,,2.933086652855386,1.8024946142059626
0,scatter,,2.950921412113281,1.7642943628855239
0,scatter,,2.9683692848969057,1.725118619650989
0,scatter,,2.985420562876418,1.6849769833676889
0,scatter,,3.0020656392093814,1.6438804217211493
0,scatter,,3.0182950252840257,1.60184128734814
0,scatter,,3.0340993635083917,1.5588733222901003
0,scatter,,3.0494694412553827,1.5149916593413337
0,scatter,,3.064396203926629,1.4702128361424234
0,scatter,,3.0788707656733525,1.4245547704800416
0,scatter,,3.092884429617673,1.378036770012089
0,scatter,,3.1064286991645296,1.330679514837072
0,scatter,,3.1194952920750265,1.2825050428241849
0,scatter,,3.1320761527912344,1.2335367366179593
0,scatter,,3.144163464457194,1.1837993067874784
0,scatter,,3.155749663332298,1.1333187609272057
0,scatter,,3.166827453208896,1.0821223709249597
0,scatter,,3.177389817808761,1.030238640007685
0,scatter,,3.1874300325211817,0.9776972670922468
0,scatter,,3.196941673622762,0.9245291144759615
0,scatter,,3.2059186320383675,0.8707661569811243
0,scatter,,3.2143551239754484,0.8164414350452818
0,scatter,,3.222245701100834,0.7615890035672143
0,scatter,,3.2295852610048024,0.70624387750984
0,scatter,,3.2363690556137557,0.6504419763073445
0,scatter,,3.2425927000342063,0.5942200629787753
0,scatter,,3.2482521815245433,0.5376156785551092
0,scatter,,3.253343865861378,0.4806670805823143
0,scatter,,3.2578645049075576,0.4234131712352223
0,scatter,,3.2618112427747206,0.365893426645111
0,scatter,,3.2651816203173367,0.3081478295881525
0,scatter,,3.2679735808494192,0.25021678836409844
0,scatter,,3.2701854735752134,0.19214106503782447
0,scatter,,3.271816056501416,0.1339617005303956
0,scatter,,3.2728644993567997,0.07571993078971766
0,scatter,,3.273330384944113,0.01745711179465237
0,scatter,,3.273213709801636,-0.04078535706848718
0,scatter,,3.272514884073945,-0.09896611489920859
0,scatter,,3.2712347310434455,-0.1570439180913524
0,scatter,,3.2693744860483482,-0.21497772048326624
0,scatter,,3.266935793058675,-0.2727267477217795
0,scatter,,3.263920702094486,-0.3302505759316212
0,scatter,,3.2603316657957633,-0.3875092088891722
0,scatter,,3.2561715339403,-0.4444631497885423
0,scatter,,3.2514435484494872,-0.501073474750533
0,scatter,,3.246151337630779,-0.5573019039638137
0,scatter,,3.240298908853272,-0.6131108689999705
0,scatter,,3.233890641316759,-0.6684635791600653
0,scatter,,3.2269312781686104,-0.7233240852163527
0,scatter,,3.2194259174146898,-0.7776573389241919
0,scatter,,3.211380002762426,-0.831429250960831
0,scatter,,3.20279931399326,-0.884606746251072
0,scatter,,3.193689956203838,-0.9371578133374368
0,scatter,,3.184058349047053,-0.9890515526399601
0,scatter,,3.173911215591994,-1.0402582218978815
0,scatter,,3.1632555702588037,-1.0907492745379341
0,scatter,,3.1520987067888213,-1.1404973974905026
0,scatter,,3.140448185938492,-1.1894765461960553
0,scatter,,3.128311822279111,-1.2376619698156333
0,scatter,,3.115697671105531,-1.2850302363823285
0,scatter,,3.1026140154374917,-1.3315592584281677
0,scatter,,3.089069352729445,-1.3772283134633572
0,scatter,,3.0750723805612057,-1.4220180495081967
0,scatter,,3.060631983035663,-1.4659104971099255
0,scatter,,3.0457572170696956,-1.5088890821324121
0,scatter,,3.030457298406247,-1.5509386265618228
0,scatter,,3.0147415875425874,-1.5920453428641783
0,scatter,,2.99861957586473,-1.6321968312531931
0,scatter,,2.9821008718254913,-1.6713820800831214
0,scatter,,2.9651951871623914,-1.7095914494013313
0,scatter,,2.947912323273993,-1.7468166552862967
0,scatter,,2.930262157724235,-1.7830507546451304
0,scatter,,2.912254630588987,-1.8182881325581417
0,scatter,,2.8938997317054516,-1.8525244732457486
0,scatter,,2.875207487806362,-1.8857567358084977
0,scatter,,2.856187949783391,-1.9179831289091849
0,scatter,,2.8368511799082388,-1.9492030864076342
0,scatter,,2.817207240407994,-1.979417230278488
0,scatter,,2.7972661816698214,-2.008627339077194
0,scatter,,2.777038030552734,-2.0368363150660773
0,scatter,,2.7565327789898277,-2.064048150094198
0,scatter,,2.7357603740883554,-2.090267884940254
0,scatter,,2.714730707677304,-2.1155015720125094
0,scatter,,2.6934536058561447,-2.1397562371298258
0,scatter,,2.671938819533623,-2.1630398393614394
0,scatter,,2.650196015891315,-2.185361229263696
0,scatter,,2.6282347695317645,-2.2067301080145145
0,scatter,,2.606064553122855,-2.227156985432231
0,scatter,,2.583694730492797,-2.2466531383414936
0,scatter,,2.5611345496021065,-2.26523056875397
0,scatter,,2.5383931355113205,-2.282901962053495
0,scatter,,2.5154794837627406,-2.29968064512045
0,scatter,,2.4924024509397884,-2.315580540971526
0,scatter,,2.4691707523366095,-2.330616131746166
0,scatter,,2.4457929565580705,-2.344802418205286
0,scatter,,2.42227748030184,-2.358154879711702
0,scatter,,2.3986325835291065,-2.370689433726794
0,scatter,,2.3748663627231856,-2.382422388061665
0,scatter,,2.35098675048288,-2.3933704147112813
0,scatter,,2.327001511539972,-2.40355051090622
0,scatter,,2.3029182396920853,-2.4129799631323827
0,scatter,,2.278744354562987,-2.4216763089840363
0,scatter,,2.2544870974219786,-2.4296572933714007
0,scatter,,2.2301535321995876,-2.436940851294441
0,scatter,,2.205750542985842,-2.4435450717344827
0,scatter,,2.1812848327337666,-2.4494881674873823
0,scatter,,2.1567629215302495,-2.454788439883121
0,scatter,,2.132191145053759,-2.4594642438700913
0,scatter,,2.107575655979589,-2.463533976182379
0,scatter,,2.082922423119354,-2.4670160440704176
0,scatter,,2.0582372315527526,-2.4699288413808023
0,scatter,,2.0335256822329337,-2.4722907168242187
0,scatter,,2.008793192471612,-2.474119951077223
0,scatter,,1.9840449975761585,-2.475434746070932
0,scatter,,1.9592861514204154,-2.4762532006854325
0,scatter,,1.9345215276298444,-2.47659329257727
0,scatter,,1.909755820517175,-2.476472851367101
0,scatter,,1.8849935467843637,-2.475909546503212
0,scatter,,1.860239047408753,-2.474920876851832
0,scatter,,1.8354964893277192,-2.4735241535699766
0,scatter,,1.8107698673990023,-2.47173648691207
0,scatter,,1.7860630064569234,-2.4695747659180514
0,scatter,,1.7613795635392206,-2.467055653449341
0,scatter,,1.7367230301985037,-2.464195577117697
0,scatter,,1.7120967348946916,-2.461010718380431
0,scatter,,1.68750384551282,-2.4575170037002203
0,scatter,,1.6629473722445989,-2.4537300913544087
0,scatter,,1.6384301699462351,-2.4496653699604485
0,scatter,,1.6139549408793672,-2.4453379518618754
0,scatter,,1.5895242375088614,-2.4407626671310325
0,scatter,,1.5651404654674455,-2.4359540582708266
0,scatter,,1.5408058867339403,-2.430926374799824
0,scatter,,1.5165226220434287,-2.4256935723290596
0,scatter,,1.4922926539806163,-2.4202693091237433
0,scatter,,1.4681178299238262,-2.4146669440601047
0,scatter,,1.4439998654219979,-2.4088995339863644
0,scatter,,1.4199403471034102,-2.4029798329518415
0,scatter,,1.3959407353512778,-2.3969202925887423
0,scatter,,1.372002367452936,-2.390733061593616
0,scatter,,1.3481264606163201,-2.3844299861369387
0,scatter,,1.3243141155332858,-2.3780226108383773
0,scatter,,1.3005663188389485,-2.3715221798234376
0,scatter,,1.2768839460841694,-2.364939638274943
0,scatter,,1.2532677647513146,-2.358285634319453
0,scatter,,1.229718437323959,-2.351570521417526
0,scatter,,1.2062365246058315,-2.3448043614069762
0,scatter,,1.1828224879944111,-2.3379969264055354
0,scatter,,1.1594766925158995,-2.3311577020198677
0,scatter,,1.1361994096393215,-2.324295890494773
0,scatter,,1.1129908204093906,-2.3174204149455866
0,scatter,,1.0898510181982524,-2.31053992290744
0,scatter,,1.0667800110664742,-2.3036627891606463
0,scatter,,1.043777724602769,-2.2967971199599484
0,scatter,,1.020844004570073,-2.2899507570190067
0,scatter,,0.9979786199234084,-2.2831312829964907
0,scatter,,0.9751812650184604,-2.276346024462957
0,scatter,,0.9524515621001154,-2.269602056026995
0,scatter,,0.9297890638357063,-2.2629062048100606
0,scatter,,0.9071932558258728,-2.2562650551074466
0,scatter,,0.8846635592984463,-2.249684954011979
0,scatter,,0.8621993330374612,-2.2431720140850118
0,scatter,,0.8397998757968497,-2.236732118212475
0,scatter,,0.8174644285612809,-2.230370924002708
0,scatter,,0.7951921770148757,-2.224093869421176
0,scatter,,0.7729822537000296,-2.2179061771024315
0,scatter,,0.7508337397973105,-2.211812856986662
0,scatter,,0.7287456673628014,-2.20581871136564
0,scatter,,0.7067170213409321,-2.1999283389914024
0,scatter,,0.684746741526001,-2.1941461390780277
0,scatter,,0.6628337246537139,-2.1884763161359295
0,scatter,,0.6409768270812027,-2.182922888014063
0,scatter,,0.6191748655998817,-2.177489684332944
0,scatter,,0.5974266195797727,-2.172180351975504
0,scatter,,0.5757308328789412,-2.166998359455641
0,scatter,,0.554086215651043,-2.161947000847313
0,scatter,,0.5324914461185625,-2.157029399633517
0,scatter,,0.510945171561321,-2.152248510076186
0,scatter,,0.48944601044862135,-2.147607122259487
0,scatter,,0.4679925544399251,-2.143107866727987
0,scatter,,0.4465833697434611,-2.1387532170890595
0,scatter,,0.4252169987219151,-2.1345454934151658
0,scatter,,0.40389196148407136,-2.1304868656065463
0,scatter,,0.3826067570646595,-2.1265793549362484
0,scatter,,0.3613598641865017,-2.1228248337454145
0,scatter,,0.340149744095807,-2.119225034381593
0,scatter,,0.31897484149743305,-2.115781549662443
0,scatter,,0.2978335859362736,-2.1124958353198986
0,scatter,,0.27672439320304637,-2.109369212532752
0,scatter,,0.2556456666772501,-2.1064028701846866
0,scatter,,0.23459579786454923,-2.103597863964233
0,scatter,,0.21357316847313948,-2.1009551213909496
0,scatter,,0.1925761517474422,-2.098475443915966
0,scatter,,0.1716031135589256,-2.096159508034205
0,scatter,,0.15065241365803234,-2.094007866966033
0,scatter,,0.12972240691304793,-2.092020952232919
0,scatter,,0.10881144442340057,-2.0901990744279892
0,scatter,,0.0879178746654701,-2.088542424144966
0,scatter,,0.06704004489430193,-2.0870510744188002
0,scatter,,0.046176302227607935,-2.085724981165946
0,scatter,,0.02532499481580408,-2.0845639840899537
0,scatter,,0.0044844730069030945,-2.0835678074809794
0,scatter,,-0.016346909509336788,-2.0827360608007828
0,scatter,,-0.03717079465300589,-2.082068238542197
0,scatter,,-0.0579888186853504,-2.0815637214829965
0,scatter,,-0.07880261109035222,-2.0812217768270433
0,scatter,,-0.09961379344902911,-2.081041558294381
0,scatter,,-0.12042397829963557,-2.0810221061909426
0,scatter,,-0.1412347679965402,-2.081162347368871
0,scatter,,-0.16204775364421717,-2.0814610946723624
0,scatter,,-0.18286451393189937,-2.0819170467785453
0,scatter,,-0.20368661392783122,-2.082528788118817
0,scatter,,-0.2245156039669131,-2.08329478817683
0,scatter,,-0.24535301849514898,-2.084213400871031
0,scatter,,-0.2662003749063568,-2.0852828638337733
0,scatter,,-0.2870591723872372,-2.0865012975167874
0,scatter,,-0.3079308907899788,-2.0878667040610286
0,scatter,,-0.3288169893641286,-2.0893769665532043
0,scatter,,-0.34971890558422114,-2.091029847805572
0,scatter,,-0.3706380539415567,-2.092822989093014
0,scatter,,-0.3915758247195444,-2.0947539088211458
0,scatter,,-0.4125335827560826,-2.0968200011012152
0,scatter,,-0.43351266625172774,-2.099018534201962
0,scatter,,-0.4545143854500529,-2.101346648976034
0,scatter,,-0.47554002133687473,-2.103801357182041
0,scatter,,-0.4965908243550934,-2.1063795397067713
0,scatter,,-0.517668013081625,-2.10907794471849
0,scatter,,-0.5387727728839258,-2.1118931857441314
0,scatter,,-0.5599062546015037,-2.1148217397402598
0,scatter,,-0.5810695732632367,-2.117859945179469
0,scatter,,-0.6022638065038445,-2.1210039996627104
0,scatter,,-0.6234899932045916,-2.124249957829857
0,scatter,,-0.6447491320512991,-2.1275937291246354
0,scatter,,-0.6660421800609393,-2.131031075492628
0,scatter,,-0.6873700510874411,-2.134557609041606
0,scatter,,-0.7087336145260632,-2.138168790478925
0,scatter,,-0.7301336936134434,-2.1418599261190736
0,scatter,,-0.7515710637735491,-2.145626165117874
0,scatter,,-0.7730464511035047,-2.149462497286635
0,scatter,,-0.7945605307536107,-2.153363750590577
0,scatter,,-0.8161139252789472,-2.1573245886195114
0,scatter,,-0.8377072030765166,-2.1613395086101246
0,scatter,,-0.8593408770252943,-2.1654028406091417
0,scatter,,-0.8810154022214833,-2.16950874227028
0,scatter,,-0.9027311744162494,-2.1736511972953245
0,scatter,,-0.9244885282740221,-2.1778240131333226
0,scatter,,-0.9462877355748694,-2.182020818563865
0,scatter,,-0.9681290033931658,-2.1862350613277424
0,scatter,,-0.9900124727761622,-2.1904600084834587
0,scatter,,-1.0119382165917359,-2.194688742720626
0,scatter,,-1.0339062373494727,-2.198914158729614
0,scatter,,-1.0559164655149194,-2.2031289622838153
0,scatter,,-1.0779687575826715,-2.2073256683030964
0,scatter,,-1.1000628941235235,-2.2114965989982083
0,scatter,,-1.1221985779993051,-2.215633883019844
0,scatter,,-1.1443754331210763,-2.2197294573861126
0,scatter,,-1.1665930013567911,-2.223775060923555
0,scatter,,-1.1888507408539646,-2.2277622346071624
0,scatter,,-1.2111480240963688,-2.231682320890205
0,scatter,,-1.2334841358724762,-2.2355264628658253
0,scatter,,-1.2558582712281223,-2.239285603611923
0,scatter,,-1.278269534311706,-2.24295048947806
0,scatter,,-1.3007169359959756,-2.2465116685756708
0,scatter,,-1.3231993911352797,-2.249959488034266
0,scatter,,-1.3457157169794502,-2.2532840963122256
0,scatter,,-1.3682646311425088,-2.2564754439498986
0,scatter,,-1.3908447495664058,-2.259523284595742
0,scatter,,-1.4134545847539668,-2.2624171772480546
0,scatter,,-1.4360925451124538,-2.265146492592592
0,scatter,,-1.4587569311335988,-2.2677004088499926
0,scatter,,-1.481445933917507,-2.2700679159481947
0,scatter,,-1.5041576334095639,-2.2722378190443995
0,scatter,,-1.526889996502001,-2.274198741919725
0,scatter,,-1.5496408751535056,-2.275939130782175
0,scatter,,-1.5724080058159426,-2.277447261729476
0,scatter,,-1.59518900746548,-2.2787112450799856
0,scatter,,-1.617981378529954,-2.27971902731968
0,scatter,,-1.6407824960035133,-2.2804583989516183
0,scatter,,-1.6635896138496982,-2.2809170009640467
0,scatter,,-1.686399861452033,-2.28108233183923
0,scatter,,-1.7092102424165563,-2.2809417555158427
0,scatter,,-1.7320176351103114,-2.2804825121387022
0,scatter,,-1.7548187889131959,-2.2796917236840715
0,scatter,,-1.7776103235265144,-2.2785564041373076
0,scatter,,-1.8003887281425244,-2.277063470028926
0,scatter,,-1.8231503604392907,-2.275199751296897
0,scatter,,-1.8458914456653184,-2.2729520028353756
0,scatter,,-1.8686080771571627,-2.2703069161397553
0,scatter,,-1.8912962158515016,-2.2672511321750757
0,scatter,,-1.913951687879937,-2.2637712559021503
0,scatter,,-1.9365701851915218,-2.2598538702349424
0,scatter,,-1.9591472653390722,-2.255485551203982
0,scatter,,-1.9816783513994833,-2.2506528839050906
0,scatter,,-2.004158732250615,-2.245342478469294
0,scatter,,-2.026583564632003,-2.239540980907945
0,scatter,,-2.0489478714595086,-2.2332350989325005
0,scatter,,-2.071246542770432,-2.2264116196506247
0,scatter,,-2.0934743368468816,-2.2190574280741657
0,scatter,,-2.115625881236609,-2.2111595274888005
0,scatter,,-2.1376956739654505,-2.2027050606563003
0,scatter,,-2.159678085605207,-2.193681323625824
0,scatter,,-2.181567361215508,-2.1840757845306515
0,scatter,,-2.2033576210293195,-2.1738761216404043
0,scatter,,-2.2250428631565335,-2.1630702397158443
0,scatter,,-2.2466169659582165,-2.1516462941712207
0,scatter,,-2.2680736906562093,-2.139592716061091
0,scatter,,-2.289406684191047,-2.126898236342331
0,scatter,,-2.3106094823362366,-2.1135518938574283
0,scatter,,-2.3316755130684674,-2.0995430765913796
0,scatter,,-2.3525981002085983,-2.0848615470989205
0,scatter,,-2.373370467337247,-2.0694974652839426
0,scatter,,-2.3939857419478368,-2.053441414543364
0,scatter,,-2.414436958895196,-2.0366844314129366
0,scatter,,-2.4347170657726602,-2.0192180301764653
0,scatter,,-2.4548189280412283,-2.0010342294876344
0,scatter,,-2.474735334010362,-1.9821255806793572
0,scatter,,-2.494459000323907,-1.9624851953202649
0,scatter,,-2.5139825772269857,-1.942106755748281
0,scatter,,-2.5332986548292924,-1.920984549447377
0,scatter,,-2.5523997696446705,-1.8991135027926351
0,scatter,,-2.5712784110255202,-1.876489201046125
0,scatter,,-2.589927028048871,-1.8531079133895205
0,scatter,,-2.6083380349609797,-1.8289666138835308
0,scatter,,-2.6265038186802854,-1.8040630056710758
0,scatter,,-2.644416747760469,-1.7783955470999182
0,scatter,,-2.6620691793518727,-1.751963472402551
0,scatter,,-2.679453467190975,-1.7247668132603484
0,scatter,,-2.6965619688764244,-1.6968064132989484
0,scatter,,-2.713387053844615,-1.6680839445734181
0,scatter,,-2.7299211133432015,-1.6386019343699232
0,scatter,,-2.746156568541675,-1.6083637773310744
0,scatter,,-2.762085879494777,-1.577373750373053
0,scatter,,-2.7777015530016214,-1.5456370244104616
0,scatter,,-2.792996150275571,-1.5131596740496236
0,scatter,,-2.8079622991928828,-1.4799486916789057
0,scatter,,-2.8225927024360398,-1.44601199402959
0,scatter,,-2.8368801469180447,-1.411358428479779
0,scatter,,-2.850817512556329,-1.3759977772749226
0,scatter,,-2.8643977800697034,-1.3399407594586734
0,scatter,,-2.877614043166963,-1.3031990318200857
0,scatter,,-2.890459517148575,-1.2657851866999272
0,scatter,,-2.9029275483663013,-1.2277127477253007
0,scatter,,-2.9150116230269916,-1.1889961643766453
0,scatter,,-2.9267053748806373,-1.1496508123133795
0,scatter,,-2.9380025963390057,-1.1096929693104838
0,scatter,,-2.94889724778228,-1.0691398089381388
0,scatter,,-2.9593834659983616,-1.0280093834085522
0,scatter,,-2.969455572934407,-0.986320606698061
0,scatter,,-2.979108082983507,-0.9440932440303131
0,scatter,,-2.988335712077016,-0.9013478847590896
0,scatter,,-2.99713338581671,-0.8581059185820625
0,scatter,,-3.0054962484081558,-0.8143895045600638
0,scatter,,-3.0134196696319355,-0.7702215459944717
0,scatter,,-3.0208992521879425,-0.7256256602894734
0,scatter,,-3.027930837273245,-0.6806261545359622
0,scatter,,-3.0345105128818393,-0.6352479833577729
0,scatter,,-3.0406346197336704,-0.5895167149244773
0,scatter,,-3.0462997569225574,-0.5434584936504268
0,scatter,,-3.051502788086743,-0.49709999975063335
0,scatter,,-3.0562408462114963,-0.45046840937492916
0,scatter,,-3.0605113377853024,-0.40359135433539906
0,scatter,,-3.064311948169936,-0.3564968740619531
0,scatter,,-3.0676406449348628,-0.3092133733661343
0,scatter,,-3.0704956810391417,-0.2617695778188225
0,scatter,,-3.072875598474808,-0.21419448203345137
0,scatter,,-3.0747792302041086,-0.166517306073997
0,scatter,,-3.0762057021272162,-0.11876744698043594
0,scatter,,-3.0771544350513853,-0.07097442524728034
0,scatter,,-3.0776251453109693,-0.023167840391379743
0,scatter,,-3.0776178453312055,0.024622679606325103
0,scatter,,-3.0771328438558525,0.07236753168280805
0,scatter,,-3.07617074537978,0.12003718497403694
0,scatter,,-3.074732449137376,0.16760222771194389
0,scatter,,-3.0728191475018276,0.21503341906404064
0,scatter,,-3.0704323240297593,0.26230173646514887
0,scatter,,-3.0675737517544635,0.30937842706429414
0,scatter,,-3.0642454894428,0.3562350506212669
0,scatter,,-3.0604498782643876,0.4028435258336091
0,scatter,,-3.056189538555883,0.4491761782879825
0,scatter,,-3.051467365151792,0.49520578240353796
0,scatter,,-3.0462865225045257,0.5409056031671626
0,scatter,,-3.0406504399042724,0.5862494383967821
0,scatter,,-3.034562805965319,0.6312116581919404
0,scatter,,-3.0280275624236226,0.675767241692854
0,scatter,,-3.0210488980129915,0.7198918135995844
0,scatter,,-3.0136312420060163,0.76356167894518
0,scatter,,-3.0057792569702175,0.8067538540645318
0,scatter,,-2.997497831561122,0.8494460970036065
0,scatter,,-2.9887920731872923,0.8916169370204098
0,scatter,,-2.9796672999392992,0.9332456990268456
0,scatter,,-2.9701290325057492,0.9743125273058917
0,scatter,,-2.960182986028044,1.0147984086395687
0,scatter,,-2.9498350614937126,1.0546851907771286
0,scatter,,-2.9390913369706166,1.0939555988256933
0,scatter,,-2.9279580588699714,1.1325932518398276
0,scatter,,-2.916441632945636,1.1705826753803414
0,scatter,,-2.904548615046111,1.2079093097479074
0,scatter,,-2.892285701932309,1.2445595182943423
0,scatter,,-2.8796597220384115,1.2805205942345832
0,scatter,,-2.8666776263488805,1.3157807691189005
0,scatter,,-2.8533464788291885,1.3503292085936862
0,scatter,,-2.8396734471930882,1.384156013963872
0,scatter,,-2.825665793613498,1.4172522202321993
0,scatter,,-2.8113308648617887,1.4496097899132745
0,scatter,,-2.7966760835075455,1.4812216085500887
0,scatter,,-2.781708938840176,1.5120814772718618
0,scatter,,-2.766436977754566,1.5421841032900894
0,scatter,,-2.7508677954379572,1.5715250860416825
0,scatter,,-2.7350090264243065,1.6001009035628353
0,scatter,,-2.7188683363635295,1.6279089016587673
0,scatter,,-2.702453413308758,1.6549472768901916
0,scatter,,-2.685771959237393,1.6812150588669184
0,scatter,,-2.6688316813236015,1.7067120885151443
0,scatter,,-2.6516402845237685,1.731439002598387
0,scatter,,-2.634205463584912,1.7553972121068737
0,scatter,,-2.6165348954005596,1.778588880579948
0,scatter,,-2.598636231482334,1.8010168998775855
0,scatter,,-2.5805170908777395,1.8226848681965966
0,scatter,,-2.5621850532618673,1.8435970665377441
0,scatter,,-2.5436476522340494,1.863758434054469
0,scatter,,-2.5249123687902957,1.8831745418989676
0,scatter,,-2.50598662508422,1.9018515671744864
0,scatter,,-2.4868777786133935,1.9197962689829913
0,scatter,,-2.467593116483923,1.9370159617392735
0,scatter,,-2.448139849994338,1.953518488731723
0,scatter,,-2.4285251094966767,1.9693121942386944
0,scatter,,-2.408755939488126,1.9844058989812592
0,scatter,,-2.3888392939890863,1.998808873424757
0,scatter,,-2.368782032179683,2.012530811532813
0,scatter,,-2.3485909143068584,2.0255818034008524
0,scatter,,-2.3282725978327194,2.0379723102176937
0,scatter,,-2.3078336338398295,2.0497131390235075
0,scatter,,-2.2872804636897563,2.060815417271055
0,scatter,,-2.2666194160245263,2.071290567322909
0,scatter,,-2.245856703970493,2.0811502817054564
0,scatter,,-2.2249984223837704,2.0904065003586543
0,scatter,,-2.2040505455422164,2.0990713867790762
0,scatter,,-2.183018924991194,2.10715730527316
0,scatter,,-2.161909287758351,2.1146767978791585
0,scatter,,-2.140727234966458,2.1216425607538496
0,scatter,,-2.119478239878777,2.1280674260338364
0,scatter,,-2.098167646794156,2.133964340281532
0,scatter,,-2.0768006699783674,2.139346344560556
0,scatter,,-2.055382392854688,2.1442265551733075
0,scatter,,-2.0339177677608657,2.148618144668906
0,scatter,,-2.012411614934053,2.1525343245655466
0,scatter,,-1.9908686223000394,2.1559883280763743
0,scatter,,-1.9692933453434334,2.1589933936098595
0,scatter,,-1.9476902071221378,2.161562749030112
0,scatter,,-1.926063498870682,2.1637095969193587
0,scatter,,-1.9044173799108362,2.1654470999446467
0,scatter,,-1.8827558780879288,2.1667883671748145
0,scatter,,-1.861082890413158,2.167746441116069
0,scatter,,-1.8394021837508188,2.168334285364184
0,scatter,,-1.8177173960341049,2.1685647742075678
0,scatter,,-1.7960320370011502,2.1684506810442605
0,scatter,,-1.7743494890701117,2.168004667551987
0,scatter,,-1.7526730085987308,2.1672392743753672
0,scatter,,-1.7310057271065122,2.166166912017456
0,scatter,,-1.7093506527994562,2.164799853435935
0,scatter,,-1.6877106720153916,2.163150226427364
0,scatter,,-1.6660885504446126,2.161230005079104
0,scatter,,-1.6444869347987372,2.1590510036945654
0,scatter,,-1.6229083544131773,2.156624870597757
0,scatter,,-1.601355223014789,2.1539630832020737
0,scatter,,-1.5798298406135116,2.151076944082143
0,scatter,,-1.5583343949809858,2.1479775743827605
0,scatter,,-1.5368709635779723,2.1446759104730906
0,scatter,,-1.5154415154094276,2.1411827002956167
0,scatter,,-1.494047912941232,2.137508500452509
0,scatter,,-1.4726919141599717,2.1336636748763
0,scatter,,-1.4513751743395198,2.1296583906584883
0,scatter,,-1.430099248053986,2.1255026165575734
0,scatter,,-1.408865591169728,2.1212061214696347
0,scatter,,-1.3876755628481412,2.1167784732456356
0,scatter,,-1.3665304276485288,2.1122290391009164
0,scatter,,-1.345431357453805,2.107566983745697
0,scatter,,-1.3243794334988344,2.1028012691844227
0,scatter,,-1.3033756484061252,2.09794065487324
0,scatter,,-1.282420908207089,2.0929936979629966
0,scatter,,-1.2615160343850504,2.087968754924431
0,scatter,,-1.2406617658659658,2.0828739814213475
0,scatter,,-1.2198587610137437,2.07771733294352
0,scatter,,-1.1991075996281975,2.072506566220635
0,scatter,,-1.1784087849225109,2.067249240477382
0,scatter,,-1.1577627454871844,2.061952718900448
0,scatter,,-1.1371698372542933,2.0566241724730094
0,scatter,,-1.1166303454164113,2.0512705801398607
0,scatter,,-1.0961444863363516,2.045898730233991
0,scatter,,-1.0757124094459691,2.0405152231565973
0,scatter,,-1.0553341991203937,2.035126473563472
0,scatter,,-1.035009876527716,2.0297387126661857
0,scatter,,-1.0147394013337392,2.0243579914959042
0,scatter,,-0.9945226735930286,2.018990182720758
0,scatter,,-0.9743595355515744,2.0136409829941897
0,scatter,,-0.9542497733632249,2.0083159157967314
0,scatter,,-0.934193118813934,2.0030203340886765
0,scatter,,-0.9141892510169305,1.997759423018425
0,scatter,,-0.8942377979813679,1.9925382032814751
0,scatter,,-0.8743383383302357,1.9873615334323527
0,scatter,,-0.8544904029362294,1.9822341125569267
0,scatter,,-0.8346934764829991,1.9771604832596796
0,scatter,,-0.8149469990275123,1.9721450344976612
0,scatter,,-0.795250367529716,1.967192004414387
0,scatter,,-0.7756029371664621,1.9623054831515383
0,scatter,,-0.7560040229492866,1.9574894156811316
0,scatter,,-0.7364529012071392,1.9527476046131227
0,scatter,,-0.716948810953424,1.9480837129761572
0,scatter,,-0.6974909552762151,1.943501266980435
0,scatter,,-0.6780785026981112,1.9390036587459145
0,scatter,,-0.6587105883835143,1.9345941487871103
0,scatter,,-0.6393863155444616,1.930275868834145
0,scatter,,-0.620104756746265,1.9260518244906188
0,scatter,,-0.6008649551307362,1.9219248977532724
0,scatter,,-0.5816659256487327,1.9178978495428403
0,scatter,,-0.5625066562642022,1.9139733221757431
0,scatter,,-0.5433861089957752,1.910153841431506
0,scatter,,-0.5243032211828731,1.906441819192853
0,scatter,,-0.5052569066443194,1.9028395558155566
0,scatter,,-0.48624605675339955,1.8993492422837541
0,scatter,,-0.46726954152743366,1.8959729623974284
0,scatter,,-0.44832621069384543,1.8927126948856468
0,scatter,,-0.4294148946305065,1.8895703150568604
0,scatter,,-0.4105344054750514,1.886547597096374
0,scatter,,-0.3916835381497543,1.8836462160471934
0,scatter,,-0.37286107132229307,1.8808677495504733
0,scatter,,-0.35406576837665593,1.8782136796193252
0,scatter,,-0.3352963783647498,1.8756853943302019
0,scatter,,-0.3165516368574801,1.8732841890672665
0,scatter,,-0.2978302669322954,1.8710112683690774
0,scatter,,-0.2791309800920958,1.8688677474598232
0,scatter,,-0.260452477134446,1.8668546535491015
0,scatter,,-0.24179344902959882,1.8649729271524425
0,scatter,,-0.22315257778322378,1.8632234233209042
0,scatter,,-0.20452853720742234,1.8616069123841839
0,scatter,,-0.18591999383835006,1.86012408142527
0,scatter,,-0.16732560777879393,1.8587755353429574
0,scatter,,-0.14874403349997425,1.8575617976780014
0,scatter,,-0.130173920657527,1.8564833114761186
0,scatter,,-0.11161391490129341,1.8555404400814586
0,scatter,,-0.09306265867055402,1.8547334678141012
0,scatter,,-0.07451879181727082,1.854062599678228
0,scatter,,-0.05598095255344393,1.853527962758929
0,scatter,,-0.03744777824970326,1.8531296067705034
0,scatter,,-0.018917906169247704,1.8528675041989229
0,scatter,,-0.00038997424143975834,1.852741550597329
0,scatter,,0.018137378165792903,1.8527515648084742
0,scatter,,0.03666550947871221,1.852897289087002
0,scatter,,0.05519577522091401,1.8531783886527535
0,scatter,,0.07372952717501755,1.85359445215484
0,scatter,,0.09226811260742143,1.854144991613278
0,scatter,,0.11081287351471786,1.8548294421173357
0,scatter,,0.12936514584954717,1.8556471615728887
0,scatter,,0.14792625874298904,1.8565974303775914
0,scatter,,0.16649753372700687,1.8576794510001238
0,scatter,,0.1850802840394004,1.8588923470795544
0,scatter,,0.20367581374683516,1.860235163272505
0,scatter,,0.22228541694394247,1.8617068646418107
0,scatter,,0.24091037697307222,1.8633063358444126
0,scatter,,0.2595519656155129,1.865032380345709
0,scatter,,0.2782114422735864,1.8668837195631238
0,scatter,,0.2968900531452725,1.8688589919316139
0,scatter,,0.3155890304193202,1.870956751772265
0,scatter,,0.3343095913978536,1.873175468351653
0,scatter,,0.35305293763717976,1.875513524746979
0,scatter,,0.37182025408572944,1.8779692166070205
0,scatter,,0.3906127082015444,1.8805407508764838
0,scatter,,0.409431449056138,1.8832262444549541
0,scatter,,0.428277606427903,1.8860237227955037
0,scatter,,0.44715228992957656,1.8889311184963897
0,scatter,,0.4660565880186809,1.8919462697159413
0,scatter,,0.4849915670425074,1.8950669185850708
0,scatter,,0.5039582702802143,1.8982907095761232
0,scatter,,0.5229577169559108,1.901615187801769
0,scatter,,0.5419909012339132,1.9050377972583101
0,scatter,,0.5610587911999269,1.9085558790323174
0,scatter,,0.5801623278758714,1.9121666696916755
0,scatter,,0.599302424104871,1.915867299135777
0,scatter,,0.6184799634736782,1.9196547886520856
0,scatter,,0.6376957992271598,1.923526048984977
0,scatter,,0.6569507531502474,1.9274778783104232
0,scatter,,0.6762456144291864,1.9315069601714898
0,scatter,,0.6955811384964619,1.9356098614105013
0,scatter,,0.7149580459289229,1.9397830305016601
0,scatter,,0.7343770211658042,1.9440227949405986
0,scatter,,0.7538387112873868,1.9483253590910528
0,scatter,,0.7733437247872708,1.952686802103476
0,scatter,,0.7928926303059635,1.9571030757225771
0,scatter,,0.8124859553408434,1.9615700020813285
0,scatter,,0.8321241849421606,1.9660832715341658
0,scatter,,0.8518077605006423,1.970638441080229
0,scatter,,0.8715370782670873,1.9752309315199628
0,scatter,,0.8913124879808472,1.9798560253047712
0,scatter,,0.9111342914977343,1.9845088645132782
0,scatter,,0.9310027413702715,1.989184448721035
0,scatter,,0.9509180394054956,1.993877632895194
0,scatter,,0.9708803352134233,1.9985831253833093
0,scatter,,0.9908897248910098,2.0032954866715498
0,scatter,,1.0109462493442973,2.008009126608725
0,scatter,,1.031049892777311,2.0127183025587208
0,scatter,,1.051200581187289,2.017417117737362
0,scatter,,1.071398180807108,2.022099519469168
0,scatter,,1.0916424965284324,2.026759297523087
0,scatter,,1.1119332703262863,2.0313900826077167
0,scatter,,1.1322701798778088,2.0359853457481383
0,scatter,,1.152652836699924,2.040538396052946
0,scatter,,1.1730807845349875,2.045042379570527
0,scatter,,1.193553497752475,2.0494902783865494
0,scatter,,1.2140703796953167,2.0538749097037727
0,scatter,,1.234630761015438,2.0581889250732046
0,scatter,,1.2552338980243787,2.062424809854927
0,scatter,,1.2758789712984508,2.0665748835477626
0,scatter,,1.2965650836958322,2.0706312987677165
0,scatter,,1.3172912587050392,2.0745860413152863
0,scatter,,1.3380564388228997,2.0784309305401942
0,scatter,,1.3588594838815884,2.082157619798093
0,scatter,,1.3796991693774703,2.085757597149316
0,scatter,,1.4005741848434177,2.0892221863593257
0,scatter,,1.4214831325901602,2.0925425485954334
0,scatter,,1.4424245255939188,2.0957096833904574
0,scatter,,1.4633967859318524,2.098714430536733
0,scatter,,1.4843982432561826,2.1015474723228325
0,scatter,,1.5054271332124658,2.104199336012517
0,scatter,,1.5264815958785396,2.106660396669701
0,scatter,,1.5475596742273687,2.108920880345213
0,scatter,,1.5686593127143913,2.110970867624685
0,scatter,,1.5897783566800459,2.1128002974353124
0,scatter,,1.6109145498571007,2.1143989715948974
0,scatter,,1.6320655331645906,2.115756559573619
0,scatter,,1.6532288435530487,2.1168626036984413
0,scatter,,1.674401912745906,2.117706524845152
0,scatter,,1.6955820660362382,2.118277628609205
0,scatter,,1.7167665211418874,2.118565111973383
0,scatter,,1.7379523871981104,2.118558070051168
0,scatter,,1.7591366643459032,2.118245500247679
0,scatter,,1.7803162420552645,2.1176163148663685
0,scatter,,1.8014878984237706,2.1166593489794923
0,scatter,,1.8226482995357263,2.1153633690142915
0,scatter,,1.843793998814247,2.11371708249667
0,scatter,,1.8649214364708318,2.1117091483868715
0,scatter,,1.8860269390584796,2.1093281880244783
0,scatter,,1.9071067191639182,2.106562795593107
0,scatter,,1.928156875407562,2.103401542333351
0,scatter,,1.9491733920577612,2.0998329994911082
0,scatter,,1.970152139123098,2.095845749378671
0,scatter,,1.9910888725587175,2.091428397803347
0,scatter,,2.011979234579055,2.086569588356804
0,scatter,,2.032818754118881,2.081258017349764
0,scatter,,2.05360284744826,2.0754824494040482
0,scatter,,2.0743268188637516,2.069231731861452
0,scatter,,2.094985861060849,2.062494799263552
0,scatter,,2.1155750569381486,2.055260705869769
0,scatter,,2.1360893807195205,2.0475186400655283
0,scatter,,2.1565236993213444,2.0392579406709515
0,scatter,,2.176872773987511,2.0304681155226687
0,scatter,,2.19713126212277,2.0211388606591485
0,scatter,,2.217293718696279,2.011260074395392
0,scatter,,2.2373545980381038,2.000821873641739
0,scatter,,2.2573082575935777,1.9898146264807148
0,scatter,,2.2771489599122843,1.978228967445383
0,scatter,,2.2968708754591,1.9660558187271706
0,scatter,,2.3164680856633884,1.9532864119979687
0,scatter,,2.335934586178465,1.9399123103960314
0,scatter,,2.3552642889368482,1.9259254098768952
0,scatter,,2.3744510258724394,1.911317965522608
0,scatter,,2.3934885551932283,1.8960826492568341
0,scatter,,2.4123705628615078,1.880212528716044
0,scatter,,2.4310906680622764,1.8637011134576444
0,scatter,,2.449642427297061,1.8465423660951488
0,scatter,,2.4680193390218945,1.828730726076169
0,scatter,,2.486214848574241,1.8102611305195768
0,scatter,,2.504222353242352,1.7911290351664402
0,scatter,,2.5220352076124466,1.771330434853378
0,scatter,,2.53964672888429,1.750861884065597
0,scatter,,2.557050202714632,1.7297205165077443
0,scatter,,2.574238889123615,1.7079040644852233
0,scatter,,2.591206028402241,1.6854108779182138
0,scatter,,2.607944847695204,1.6622399419701352
0,scatter,,2.624448567036685,1.638390895337397
0,scatter,,2.640710406415177,1.6138640458105022
0,scatter,,2.6567235920665664,1.5886603875924774
0,scatter,,2.6724813639141702,1.5627816144139812
0,scatter,,2.687976982280873,1.536230134586476
0,scatter,,2.7032037355274112,1.5090090817365205
0,scatter,,2.718154946236649,1.4811223343582134
0,scatter,,2.732823979201836,1.4525745228099665
0,scatter,,2.7472042501671248,1.4233710279144094
0,scatter,,2.761289232762306,1.3935180003935548
0,scatter,,2.7750724667139846,1.3630223640936432
0,scatter,,2.7885475629679894,1.3318918245256106
0,scatter,,2.801708214067461,1.3001348694828139
0,scatter,,2.814548202177123,1.2677607715180748
0,scatter,,2.8270614052743355,1.234779588576088
0,scatter,,2.8392418057489697,1.2012021636478771
0,scatter,,2.851083499000698,1.167040122972842
0,scatter,,2.8625807003100787,1.1323058698877684
0,scatter,,2.87372775237133,1.0970125781470694
0,scatter,,2.884519134075973,1.0611741871650748
0,scatter,,2.8949494675481398,1.0248053909639823
0,scatter,,2.9050135248038154,0.9879216248340053
0,scatter,,2.914706236500213,0.9505390552299234
0,scatter,,2.924022698849125,0.91267456412422
0,scatter,,2.932958179489478,0.8743457310778472
0,scatter,,2.9415081257149756,0.835570816085781
0,scatter,,2.9496681712198423,0.7963687393274833
0,scatter,,2.9574341415076786,0.7567590592653248
0,scatter,,2.9648020607188923,0.7167619490351976
0,scatter,,2.9717681580114377,0.6763981712119309
0,scatter,,2.9783288727169612,0.6356890522037757
0,scatter,,2.984480860293275,0.5946564531268693
0,scatter,,2.9902209976599425,0.5533227399229427
0,scatter,,2.9955463872668977,0.5117107541963578
0,scatter,,3.0004543624274835,0.4698437790522583
0,scatter,,3.0049424915717644,0.42774550556082813
0,scatter,,3.0090085815473127,0.3854400007425761
0,scatter,,3.0126506818279433,0.3429516688104935
0,scatter,,3.015867087607374,0.30030521507277214
0,scatter,,3.01865634212313,0.2575256114689109
0,scatter,,3.021017239733368,0.2146380542301618
0,scatter,,3.0229488277967005,0.17166792637275952
0,scatter,,3.024450408010465,0.12864076132813906
0,scatter,,3.0255215381802536,0.08558219820002305
0,scatter,,3.026162032893527,0.0425179440113386
0,scatter,,3.026371963812924,-0.0005262641183139405
0,scatter,,3.026151660076587,-0.04352470460563209
0,scatter,,3.025501707801339,-0.0864517083219521
0,scatter,,3.0244229492887986,-0.12928169738229828
0,scatter,,3.0229164820354884,-0.17198922999294164
0,scatter,,3.020983657136238,-0.21454903569937545
0,scatter,,3.0186260773477978,-0.25693605439904776
0,scatter,,3.0158455947722262,-0.29912547888764035
0,scatter,,3.0126443082432712,-0.341092787681643
0,scatter,,3.0090245602110306,-0.38281378341094463
0,scatter,,3.004988933230481,-0.42426463145285576
0,scatter,,3.000540246606576,-0.4654218872468949
0,scatter,,2.9956815518670377,-0.5062625366578638
0,scatter,,2.990416128100372,-0.5467640315741806
0,scatter,,2.984747477110564,-0.5869043214793171
0,scatter,,2.9786793184145353,-0.6266618820261805
0,scatter,,2.972215585190358,-0.6660157270683608
0,scatter,,2.965360417288287,-0.7049454495665636
0,scatter,,2.9581181556510416,-0.7434312404082393
0,scatter,,2.9504933361415406,-0.7814539180276767
0,scatter,,2.942490682871561,-0.8189949684649194
0,scatter,,2.9341151019433696,-0.8560365401637573
0,scatter,,2.925371674451422,-0.8925614719259366
0,scatter,,2.916265649703684,-0.928553307608144
0,scatter,,2.9068024381033837,-0.9639963101256374
0,scatter,,2.896987603538776,-0.9988754767166275
0,scatter,,2.886826856041388,-1.0331765481678876
0,scatter,,2.8763260446789087,-1.0668860275896097
0,scatter,,2.865491149760702,-1.099991184062202
0,scatter,,2.854328275047793,-1.1324800560435557
0,scatter,,2.8428436401089128,-1.1643414580694198
0,scatter,,2.8310435722838965,-1.1955649841234868
0,scatter,,2.818934499078598,-1.226141008194333
0,scatter,,2.8065229403157503,-1.2560606834718737
0,scatter,,2.7938155003474727,-1.2853159410693
0,scatter,,2.7808188605072406,-1.3138994903796433
0,scatter,,2.7675397711571392,-1.3418048093882518
0,scatter,,2.7539850441221017,-1.3690261392839354
0,scatter,,2.740161544990955,-1.3955584775425276
0,scatter,,2.7260761854599616,-1.421397569647011
0,scatter,,2.711735916192031,-1.4465398967824348
0,scatter,,2.6971477194260247,-1.4709826645768855
0,scatter,,2.6823186017117995,-1.4947237922381857
0,scatter,,2.6672555868878636,-1.5177618984620693
0,scatter,,2.651965709266698,-1.540096285221638
0,scatter,,2.6364560068699854,-1.561726922678621
0,scatter,,2.6207335144348267,-1.5826544340268842
0,scatter,,2.604805257352291,-1.6028800769146523
0,scatter,,2.588678245516073,-1.6224057250840278
0,scatter,,2.5723594672652386,-1.6412338496948804
0,scatter,,2.5558558831311617,-1.659367501317012
0,scatter,,2.5391744198602044,-1.6768102911971439
0,scatter,,2.5223219657770115,-1.6935663684853695
0,scatter,,2.5053053652482236,-1.7096404007091794
0,scatter,,2.4881314135865065,-1.7250375529564084
0,scatter,,2.470806851421093,-1.7397634671758584
0,scatter,,2.4533383609073467,-1.7538242405599005
0,scatter,,2.4357325612365788,-1.7672264042744634
0,scatter,,2.417996004413355,-1.7799769021506733
0,scatter,,2.400135170677917,-1.792083068715779
0,scatter,,2.382156464818417,-1.8035526079397408
0,scatter,,2.3640662131525265,-1.8143935725496179
0,scatter,,2.3458706599701773,-1.8246143428160169
0,scatter,,2.3275759642639224,-1.8342236052780363
0,scatter,,2.309188196126138,-1.8432303302146753
0,scatter,,2.290713334911094,-1.8516437537079664
0,scatter,,2.272157266509224,-1.8594733570276087
0,scatter,,2.253525781020227,-1.8667288469160523
0,scatter,,2.2348245700485623,-1.873420133770707
0,scatter,,2.2160592251143068,-1.879557314132655
0,scatter,,2.1972352361172756,-1.885150653056924
0,scatter,,2.1783579896624707,-1.890210565601409
0,scatter,,2.159432767499504,-1.8947475981323423
0,scatter,,2.14046474497809,-1.8987724091719722
0,scatter,,2.121458990587714,-1.902295756272883
0,scatter,,2.1024204648960123,-1.905328478825589
0,scatter,,2.0833540198222993,-1.9078814824120949
0,scatter,,2.064264397699719,-1.909965720683821
0,scatter,,2.045156231185682,-1.911592183556441
0,scatter,,2.026034043003601,-1.9127718834135607
0,scatter,,2.006902245765381,-1.9135158414350153
0,scatter,,1.987765141823276,-1.9138350730822558
0,scatter,,1.9686269233309204,-1.9137405751257812
0,scatter,,1.9494916727097453,-1.9132433165877598
0,scatter,,1.9303633629160943,-1.912354226586224
0,scatter,,1.911245857899599,-1.9110841835944041
0,scatter,,1.8921429130088134,-1.909444002411769
0,scatter,,1.8730581758155176,-1.9074444275263638
0,scatter,,1.8539951868599907,-1.9050961239124509
0,scatter,,1.8349573804777288,-1.9024096682995206
0,scatter,,1.815948085718238,-1.899395540048356
0,scatter,,1.7969705273447265,-1.8960641129544114
0,scatter,,1.7780278269302592,-1.8924256503283075
0,scatter,,1.7591230039943322,-1.888490297703371
0,scatter,,1.7402589772135362,-1.8842680767416775
0,scatter,,1.721438565736101,-1.8797688779178705
0,scatter,,1.702664490456798,-1.8750024569856207
0,scatter,,1.68393937538475,-1.86997843021804
0,scatter,,1.66526574905752,-1.8647062699319532
0,scatter,,1.6466460460578523,-1.859195300040665
0,scatter,,1.6280826085589333,-1.8534546920716075
0,scatter,,1.6095776877233037,-1.8474934631553974
0,scatter,,1.5911334453026786,-1.841320472819703
0,scatter,,1.5727519552229883,-1.8349444205432843
0,scatter,,1.5544352053473658,-1.8283738429834933
0,scatter,,1.5361850989586912,-1.8216171127891334
0,scatter,,1.5180034563940352,-1.8146824371340387
0,scatter,,1.4998920167117107,-1.8075778564452816
0,scatter,,1.481852439436211,-1.8003112433724304
0,scatter,,1.46388630632018,-1.7928903020064157
0,scatter,,1.4459951228285302,-1.7853225677761422
0,scatter,,1.4281803198847287,-1.777615407181103
0,scatter,,1.4104432555525372,-1.7697760178632123
0,scatter,,1.39278521690017,-1.7618114289074696
0,scatter,,1.375207421517929,-1.7537285013171557
0,scatter,,1.3577110191717947,-1.7455339286855431
0,scatter,,1.340297093485031,-1.737234238042593
0,scatter,,1.3229666637526742,-1.7288357910935417
0,scatter,,1.3057206866989173,-1.7203447855537695
0,scatter,,1.2885600576631484,-1.7117672559024402
0,scatter,,1.2714856123754914,-1.7031090750539977
0,scatter,,1.2544981285214687,-1.694375955897049
0,scatter,,1.2375983272722337,-1.685573452920871
0,scatter,,1.2207868747821975,-1.6767069639217522
0,scatter,,1.2040643846326675,-1.6677817334239249
0,scatter,,1.1874314195871873,-1.6588028550626253
0,scatter,,1.17088849135831,-1.649775270739011
0,scatter,,1.154436062890701,-1.6407037740993964
0,scatter,,1.1380745497832168,-1.6315930126610938
0,scatter,,1.121804321668976,-1.6224474899513603
0,scatter,,1.1056257035562085,-1.6132715676560254
0,scatter,,1.0895389783962994,-1.6040694710864516
0,scatter,,1.0735443882888702,-1.594845291175625
0,scatter,,1.0576421342343523,-1.5856029827633213
0,scatter,,1.0418323782690395,-1.576346369206102
0,scatter,,1.0261152447207433,-1.5670791447637313
0,scatter,,1.0104908214273185,-1.5578048769623258
0,scatter,,0.9949591609205674,-1.5485270089358574
0,scatter,,0.9795202827583138,-1.539248866013749
0,scatter,,0.9641741742210247,-1.5299736564984077
0,scatter,,0.9489207904672655,-1.5207044705771275
0,scatter,,0.9337600562641811,-1.5114442850068806
0,scatter,,0.9186918670724588,-1.5021959655492159
0,scatter,,0.9037160900975637,-1.4929622693573668
0,scatter,,0.8888325653168444,-1.4837458473570448
0,scatter,,0.8740411074414379,-1.4745492510109548
0,scatter,,0.8593415063141223,-1.4653749320131615
0,scatter,,0.8447335273488077,-1.4562252422671458
0,scatter,,0.8302169128767187,-1.4471024381041715
0,scatter,,0.8157913830631418,-1.4380086826199965
0,scatter,,0.8014566367941739,-1.428946047952478
0,scatter,,0.7872123525509277,-1.4199165175955712
0,scatter,,0.7730581899752441,-1.410921992672403
0,scatter,,0.7589937901247673,-1.4019642909995544
0,scatter,,0.7450187760416528,-1.3930451479948425
0,scatter,,0.7311327537798581,-1.3841662202347385
0,scatter,,0.7173353131644874,-1.3753290876042439
0,scatter,,0.7036260285249789,-1.3665352553851535
0,scatter,,0.6900044594236194,-1.3577861564272042
0,scatter,,0.6764701518417796,-1.3490831565358896
0,scatter,,0.6630226383958913,-1.3404275533730545
0,scatter,,0.6496614389209474,-1.331820577958318
0,scatter,,0.6363860612433245,-1.3232633975527157
0,scatter,,0.6231960017973405,-1.3147571175749615
0,scatter,,0.6100907462195073,-1.3063027834589334
0,scatter,,0.5970697699421267,-1.2979013826289556
0,scatter,,0.5841325390507284,-1.28955384886242
0,scatter,,0.571278510509801,-1.2812610613499946
0,scatter,,0.5585071326887548,-1.273023846445007
0,scatter,,0.5458178459376141,-1.2648429799502332
0,scatter,,0.5332100830776966,-1.2567191887838578
0,scatter,,0.5206832698745718,-1.248653152592946
0,scatter,,0.5082368255081611,-1.2406455054987175
0,scatter,,0.4958701631619143,-1.2326968394614237
0,scatter,,0.4835826902752984,-1.2248077036676637
0,scatter,,0.471373808975357,-1.2169786062629369
0,scatter,,0.4592429165014891,-1.2092100161451742
0,scatter,,0.447189405588135,-1.2015023643839537
0,scatter,,0.4352126648331337,-1.1938560455941318
0,scatter,,0.4233120790580382,-1.1862714194351236
0,scatter,,0.4114870296919696,-1.1787488131032107
0,scatter,,0.3997368950445086,-1.1712885210843562
0,scatter,,0.3880610506324316,-1.1638908067056044
0,scatter,,0.3764588694896354,-1.1565559035359894
0,scatter,,0.3649297224589663,-1.149284016574672
0,scatter,,0.353472978472357,-1.14207532340031
0,scatter,,0.34208800481499535,-1.1349299754229358
0,scatter,,0.3307741673611702,-1.1278480996705018
0,scatter,,0.31953083085127054,-1.1208297988622415
0,scatter,,0.3083573591194983,-1.1138751527012822
0,scatter,,0.2972531153170288,-1.106984218968936
0,scatter,,0.2862174621281461,-1.100157034503624
0,scatter,,0.2752497619768883,-1.0933936161474078
0,scatter,,0.26434937720655,-1.086693961780887
0,scatter,,0.2535156702053647,-1.080058051618904
0,scatter,,0.24274800369201013,-1.0734858483898042
0,scatter,,0.23204574085201216,-1.0669772983978414
0,scatter,,0.22140824549374397,-1.0605323323800417
0,scatter,,0.2108348822036077,-1.0541508662941739
0,scatter,,0.20032501649390252,-1.0478328020791228
0,scatter,,0.18987801494431045,-1.0415780283884228
0,scatter,,0.1794932452651353,-1.0353864215453608
0,scatter,,0.16917007634215447,-1.0292578465135447
0,scatter,,0.15890787857087438,-1.0231921568257931
0,scatter,,0.1487060238741495,-1.0171891955612593
0,scatter,,0.13856388580240303,-1.0112487959950516
0,scatter,,0.12848083963279272,-1.0053707822123967
0,scatter,,0.11845626246326438,-0.9995549697019421
0,scatter,,0.10848953330155382,-0.9938011659286025
0,scatter,,0.09858003302824339,-0.9881091709033203
0,scatter,,0.08872714448540436,-0.9824787777159882
0,scatter,,0.07893025271054568,-0.976909773029372
0,scatter,,0.06918874491023821,-0.9714019375898825
0,scatter,,0.05950201052025819,-0.965955046708656
0,scatter,,0.04986944126165342,-0.9605688707256157
0,scatter,,0.04029043119344649,-0.9552431754573691
0,scatter,,0.030764376759378154,-0.9499777226279253
0,scatter,,0.021290676678122657,-0.9447722702004393
0,scatter,,0.011868732101006176,-0.9396265728418935
0,scatter,,0.002497946711440477,-0.9345403823432591
0,scatter,,-0.006822273305604282,-0.9295134479564183
0,scatter,,-0.016092519236333747,-0.92454551675076
0,scatter,,-0.02531337981367585,-0.9196363339567691
0,scatter,,-0.034485441195091095,-0.914785643297316
0,scatter,,-0.04360928695538735,-0.9099931872895483
0,scatter,,-0.052685498239004494,-0.9052587073169018
0,scatter,,-0.061714653555288476,-0.9005819441876893
0,scatter,,-0.07069732877886652,-0.8959626384014058
0,scatter,,-0.07963409718287398,-0.8914005303612964
0,scatter,,-0.08852552943608478,-0.8868953606292507
0,scatter,,-0.09737219360202219,-0.8824468701706323
0,scatter,,-0.10617465513940372,-0.8780548005897565
0,scatter,,-0.11493347692927809,-0.8737188943058691
0,scatter,,-0.12364921940867356,-0.8694388945109309
0,scatter,,-0.13232244038656002,-0.8652145457545253
0,scatter,,-0.140953695104397,-0.861045594035107
0,scatter,,-0.14954353626598788,-0.856931786946895
0,scatter,,-0.1580925140513924,-0.8528728738524878
0,scatter,,-0.16660117613186493,-0.8488686060477878
0,scatter,,-0.17507006768587938,-0.844918736919541
0,scatter,,-0.18349973145709486,-0.8410230220029818
0,scatter,,-0.19189070785398435,-0.8371812189407412
0,scatter,,-0.2002435348042983,-0.8333930879876504
0,scatter,,-0.20855874784247608,-0.8296583919868671
0,scatter,,-0.2168368801396371,-0.8259768964699131
0,scatter,,-0.22507846252867572,-0.8223483697631475
0,scatter,,-0.23328402352958913,-0.818772583088391
0,scatter,,-0.24145408937529,-0.8152493106578779
0,scatter,,-0.24958918409382103,-0.8117783296177291
0,scatter,,-0.25768982955736586,-0.8083594200735436
0,scatter,,-0.2657565453992556,-0.8049923654534942
0,scatter,,-0.2737898490998647,-0.8016769524283731
0,scatter,,-0.2817902560184542,-0.7984129709677382
0,scatter,,-0.2897582794242929,-0.7952002143928841
0,scatter,,-0.2976944305278182,-0.7920384794251182
0,scatter,,-0.30559921851232763,-0.7889275662283992
0,scatter,,-0.31347315065319825,-0.7858672781943
0,scatter,,-0.3213167322920649,-0.7828574221408512
0,scatter,,-0.32913046680619445,-0.7798978085212214
0,scatter,,-0.3369148556894489,-0.7769882513051408
0,scatter,,-0.3446703985847784,-0.7741285679955702
0,scatter,,-0.3523975933165113,-0.7713185796417856
0,scatter,,-0.3600969359219534,-0.7685581108492773
0,scatter,,-0.3677689206824048,-0.7658469897866368
0,scatter,,-0.3754140401536993,-0.7631850481896156
0,scatter,,-0.38303278524412965,-0.7605721212203432
0,scatter,,-0.3906256454538594,-0.7580080468462058
0,scatter,,-0.3981931085500666,-0.7554926668762186
0,scatter,,-0.40573566070560374,-0.7530258266270284
0,scatter,,-0.41325378656007744,-0.7506073748125289
0,scatter,,-0.42074796925202174,-0.7482371635142759
0,scatter,,-0.4282186904501662,-0.7459150481491424
0,scatter,,-0.4356664303840731,-0.7436408874342874
0,scatter,,-0.44309166787381904,-0.7414145433497017
0,scatter,,-0.4504948803590081,-0.7392358810983453
0,scatter,,-0.457876544031664,-0.7371047686939091
0,scatter,,-0.4652371338201711,-0.7350210770681769
0,scatter,,-0.47257712330628,-0.7329846804095536
0,scatter,,-0.4798969848254813,-0.7309954558486165
0,scatter,,-0.4871971894945612,-0.7290532833947467
0,scatter,,-0.4944782072383928,-0.7271580458702837
0,scatter,,-0.5017405068155345,-0.7253096288424403
0,scatter,,-0.508984555842768,-0.7235079205530645
0,scatter,,-0.5162108208187061,-0.7217528118463373
0,scatter,,-0.5234197671664944,-0.7200441960246432
0,scatter,,-0.5306118593771194,-0.7183819683542858
0,scatter,,-0.5377875608424437,-0.7167660266274489
0,scatter,,-0.5449473339230823,-0.7151962709140129
0,scatter,,-0.5520916399890128,-0.7136726034005266
0,scatter,,-0.5592209394394362,-0.7121949282946417
0,scatter,,-0.5663356917212884,-0.7107631517273827
0,scatter,,-0.5734363553465449,-0.7093771816533032
0,scatter,,-0.5805233879084554,-0.7080369277485916
0,scatter,,-0.587597246096303,-0.7067423013072931
0,scatter,,-0.5946583857577998,-0.7054932149194311
0,scatter,,-0.6017072619061135,-0.704289582386653
0,scatter,,-0.6087443286574991,-0.703131318935404
0,scatter,,-0.61577003928507,-0.7020183409098932
0,scatter,,-0.6227848462287834,-0.7009505656497171
0,scatter,,-0.6297892011041671,-0.6999279113657154
0,scatter,,-0.6367835547094697,-0.698950297013734
0,scatter,,-0.6437683570313778,-0.698017642166327
0,scatter,,-0.650744057249445,-0.6971298668824402
0,scatter,,-0.6577111037448542,-0.6962868915458362
0,scatter,,-0.6646699441514109,-0.6954886364883665
0,scatter,,-0.6716210252855992,-0.6947350221939931
0,scatter,,-0.6785647931586614,-0.6940259690926831
0,scatter,,-0.6855016929840702,-0.6933613973669751
0,scatter,,-0.6924321691739954,-0.6927412268032472
0,scatter,,-0.6993566653340062,-0.6921653766408169
0,scatter,,-0.7062756242561549,-0.6916337654188917
0,scatter,,-0.7131894879105901,-0.6911463108213984
0,scatter,,-0.7200986974353124,-0.6907029295197635
0,scatter,,-0.7270036931430036,-0.6903035369055942
0,scatter,,-0.7339049145122283,-0.6899480469023623
0,scatter,,-0.7408028001341366,-0.689636372019694
0,scatter,,-0.7476977877160519,-0.6893684230683834
0,scatter,,-0.7545903140637734,-0.6891441089863247
0,scatter,,-0.7614808150616854,-0.6889633366635294
0,scatter,,-0.7683697256510558,-0.6888260107648584
0,scatter,,-0.7752574798066753,-0.6887320335504902
0,scatter,,-0.7821445105114353,-0.6886813046941552
0,scatter,,-0.7890312497303841,-0.6886737210885112
0,scatter,,-0.7959181283961835,-0.6887091765346399
0,scatter,,-0.8028055763592792,-0.6887875617131314
0,scatter,,-0.8096940223570737,-0.6889087639741203
0,scatter,,-0.816583893982591,-0.6890726671123857
0,scatter,,-0.8234756176479401,-0.6892791511687199
0,scatter,,-0.830369618545581,-0.689528092228892
0,scatter,,-0.8372663206075438,-0.689819362220216
0,scatter,,-0.8441661464627491,-0.690152828705743
0,scatter,,-0.8510695173920529,-0.6905283546760774
0,scatter,,-0.857976853286237,-0.6909457982921104
0,scatter,,-0.8648885725995223,-0.6914050126483793
0,scatter,,-0.8718050922846012,-0.6919058456827722
0,scatter,,-0.8787268277460424,-0.6924481398941768
0,scatter,,-0.885654192784964,-0.6930317321194067
0,scatter,,-0.8925875995410899,-0.6936564533094666
0,scatter,,-0.8995274584325308,-0.6943221283034134
0,scatter,,-0.9064741780934447,-0.6950285755998437
0,scatter,,-0.9134281653091919,-0.6957756071259792
0,scatter,,-0.9203898249491399,-0.696563028004375
0,scatter,,-0.9273595598972664,-0.6973906363172762
0,scatter,,-0.9343377709801816,-0.6982582228685947
0,scatter,,-0.9413248569051273,-0.6991655708759679
0,scatter,,-0.9483212141849987,-0.7001124557187239
0,scatter,,-0.9553272370328064,-0.7010986448353751
0,scatter,,-0.9623433172946012,-0.702123897396259
0,scatter,,-0.9693698443655889,-0.703187964050961
0,scatter,,-0.9764072051037177,-0.7042905866743486
0,scatter,,-0.9834557837405236,-0.7054314981101433
0,scatter,,-0.9905159617893871,-0.7066104219120545
0,scatter,,-0.9975881179513562,-0.7078270720825145
0,scatter,,-1.0046726280181517,-0.709081152808956
0,scatter,,-1.0117698647725062,-0.710372358197666
0,scatter,,-1.0188801978859963,-0.7117003720052516
0,scatter,,-1.0260039938262495,-0.7130648675265732
0,scatter,,-1.033141615746947,-0.7144655072930445
0,scatter,,-1.0402934233576058,-0.7159019425399106
0,scatter,,-1.0474597728223842,-0.7173738130857272
0,scatter,,-1.0546410166442453,-0.7188807470561348
0,scatter,,-1.0618375035464322,-0.7204223606049422
0,scatter,,-1.0690495783509153,-0.7219982576330485
0,scatter,,-1.0762775818539674,-0.7236080295052463
0,scatter,,-1.0835218506990267,-0.7252512547649651
0,scatter,,-1.0907827172464573,-0.7269274988468809
0,scatter,,-1.0980605094403602,-0.728636313787446
0,scatter,,-1.1053555506726032,-0.7303772379333925
0,scatter,,-1.1126681597045003,-0.7321497961311098
0,scatter,,-1.1199986504972106,-0.7339534992132701
0,scatter,,-1.1273473319947835,-0.7357878431300642
0,scatter,,-1.1347145080252716,-0.7376523090419056
0,scatter,,-1.1421004771507495,-0.7395463630280182
0,scatter,,-1.1495055325141743,-0.7414694557936772
0,scatter,,-1.1569299616834046,-0.7434210223762372
0,scatter,,-1.1643740464919536,-0.7454004818498786
0,scatter,,-1.1718380628766474,-0.7474072370291516
0,scatter,,-1.1793222807123531,-0.7494406741714023
0,scatter,,-1.1868269636433775,-0.7515001626780147
0,scatter,,-1.1943523689120028,-0.7535850547965621
0,scatter,,-1.201898747335617,-0.7556946863376139
0,scatter,,-1.20946634302601,-0.7578283756856512
0,scatter,,-1.2170553930827226,-0.7599854226568729
0,scatter,,-1.2246661275088766,-0.7621651088671311
0,scatter,,-1.2322987690261784,-0.7643666974465746
0,scatter,,-1.2399535328868234,-0.7665894327547158
0,scatter,,-1.2476306266824846,-0.7688325400960492
0,scatter,,-1.2553302501499752,-0.771095225436184
0,scatter,,-1.2630525949737677,-0.7733766751186194
0,scatter,,-1.2707978445855461,-0.7756760555822924
0,scatter,,-1.2785661739603869,-0.7779925130798584
0,scatter,,-1.2863577494125216,-0.7803251734112897
0,scatter,,-1.2941727287223121,-0.7826731433982848
0,scatter,,-1.3020112606360452,-0.7850355091126061
0,scatter,,-1.3098734844627198,-0.787411334627338
0,scatter,,-1.3177595300386766,-0.7897996627000397
0,scatter,,-1.325669517510353,-0.7921995145285133
0,scatter,,-1.3336035571142881,-0.7946098895100355
0,scatter,,-1.3415617489541085,-0.7970297650041055
0,scatter,,-1.3495441827748484,-0.799458096098959
0,scatter,,-1.3575509377341757,-0.8018938153818547
0,scatter,,-1.3655820821707167,-0.8043358327133318
0,scatter,,-1.3736376733696898,-0.8067830350056394
0,scatter,,-1.3817177573334973,-0.8092342860404228
0,scatter,,-1.3898223689978741,-0.8116884282388946
0,scatter,,-1.3979515315892064,-0.8141442807176281
0,scatter,,-1.406105256213336,-0.816600638368023
0,scatter,,-1.4142835418103128,-0.8190562725429746
0,scatter,,-1.422486374917511,-0.8215099309278558
0,scatter,,-1.4307137294308503,-0.8239603374218856
0,scatter,,-1.4389655663643672,-0.8264061920302807
0,scatter,,-1.4472418336083939,-0.8288461707675921
0,scatter,,-1.4555424656859624,-0.8312789255724333
0,scatter,,-1.4638673835251683,-0.833703084182189
0,scatter,,-1.4722164942799338,-0.836117249872734
0,scatter,,-1.4805896909647465,-0.8385200017569544
0,scatter,,-1.4889868522446106,-0.8409098946319621
0,scatter,,-1.4974078421952173,-0.843285458924368
0,scatter,,-1.505852510053316,-0.8456452006734906
0,scatter,,-1.5143206899660169,-0.847987601527776
0,scatter,,-1.5228122007392877,-0.8503111187548058
0,scatter,,-1.5313268455852413,-0.852614185265078
0,scatter,,-1.5398644118686449,-0.8548952096499827
0,scatter,,-1.5484246712609433,-0.8571525777953827
0,scatter,,-1.5570073793819361,-0.8593846525543478
0,scatter,,-1.5656122750216939,-0.8615897718346781
0,scatter,,-1.5742390802201016,-0.8637662499819259
0,scatter,,-1.582887500027155,-0.8659123779599821
0,scatter,,-1.5915572222637304,-0.8680264235526902
0,scatter,,-1.600247917283286,-0.8701066315875735
0,scatter,,-1.6089592377348152,-0.8721512241822476
0,scatter,,-1.6176908183267156,-0.8741584010139306
0,scatter,,-1.6264422756483052,-0.8761263396706302
0,scatter,,-1.6352132084865112,-0.8780531965340993
0,scatter,,-1.6440031968533,-0.8799371063605773
0,scatter,,-1.6528118018775482,-0.8817761827739892
0,scatter,,-1.6616385657084445,-0.8835685187948826
0,scatter,,-1.6704830113054634,-0.8853121872773813
0,scatter,,-1.6793446422315925,-0.887005241374374
0,scatter,,-1.6882229424502038,-0.8886457150315558
0,scatter,,-1.6971173761252645,-0.8902316235108036
0,scatter,,-1.7060273874252703,-0.8917609639435069
0,scatter,,-1.7149524006024524,-0.8932317163611135
0,scatter,,-1.7238918200437379,-0.8946418447039346
0,scatter,,-1.7328450292964166,-0.8959892961659651
0,scatter,,-1.7418113912739182,-0.8972720025082236
0,scatter,,-1.7507902481123094,-0.8984878808225922
0,scatter,,-1.7597809210189352,-0.899634834308214
0,scatter,,-1.7687827101272342,-0.9007107530843496
0,scatter,,-1.777794894358353,-0.9017135150404096
0,scatter,,-1.7868167312892778,-0.9026409867237636
0,scatter,,-1.7958474570493441,-0.9034910242622997
0,scatter,,-1.804886286910423,-0.9042614742068784
0,scatter,,-1.8139324144715645,-0.9049501746590582
0,scatter,,-1.8229850114165733,-0.9055549563410403
0,scatter,,-1.8320432276905914,-0.9060736436353304
0,scatter,,-1.8411061914354951,-0.9065040557094354
0,scatter,,-1.8501730089353514,-0.9068440076826936
0,scatter,,-1.8592427645724456,-0.9070913118358968
0,scatter,,-1.868314520793692,-0.9072437788643326
0,scatter,,-1.8773873180879366,-0.9072992191749167
0,scatter,,-1.8864601751366317,-0.9072554439010723
0,scatter,,-1.895532089285538,-0.9071102653375341
0,scatter,,-1.9046020356534215,-0.9068615001965551
0,scatter,,-1.913668967492797,-0.9065069704078194
0,scatter,,-1.9227318162940694,-0.9060445045080552
0,scatter,,-1.931789491853082,-0.9054719391778739
0,scatter,,-1.9408408823532746,-0.9047871208241226
0,scatter,,-1.9498848544623226,-0.903987907208312
0,scatter,,-1.9589202534438224,-0.9030721691216547
0,scatter,,-1.9679459032848918,-0.9020377921049751
0,scatter,,-1.9769606071811157,-0.9008826757317158
0,scatter,,-1.9859631475284862,-0.8996047366396601
0,scatter,,-1.9949522857828021,-0.8982019126926994
0,scatter,,-2.0039267628827857,-0.896672163218297
0,scatter,,-2.012885299472194,-0.8950134708778474
0,scatter,,-2.021826596140402,-0.8932238435794645
0,scatter,,-2.0307493336820595,-0.8913013164333901
0,scatter,,-2.039652173375742,-0.8892439537503535
0,scatter,,-2.0485337572821907,-0.8870498510830912
0,scatter,,-2.057392708565717,-0.8847171368109326
0,scatter,,-2.066227631856086,-0.882243970352754
0,scatter,,-2.075037113578317,-0.879628549282314
0,scatter,,-2.083819722339685,-0.8768691104725541
0,scatter,,-2.0925740093366647,-0.8739639314929961
0,scatter,,-2.101298508780041,-0.8709113326700758
0,scatter,,-2.1099917383426035,-0.8677096791677351
0,scatter,,-2.1186521996293477,-0.8643573830875768
0,scatter,,-2.1272783785062,-0.8608529057245844
0,scatter,,-2.1358687454758014,-0.8571947598211537
0,scatter,,-2.144421756626272,-0.8533815113811497
0,scatter,,-2.1529358539892485,-0.8494117820116988
0,scatter,,-2.1614094661042205,-0.8452842511291716
0,scatter,,-2.169841008611056,-0.8409976581768523
0,scatter,,-2.178228884865767,-0.8365508048579727
0,scatter,,-2.1865714865731563,-0.8319425572518736
0,scatter,,-2.194867194231392,-0.8271718438780051
0,scatter,,-2.203114378006152,-0.8222376615604025
0,scatter,,-2.2113113984841983,-0.8171390785212301
0,scatter,,-2.2194566073283117,-0.8118752351137456
0,scatter,,-2.2275483480246785,-0.8064453458666936
0,scatter,,-2.23558495665412,-0.8008487015119006
0,scatter,,-2.243564762687594,-0.7950846709929493
0,scatter,,-2.251486089616484,-0.7891527030857364
0,scatter,,-2.2593472551463716,-0.7830523271010014
0,scatter,,-2.2671465731089606,-0.7767831568499662
0,scatter,,-2.2748823539788026,-0.770344891826101
0,scatter,,-2.282552905685174,-0.7637373188825869
0,scatter,,-2.290156534508281,-0.7569603139930116
0,scatter,,-2.297691545996098,-0.7500138439703349
0,scatter,,-2.305156245902051,-0.7428979681415886
0,scatter,,-2.312548940709781,-0.7356128381442193
0,scatter,,-2.3198679386829357,-0.7281586998019808
0,scatter,,-2.3271115513525675,-0.7205358967087324
0,scatter,,-2.3342780942137957,-0.712744870331456
0,scatter,,-2.341365887731746,-0.7047861612754261
0,scatter,,-2.3483732583647146,-0.6966604104751941
0,scatter,,-2.3552985396045636,-0.6883683603080846
0,scatter,,-2.3621400729371684,-0.6799108555362587
0,scatter,,-2.3688962078964306,-0.6712888432934652
0,scatter,,-2.3755653043418308,-0.66250337506908
0,scatter,,-2.38214573339091,-0.6535556073170615
0,scatter,,-2.388635878288552,-0.6444468018969587
0,scatter,,-2.3950341354836717,-0.6351783265999678
0,scatter,,-2.4013389157157765,-0.6257516555698789
0,scatter,,-2.4075486451106016,-0.6161683696160472
0,scatter,,-2.41366176593219,-0.6064301563406905
0,scatter,,-2.419676737225409,-0.5965388101261068
0,scatter,,-2.425592037021262,-0.5864962323311347
0,scatter,,-2.431406162955738,-0.5763044310305182
0,scatter,,-2.4371176333317215,-0.5659655207207824
0,scatter,,-2.4427249882062423,-0.555481721901975
0,scatter,,-2.4482267904785537,-0.5448553605265812
0,scatter,,-2.453621626727818,-0.5340888666195116
0,scatter,,-2.458908108521557,-0.5231847785746898
0,scatter,,-2.4640848721857496,-0.5121457348962816
0,scatter,,-2.4691505818179356,-0.5009744774420326
0,scatter,,-2.474103929439773,-0.48967384922805696
0,scatter,,-2.478943636030455,-0.4782467931609959
0,scatter,,-2.483668452546418,-0.4666963506121995
0,scatter,,-2.488277160927095,-0.45502565983450977
0,scatter,,-2.492768575022897,-0.44323795455282733
0,scatter,,-2.4971415411603015,-0.43133656420659083
0,scatter,,-2.5013949393405697,-0.4193249106782685
0,scatter,,-2.505527684055231,-0.4072065067880192
0,scatter,,-2.5095387256576043,-0.3949849520646292
0,scatter,,-2.51342705112452,-0.3826639310298009
0,scatter,,-2.517191684765612,-0.37024721150760315
0,scatter,,-2.5208316889692193,-0.3577386425243081
0,scatter,,-2.5243461646267793,-0.345142153421376
0,scatter,,-2.527734252455301,-0.3324617488214553
0,scatter,,-2.5309951335523646,-0.3197015067267279
0,scatter,,-2.534128030247395,-0.3068655749731268
0,scatter,,-2.5371322066890194,-0.29395816887325504
0,scatter,,-2.540006969538467,-0.28098356804249075
0,scatter,,-2.5427516684952347,-0.2679461134812185
0,scatter,,-2.5453656969334797,-0.25485020423509747
0,scatter,,-2.5478484925394933,-0.24170029387899356
0,scatter,,-2.5501995377942013,-0.22850088728165024
0,scatter,,-2.5524183604345545,-0.2152565373047487
0,scatter,,-2.554504533987139,-0.20197184093596154
0,scatter,,-2.5564576781765878,-0.18865143576735965
0,scatter,,-2.5582774592330226,-0.17529999670451732
0,scatter,,-2.5599635903247977,-0.1619222318701649
0,scatter,,-2.561515831875646,-0.14852287881019488
0,scatter,,-2.562933991763299,-0.13510670127083077
0,scatter,,-2.564217925611576,-0.121678484939515
0,scatter,,-2.565367537044384,-0.10824303314209266
0,scatter,,-2.5663827778376818,-0.09480516299180458
0,scatter,,-2.567263648059061,-0.08136970130113941
0,scatter,,-2.5680101959014956,-0.0679414828317336
0,scatter,,-2.5686225178854407,-0.054525344894877176
0,scatter,,-2.5691007589947907,-0.041126122161275556
0,scatter,,-2.5694451125653917,-0.027748643290612142
0,scatter,,-2.5696558202198183,-0.014397726801344185
0,scatter,,-2.5697331715994594,-0.0010781798050033403
0,scatter,,-2.5696775043105586,0.012205207728820104
0,scatter,,-2.5694892038034283,0.025447668234906233
0,scatter,,-2.569168703091932,0.038644459706397266
0,scatter,,-2.5687164824845743,0.051790869698492
0,scatter,,-2.568133069244322,0.06488221626778587
0,scatter,,-2.5674190372598074,0.07791385371450768
0,scatter,,-2.5665750066699218,0.09088117760670017
0,scatter,,-2.5656016434269255,0.10377962767212157
0,scatter,,-2.5644996588334643,0.116604691525198
0,scatter,,-2.5632698091716546,0.12935190536543822
0,scatter,,-2.561912895085271,0.142016859444291
0,scatter,,-2.5604297609618683,0.15459520262307308
0,scatter,,-2.5588212943619366,0.1670826449380945
0,scatter,,-2.5570884253799613,0.17947496092080634
0,scatter,,-2.5552321262416147,0.19176799006073286
0,scatter,,-2.553253410420819,0.203957641779354
0,scatter,,-2.5511533318160335,0.21603989936639217
0,scatter,,-2.5489329840578927,0.22801082213693522
0,scatter,,-2.5465934997177797,0.23986654823617914
0,scatter,,-2.5441360498913523,0.2516032949471855
0,scatter,,-2.5415618430719986,0.2632173629350381
0,scatter,,-2.538872124157215,0.2747051394290865
0,scatter,,-2.536068173657534,0.286063099930491
0,scatter,,-2.5331513067808666,0.29728781042529334
0,scatter,,-2.5301228730063112,0.30837592758816934
0,scatter,,-2.52698425475409,0.31932420211906026
0,scatter,,-2.523736866265695,0.33012948110111745
0,scatter,,-2.520382152735467,0.3407887092278609
0,scatter,,-2.5169215893020565,0.3512989303795956
0,scatter,,-2.5133566806185583,0.3616572877759165
0,scatter,,-2.5096889593639617,0.37186102627427053
0,scatter,,-2.505919985040943,0.3819074938819583
0,scatter,,-2.5020513430542057,0.391794142494218
0,scatter,,-2.4980846436415867,0.4015185288228267
0,scatter,,-2.494021521441653,0.411078314533108
0,scatter,,-2.489863633899514,0.42047126743742347
0,scatter,,-2.485612660025594,0.42969526218825954
0,scatter,,-2.4812702994445837,0.43874828053561205
0,scatter,,-2.476838271309651,0.4476284116281125
0,scatter,,-2.4723183140715976,0.45633385217691624
0,scatter,,-2.467712183515716,0.4648629065283346
0,scatter,,-2.4630216515071672,0.4732139866022087
0,scatter,,-2.458248505084612,0.4813856117020904
0,scatter,,-2.453394545309869,0.48937640820783146
0,scatter,,-2.448461586123523,0.497185109156437
0,scatter,,-2.4434514549060835,0.5048105546334112
0,scatter,,-2.4383659903614094,0.5122516905951575
0,scatter,,-2.433207040427047,0.5195075675904377
0,scatter,,-2.4279764618811144,0.5265773402881587
0,scatter,,-2.4226761192385724,0.5334602665037689
0,scatter,,-2.417307883643543,0.5401557061082642
0,scatter,,-2.411873632873105,0.5466631218059137
0,scatter,,-2.4063752502968883,0.5529820779422367
0,scatter,,-2.400814622302476,0.5591122364707208
0,scatter,,-2.3951936380508827,0.5650533569573188
0,scatter,,-2.389514188447983,0.5708052950785538
0,scatter,,-2.383778165117949,0.5763680010128133
0,scatter,,-2.3779874600855506,0.5817415196595379
0,scatter,,-2.37214396551,0.5869259908858786
0,scatter,,-2.366249570859249,0.5919216426549612
0,scatter,,-2.3603061627648203,0.596728791378387
0,scatter,,-2.3543156241246423,0.6013478400971164
0,scatter,,-2.3482798331879167,0.6057792765002143
0,scatter,,-2.342200663006582,0.6100236723514577
0,scatter,,-2.3360799814978246,0.6140816853440549
0,scatter,,-2.329919648984075,0.6179540502839724
0,scatter,,-2.323721517920729,0.6216415792944724
0,scatter,,-2.3174874321639383,0.6251451599716296
0,scatter,,-2.311219226182512,0.6284657531804927
0,scatter,,-2.3049187244396534,0.6316043916957685
0,scatter,,-2.29858774151155,0.6345621829951003
0,scatter,,-2.2922280801958297,0.6373403001692446
0,scatter,,-2.2858415310905875,0.6399399812688468
0,scatter,,-2.2794298720336195,0.6423625276882536
0,scatter,,-2.2729948674513425,0.6446093018728261
0,scatter,,-2.2665382667587104,0.6466817268159661
0,scatter,,-2.260061809068328,0.6485812823731217
0,scatter,,-2.2535672133898115,0.6503095092323392
0,scatter,,-2.247056185380534,0.6518679968541283
0,scatter,,-2.2405304143697546,0.6532583857995757
0,scatter,,-2.2339915729093085,0.6544823653762482
0,scatter,,-2.2274413163307965,0.6555416713842989
0,scatter,,-2.220881282536041,0.6564380874594666
0,scatter,,-2.214313091415666,0.6571734406837972
0,scatter,,-2.2077383443315575,0.6577495981794206
0,scatter,,-2.2011586237463345,0.6581684659629929
0,scatter,,-2.1945754929876,0.6584319872658063
0,scatter,,-2.1879904957867646,0.6585421403472481
0,scatter,,-2.1814051556934992,0.6585009360287873
0,scatter,,-2.174820975740962,0.6583104157915454
0,scatter,,-2.1682394387058577,0.6579726510765341
0,scatter,,-2.161662007113753,0.657489742062859
0,scatter,,-2.155090121710823,0.6568638133016103
0,scatter,,-2.148525201605978,0.6560970127742214
0,scatter,,-2.141968644438693,0.6551915106149356
0,scatter,,-2.135421826958818,0.6541494983638257
0,scatter,,-2.1288861031972446,0.6529731850999272
0,scatter,,-2.1223628047310887,0.65166479628679
0,scatter,,-2.1158532407580046,0.6502265724976841
0,scatter,,-2.1093586990031636,0.6486607695651048
0,scatter,,-2.10288044397639,0.646969654237669
0,scatter,,-2.0964197171750274,0.6451555031360561
0,scatter,,-2.0899777371857784,0.6432206016182123
0,scatter,,-2.0835557004174188,0.6411672439763022
0,scatter,,-2.0771547802015484,0.6389977302665912
0,scatter,,-2.070776126356022,0.6367143640936078
0,scatter,,-2.064420865477232,0.6343194519314491
0,scatter,,-2.058090102030734,0.6318153045520454
0,scatter,,-2.0517849170760556,0.6292042326256412
0,scatter,,-2.0455063681882306,0.6264885452592528
0,scatter,,-2.039255489695581,0.623670549306879
0,scatter,,-2.033033292688274,0.6207525481088905
0,scatter,,-2.026840765265757,0.6177368410499083
0,scatter,,-2.02067887324123,0.6146257247125047
0,scatter,,-2.0145485592546755,0.6114214883327346
0,scatter,,-2.0084507432418137,0.6081264140511685
0,scatter,,-2.0023863226598992,0.6047427762667409
0,scatter,,-1.9963561726941608,0.6012728408893786
0,scatter,,-1.990361144981642,0.597718862189847
0,scatter,,-1.9844020676641558,0.5940830818424836
0,scatter,,-1.9784797475879417,0.5903677314966423
0,scatter,,-1.9725949694444695,0.5865750303692998
0,scatter,,-1.9667484959443795,0.5827071845464686
0,scatter,,-1.9609410679578072,0.5787663862494351
0,scatter,,-1.9551734037585549,0.5747548116419509
0,scatter,,-1.9494462000553854,0.5706746216070797
0,scatter,,-1.9437601322789784,0.5665279613158888
0,scatter,,-1.9381158545423678,0.562316959277208
0,scatter,,-1.9325139998336136,0.558043726790837
0,scatter,,-1.926955180107015,0.5537103573072949
0,scatter,,-1.9214399860826166,0.5493189254718942
0,scatter,,-1.9159689880424315,0.544871487357398
0,scatter,,-1.9105427358607878,0.540370079827535
0,scatter,,-1.9051617591787235,0.5358167200935657
0,scatter,,-1.8998265676207111,0.5312134053452112
0,scatter,,-1.8945376508315455,0.5265621120715785
0,scatter,,-1.889295478636106,0.5218647956274483
0,scatter,,-1.8841005015727608,0.5171233905052699
0,scatter,,-1.878953150972038,0.512339809792634
0,scatter,,-1.8738538391870716,0.5075159449281078
0,scatter,,-1.868802959827091,0.5026536654811274
0,scatter,,-1.8638008876471628,0.49775481817516676
0,scatter,,-1.8588479791094086,0.4928212274409651
0,scatter,,-1.8539445726196022,0.48785469525601166
0,scatter,,-1.8490909887070779,0.4828570008739429
0,scatter,,-1.84428753026549,0.47782990070838055
0,scatter,,-1.8395344827383537,0.47277512807928956
0,scatter,,-1.8348321141073771,0.46769439242920846
0,scatter,,-1.8301806755141556,0.46258938030600727
0,scatter,,-1.8255804013951213,0.4574617550153297
0,scatter,,-1.821031509694775,0.45231315650507803
0,scatter,,-1.81653420210725,0.4471452013442313
0,scatter,,-1.8120886643185017,0.44195948271915525
0,scatter,,-1.8076950661930171,0.4367575702533471
0,scatter,,-1.8033535618277365,0.4315410093829685
0,scatter,,-1.7990642900783733,0.4263113223890643
0,scatter,,-1.7948273746926018,0.42107000808239625
0,scatter,,-1.7906429245154838,0.41581854175713545
0,scatter,,-1.7865110337076144,0.41055837520677557
0,scatter,,-1.7824317819588713,0.4052909367435534
0,scatter,,-1.778405234841317,0.4000176314935997
0,scatter,,-1.774431444386441,0.3947398421290792
0,scatter,,-1.7705104486635772,0.3894589277148089
0,scatter,,-1.766642272224817,0.3841762242104181
0,scatter,,-1.7628269263520326,0.37889304460680506
0,scatter,,-1.7590644092734962,0.3736106790145699
0,scatter,,-1.7553547063766761,0.36833039475459234
0,scatter,,-1.751697790539486,0.3630534367179445
0,scatter,,-1.748093622573377,0.3577810279805259
0,scatter,,-1.7445421509848855,0.35251436893556415
0,scatter,,-1.7410433123652345,0.3472546378101251
0,scatter,,-1.7375970316199314,0.3420029908405272
0,scatter,,-1.7342032221819053,0.336760562420495
0,scatter,,-1.7308617862217381,0.33152846525158075
0,scatter,,-1.7275726149256159,0.3263077906320923
0,scatter,,-1.7243355887994578,0.32109960880390775
0,scatter,,-1.721150577660433,0.31590496870137463
0,scatter,,-1.718017440934498,0.31072489829888456
0,scatter,,-1.7149360278678323,0.3055604047981458
0,scatter,,-1.711906177731321,0.30041247480801375
0,scatter,,-1.708927720022704,0.2952820745254595
0,scatter,,-1.7060004746945343,0.29017015000191665
0,scatter,,-1.7031242523784913,0.2850776274066333
0,scatter,,-1.70029885451098,0.28000541300164905
0,scatter,,-1.697524073560012,0.27495439342774186
0,scatter,,-1.6947996932193363,0.26992543589948464
0,scatter,,-1.6921254885992663,0.264919388397262
0,scatter,,-1.6895012264149794,0.2599370798584998
0,scatter,,-1.6869266652081152,0.25497932047643923
0,scatter,,-1.6844015555508087,0.250046901952064
0,scatter,,-1.681925640155711,0.24514059746745903
0,scatter,,-1.6794986540923804,0.24026116198744532
0,scatter,,-1.6771203249676043,0.2354093324576778
0,scatter,,-1.6747903731028815,0.23058582799971913
0,scatter,,-1.6725085117094594,0.22579135010414317
0,scatter,,-1.6702744470883375,0.22102658292564015
0,scatter,,-1.668087878806817,0.2162921934957515
0,scatter,,-1.6659484998253926,0.2115888317530802
0,scatter,,-1.6638559966871036,0.20691713081801347
0,scatter,,-1.6618100496840211,0.2022777071865851
0,scatter,,-1.6598103330210336,0.19767116092020523
0,scatter,,-1.657856514977345,0.1930980758327234
0,scatter,,-1.655948258098292,0.18855901980564424
0,scatter,,-1.6540852193466788,0.1840545449465824
0,scatter,,-1.6522670502188488,0.1795851876118667
0,scatter,,-1.6504933969228817,0.17515146868472714
0,scatter,,-1.6487639005313264,0.17075389375661135
0,scatter,,-1.6470781971318649,0.16639295330564507
0,scatter,,-1.6454359179760192,0.16206912287235553
0,scatter,,-1.6438366896258685,0.15778286323243593
0,scatter,,-1.6422801340995576,0.15353462057010664
0,scatter,,-1.6407658690699736,0.14932482690818277
0,scatter,,-1.6392935079649746,0.14515390007963672
0,scatter,,-1.6378626600833954,0.1410222437792636
0,scatter,,-1.6364729307586194,0.1369302478450306
0,scatter,,-1.6351239214976234,0.13287828842895705
0,scatter,,-1.6338152301186772,0.12886672816669206
0,scatter,,-1.6325464508878436,0.12489591634615733
0,scatter,,-1.631317174654328,0.12096618907532229
0,scatter,,-1.6301269889795502,0.1170778694341863
0,scatter,,-1.6289754781796324,0.11323126737822249
0,scatter,,-1.627862223554121,0.10942668018377201
0,scatter,,-1.6267868035164217,0.10566439261089103
0,scatter,,-1.6257487936964024,0.10194467698774676
0,scatter,,-1.6247477670653476,0.09826779336198128
0,scatter,,-1.6237832940598065,0.09463398965102067
0,scatter,,-1.6228549427043808,0.09104350179142262
0,scatter,,-1.6219622787335803,0.0874965538876496
0,scatter,,-1.6211048657016034,0.08399335831431824
0,scatter,,-1.6202822650214213,0.08053411553051229
0,scatter,,-1.6194940361928352,0.07711901467491257
0,scatter,,-1.618739736895362,0.07374823360738932
0,scatter,,-1.6180189230886048,0.07042193898415737
0,scatter,,-1.6173311491249813,0.06714028638646456
0,scatter,,-1.6166759678614837,0.06390342044785488
0,scatter,,-1.6160529307705074,0.06071147498005379
0,scatter,,-1.6154615880498409,0.05756457309778024
0,scatter,,-1.61490148871263,0.05446282728457521
0,scatter,,-1.6143721806317852,0.051406339322588875
0,scatter,,-1.6138732107554141,0.048395200739477444
0,scatter,,-1.6134041251741602,0.04542949281006072
0,scatter,,-1.6129644692169611,0.042509286644949844
0,scatter,,-1.6125537875523255,0.039634643297166525
0,scatter,,-1.6121716242886095,0.036805613867038414
0,scatter,,-1.6118175230733105,0.03402223960537626
0,scatter,,-1.6114910271914247,0.03128455201516786
0,scatter,,-1.6111916796593784,0.02859257292662958
0,scatter,,-1.610919023316815,0.02594631456188532
0,scatter,,-1.6106726009336167,0.02334577971377895
0,scatter,,-1.6104519552994037,0.02079096180381717
0,scatter,,-1.6102566293168072,0.018281844971871054
0,scatter,,-1.6100861660941719,0.015818404166342757
0,scatter,,-1.6099401090374494,0.013400605233034123
0,scatter,,-1.6098180019412984,0.011028405002727488
0,scatter,,-1.609719389079413,0.008701751377501189
0,scatter,,-1.609643815282676,0.0064205833799967586
0,scatter,,-1.609590826025755,0.004184831230490545
0,scatter,,-1.609559967534811,0.0019944164915841438
0,scatter,,-1.6095507868635148,-0.00015074788550975722
0,scatter,,-1.6095628319787358,-0.0022507574829787056
0,scatter,,-1.60959565184554,-0.004305716339333831
0,scatter,,-1.6096487965114492,-0.006315736873290468
0,scatter,,-1.6097218171899685,-0.008280939808591691
0,scatter,,-1.609814266343394,-0.010201454099868135
0,scatter,,-1.609925697763296,-0.012077416887376392
0,scatter,,-1.6100556666527994,-0.01390897340932645
0,scatter,,-1.6102037297084566,-0.015696276910310614
0,scatter,,-1.61036944519938,-0.01743948858621734
0,scatter,,-1.6105523730465634,-0.019138777515096943
0,scatter,,-1.610752074901554,-0.020794320588702793
0,scatter,,-1.6109681142244805,-0.022406302444545497
0,scatter,,-1.611200056361452,-0.02397491539846894
0,scatter,,-1.611447468621023,-0.02550035937868153
0,scatter,,-1.611709920340786,-0.026982841891617655
0,scatter,,-1.6119869829718616,-0.028422577925264036
0,scatter,,-1.6122782301552219,-0.02981978987837658
0,scatter,,-1.612583237792584,-0.031174707506332718
0,scatter,,-1.6129015841196392,-0.03248756785710057
0,scatter,,-1.6132328497786441,-0.03375861520741888
0,scatter,,-1.6135766178903839,-0.03498810099915709
0,scatter,,-1.6139324741254988,-0.036176283775725966
0,scatter,,-1.6143000067753905,-0.0373234291224302
0,scatter,,-1.6146788068243796,-0.03842980964119886
0,scatter,,-1.6150684680161909,-0.039495704832616434
0,scatter,,-1.6154685869232797,-0.040521401041598584
0,scatter,,-1.6158787630155476,-0.041507191402950144
0,scatter,,-1.616298598727952,-0.042453375778047205
0,scatter,,-1.6167276995274922,-0.043360260691268096
0,scatter,,-1.6171656739795819,-0.04422815926613587
0,scatter,,-1.6176121338137817,-0.045057391161065094
0,scatter,,-1.6180666939889026,-0.04584828250468051
0,scatter,,-1.6185289727574883,-0.04660116583066773
0,scatter,,-1.6189985917296486,-0.047316380012054994
0,scatter,,-1.619475175936252,-0.04799427019489153
0,scatter,,-1.6199583538905653,-0.04863518780114602
0,scatter,,-1.6204477576496679,-0.04923949049731417
0,scatter,,-1.620943022878055,-0.04980754194663638
0,scatter,,-1.6214437889069646,-0.050339711834268594
0,scatter,,-1.6219496987942053,-0.050836375803223685
0,scatter,,-1.622460399383319,-0.05129791538741481
0,scatter,,-1.622975541362045,-0.051724717944150046
0,scatter,,-1.6234947793200882,-0.05211717658606714
0,scatter,,-1.6240177718061581,-0.052475690112466285
0,scatter,,-1.624544181384274,-0.05280066294003922
0,scatter,,-1.6250736746893424,-0.05309250503298825
0,scatter,,-1.6256059224819592,-0.05335163183250644
0,scatter,,-1.6261405997035479,-0.05357846418436408
0,scatter,,-1.6266773855497265,-0.05377342824420325
0,scatter,,-1.6272159634982075,-0.05393695543305477
0,scatter,,-1.6277560213608926,-0.05406948236370252
0,scatter,,-1.6282972513411964,-0.05417145075952079
0,scatter,,-1.6288393500845346,-0.054243307379466275
0,scatter,,-1.629382018727991,-0.054285503942382136
0,scatter,,-1.6299249629491623,-0.05429849705062325
0,scatter,,-1.6304678930141343,-0.05428274811301243
0,scatter,,-1.631010523824584,-0.054238723267147695
0,scatter,,-1.6315525749640032,-0.054166893301078614
0,scatter,,-1.6320937707429926,-0.054067733574376456
0,scatter,,-1.6326338402436213,-0.05394172393862724
0,scatter,,-1.6331725173827014,-0.0537893485974164
0,scatter,,-1.6337095409814157,-0.053611095943605885
0,scatter,,-1.6342446547315674,-0.05340745870525931
0,scatter,,-1.6347776072705131,-0.05317893375985671
0,scatter,,-1.635308152224126,-0.052926022041496566
0,scatter,,-1.6358360482465792,-0.05264922845406715
0,scatter,,-1.6363610590591795,-0.05234906178365112
0,scatter,,-1.636882953488247,-0.052026034610180384
0,scatter,,-1.6374015055020001,-0.05168066321838428
0,scatter,,-1.6379164942464357,-0.05131346750805729
0,scatter,,-1.6384277040802024,-0.050924970903671325
0,scatter,,-1.6389349246084177,-0.050515700263388676
0,scatter,,-1.6394379507167867,-0.05008618578345069
0,scatter,,-1.639936582660148,-0.04963696073646898
0,scatter,,-1.6404306260356458,-0.04916856155011889
0,scatter,,-1.6409198917977916,-0.04868152775708205
0,scatter,,-1.6414041963111317,-0.0481764018290496
0,scatter,,-1.641883361379065,-0.04765372907804311
0,scatter,,-1.6423572142716556,-0.04711405755694603
0,scatter,,-1.6428255877524323,-0.04655793795925811
0,scatter,,-1.6432883201041486,-0.04598592351812851
0,scatter,,-1.6437452551535006,-0.04539856990468646
0,scatter,,-1.6441962422948035,-0.04479643512568698
0,scatter,,-1.6446411365125964,-0.04418007942053639
0,scatter,,-1.6450797984031729,-0.04355006515772159
0,scatter,,-1.6455120941990058,-0.04290695671007608
0,scatter,,-1.6459378957983326,-0.04225132029699495
0,scatter,,-1.646357080761901,-0.04158372399105899
0,scatter,,-1.6467695323386071,-0.040904737568342606
0,scatter,,-1.647175139483035,-0.040214932394642154
0,scatter,,-1.647573796870754,-0.039514881317089474
0,scatter,,-1.6479654049125196,-0.03880515855526537
0,scatter,,-1.64834986976738,-0.03808633959183403
0,scatter,,-1.6487271033546622,-0.03735900106277541
0,scatter,,-1.6490970233648432,-0.03662372064724113
0,scatter,,-1.6494595532693084,-0.03588107695705936
0,scatter,,-1.6498146223289734,-0.03513164942597254
0,scatter,,-1.6501621656018133,-0.03437601819825462
0,scatter,,-1.6505021239558328,-0.033614763948589366
0,scatter,,-1.6508344440693563,-0.03284846782213149
0,scatter,,-1.6511590784308994,-0.03207771136693268
0,scatter,,-1.6514759853459586,-0.031303076382266495
0,scatter,,-1.651785128939002,-0.030525144804973564
0,scatter,,-1.6520864791543317,-0.029744498595650027
0,scatter,,-1.6523800117558256,-0.028961719624701853
0,scatter,,-1.6526657083255394,-0.028177389558348705
0,scatter,,-1.6529435562611818,-0.027392089744602412
0,scatter,,-1.6532135487724695,-0.026606401099245898
0,scatter,,-1.6534756848763452,-0.025820903991899583
0,scatter,,-1.6537299693910763,-0.025036178132203324
0,scatter,,-1.6539764129267858,-0.02425280244408383
0,scatter,,-1.65421503186649,-0.023471354899064583
0,scatter,,-1.6544458483758437,-0.02269241249660963
0,scatter,,-1.6546688903866291,-0.021916551121044178
0,scatter,,-1.654884191583357,-0.021144345419531186
0,scatter,,-1.6550917913903314,-0.020376368688231908
0,scatter,,-1.655291734957583,-0.019613192758754915
0,scatter,,-1.6554840731456812,-0.018855387884916457
0,scatter,,-1.655668862509415,-0.018103522629894113
0,scatter,,-1.655846165280357,-0.01735816375379678
0,scatter,,-1.6560160493483222,-0.016619876101675465
0,scatter,,-1.6561785882417093,-0.015889222492057067
0,scatter,,-1.6563338611067495,-0.015166763606025513
0,scatter,,-1.6564819526816899,-0.014453057830959785
0,scatter,,-1.6566229532752803,-0.013748661167241483
0,scatter,,-1.6567569587476902,-0.013054127176058628
0,scatter,,-1.6568840704821028,-0.012370006832583574
0,scatter,,-1.6570043953584352,-0.011696848416676425
0,scatter,,-1.6571180457259942,-0.011035197404220091
0,scatter,,-1.6572251393750825,-0.010385596359092362
0,scatter,,-1.6573257995075616,-0.009748584825840467
0,scatter,,-1.6574201547063814,-0.009124699223070569
0,scatter,,-1.657508338904095,-0.008514472737566645
0,scatter,,-1.6575904913503632,-0.00791843521920071
0,scatter,,-1.6576667565784649,-0.007337113076646057
0,scatter,,-1.6577372843670561,-0.006771029170380921
0,scatter,,-1.65780222967661,-0.006220702683817752
0,scatter,,-1.6578617526557071,-0.005686649061459135
0,scatter,,-1.6579160185937805,-0.005169379898821734
0,scatter,,-1.6579651978765777,-0.004669402836679286
0,scatter,,-1.6580094659461733,-0.0041872214613764
0,scatter,,-1.658049003260004,-0.003723335206042668
0,scatter,,-1.6580839952489417,-0.003278239252712705
0,scatter,,-1.6581146322744145,-0.0028524244353925515
0,scatter,,-1.658141109584586,-0.0024463771440734403
0,scatter,,-1.658163627269612,-0.0020605792296965997
0,scatter,,-1.6581823902159827,-0.0016955079101030235
0,scatter,,-1.6581976080599645,-0.0013516356769668534
0,scatter,,-1.6582094951320208,-0.0010294301962186984
0,scatter,,-1.658218270406966,-0.0007293542155657378
0,scatter,,-1.6582241574716818,-0.00045186548997083807
0,scatter,,-1.6582273844655617,-0.00019741668380418294
0,scatter,,-1.6582281840291706,3.354471765522403e-05
0,scatter,,-1.658226793252178,0.00024057649562766168
0,scatter,,-1.658223453620454,0.00042324178426710686
0,scatter,,-1.658218410962346,0.0005811091561138284
0,scatter,,-1.658211915394144,0.0007137527065780523
0,scatter,,-1.6582042212647596,0.000820752137464388
0,scatter,,-1.6581955870996228,0.0009016928395379226
0,scatter,,-1.6581862755438195,0.0009561659741485246
0,scatter,,-1.658176553302284,0.0009837685513403626
0,scatter,,-1.6581666910524757,0.0009841034755395531
0,scatter,,-1.6581569634234916,0.0009567796693229103
0,scatter,,-1.6581476489322684,0.0009014121466572325
0,scatter,,-1.6581390299148635,0.0008176220802876572
0,scatter,,-1.6581313924645262,0.0007050368770590305
0,scatter,,-1.658125026369036,0.000563290252320282
0,scatter,,-1.6581202250473135,0.00039202230342638136
0,scatter,,-1.6581172854853208,0.0001908795823647245
0,scatter,,-1.6581165081712579,-4.048483247204456e-05
0,scatter,,-1.6581181970300691,-0.0003024112653488997
0,scatter,,-1.6581226593572707,-0.0005952333730498701
0,scatter,,-1.658130205752109,-0.0009192780755124094
0,scatter,,-1.6581411500465788,-0.001274865509925398
0,scatter,,-1.6581558092340896,-0.0016623089836095657
0,scatter,,-1.658174503411633,-0.0020819148354400165
0,scatter,,-1.6581975557050006,-0.0025339824043422903
0,scatter,,-1.6582252921983287,-0.0030188039661735565
0,scatter,,-1.6582580418632469,-0.003536664669829114
0,scatter,,-1.658296136487413,-0.0040878424740416796
0,scatter,,-1.65833991060244,-0.004672608084814855
0,scatter,,-1.6583897014112272,-0.005291224893465448
0,scatter,,-1.6584458487147034,-0.005943948915254429
0,scatter,,-1.6585086948379903,-0.006631028728537517
0,scatter,,-1.658578584555995,-0.007352705414407282
0,scatter,,-1.6586558650178527,-0.008109212499485043
0,scatter,,-1.6587408856557309,-0.008900775967847318
0,scatter,,-1.6588339981262725,-0.00972761412207932
0,scatter,,-1.65893555623566,-0.010589937516799085
0,scatter,,-1.6590459158566413,-0.011487948926717763
0,scatter,,-1.6591654348504108,-0.012421843290353687
0,scatter,,-1.6592944729879249,-0.013391807654125239
0,scatter,,-1.6594333918706574,-0.014398021116809264
0,scatter,,-1.6595825548507936,-0.015440654774276535
0,scatter,,-1.659742326950865,-0.016519871664483893
0,scatter,,-1.6599130747828348,-0.01763582671270883
0,scatter,,-1.6600951664666248,-0.018788666676928724
0,scatter,,-1.6602889715480909,-0.019978530093323333
0,scatter,,-1.6604948609195203,-0.021205547245087775
0,scatter,,-1.6607132067424104,-0.022469840152718624
0,scatter,,-1.6609443823498287,-0.023771522414024845
0,scatter,,-1.6611887621681523,-0.02511069919479805
0,scatter,,-1.6614467216330975,-0.026487467180366188
0,scatter,,-1.6617186371046555,-0.027901914522895702
0,scatter,,-1.6620048857815062,-0.02935412078872176
0,scatter,,-1.6623058456148971,-0.030844156905596266
0,scatter,,-1.6626218952219933,-0.03237208510984595
0,scatter,,-1.6629534137987023,-0.03393795889343997
0,scatter,,-1.6633007810319598,-0.03554182295084926
0,scatter,,-1.6636643770114785,-0.03718371312569098
0,scatter,,-1.6640445821409964,-0.03886365635796851
0,scatter,,-1.6644417770510287,-0.0405816706896034
0,scatter,,-1.6648563425071528,-0.04233776515764913
0,scatter,,-1.6652886593186762,-0.044131939713942234
0,scatter,,-1.6657391082487063,-0.045964185199815835
0,scatter,,-1.6662080699226698,-0.04783448329239224
0,scatter,,-1.6666959247362707,-0.049742806450551645
0,scatter,,-1.6672030527628954,-0.05168911786059542
0,scatter,,-1.6677298336604303,-0.05367337138147679
0,scatter,,-1.6682766465775016,-0.05569551148961294
0,scatter,,-1.668843870059138,-0.057755473223300664
0,scatter,,-1.6694318819518243,-0.05985318212660329
0,scatter,,-1.6700410593079504,-0.06198855419272647
0,scatter,,-1.6706717782969394,-0.06416149582169114
0,scatter,,-1.6713244141322237,-0.06637190381085567
0,scatter,,-1.6719993409255849,-0.06861966519866258
0,scatter,,-1.6726969316068594,-0.0709046572418051
0,scatter,,-1.673417557829035,-0.07322674736338376
0,scatter,,-1.674161589869475,-0.07558579309388946
0,scatter,,-1.674929396530548,-0.07798164201166766
0,scatter,,-1.675721345039607,-0.08041413168272767
0,scatter,,-1.6765378009483327,-0.08288308959993808
0,scatter,,-1.6773791280314538,-0.08538833312165703
0,scatter,,-1.6782456881847871,-0.08792966940965923
0,scatter,,-1.6791378413226112,-0.09050689536640635
0,scatter,,-1.6800559452743864,-0.09311979757171666
0,scatter,,-1.6810003556807604,-0.09576815221868536
0,scatter,,-1.6819714258888887,-0.09845172504896257
0,scatter,,-1.6829695068537938,-0.10117027130186128
0,scatter,,-1.6839949470826046,-0.10392353575668375
0,scatter,,-1.6850480924475717,-0.10671125249333523
0,scatter,,-1.686129286097495,-0.10953314486577104
0,scatter,,-1.6872388683608872,-0.11238892545858861
0,scatter,,-1.6883771766379048,-0.1152782960203876
0,scatter,,-1.689544545291602,-0.1182009473966659
0,scatter,,-1.6907413055385294,-0.12115655946235045
0,scatter,,-1.6919677853386155,-0.12414480105383938
0,scatter,,-1.6932243092843506,-0.12716532990065543
0,scatter,,-1.694511198489303,-0.13021779255682006
0,scatter,,-1.695828770475897,-0.1333018243318292
0,scatter,,-1.6971773390624778,-0.13641704922134254
0,scatter,,-1.6985572142496936,-0.13956307983770783
0,scatter,,-1.6999687021061223,-0.1427395173402061
0,scatter,,-1.7014121046538524,-0.14594595136120284
0,scatter,,-1.7028877197657757,-0.1491819598609913
0,scatter,,-1.7043958410323645,-0.15244710915344115
0,scatter,,-1.7059367576446647,-0.1557409538342644
0,scatter,,-1.7075107542807182,-0.15906303668560362
0,scatter,,-1.7091181109870308,-0.16241288860465478
0,scatter,,-1.7107591030593179,-0.1657900285323386
0,scatter,,-1.7124340009225703,-0.1691939633821716
0,scatter,,-1.7141430700103482,-0.17262418796922196
0,scatter,,-1.715886570643384,-0.1760801849393744
0,scatter,,-1.7176647579074311,-0.17956142469886266
0,scatter,,-1.7194778815304441,-0.1830673653443056
0,scatter,,-1.7213261857589945,-0.18659745259314486
0,scatter,,-1.7232099092339719,-0.19015111971465767
0,scatter,,-1.7251292848656177,-0.19372778746172986
0,scatter,,-1.7270845397079309,-0.19732686400286858
0,scatter,,-1.7290758948439215,-0.20094774481594363
0,scatter,,-1.7311035652477922,-0.20458981265895196
0,scatter,,-1.7331677596516608,-0.20825243752398329
0,scatter,,-1.7352686804232518,-0.21193497655277554
0,scatter,,-1.7374065234370335,-0.2156367739738256
0,scatter,,-1.7395814779446606,-0.21935716104076358
0,scatter,,-1.7417937264447894,-0.22309545597220887
0,scatter,,-1.7440434445523303,-0.22685096389333428
0,scatter,,-1.7463308008670446,-0.23062297677908455
0,scatter,,-1.7486559568415534,-0.2344107733992835
0,scatter,,-1.7510190666488317,-0.23821361926587495
0,scatter,,-1.7534202770490954,-0.24203076658225642
0,scatter,,-1.755859727256148,-0.2458614541949595
0,scatter,,-1.758337548803276,-0.24970490754793936
0,scatter,,-1.7608538654085903,-0.25356033863944855
0,scatter,,-1.7634087928581386,-0.25742694586652787
0,scatter,,-1.7660024388641191,-0.2613039140275771
0,scatter,,-1.7686349029036181,-0.26519041444768227
0,scatter,,-1.7713062760990688,-0.26908560484198574
0,scatter,,-1.774016641082019,-0.2729886292853022
0,scatter,,-1.7767660718566776,-0.2768986181854597
0,scatter,,-1.7795546336631478,-0.28081468826021405
0,scatter,,-1.7823823828404515,-0.28473594251803136
0,scatter,,-1.7852493666894569,-0.28866147024303973
0,scatter,,-1.7881556233356108,-0.292590346984155
0,scatter,,-1.7911011815915856,-0.296521634548693
0,scatter,,-1.794086060819964,-0.3004543810007875
0,scatter,,-1.7971102707958628,-0.30438762066463565
0,scatter,,-1.8001738115696144,-0.3083203741329029
0,scatter,,-1.8032766733296415,-0.31225164828062363
0,scatter,,-1.8064188362592575,-0.31618043624766234
0,scatter,,-1.8096002703961598,-0.3201057174417845
0,scatter,,-1.8128209355135747,-0.32402645767590055
0,scatter,,-1.8160807809749533,-0.32794160915110093
0,scatter,,-1.8193797455976555,-0.3318501104979361
0,scatter,,-1.8227177575174656,-0.3357508868263571
0,scatter,,-1.8260947340535467,-0.33964284978261694
0,scatter,,-1.8295105815739812,-0.3435248976135113
0,scatter,,-1.8329651953620618,-0.3473959152383404
0,scatter,,-1.836458459483235,-0.3512547743286836
0,scatter,,-1.8399902466528586,-0.3551003333963831
0,scatter,,-1.8435604181049492,-0.35893143789013815
0,scatter,,-1.8471688234618113,-0.36274692030081196
0,scatter,,-1.850815300604797,-0.36654560027594313
0,scatter,,-1.8544996755461634,-0.3703262847436548
0,scatter,,-1.8582217623054542,-0.37408776793161186
0,scatter,,-1.861981362790818,-0.37782883126355504
0,scatter,,-1.8657782666587008,-0.3815482441003417
0,scatter,,-1.8696122511981939,-0.3852447636603472
0,scatter,,-1.8734830812111234,-0.3889171351609271
0,scatter,,-1.8773905088931677,-0.39256409199841114
0,scatter,,-1.8813342737169776,-0.396184355939296
0,scatter,,-1.8853141023172213,-0.39977663732276736
0,scatter,,-1.8893297083777745,-0.4033396352749721
0,scatter,,-1.8933807925212807,-0.406872037935459
0,scatter,,-1.8974670422010143,-0.4103725226959371
0,scatter,,-1.901588131595273,-0.41383975645178217
0,scatter,,-1.9057437215045505,-0.4172723958667213
0,scatter,,-1.9099334592514172,-0.42066908765086153
0,scatter,,-1.914156978583358,-0.42402846885250406
0,scatter,,-1.918413899558128,-0.42734916707706955
0,scatter,,-1.9227038283482996,-0.43062980036694654
0,scatter,,-1.9270263573389563,-0.4338689783158179
0,scatter,,-1.9313810649875731,-0.437065302181619
0,scatter,,-1.9357675157237892,-0.44021736516767457
0,scatter,,-1.9401852598708644,-0.4433237527945261
0,scatter,,-1.9446338335710887,-0.44638304328711176
0,scatter,,-1.9491127587150785,-0.4493938079774283
0,scatter,,-1.953621542875318,-0.4523546117231209
0,scatter,,-1.9581596792439702,-0.45526401334219485
0,scatter,,-1.962726646575328,-0.45812056606428425
0,scatter,,-1.9673219091328487,-0.4609228179986162
0,scatter,,-1.971944916641059,-0.46366931261904604
0,scatter,,-1.97659510424264,-0.4663585892665287
0,scatter,,-1.981271892460644,-0.4689891836691773
0,scatter,,-1.9859746871547643,-0.4715596283874099
0,scatter,,-1.9907028793594184,-0.4740684522661825
0,scatter,,-1.9954558454548084,-0.4765141825754511
0,scatter,,-2.0002329471255287,-0.47889534538674755
0,scatter,,-2.0050335313141434,-0.4812104658760534
0,scatter,,-2.0098569302163036,-0.48345806893298215
0,scatter,,-2.014702461282266,-0.48563667978721425
0,scatter,,-2.0195694272251328,-0.4877448246523291
0,scatter,,-2.0244571160357707,-0.4897810313869985
0,scatter,,-2.029364801004743,-0.49174383017366924
0,scatter,,-2.0342917407515877,-0.4936317542148323
0,scatter,,-2.0392371792614106,-0.49544334044681204
0,scatter,,-2.0442003459291294,-0.49717713027115307
0,scatter,,-2.0491804556117232,-0.49883167030365183
0,scatter,,-2.054176708688456,-0.500405513140929
0,scatter,,-2.0591882911175814,-0.5018972181196536
0,scatter,,-2.064214374065219,-0.5033053511747564
0,scatter,,-2.0692541144833436,-0.5046284866940518
0,scatter,,-2.0743066552990226,-0.5058652085529574
0,scatter,,-2.079371125327369,-0.5070141105658313
0,scatter,,-2.0844466393759165,-0.5080737973369307
0,scatter,,-2.089532298357628,-0.5090428851262253
0,scatter,,-2.094627189412843,-0.5099200027297827
0,scatter,,-2.099730386040466,-0.5107037923743849
0,scatter,,-2.104840948238314,-0.5113929106259418
0,scatter,,-2.109957922652923,-0.5119860293113125
0,scatter,,-2.1150803427391147,-0.5124818364530929
0,scatter,,-2.120207228929237,-0.5128790372168476
0,scatter,,-2.125337588812373,-0.5131763548702873
0,scatter,,-2.1304704173238234,-0.5133725317538382
0,scatter,,-2.1356046969450873,-0.5134663302639199
0,scatter,,-2.1407393976274856,-0.5134565332610771
0,scatter,,-2.1458734772055745,-0.5133419454689592
0,scatter,,-2.151005881871619,-0.5131213949660968
0,scatter,,-2.1561355462207197,-0.5127937338081016
0,scatter,,-2.1612613934974987,-0.5123578390383636
0,scatter,,-2.1663823358531706,-0.5118126137036252
0,scatter,,-2.1714972746132224,-0.5111569878734242
0,scatter,,-2.1766051005559244,-0.5103899196623316
0,scatter,,-2.181704694201486,-0.5095103962538984
0,scatter,,-2.186794926112068,-0.5085174349251431
0,scatter,,-2.1918746572028476,-0.50741008407033
0,scatter,,-2.1969427390639216,-0.5061874242228097
0,scatter,,-2.2019980142933377,-0.5048485690735498
0,scatter,,-2.2070393168411244,-0.5033926664849934
0,scatter,,-2.2120654723645927,-0.501818899498734
0,scatter,,-2.217075298397448,-0.5001264877463241
0,scatter,,-2.222067604612972,-0.4983146886781807
0,scatter,,-2.2270411935923677,-0.4963827977530202
0,scatter,,-2.231994861001268,-0.49433014987040885
0,scatter,,-2.2369273959597753,-0.492156120409189
0,scatter,,-2.241837581420157,-0.4898601262571978
0,scatter,,-2.2467241945484737,-0.48744162683763914
0,scatter,,-2.251586007109478,-0.4849001251316427
0,scatter,,-2.2564217864235188,-0.4822351678506463
0,scatter,,-2.2612302964287445,-0.47944634544987963
0,scatter,,-2.2660102965556423,-0.4765332953874185
0,scatter,,-2.2707605429115096,-0.4734957019460659
0,scatter,,-2.275479788828949,-0.47033329699196036
0,scatter,,-2.280166785406888,-0.46704586073442844
0,scatter,,-2.2848202820726256,-0.46363322244279054
0,scatter,,-2.2894390271660185,-0.4600952611161564
0,scatter,,-2.2940217677283465,-0.4564319073627176
0,scatter,,-2.2985672485311146,-0.4526431464321625
0,scatter,,-2.3030742156524298,-0.44872901422758865
0,scatter,,-2.307541415794265,-0.44468959985278034
0,scatter,,-2.311967596668488,-0.44052504649017016
0,scatter,,-2.316351507470311,-0.43623555211769954
0,scatter,,-2.320691899341989,-0.43182137021178396
0,scatter,,-2.3249875258240897,-0.42728281043785216
0,scatter,,-2.329237144045384,-0.4226202383945991
0,scatter,,-2.333439517394528,-0.41783407348773705
0,scatter,,-2.337593412384504,-0.41292479397733434
0,scatter,,-2.341697600496416,-0.4078929358103806
0,scatter,,-2.3457508589852467,-0.4027390927044288
0,scatter,,-2.3497519715176702,-0.3974639164006224
0,scatter,,-2.3536997288264723,-0.39206811685515985
0,scatter,,-2.3575929293827964,-0.38655246236576135
0,scatter,,-2.3614303795973894,-0.3809177802038731
0,scatter,,-2.365210892368117,-0.37516495913630593
0,scatter,,-2.3689332908279614,-0.3692949458032536
0,scatter,,-2.3725964080286883,-0.3633087458061279
0,scatter,,-2.3761990872609795,-0.35720742399515915
0,scatter,,-2.3797401825962763,-0.350992104440692
0,scatter,,-2.383218559416198,-0.3446639703603667
0,scatter,,-2.3866330949274612,-0.33822426400239836
0,scatter,,-2.3899826789799263,-0.33167428629425105
0,scatter,,-2.3932662166205865,-0.3250153953984304
0,scatter,,-2.396482625963443,-0.31824900801642286
0,scatter,,-2.399630839367196,-0.3113765986579147
0,scatter,,-2.4027098043360784,-0.30439969901974595
0,scatter,,-2.4057184841388826,-0.29731989747698157
0,scatter,,-2.4086558584337223,-0.2901388385139252
0,scatter,,-2.4115209238995896,-0.28285822209393535
0,scatter,,-2.4143126946562035,-0.2754798030646637
0,scatter,,-2.417030200784117,-0.2680053913458652
0,scatter,,-2.419672491354886,-0.26043685006081707
0,scatter,,-2.4222386346289335,-0.2527760948632569
0,scatter,,-2.424727718158324,-0.24502509324722574
0,scatter,,-2.4271388492433155,-0.237185863641417
0,scatter,,-2.4294711553661603,-0.22926047445479936
0,scatter,,-2.4317237845998547,-0.2212510430746037
0,scatter,,-2.4338959061532144,-0.21315973476577615
0,scatter,,-2.435986713215242,-0.20498876077686584
0,scatter,,-2.437995420824984,-0.19674037799235636
0,scatter,,-2.4399212663350145,-0.18841688769885137
0,scatter,,-2.4417635104473585,-0.18002063411605657
0,scatter,,-2.443521437692753,-0.1715540030567682
0,scatter,,-2.4451943569095103,-0.1630194205387378
0,scatter,,-2.4467816017234085,-0.15441935134928517
0,scatter,,-2.448282530937101,-0.1457562975767126
0,scatter,,-2.449696526586748,-0.13703279742641727
0,scatter,,-2.451022996466678,-0.1282514233647487
0,scatter,,-2.452261374873039,-0.11941478047272566
0,scatter,,-2.4534111221929815,-0.11052550492353862
0,scatter,,-2.4544717251513632,-0.10158626233027616
0,scatter,,-2.455442697027338,-0.09259974606260732
0,scatter,,-2.4563235778385772,-0.08356867553540592
0,scatter,,-2.457113934535662,-0.07449579446682215
0,scatter,,-2.4578133634195787,-0.06538386883624979
0,scatter,,-2.4584214886943365,-0.05623568529405313
0,scatter,,-2.458937961756303,-0.04705404944940429
0,scatter,,-2.45936246225448,-0.03784178393171622
0,scatter,,-2.459694698303481,-0.02860172653635604
0,scatter,,-2.459934406690432,-0.01933672835847873
0,scatter,,-2.4600813530773826,-0.010049651917847366
0,scatter,,-2.4601353321977006,-0.00074336927632755
0,scatter,,-2.460096166597829,0.008579240427154782
0,scatter,,-2.459963703158241,0.017915294337727646
0,scatter,,-2.4597378241513246,0.027261903514294285
0,scatter,,-2.4594184404354045,0.036616177544291605
0,scatter,,-2.4590054851476477,0.04597522887818738
0,scatter,,-2.458498928645913,0.05533616881137564
0,scatter,,-2.4578987653940243,0.0646961150201738
0,scatter,,-2.457205019366476,0.07405219098805736
0,scatter,,-2.4564177439796024,0.08340152773021643
0,scatter,,-2.455537020815414,0.09274126691060895
0,scatter,,-2.4545629601164087,0.10206856176609258
0,scatter,,-2.453495700510083,0.1113805794183404
0,scatter,,-2.4523354089303857,0.12067450253465252
0,scatter,,-2.4510822803158736,0.12994753156667782
0,scatter,,-2.449736537399475,0.13919688665367497
0,scatter,,-2.4482984309110334,0.14841980823931797
0,scatter,,-2.4467682386618295,0.15761356096113988
0,scatter,,-2.445146266058235,0.16677543306650006
0,scatter,,-2.4434328453054084,0.1759027398452028
0,scatter,,-2.441628335370391,0.18499282457104688
0,scatter,,-2.4397331216564706,0.19404306027956736
0,scatter,,-2.437747615654873,0.20305085152551244
0,scatter,,-2.4356722546542753,0.21201363586324398
0,scatter,,-2.433507501391771,0.22092888542949607
0,scatter,,-2.431253843705432,0.22979410843979003
0,scatter,,-2.4289117941636005,0.23860685065155718
0,scatter,,-2.426481889683764,0.2473646967853117
0,scatter,,-2.4239646911357835,0.25606527189910677
0,scatter,,-2.4213607829315165,0.26470624271904597
0,scatter,,-2.418670772601805,0.2732853189194288
0,scatter,,-2.4158952903611253,0.28180025435688205
0,scatter,,-2.413034988659795,0.29024884825307823
0,scatter,,-2.4100905417232545,0.2986289463200518
0,scatter,,-2.4070626450829473,0.3069384418438591
0,scatter,,-2.4039520150994136,0.31517527672286716
0,scatter,,-2.400759388461869,0.32333744242976975
0,scatter,,-2.3974855216888704,0.3314229809372905
0,scatter,,-2.39413119063805,0.33942998557474613
0,scatter,,-2.390697189964009,0.3473566018563112
0,scatter,,-2.3871843325903632,0.35520102824131466
0,scatter,,-2.3835934492095876,0.36296151680175176
0,scatter,,-2.3799253877187154,0.3706363738920804
0,scatter,,-2.376181012660258,0.3782239607502895
0,scatter,,-2.372361204701726,0.3857226940096209
0,scatter,,-2.368466860074197,0.39313104617881006
0,scatter,,-2.3644988899825483,0.4004475460807941
0,scatter,,-2.3604582200628155,0.40767077921244566
0,scatter,,-2.3563457898335787,0.4147993880537409
0,scatter,,-2.3521625520810563,0.4218320723300552
0,scatter,,-2.3479094723025113,0.428767589236438
0,scatter,,-2.3435875281579195,0.43560475349790995
0,scatter,,-2.3391977088612106,0.4423424376500334
0,scatter,,-2.334741014598879,0.448979571890222
0,scatter,,-2.3302184560137023,0.4555151441806472
0,scatter,,-2.325631053550369,0.4619482001526981
0,scatter,,-2.3209798368725654,0.4682778430386808
0,scatter,,-2.3162658442989588,0.4745032335410716
0,scatter,,-2.3114901223772057,0.4806235891616621
0,scatter,,-2.3066537251476196,0.48663818467212183
0,scatter,,-2.301757713573088,0.4925463519732342
0,scatter,,-2.296803154995616,0.49834747969137844
0,scatter,,-2.291791122709253,0.504041010697433
0,scatter,,-2.2867226952501016,0.5096264440392004
0,scatter,,-2.281598955828354,0.5151033346591621
0,scatter,,-2.276420991798474,0.52047129257083
0,scatter,,-2.2711898943184727,0.5257299797404852
0,scatter,,-2.2659067575930734,0.5308791121725753
0,scatter,,-2.260572678310403,0.5359184595755013
0,scatter,,-2.2551887551447773,0.5408478443061994
0,scatter,,-2.249756088533332,0.545667138387878
0,scatter,,-2.2442757798641684,0.5503762650504587
0,scatter,,-2.238748930914131,0.5549751983515429
0,scatter,,-2.233176643395164,0.5594639620247642
0,scatter,,-2.2275600188418085,0.5638426267230164
0,scatter,,-2.221900157770272,0.5681113110039515
0,scatter,,-2.2161981591138953,0.572270180895889
0,scatter,,-2.2104551198238878,0.5763194486620972
0,scatter,,-2.204672134955621,0.5802593699786516
0,scatter,,-2.198850296659569,0.584090244981866
0,scatter,,-2.192990693609526,0.5878124177712024
0,scatter,,-2.1870944106536863,0.5914262751244147
0,scatter,,-2.1811625284863427,0.5949322452675683
0,scatter,,-2.1751961242690947,0.5983307940582927
0,scatter,,-2.169196269862093,0.6016224276797425
0,scatter,,-2.16316403159249,0.6048076911470737
0,scatter,,-2.1571004699557523,0.6078871669967842
0,scatter,,-2.151006639509716,0.6108614738283846
0,scatter,,-2.144883589386637,0.613731263856678
0,scatter,,-2.1387323613893785,0.61649722433245
0,scatter,,-2.1325539900625166,0.6191600758006538
0,scatter,,-2.1263495023596737,0.6217205710053062
0,scatter,,-2.120119917868303,0.624179493312232
0,scatter,,-2.1138662489609037,0.6265376552010624
0,scatter,,-2.1075894990230997,0.6287958985657037
0,scatter,,-2.1012906626950825,0.6309550931214688
0,scatter,,-2.094970725538876,0.6330161353532259
0,scatter,,-2.088630664679896,0.6349799471502863
0,scatter,,-2.082271448254356,0.6368474748349868
0,scatter,,-2.075894034199463,0.6386196884079506
0,scatter,,-2.0694993704500577,0.6402975803296552
0,scatter,,-2.063088394684297,0.6418821644718006
0,scatter,,-2.0566620352729887,0.6433744752676874
0,scatter,,-2.050221210061784,0.644775566504358
0,scatter,,-2.043766825799739,0.6460865102215221
0,scatter,,-2.0372997782276507,0.6473083957195873
0,scatter,,-2.0308209520425207,0.6484423286468308
0,scatter,,-2.024331222395403,0.6494894310638678
0,scatter,,-2.017831452322057,0.6504508389155614
0,scatter,,-2.0113224928959625,0.6513277012384053
0,scatter,,-2.0048051833235725,0.6521211793309227
0,scatter,,-1.9982803507285367,0.6528324457258253
0,scatter,,-1.9917488099357699,0.6534626831621929
0,scatter,,-1.985211365496944,0.6540130855844423
0,scatter,,-1.9786688121340645,0.6544848577107697
0,scatter,,-1.9721219301417783,0.65487921004279
0,scatter,,-1.9655714874191472,0.6551973598701961
0,scatter,,-1.9590182393443007,0.6554405303247751
0,scatter,,-1.952462928626195,0.6556099494136232
0,scatter,,-1.945906285461701,0.6557068494987197
0,scatter,,-1.9393490308280872,0.6557324713571723
0,scatter,,-1.9327918721135133,0.6556880570470501
0,scatter,,-1.9262355033836298,0.655574849546996
0,scatter,,-1.9196806060150151,0.6553940929315075
0,scatter,,-1.9131278486062486,0.6551470314908431
0,scatter,,-1.9065778868888175,0.6548349088509196
0,scatter,,-1.9000313652099015,0.6544589700856297
0,scatter,,-1.8934889175097245,0.6540204628669041
0,scatter,,-1.886951163330125,0.6535206291547851
0,scatter,,-1.8804187095786251,0.6529607078453412
0,scatter,,-1.8738921505390633,0.6523419340801178
0,scatter,,-1.8673720678369659,0.6516655384697259
0,scatter,,-1.8608590305448298,0.6509327466504052
0,scatter,,-1.8543535974597318,0.6501447840162219
0,scatter,,-1.847856314791289,0.6493028695166551
0,scatter,,-1.841367716049243,0.6484082146944464
0,scatter,,-1.834888322600161,0.6474620243176896
0,scatter,,-1.8284186436986043,0.6464654957601784
0,scatter,,-1.8219591768228895,0.6454198195477424
0,scatter,,-1.8155104078653703,0.6443261793473479
0,scatter,,-1.8090728105588336,0.6431857490312269
0,scatter,,-1.8026468468042038,0.641999693192236
0,scatter,,-1.7962329667212271,0.6407691665986854
0,scatter,,-1.7898316088589985,0.6394953141472741
0,scatter,,-1.7834432014112285,0.6381792739653842
0,scatter,,-1.7770681608016623,0.6368221722709876
0,scatter,,-1.7707068920167413,0.6354251237083661
0,scatter,,-1.7643597888551246,0.6339892314237812
0,scatter,,-1.7580272340094059,0.6325155866156242
0,scatter,,-1.7517095997099377,0.6310052704385191
0,scatter,,-1.7454072476388272,0.6294593528517834
0,scatter,,-1.7391205285016647,0.6278788900337783
0,scatter,,-1.7328497824323097,0.6262649252850218
0,scatter,,-1.7265953390944324,0.6246184886619838
0,scatter,,-1.7203575179402413,0.6229405973399189
0,scatter,,-1.7141366288461277,0.6212322577254731
0,scatter,,-1.7079329713796179,0.6194944612159894
0,scatter,,-1.7017468351717722,0.6177281850900062
0,scatter,,-1.6955785000837673,0.6159343924423113
0,scatter,,-1.6894282364057147,0.614114032353647
0,scatter,,-1.6832963050854757,0.6122680402305769
0,scatter,,-1.677182958119385,0.6103973390689857
0,scatter,,-1.6710884380194282,0.6085028354506045
0,scatter,,-1.6650129782743142,0.6065854212076875
0,scatter,,-1.6589568034755722,0.6046459731770694
0,scatter,,-1.6529201295820604,0.6026853539523637
0,scatter,,-1.6469031642402716,0.6007044130346719
0,scatter,,-1.6409061064910702,0.5987039835439749
0,scatter,,-1.6349291470973548,0.5966848834156272
0,scatter,,-1.628972468706816,0.5946479154020035
0,scatter,,-1.6230362460086645,0.5925938670257879
0,scatter,,-1.6171206458935983,0.5905235105556691
0,scatter,,-1.6112258275683906,0.5884376035046053
0,scatter,,-1.6053519427434633,0.5863368884321701
0,scatter,,-1.5994991358403308,0.5842220925977117
0,scatter,,-1.593667544137336,0.5820939283045575
0,scatter,,-1.587857297943951,0.5799530930068587
0,scatter,,-1.5820685207782916,0.577800269439044
0,scatter,,-1.5763013294843402,0.5756361254733767
0,scatter,,-1.5705558336228347,0.5734613106091414
0,scatter,,-1.5648321365321067,0.5712764602300061
0,scatter,,-1.5591303354438892,0.5690821954779377
0,scatter,,-1.5534505214775653,0.5668791225692696
0,scatter,,-1.5477927798001458,0.564667832888591
0,scatter,,-1.542157189787057,0.5624489030946666
0,scatter,,-1.5365438250947159,0.5602228947981835
0,scatter,,-1.5309527535715761,0.5579903534504685
0,scatter,,-1.525384037850653,0.5557518106001728
0,scatter,,-1.5198377353540293,0.5535077832575518
0,scatter,,-1.5143138984235005,0.5512587738880398
0,scatter,,-1.5088125744719836,0.5490052705162488
0,scatter,,-1.5033338061351327,0.5467477468376238
0,scatter,,-1.4978776312993891,0.5444866619473822
0,scatter,,-1.4924440832359132,0.5422224604112131
0,scatter,,-1.4870331909419845,0.539955572999462
0,scatter,,-1.4816449791841053,0.5376864164857843
0,scatter,,-1.4762794686404748,0.5354153937672755
0,scatter,,-1.4709366760431597,0.5331428939914724
0,scatter,,-1.4656166143161622,0.53086929267268
0,scatter,,-1.4603192926113637,0.5285949513618354
0,scatter,,-1.4550447165412141,0.526320218200861
0,scatter,,-1.4497928883371807,0.5240454281540972
0,scatter,,-1.4445638069533553,0.5217709030037888
0,scatter,,-1.4393574682004415,0.5194969514894641
0,scatter,,-1.4341738648790392,0.5172238694517863
0,scatter,,-1.4290129868986834,0.5149519399129638
0,scatter,,-1.4238748213147376,0.5126814327506978
0,scatter,,-1.4187593525975601,0.5104126055556321
0,scatter,,-1.4136665627104508,0.5081457035297341
0,scatter,,-1.4085964312313684,0.5058809596154548
0,scatter,,-1.4035489354767796,0.5036185946436951
0,scatter,,-1.3985240506245344,0.5013588174855159
0,scatter,,-1.3935217497990648,0.49910182498139666
0,scatter,,-1.388542004164811,0.49684780193027067
0,scatter,,-1.3835847831438681,0.49459692185695436
0,scatter,,-1.378650054485579,0.4923493468743016
0,scatter,,-1.3737377843800693,0.4901052278264021
0,scatter,,-1.3688479375717486,0.4878647044420092
0,scatter,,-1.363980477471439,0.4856279054890305
0,scatter,,-1.359135366266862,0.4833949489297392
0,scatter,,-1.3543125650317032,0.48116594207658336
0,scatter,,-1.349512033816464,0.47894098161797655
0,scatter,,-1.3447337316806893,0.47672015319783223
0,scatter,,-1.3399776169181232,0.4745035325210856
0,scatter,,-1.335243647121005,0.4722911852100864
0,scatter,,-1.330531779268104,0.470083166861604
0,scatter,,-1.325841969820674,0.467879523178403
0,scatter,,-1.3211741748162966,0.46568029009779044
0,scatter,,-1.3165283499604399,0.4634854939167675
0,scatter,,-1.311904450715921,0.46129515141358574
0,scatter,,-1.3073024324025269,0.4591092700141807
0,scatter,,-1.3027222505473814,0.456927848948208
0,scatter,,-1.2981638606781973,0.45475087822240223
0,scatter,,-1.293627218388574,0.45257833866646285
0,scatter,,-1.289112279502799,0.4504102023746737
0,scatter,,-1.2846190001599087,0.4482464328345958
0,scatter,,-1.2801473368959153,0.4460869850529422
0,scatter,,-1.2756972467240582,0.4439318056783821
0,scatter,,-1.2712686872132837,0.4417808331211864
0,scatter,,-1.2668616165648139,0.4396339976694623
0,scatter,,-1.2624759938213235,0.4374912222993989
0,scatter,,-1.258111778902575,0.4353524225920646
0,scatter,,-1.2537689325134573,0.43321750599608333
0,scatter,,-1.2494474163191744,0.4310863724799717
0,scatter,,-1.2451471930179903,0.4289589146606271
0,scatter,,-1.2408682264125466,0.4268350179299878
0,scatter,,-1.2366104814796453,0.4247145605797742
0,scatter,,-1.232373924438375,0.42259741392416333
0,scatter,,-1.228158522816802,0.42048344242041447
0,scatter,,-1.223964245553868,0.4183725039214387
0,scatter,,-1.2197910631276123,0.41626445002806783
0,scatter,,-1.2156389474687825,0.4141591256614905
0,scatter,,-1.2115078720850847,0.4120563694072732
0,scatter,,-1.2073978121283508,0.4099560136547221
0,scatter,,-1.2033087444554667,0.40785788471623946
0,scatter,,-1.199240647688014,0.4057618029450351
0,scatter,,-1.1951935022705331,0.4036675828510901
0,scatter,,-1.191167290527616,0.40157503321542687
0,scatter,,-1.1871619967237468,0.39948395722427843
0,scatter,,-1.1831776071488567,0.3973941527474904
0,scatter,,-1.1792141101278504,0.3953054122108914
0,scatter,,-1.1752714960820974,0.3932175227538904
0,scatter,,-1.171349757586865,0.39113026637047893
0,scatter,,-1.167448889421992,0.3890434200178341
0,scatter,,-1.1635688886214233,0.3869567557233132
0,scatter,,-1.1597097545215123,0.3848700406897539
0,scatter,,-1.1558714888083164,0.3827830373991598
0,scatter,,-1.1520540955639949,0.3806955037168752
0,scatter,,-1.1482575813284839,0.37860719312090235
0,scatter,,-1.144481955129236,0.37651785469043986
0,scatter,,-1.14072722851802,0.37442723315496707
0,scatter,,-1.1369934156201422,0.372335069046751
0,scatter,,-1.1332805331757023,0.3702410987984306
0,scatter,,-1.1295886005799427,0.3681450548391523
0,scatter,,-1.1259176399226032,0.36604666568918665
0,scatter,,-1.1222676760261978,0.3639456560529543
0,scatter,,-1.1186387364834174,0.3618417469105517
0,scatter,,-1.1150308516994818,0.3597346556627916
0,scatter,,-1.1114440549295326,0.3576240962379064
0,scatter,,-1.1078783823007645,0.3555097790628757
0,scatter,,-1.1043338728527956,0.3533914112111756
0,scatter,,-1.100810568570726,0.3512686964903158
0,scatter,,-1.0973085144173256,0.3491413355272017
0,scatter,,-1.093827758364362,0.3470090258521143
0,scatter,,-1.0903683514229878,0.3448714619812424
0,scatter,,-1.0869303476733827,0.3427283354978732
0,scatter,,-1.0835138042945185,0.34057933515890454
0,scatter,,-1.08011878159495,0.3384241470534605
0,scatter,,-1.0767453430341392,0.33626245451530534
0,scatter,,-1.0733935552510603,0.3340939382593344
0,scatter,,-1.0700634880901703,0.3319182764673871
0,scatter,,-1.066755214626365,0.32973514486269834
0,scatter,,-1.0634688111891297,0.32754421678299034
0,scatter,,-1.0602043573860143,0.3253451632522754
0,scatter,,-1.0569619361252938,0.3231376530512673
0,scatter,,-1.0537416336380054,0.3209213527865165
0,scatter,,-1.050543539499289,0.31869592695821103
0,scatter,,-1.0473677466489624,0.3164610380265828
0,scatter,,-1.0442143514101672,0.3142163466158748
0,scatter,,-1.0410834535084246,0.31196151160793506
0,scatter,,-1.0379751560931694,0.3096961898979562
0,scatter,,-1.0348895657541872,0.3074200366244982
0,scatter,,-1.0318267925389752,0.3051327052358362
0,scatter,,-1.0287869499694426,0.30283384755262466
0,scatter,,-1.0257701550580904,0.30052311382955194
0,scatter,,-1.0227765283236057,0.29820015281593504
0,scatter,,-1.019806193805804,0.29586461181520013
0,scatter,,-1.0168592790800903,0.2935161367433731
0,scatter,,-1.013935915271367,0.29115437218652723
0,scatter,,-1.0110362370668677,0.28877896145914367
0,scatter,,-1.0081603826979293,0.28638954679501166
0,scatter,,-1.0053084939817292,0.28398576927334224
0,scatter,,-1.0024807163455065,0.2815672688178187
0,scatter,,-0.9996771988229073,0.27913368431430946
0,scatter,,-0.9968980940642997,0.27668465366462935
0,scatter,,-0.9941435583465171,0.27421981383940525
0,scatter,,-0.9914137515821919,0.2717388009301882
0,scatter,,-0.9887088373285637,0.26924125020071304
0,scatter,,-0.9860289827958669,0.26672679613739964
0,scatter,,-0.983374358855186,0.2641950724989947
0,scatter,,-0.9807451400459363,0.26164571236549844
0,scatter,,-0.9781415045782869,0.2590783481999741
0,scatter,,-0.9755636343014373,0.25649261200905865
0,scatter,,-0.9730117147679345,0.25388813521785164
0,scatter,,-0.9704859352274718,0.25126454875138876
0,scatter,,-0.967986488623431,0.24862148310582827
0,scatter,,-0.9655135715972647,0.24595856839490882
0,scatter,,-0.9630673844924674,0.24327543439584265
0,scatter,,-0.9606481313580817,0.24057171059458823
0,scatter,,-0.9582560199518764,0.23784702623065526
0,scatter,,-0.9558912617431417,0.2351010103413893
0,scatter,,-0.9535540719150518,0.23233329180568071
0,scatter,,-0.9512446693667274,0.2295434993872523
0,scatter,,-0.9489632766957208,0.2267312618049956
0,scatter,,-0.9467101201629844,0.22389620782732397
0,scatter,,-0.9444854297832069,0.22103796618614288
0,scatter,,-0.9422894392878227,0.2181561656723485
0,scatter,,-0.9401223861207707,0.2152504351833739
0,scatter,,-0.937984511437592,0.2123204037652796
0,scatter,,-0.9358760601041665,0.2093657006545571
0,scatter,,-0.9337972806950421,0.20638595531958703
0,scatter,,-0.93174842549148,0.20338079750192883
0,scatter,,-0.9297297504791258,0.2003498572573259
0,scatter,,-0.9277415153453878,0.19729276499654688
0,scatter,,-0.9257839834764348,0.19420915152594256
0,scatter,,-0.9238574219109758,0.1910986481397856
0,scatter,,-0.921962101346877,0.1879608866482839
0,scatter,,-0.9200982962019691,0.184795499339426
0,scatter,,-0.918266284569312,0.181602119068048
0,scatter,,-0.9164663482116017,0.17838037929713507
0,scatter,,-0.9146987725552805,0.1751299141389292
0,scatter,,-0.9129638466843526,0.17185035839613838
0,scatter,,-0.9112618633338597,0.1685413476031876
0,scatter,,-0.9095931188829836,0.1652025180674473
0,scatter,,-0.907957913347865,0.16183350691062756
0,scatter,,-0.9063565503741039,0.15843395211027694
0,scatter,,-0.9047893372264401,0.1550034925443735
0,scatter,,-0.9032565847083626,0.15154176812300582
0,scatter,,-0.901758607235291,0.14804841972875743
0,scatter,,-0.9002957228361573,0.1445230892458903
0,scatter,,-0.8988682531167599,0.14096541963702933
0,scatter,,-0.8974765232492159,0.1373750549872601
0,scatter,,-0.8961208619610115,0.13375164054849017
0,scatter,,-0.8948016015237245,0.13009482278427967
0,scatter,,-0.893519077741385,0.1264042494150765
0,scatter,,-0.8922736299384451,0.12267956946378462
0,scatter,,-0.89106560094743,0.11892043330188712
0,scatter,,-0.8898953370962167,0.11512649269598182
0,scatter,,-0.8887631881803125,0.11129740087586049
0,scatter,,-0.887669507369589,0.10743281269626292
0,scatter,,-0.8866146513301514,0.10353238449098853
0,scatter,,-0.8855989801716886,0.09959577417682253
0,scatter,,-0.8846228574178822,0.0956226413244188
0,scatter,,-0.8836866499901662,0.0916126472103673
0,scatter,,-0.8827907281910529,0.08756545487005131
0,scatter,,-0.881935465687002,0.08348072915121825
0,scatter,,-0.8811212394908818,0.07935813676849733
0,scatter,,-0.8803484299439952,0.07519734635879263
0,scatter,,-0.8796174206976516,0.070998028537472
0,scatter,,-0.8789285986943275,0.06675985595559142
0,scatter,,-0.8782823540957639,0.062482503449294735
0,scatter,,-0.8776790802112694,0.05816564818897285
0,scatter,,-0.8771191736623315,0.053808969419196495
0,scatter,,-0.8766030342733712,0.04941214867365319
0,scatter,,-0.8761310650446817,0.04497486984779666
0,scatter,,-0.8757036721294617,0.04049681926489159
0,scatter,,-0.8753212648103179,0.03597768574335033
0,scatter,,-0.874984255475229,0.03141716066527712
0,scatter,,-0.8746930595929874,0.02681493804648185
0,scatter,,-0.8744480956881054,0.022170714607884237
0,scatter,,-0.8742497853151757,0.01748418984822084
0,scatter,,-0.8740985530326999,0.012755066118336851
0,scatter,,-0.8739948263763709,0.00798304869688573
0,scatter,,-0.873939035765587,0.003167845997040085
0,scatter,,-0.8739316142704793,-0.0016908299538531887
0,scatter,,-0.8739729980150152,-0.006593264277039511
0,scatter,,-0.8740636259887026,-0.011539738848841158
0,scatter,,-0.8742039399860501,-0.016530532156375864
0,scatter,,-0.8743943845733345,-0.0215659192059246
0,scatter,,-0.874635407054611,-0.0266461714291987
0,scatter,,-0.8749274574369608,-0.03177155658759449
0,scatter,,-0.8752709883949646,-0.036942338674134795
0,scatter,,-0.8756664552343899,-0.042158777813179754
0,scatter,,-0.8761143158550996,-0.04742113015799891
0,scatter,,-0.876615030713155,-0.052729647785896644
0,scatter,,-0.8771690627821116,-0.05808457859097716
0,scatter,,-0.8777768774739675,-0.06348616608760749
0,scatter,,-0.878438942294035,-0.06893464862749268
0,scatter,,-0.8791557272884201,-0.074430260360622
0,scatter,,-0.8799277048915365,-0.07997323087509807
0,scatter,,-0.880755349813734,-0.08556378492445288
0,scatter,,-0.8816391389938006,-0.09120214229701039
0,scatter,,-0.882579551550393,-0.0968885176822196
0,scatter,,-0.8835770687323375,-0.10262312053361441
0,scatter,,-0.8846321738678052,-0.10840615492848313
0,scatter,,-0.8857453523123764,-0.11423781942433979
0,scatter,,-0.8869170913959246,-0.12011830691182983
0,scatter,,-0.8881478803683517,-0.1260478044642738
0,scatter,,-0.889438210344123,-0.13202649318359294
0,scatter,,-0.8907885742264456,-0.13805454799848166
0,scatter,,-0.8921994662164441,-0.14413213650281603
0,scatter,,-0.8936713822948773,-0.15025942004021084
0,scatter,,-0.8952048201791897,-0.1564365535755395
0,scatter,,-0.8968002791074043,-0.16266368516541335
0,scatter,,-0.8984582597700823,-0.1689409557698239
0,scatter,,-0.9001792642407208,-0.17526849905928607
0,scatter,,-0.9019637959044867,-0.18164644121708562
0,scatter,,-0.9038123593852982,-0.1880749007367091
0,scatter,,-0.905725460471281,-0.19455398821454525
0,scatter,,-0.9077036060384849,-0.20108380613745305
0,scatter,,-0.909747303972878,-0.20766444866527908
0,scatter,,-0.911857063090652,-0.2142960014084163
0,scatter,,-0.9140333930546898,-0.22097854119548574
0,scatter,,-0.9162768039054975,-0.2277121349803448
0,scatter,,-0.9185878062588666,-0.2344968402339985
0,scatter,,-0.9209669114733046,-0.241332705267731
0,scatter,,-0.9234146313380553,-0.24821976848623262
0,scatter,,-0.9259314779729003,-0.2551580581114358
0,scatter,,-0.9285179637252812,-0.2621475918989165
0,scatter,,-0.9311746010647544,-0.26918837684690144
0,scatter,,-0.9339019024748015,-0.27628040889793354
0,scatter,,-0.9367003803418075,-0.28342367263268564
0,scatter,,-0.9395705468412772,-0.29061814095611155
0,scatter,,-0.9425129138198254,-0.2978637747796532
0,scatter,,-0.9455279926507185,-0.30516052276858324
0,scatter,,-0.9486162941414882,-0.31250832091085895
0,scatter,,-0.9517783284083772,-0.31990709217085933
0,scatter,,-0.955014604739846,-0.32735674615948546
0,scatter,,-0.9583256314643904,-0.33485717877242993
0,scatter,,-0.9617119158151799,-0.3424082718198683
0,scatter,,-0.96517396379156,-0.35000989264764204
0,scatter,,-0.9687122800171999,-0.35766189374942176
0,scatter,,-0.9723273675949161,-0.36536411236991373
0,scatter,,-0.9760197279582215,-0.37311637009918125
0,scatter,,-0.9797898606454825,-0.380918472316356
0,scatter,,-0.9836382627073664,-0.388770206929794
0,scatter,,-0.9875654292526895,-0.39667134529017406
0,scatter,,-0.9915718530970125,-0.40462164138599893
0,scatter,,-0.9956580245115546,-0.41262083122800663
0,scatter,,-0.9998244310433445,-0.4206686323668827
0,scatter,,-1.004071557330816,-0.4287647433993751
0,scatter,,-1.0083998849148763,-0.436908843462838
0,scatter,,-1.012809892045482,-0.4451005917182411
0,scatter,,-1.017302053483442,-0.45333962682105733
0,scatter,,-1.021876840297467,-0.46162556638005914
0,scatter,,-1.0265347195539887,-0.46995800638735674
0,scatter,,-1.031276153897247,-0.4783365206187163
0,scatter,,-1.036101601811425,-0.48676066013330765
0,scatter,,-1.0410115171991414,-0.4952299526499982
0,scatter,,-1.0460063491272276,-0.5037439019389843
0,scatter,,-1.0510865415868047,-0.5123019872032748
0,scatter,,-1.0562525332475965,-0.5209036624467863
0,scatter,,-1.0615047572065217,-0.5295483558290961
0,scatter,,-1.0668436407302178,-0.5382354690062393
0,scatter,,-1.07226960499153,-0.5469643764575892
0,scatter,,-1.0777830648000206,-0.5557344247988706
0,scatter,,-1.0833844281342795,-0.5645449321647218
0,scatter,,-1.089074095811605,-0.5733951875138947
0,scatter,,-1.0948524616159092,-0.5822844497165711
0,scatter,,-1.1007199117750015,-0.5912119469087951
0,scatter,,-1.1066768246485204,-0.6001768757367645
0,scatter,,-1.1127235704121452,-0.6091784005849881
0,scatter,,-1.118860510734358,-0.6182156527891358
0,scatter,,-1.1250879984457909,-0.6272877298336403
0,scatter,,-1.1314063772012142,-0.6363936945341143
0,scatter,,-1.1378159811337478,-0.6455325742039533
0,scatter,,-1.144317134500169,-0.654703359809254
0,scatter,,-1.150910151049055,-0.6639050060507073
0,scatter,,-1.1575953338427836,-0.6731364298132352
0,scatter,,-1.1643729750692702,-0.6823965086071735
0,scatter,,-1.1712433554956432,-0.6916840802176909
0,scatter,,-1.1782067440676396,-0.7009979417980826
0,scatter,,-1.1852633975002347,-0.7103368489482286
0,scatter,,-1.192413559859147,-0.7196995147777933
0,scatter,,-1.199657462133412,-0.729084608954481
0,scatter,,-1.2069953217985234,-0.7384907567367327
0,scatter,,-1.2144273423701921,-0.7479165379909932
0,scatter,,-1.2219537129450166,-0.7573604862943873
0,scatter,,-1.229574607656944,-0.7668210900008622
0,scatter,,-1.2372901852861966,-0.776296788975409
0,scatter,,-1.2451005887781041,-0.7857859734508076
0,scatter,,-1.2530059447228215,-0.7952869836395705
0,scatter,,-1.2610063628472197,-0.8047981087356888
0,scatter,,-1.2691019354964739,-0.8143175859073819
0,scatter,,-1.2772927371048044,-0.8238435992805272
0,scatter,,-1.285578823655436,-0.8333742789131734
0,scatter,,-1.2939602321486545,-0.8429076998367176
0,scatter,,-1.30243698029357,-0.8524418820283722
0,scatter,,-1.3110090656310998,-0.8619747881442361
0,scatter,,-1.3196764649746515,-0.8715043225600223
0,scatter,,-1.3284391338838102,-0.8810283305819663
0,scatter,,-1.337297006066424,-0.8905445974097508
0,scatter,,-1.3462499927700347,-0.9000508470952578
0,scatter,,-1.355297982162109,-0.9095447414969541
0,scatter,,-1.36444083869918,-0.9190238792304467
0,scatter,,-1.3736784025118025,-0.9284857950097736
0,scatter,,-1.3830104890005235,-0.9379279622642037
0,scatter,,-1.3924368878429325,-0.9473477872414557
0,scatter,,-1.4019573623746655,-0.9567426087895665
0,scatter,,-1.4115716489603132,-0.9661096981538275
0,scatter,,-1.4212794563035351,-0.9754462580518906
0,scatter,,-1.431080464746213,-0.9847494217594133
0,scatter,,-1.4409743255568264,-0.9940162522072523
0,scatter,,-1.4509606602074854,-1.0032437410905009
0,scatter,,-1.461039059754536,-1.0124288085407644
0,scatter,,-1.4712090848539014,-1.0215683059102219
0,scatter,,-1.4814702639078348,-1.0306590096606683
0,scatter,,-1.491822092566215,-1.0396976218209262
0,scatter,,-1.5022640331008712,-1.0486807699046627
0,scatter,,-1.51279551364497,-1.0576050062538924
0,scatter,,-1.5234159274234584,-1.0664668074126256
0,scatter,,-1.5341246319748683,-1.0752625735321526
0,scatter,,-1.5449209483639792,-1.0839886278087665
0,scatter,,-1.5558041605305957,-1.0926412167448665
0,scatter,,-1.5667735152289826,-1.1012165137082968
0,scatter,,-1.5778282201855294,-1.1097106128745886
0,scatter,,-1.588967443587555,-1.1181195305031841
0,scatter,,-1.6001903133942053,-1.126439205330081
0,scatter,,-1.611495916552941,-1.1346654985351157
0,scatter,,-1.622883298213201,-1.1427941937824795
0,scatter,,-1.6343514609460859,-1.1508209973168146
0,scatter,,-1.6458993641740616,-1.1587415376079346
0,scatter,,-1.6575259231864963,-1.1665513661050997
0,scatter,,-1.6692300083150986,-1.1742459576723425
0,scatter,,-1.6810104442162668,-1.181820710841741
0,scatter,,-1.692866009089836,-1.1892709483113617
0,scatter,,-1.704795433898757,-1.1965919175313833
0,scatter,,-1.7167974015903893,-1.2037787913811062
0,scatter,,-1.7288705468833023,-1.2108266715115203
0,scatter,,-1.7410134555457932,-1.2177305894562123
0,scatter,,-1.7532246628285089,-1.2244855039710825
0,scatter,,-1.7655026531838567,-1.2310863043308877
0,scatter,,-1.7778458595588311,-1.2375278117694268
0,scatter,,-1.7902526626970614,-1.2438047810500488
0,scatter,,-1.8027213904510582,-1.2499119021742995
0,scatter,,-1.8152503173622359,-1.2558438024015701
0,scatter,,-1.8278376646629948,-1.2615950486845982
0,scatter,,-1.8404815984836893,-1.267160149065826
0,scatter,,-1.8531802296737934,-1.272533555280791
0,scatter,,-1.8659316132842652,-1.27770966528714
0,scatter,,-1.8787337480192237,-1.2826828259255327
0,scatter,,-1.8915845757092284,-1.2874473357502085
0,scatter,,-1.9044819808839066,-1.291997448130948
0,scatter,,-1.9174237911362986,-1.2963273755130826
0,scatter,,-1.9304077757235922,-1.3004312915782832
0,scatter,,-1.9434316452661577,-1.3043033349595574
0,scatter,,-1.9564930515592718,-1.3079376132566891
0,scatter,,-1.969589587255256,-1.311328207045264
0,scatter,,-1.9827187855798742,-1.3144691740915955
0,scatter,,-1.995878120089995,-1.3173545537719689
0,scatter,,-2.0090650053002115,-1.3199783707145816
0,scatter,,-2.022276796094953,-1.3223346401538574
0,scatter,,-2.0355107870821985,-1.324417373625703
0,scatter,,-2.0487642129528703,-1.326220583740139
0,scatter,,-2.0620342484981897,-1.3277382896442291
0,scatter,,-2.0753180086777805,-1.3289645227134737
0,scatter,,-2.0886125487394125,-1.3298933324756035
0,scatter,,-2.1019148647144386,-1.3305187912952385
0,scatter,,-2.1152218940081178,-1.330834999118793
0,scatter,,-2.1285305148080123,-1.3308360941362425
0,scatter,,-2.141837546858505,-1.3305162577009193
0,scatter,,-2.1551397519276567,-1.329869721187098
0,scatter,,-2.168433834325219,-1.3288907731500725
0,scatter,,-2.1817164414891272,-1.3275737667221714
0,scatter,,-2.1949841647165447,-1.325913126080392
0,scatter,,-2.2082335402982514,-1.3239033479205402
0,scatter,,-2.2214610497717486,-1.3215390182608149
0,scatter,,-2.2346631209602617,-1.3188148182852837
0,scatter,,-2.2478361290081876,-1.3157255317139873
0,scatter,,-2.2609763974472488,-1.3122660531966948
0,scatter,,-2.274080199347408,-1.3084313969133312
0,scatter,,-2.2871437585479204,-1.3042167050882938
0,scatter,,-2.3001632508025365,-1.2996172480389392
0,scatter,,-2.3131348053339322,-1.2946284403033266
0,scatter,,-2.3260545063763503,-1.2892458518235972
0,scatter,,-2.338918394711545,-1.2834652144535688
0,scatter,,-2.351722469347628,-1.2772824312131892
0,scatter,,-2.364462689271927,-1.270693585375052
0,scatter,,-2.37713497482079,-1.2636949405531404
0,scatter,,-2.389735210019433,-1.2562829579662853
0,scatter,,-2.4022592447094997,-1.2484543079951356
0,scatter,,-2.4147028965157498,-1.2402058770393931
0,scatter,,-2.427061953038723,-1.2315347771540377
0,scatter,,-2.4393321741335203,-1.2224383553009146
0,scatter,,-2.4515092941940706,-1.2129141888616615
0,scatter,,-2.463589024660666,-1.2029601037152655
0,scatter,,-2.475567056580393,-1.1925741863986576
0,scatter,,-2.4874390632130403,-1.1817547891936444
0,scatter,,-2.4992007027115726,-1.1705005386680012
0,scatter,,-2.5108476207797517,-1.1588103445352609
0,scatter,,-2.522375453721574,-1.1466834075031087
0,scatter,,-2.5337798313584825,-1.1341192277902512
0,scatter,,-2.545056380065573,-1.1211176135075436
0,scatter,,-2.556200725718204,-1.1076786807048047
0,scatter,,-2.567208496822257,-1.0938028577129373
0,scatter,,-2.578075328058505,-1.0794909039936516
0,scatter,,-2.5887968635186747,-1.0647439114623787
0,scatter,,-2.5993687600839954,-1.0495633105251048
0,scatter,,-2.609786689827564,-1.033950868651295
0,scatter,,-2.620046344372604,-1.0179087016717014
0,scatter,,-2.630143438602931,-1.0014392798656693
0,scatter,,-2.6400737140793438,-0.9845454312721017
0,scatter,,-2.6498329424117157,-0.9672303435031037
0,scatter,,-2.6594169279449056,-0.9494975590847734
0,scatter,,-2.6688215129144472,-0.9313509902291931
0,scatter,,-2.6780425808113995,-0.9127949180605945
0,scatter,,-2.6870760601540606,-0.8938339943418369
0,scatter,,-2.695917927071504,-0.8744732371559826
0,scatter,,-2.7045642090644124,-0.8547180315131172
0,scatter,,-2.713010990212514,-0.8345741361608274
0,scatter,,-2.721254414349827,-0.8140476801350721
0,scatter,,-2.729290688779511,-0.7931451614042264
0,scatter,,-2.737116085995464,-0.7718734376667835
0,scatter,,-2.7447269493361435,-0.7502397308388391
0,scatter,,-2.752119696794512,-0.7282516242358282
0,scatter,,-2.7592908244311394,-0.7059170577101356
0,scatter,,-2.7662369093287387,-0.6832443217294386
0,scatter,,-2.7729546113620906,-0.6602420482957402
0,scatter,,-2.7794406796692064,-0.6369192115040542
0,scatter,,-2.7856919552407637,-0.6132851190786215
0,scatter,,-2.7917053743453737,-0.5893494051526073
0,scatter,,-2.797477969923118,-0.5651220205180932
0,scatter,,-2.803006875309421,-0.5406132246113833
0,scatter,,-2.8082893290625255,-0.5158335780059344
0,scatter,,-2.8133226772459228,-0.49079393175527924
0,scatter,,-2.818104376240555,-0.46550541704796744
0,scatter,,-2.8226319929984816,-0.4399794349330777
0,scatter,,-2.8269032104866927,-0.4142276439210913
0,scatter,,-2.830915830166378,-0.3882619477709919
0,scatter,,-2.834667774216796,-0.3620944826955388
0,scatter,,-2.838157087034934,-0.33573760558711485
0,scatter,,-2.8413819358536174,-0.3092038829958697
0,scatter,,-2.8443406158025426,-0.2825060717403169
0,scatter,,-2.84703155086603,-0.25565710578710715
0,scatter,,-2.8494532957099787,-0.22867008092747348
0,scatter,,-2.851604535486737,-0.2015582457196406
0,scatter,,-2.8534840881433023,-0.17433498269624167
0,scatter,,-2.8550909068742745,-0.14701378812358648
0,scatter,,-2.8564240806798313,-0.11960825747766556
0,scatter,,-2.8574828352531103,-0.09213206935485659
0,scatter,,-2.8582665322927205,-0.06459897759795273
0,scatter,,-2.858774671509498,-0.03702278596230186
0,scatter,,-2.8590068909048774,-0.009417331919486453
0,scatter,,-2.858962966941602,0.01820352911148901
0,scatter,,-2.8586428148815797,0.04582593899877244
0,scatter,,-2.8580464885185926,0.07343605700485992
0,scatter,,-2.857174180071044,0.10102007687564263
0,scatter,,-2.856026219566651,0.12856424106730127
0,scatter,,-2.854603073865934,0.15605485295160249
0,scatter,,-2.852905346578568,0.1834783020374633
0,scatter,,-2.8509337769011243,0.2108210781726143
0,scatter,,-2.8486892386494658,0.23806978450715532
0,scatter,,-2.8461727390530602,0.26521115285201774
0,scatter,,-2.843385417205308,0.29223206424983583
0,scatter,,-2.840328542562872,0.3191195630772398
0,scatter,,-2.837003513381291,0.3458608671754493
0,scatter,,-2.833411854785811,0.37244338484777534
0,scatter,,-2.8295552166669427,0.39885473211087197
0,scatter,,-2.825435371566647,0.4250827452687996
0,scatter,,-2.8210542128738063,0.45111548914969557
0,scatter,,-2.8164137520255417,0.4769412742222045
0,scatter,,-2.8115161158757522,0.5025486698975297
0,scatter,,-2.8063635441523305,0.5279265152422075
0,scatter,,-2.8009583873160033,0.5530639255139234
0,scatter,,-2.7953031029647626,0.5779503080766446
0,scatter,,-2.789400252908082,0.602575371857533
0,scatter,,-2.783252500292943,0.6269291357420609
0,scatter,,-2.7768626071135767,0.6510019343212674
0,scatter,,-2.7702334299954465,0.6747844303040776
0,scatter,,-2.7633679171025927,0.6982676208326006
0,scatter,,-2.7562691047603862,0.7214428441400498
0,scatter,,-2.748940114631206,0.744301784930238
0,scatter,,-2.7413841497507607,0.7668364800950175
0,scatter,,-2.733604490942256,0.7890393231475608
0,scatter,,-2.725604493383571,0.8109030675710296
0,scatter,,-2.7173875827626657,0.832420833572741
0,scatter,,-2.7089572515470515,0.8535861119995037
0,scatter,,-2.700317055658038,0.8743927611404315
0,scatter,,-2.691470610650031,0.894835010043555
0,scatter,,-2.6824215879488076,0.9149074600359784
0,scatter,,-2.673173710814152,0.9346050893898415
0,scatter,,-2.6637307510014385,0.9539232474937677
0,scatter,,-2.654096524948924,0.9728576551558727
0,scatter,,-2.644274890049422,0.9914044033055923
0,scatter,,-2.6342697408665665,1.0095599534207642
0,scatter,,-2.62408500552091,1.0273211333950945
0,scatter,,-2.6137246420711393,1.0446851338140324
0,scatter,,-2.603192634889893,1.0616495048448509
0,scatter,,-2.5924929910368433,1.0782121529212987
0,scatter,,-2.5816297366807834,1.0943713368908794
0,scatter,,-2.570606913729997,1.1101256615654116
0,scatter,,-2.5594285763657227,1.1254740729000405
0,scatter,,-2.548098787646897,1.1404158523850931
0,scatter,,-2.5366216160171597,1.1549506121953503
0,scatter,,-2.525001132246334,1.1690782873419259
0,scatter,,-2.5132414062129063,1.1827991291297288
0,scatter,,-2.5013465037812823,1.1961136981442544
0,scatter,,-2.489320483565486,1.209022857578823
0,scatter,,-2.4771673940493866,1.2215277652915155
0,scatter,,-2.464891270778229,1.2336298656605746
0,scatter,,-2.4524961335046505,1.2453308816994664
0,scatter,,-2.4399859833470265,1.2566328069895862
0,scatter,,-2.4273647999943684,1.2675378975098612
0,scatter,,-2.414636539452117,1.2780486625928826
0,scatter,,-2.4018051314688247,1.288167856425005
0,scatter,,-2.3888744771748245,1.2978984692594397
0,scatter,,-2.37584844645287,1.3072437187112795
0,scatter,,-2.362730875738801,1.3162070408424582
0,scatter,,-2.349525566253356,1.3247920810598637
0,scatter,,-2.336236281813497,1.3330026852403196
0,scatter,,-2.3228667469044826,1.3408428907700454
0,scatter,,-2.3094206444564227,1.348316917045631
0,scatter,,-2.2959016143202704,1.3554291568766088
0,scatter,,-2.282313251719664,1.3621841677746962
0,scatter,,-2.2686591055851557,1.3685866630162944
0,scatter,,-2.2549426770427976,1.3746415028404764
0,scatter,,-2.241167417608554,1.3803536848131819
0,scatter,,-2.22733672825748,1.3857283362026733
0,scatter,,-2.2134539581687696,1.390770705482766
0,scatter,,-2.1995224035311014,1.3954861539124137
0,scatter,,-2.1855453064149124,1.39988014709887
0,scatter,,-2.1715258534819513,1.4039582457390933
0,scatter,,-2.1574671754699724,1.4077260992561098
0,scatter,,-2.1433723462668772,1.4111894376709655
0,scatter,,-2.129244382148731,1.4143540639946097
0,scatter,,-2.1150862410012246,1.4172258462753895
0,scatter,,-2.100900821550917,1.4198107094899926
0,scatter,,-2.0866909631369053,1.4221146301068428
0,scatter,,-2.0724594451394824,1.4241436286579532
0,scatter,,-2.058208986590957,1.425903763119278
0,scatter,,-2.04394224571646,1.4274011214897329
0,scatter,,-2.0296618196544016,1.4286418154129683
0,scatter,,-2.015370244409216,1.429631975245419
0,scatter,,-2.0010699946367514,1.4303777436811709
0,scatter,,-1.9867634835624866,1.4308852701258206
0,scatter,,-1.9724530628324433,1.4311607040319942
0,scatter,,-1.9581410226032312,1.4312101903196213
0,scatter,,-1.9438295916625155,1.4310398647868703
0,scatter,,-1.9295209375217375,1.4306558489538646
0,scatter,,-1.9152171665851967,1.4300642453733792
0,scatter,,-1.9009203242955643,1.4292711320130707
0,scatter,,-1.8866323954614206,1.4282825590958699
0,scatter,,-1.8723553045578079,1.4271045450362168
0,scatter,,-1.8580909160576609,1.4257430724391784
0,scatter,,-1.8438410348080718,1.4242040842873664
0,scatter,,-1.8296074064258976,1.4224934795746766
0,scatter,,-1.815391717770255,1.4206171111271424
0,scatter,,-1.8011955974169713,1.4185807822434808
0,scatter,,-1.7870206161671902,1.4163902437322213
0,scatter,,-1.7728682875932829,1.414051190910632
0,scatter,,-1.758740068618065,1.4115692605413126
0,scatter,,-1.7446373600824594,1.4089500292686452
0,scatter,,-1.7305615073662788,1.4061990110849714
0,scatter,,-1.7165138010218497,1.4033216552595498
0,scatter,,-1.7024954774766963,1.4003233439481029
0,scatter,,-1.688507719706386,1.3972093904315221
0,scatter,,-1.6745516578590254,1.3939850381534258
0,scatter,,-1.6606283699897786,1.3906554589539917
0,scatter,,-1.646738882773844,1.3872257517850388
0,scatter,,-1.632884172229192,1.3837009415802044
0,scatter,,-1.6190651645760648,1.380085977388947
0,scatter,,-1.6052827370769975,1.3763857308301413
0,scatter,,-1.591537718522397,1.372604997156957
0,scatter,,-1.577830890115817,1.3687484937310737
0,scatter,,-1.5641629862444513,1.3648208594243334
0,scatter,,-1.5505346952491763,1.3608266541512717
0,scatter,,-1.5369466603209676,1.3567703582466735
0,scatter,,-1.5233994804954387,1.3526563717394802
0,scatter,,-1.5098937110298074,1.3484890150266426
0,scatter,,-1.4964298643480756,1.3442725284378492
0,scatter,,-1.4830084108379977,1.3400110721937597
0,scatter,,-1.469629779633935,1.335708726469268
0,scatter,,-1.45629435948366,1.3313694914871863
0,scatter,,-1.4430024998108582,1.326997287576928
0,scatter,,-1.4297545110682803,1.3225959556841762
0,scatter,,-1.416550665653417,1.3181692576361261
0,scatter,,-1.4033911987049499,1.3137208765272186
0,scatter,,-1.3902763088686572,1.3092544171717748
0,scatter,,-1.3772061591158415,1.3047734066677799
0,scatter,,-1.3641808778354425,1.3002812952829685
0,scatter,,-1.3512005591563356,1.2957814566494072
0,scatter,,-1.3382652637965748,1.2912771885189138
0,scatter,,-1.3253750198441718,1.2867717134995436
0,scatter,,-1.312529823488044,1.2822681797881075
0,scatter,,-1.2997296397697915,1.2777696619932037
0,scatter,,-1.286974403608981,1.2732791625219178
0,scatter,,-1.2742640201746391,1.2687996117848581
0,scatter,,-1.261598365623863,1.2643338691355137
0,scatter,,-1.2489772878467993,1.259884723863804
0,scatter,,-1.2364006071479905,1.2554548961102685
0,scatter,,-1.223868116929419,1.251047037831685
0,scatter,,-1.211379584622523,1.2466637344731042
0,scatter,,-1.198934752101127,1.2423075053072006
0,scatter,,-1.1865333363014825,1.2379808043644653
0,scatter,,-1.1741750299215865,1.2336860216139858
0,scatter,,-1.1618595020447025,1.229425483982142
0,scatter,,-1.1495863987552126,1.2252014563903078
0,scatter,,-1.1373553439411943,1.2210161434567957
0,scatter,,-1.1251659397621236,1.2168716901292944
0,scatter,,-1.1130177671460315,1.2127701824569264
0,scatter,,-1.1009103864349188,1.2087136488927608
0,scatter,,-1.0888433379459654,1.2047040613546756
0,scatter,,-1.0768161425199505,1.200743336281452
0,scatter,,-1.06482830225302,1.1968333364564152
0,scatter,,-1.0528793009291042,1.1929758716890777
0,scatter,,-1.0409686043865611,1.1891726992778995
0,scatter,,-1.0290956611276136,1.1854255254723185
0,scatter,,-1.0172599028132823,1.1817360065196802
0,scatter,,-1.0054607447453157,1.1781057496984813
0,scatter,,-0.9936975863357006,1.1745363143366012
0,scatter,,-0.9819698115634423,1.1710292128130235
0,scatter,,-0.9702767896673083,1.16758591260446
0,scatter,,-0.9586178757083466,1.1642078378094858
0,scatter,,-0.946992410486174,1.160896367947812
0,scatter,,-0.9353997212259677,1.1576528400821795
0,scatter,,-0.9238391220101747,1.154478549879797
0,scatter,,-0.9123099141989243,1.1513747526541673
0,scatter,,-0.9008113868432458,1.1483426644044272
0,scatter,,-0.8893428170923352,1.1453834628534798
0,scatter,,-0.8779034704329007,1.1424982880563255
0,scatter,,-0.8664926007169217,1.1396882424630017
0,scatter,,-0.8551094512294811,1.1369543937482034
0,scatter,,-0.8437532547900574,1.1342977750956609
0,scatter,,-0.8324232340771776,1.1317193860864927
0,scatter,,-0.8211186019735046,1.129220193655072
0,scatter,,-0.8098385619056534,1.1268011330426464
0,scatter,,-0.7985823081790818,1.124463108750115
0,scatter,,-0.7873490262128471,1.1222069951410867
0,scatter,,-0.7761378923004627,1.1200336353218376
0,scatter,,-0.7649480746999134,1.1179438449094004
0,scatter,,-0.7537787337377946,1.1159384121996734
0,scatter,,-0.7426290220111308,1.1140180987059671
0,scatter,,-0.7314980846616754,1.1121836399755614
0,scatter,,-0.7203850596444339,1.1104357463976402
0,scatter,,-0.7092890779914334,1.1087751040036022
0,scatter,,-0.6982092640434351,1.1072023751733615
0,scatter,,-0.6871447352457318,1.105718197964344
0,scatter,,-0.6760946028671081,1.1043231883806404
0,scatter,,-0.6650579722351498,1.1030179411111918
0,scatter,,-0.6540339428394504,1.1018030298552148
0,scatter,,-0.6430216085404604,1.100679007988064
0,scatter,,-0.6320200577723761,1.0996464092133722
0,scatter,,-0.6210283737400226,1.098705748201854
0,scatter,,-0.6100456346096874,1.0978575212122312
0,scatter,,-0.5990709136101455,1.0971022061942748
0,scatter,,-0.5881032792652438,1.0964402636977568
0,scatter,,-0.577141795613364,1.0958721377173235
0,scatter,,-0.5661855223359201,1.0953982560113815
0,scatter,,-0.5552335149182425,1.095019030628104
0,scatter,,-0.5442848248053002,1.0947348584163252
0,scatter,,-0.5333384995530598,1.0945461215216294
0,scatter,,-0.5223935829754115,1.094453187867916
0,scatter,,-0.5114491152573462,1.0944564113977788
0,scatter,,-0.5005041330874579,1.0945561324774875
0,scatter,,-0.4895576698397903,1.0947526787017998
0,scatter,,-0.47860875567660977,1.0950463651007372
0,scatter,,-0.4676564176727903,1.0954374945256282
0,scatter,,-0.4566996799367812,1.0959263580203893
0,scatter,,-0.4457375637279199,1.0965132351771785
0,scatter,,-0.4347690875708496,1.0971983944766004
0,scatter,,-0.42379326735425527,1.0979820934993167
0,scatter,,-0.4128091164176947,1.0988645790431053
0,scatter,,-0.401815645701847,1.099846087813283
0,scatter,,-0.3908118638319413,1.1009268465218223
0,scatter,,-0.37979677721527555,1.1021070721205817
0,scatter,,-0.36876939013802595,1.1033869720291487
0,scatter,,-0.3577287048599461,1.1047667443458709
0,scatter,,-0.346673721706856,1.106246578042179
0,scatter,,-0.33560343916036,1.1078266530961216
0,scatter,,-0.3245168539425608,1.1095071404471644
0,scatter,,-0.31341296111052735,1.1112882024401596
0,scatter,,-0.30229075414162937,1.1131699928547028
0,scatter,,-0.29114922501786833,1.115152656977504
0,scatter,,-0.2799873643105128,1.1172363316803071
0,scatter,,-0.26880416126371426,1.119421145479494
0,scatter,,-0.25759860387788996,1.1217072185772128
0,scatter,,-0.24636967899441703,1.1240946628503294
0,scatter,,-0.23511637239659972,1.126583581478926
0,scatter,,-0.22383766886640014,1.1291740694680232
0,scatter,,-0.21253255227138146,1.1318662135368496
0,scatter,,-0.20120000565283477,1.1346600919674321
0,scatter,,-0.18983901131020253,1.1375557745280664
0,scatter,,-0.17844855088629225,1.1405533223775297
0,scatter,,-0.16702760545317397,1.1436527879500396
0,scatter,,-0.15557515559952648,1.1468542148207366
0,scatter,,-0.14409018151932937,1.150157637551684
0,scatter,,-0.13257166310178972,1.153563081518397
0,scatter,,-0.12101858002327462,1.1570705627166664
0,scatter,,-0.10942991184583334,1.1606800874917766
0,scatter,,-0.09780463828187586,1.1643916502195222
0,scatter,,-0.08614173910695719,1.1682052353417098
0,scatter,,-0.07444019422544079,1.1721208175253555
0,scatter,,-0.06269898384288086,1.17613836051371
0,scatter,,-0.050917088574744945,1.1802578167812747
0,scatter,,-0.039093489558319594,1.1844791271665014
0,scatter,,-0.027227168567685346,1.188802220482151
0,scatter,,-0.015317108132587333,1.1932270131029443
0,scatter,,-0.003362291660855353,1.1977534085305601
0,scatter,,0.008638296435031653,1.2023812969356888
0,scatter,,0.020685670607590374,1.2071105546772092
0,scatter,,0.0327808440389432,1.21194104379552
0,scatter,,0.044924828149163945,1.216872609279715
0,scatter,,0.05711863262475983,1.2219050795962738
0,scatter,,0.06936326558437485,1.2270382680863239
0,scatter,,0.08165973319200732,1.2322719709106906
0,scatter,,0.09400903948331522,1.237605966336875
0,scatter,,0.10641218618490741,1.2430400139941464
0,scatter,,0.11887017252669364,1.2485738540964424
0,scatter,,0.13138399504737666,1.2542072066327903
0,scatter,,0.14395464739221528,1.259939770524533
0,scatter,,0.15658312007261677,1.2657712231212843
0,scatter,,0.16927040019190162,1.271701219983061
0,scatter,,0.18201747134692103,1.2777293923811228
0,scatter,,0.1948253133396874,1.2838553469782057
0,scatter,,0.20769490192743817,1.2900786649044653
0,scatter,,0.22062720856789714,1.2963989007444159
0,scatter,,0.23362320015520863,1.3028155814908469
0,scatter,,0.24668383874663385,1.3093282054655615
0,scatter,,0.25981008127910116,1.3159362412062987
0,scatter,,0.2730028792277702,1.3226391260752806
0,scatter,,0.2862631777684716,1.3294362623546694
0,scatter,,0.29959191614966063,1.3363270195304922
0,scatter,,0.3129900272760354,1.3433107325758802
0,scatter,,0.32645843723669443,1.3503866999734955
0,scatter,,0.339998064940081,1.357554182302796
0,scatter,,0.35360982173554445,1.3648124007835707
0,scatter,,0.36729461102155586,1.3721605357753166
0,scatter,,0.381053327840626,1.3795977252320344
0,scatter,,0.3948868584595227,1.3871230631117735
0,scatter,,0.4087960794908746,1.3947355980611864
0,scatter,,0.4227818576553567,1.4024343315807164
0,scatter,,0.4368450497275928,1.410218215998617
0,scatter,,0.450986501759444,1.4180861529083089
0,scatter,,0.46520704856816397,1.426036991355262
0,scatter,,0.4795075132068531,1.4340695259758116
0,scatter,,0.4938887064172016,1.442182495087538
0,scatter,,0.5083514260645324,1.450374578730857
0,scatter,,0.5228964565540482,1.4586443966608504
0,scatter,,0.5375245680994466,1.4669905064034645
0,scatter,,0.5522365158553688,1.4754114013655137
0,scatter,,0.5670330398228911,1.4839055081886594
0,scatter,,0.5819148639579783,1.492471184742115
0,scatter,,0.5968826954582547,1.5011067178871225
0,scatter,,0.6119372240480242,1.5098103211711738
0,scatter,,0.6270791212412409,1.518580132469685
0,scatter,,0.6423090395824187,1.5274142115748233
0,scatter,,0.657627611864264,1.536310537730485
0,scatter,,0.6730354502817724,1.5452670073175523
0,scatter,,0.6885331451394138,1.5542814336150228
0,scatter,,0.7041212645901138,1.5633515411898875
0,scatter,,0.7198003536824052,1.5724749635906314
0,scatter,,0.7355709333388543,1.5816492412056136
0,scatter,,0.7514334994130876,1.5908718185436872
0,scatter,,0.7673885217194524,1.600140041463847
0,scatter,,0.7834364430352545,1.6094511543538503
0,scatter,,0.7995776780755369,1.6188022972577705
0,scatter,,0.8158126124391133,1.628190502954009
0,scatter,,0.8321416015166962,1.6376126973321907
0,scatter,,0.8485649693821649,1.6470656953183545
0,scatter,,0.8650830076595789,1.6565461946668296
0,scatter,,0.8816959743452707,1.6660507750694689
0,scatter,,0.8984040926052589,1.6755758952213422
0,scatter,,0.9152075495411458,1.6851178898583559
0,scatter,,0.9321064949244608,1.694672966767894
0,scatter,,0.9491010399258137,1.70423720388487
0,scatter,,0.9661912562171293,1.713806548073658
0,scatter,,0.9833771741579361,1.7233768101631106
0,scatter,,1.000658781409603,1.7329436619009233
0,scatter,,1.0180360216329394,1.7425026333812068
0,scatter,,1.0355087930490436,1.752049110018146
0,scatter,,1.0530769469683923,1.7615783295095642
0,scatter,,1.070740286286886,1.7710853787912064
0,scatter,,1.0884985640702811,1.7805651927300306
0,scatter,,1.1063514824297576,1.790012557496537
0,scatter,,1.124298690213677,1.7994220973237012
0,scatter,,1.1423397816171603,1.8087882750046493
0,scatter,,1.160474294584517,1.8181053898934445
0,scatter,,1.178701709134445,1.827367575282907
0,scatter,,1.1970214456528758,1.8365687958265406
0,scatter,,1.215432863153712,1.845702845008067
0,scatter,,1.2339352582608947,1.854763346567109
0,scatter,,1.2525278637955581,1.8637437541019344
0,scatter,,1.2712098453837053,1.8726373406369312
0,scatter,,1.2899803004258974,1.8814372006649343
0,scatter,,1.308838256284986,1.8901362483736368
0,scatter,,1.327782668436502,1.8987272159184168
0,scatter,,1.3468124185943322,1.9072026518091747
0,scatter,,1.3659263128314454,1.9155549195387191
0,scatter,,1.3851230809095478,1.9237762037067854
0,scatter,,1.4044013736329757,1.9318585046138594
0,scatter,,1.4237597604229904,1.9397936344560964
0,scatter,,1.4431967278882785,1.9475732197571696
0,scatter,,1.462710677948324,1.9551887014157026
0,scatter,,1.482299925949548,1.9626313350060687
0,scatter,,1.5019626989618584,1.9698921908330471
0,scatter,,1.5216971340644168,1.9769621542796794
0,scatter,,1.5415012760358728,1.9838319280626964
0,scatter,,1.5613730756768731,1.9904920330439106
0,scatter,,1.581310387952094,1.9969328098384953
0,scatter,,1.6013109701324721,2.0031444207408
0,scatter,,1.6213724802143283,2.0091168532877073
0,scatter,,1.641492476537677,2.0148399299543795
0,scatter,,1.6616684141532063,2.0203033022998755
0,scatter,,1.681897643562869,2.0254964569764216
0,scatter,,1.7021774092140924,2.0304087208382575
0,scatter,,1.7225048478625593,2.0350292657113593
0,scatter,,1.7428769870080947,2.0393471136552574
0,scatter,,1.7632907446899244,2.043351143494003
0,scatter,,1.7837429270090022,2.047030096472638
0,scatter,,1.804230226372133,2.0503725828312764
0,scatter,,1.824749220573216,2.053367089378467
0,scatter,,1.8452963715404107,2.056001987381601
0,scatter,,1.8658680241477785,2.0582655410248902
0,scatter,,1.8864604058798127,2.0601459172492365
0,scatter,,1.9070696262080826,2.0616311958241003
0,scatter,,1.927691674270366,2.0627093782290102
0,scatter,,1.9483224187691546,2.0633683993444567
0,scatter,,1.9689576073061732,2.0635961391296602
0,scatter,,1.9895928658117434,2.0633804349711027
0,scatter,,2.0102236984403614,2.0627090940644877
0,scatter,,2.030845488678705,2.061569904486956
0,scatter,,2.0514534971561007,2.059950653249676
0,scatter,,2.0720428622349063,2.057839140214683
0,scatter,,2.0926086003016584,2.055223193543799
0,scatter,,2.1131456060729312,2.0520906861296258
0,scatter,,2.133648653103814,2.0484295524334937
0,scatter,,2.1541123954954506,2.0442277990571363
0,scatter,,2.174531367784228,2.0394735294706483
0,scatter,,2.1948999858254936,2.0341549639507086
0,scatter,,2.215212548279035,2.0282604574345227
0,scatter,,2.2354632380216524,2.0217785198965257
0,scatter,,2.2556461237563954,2.014697837471292
0,scatter,,2.2757551621680503,2.007007285273631
0,scatter,,2.2957842000080975,1.9986959483806535
0,scatter,,2.31572697589205,1.9897531568515048
0,scatter,,2.335577123044811,1.9801685023360904
0,scatter,,2.3553281720405876,1.9699318616314092
0,scatter,,2.374973553781611,1.9590334208760825
0,scatter,,2.394506602585705,1.9474636953778768
0,scatter,,2.413920559219718,1.9352135388839686
0,scatter,,2.4332085752203896,1.9222741910329009
0,scatter,,2.4523637166584935,1.9086372956523077
0,scatter,,2.4713789683165373,1.8942949252379027
0,scatter,,2.4902472379582394,1.879239603670189
0,scatter,,2.5089613600824245,1.86346431620627
0,scatter,,2.5275141020203535,1.84696255563177
0,scatter,,2.545898168806564,1.829728343539749
0,scatter,,2.564106208482964,1.8117562551065445
0,scatter,,2.5821308176892974,1.7930414423200722
0,scatter,,2.5999645471027657,1.7735796313579513
0,scatter,,2.617599907899456,1.7533671709291025
0,scatter,,2.635029378039169,1.7324010531092862
0,scatter,,2.652245408735417,1.7106789331558943
0,scatter,,2.66924043099507,1.6881991539776302
0,scatter,,2.6860068628544242,1.6649607667672697
0,scatter,,2.702537116579217,1.6409635536398994
0,scatter,,2.7188236059826347,1.6162080451455163
0,scatter,,2.7348587534558764,1.5906955169998405
0,scatter,,2.7506349984791885,1.5644280332929261
0,scatter,,2.766144805548011,1.5374084587912884
0,scatter,,2.781380671967231,1.5096404706871553
0,scatter,,2.7963351345568896,1.4811285617151368
0,scatter,,2.811000780018167,1.451878067293356
0,scatter,,2.8253702530902625,1.4218951745605206
0,scatter,,2.8394362646902676,1.391186928099562
0,scatter,,2.8531915990873156,1.3597612244329795
0,scatter,,2.8666291248738824,1.3276268374371567
0,scatter,,2.8797418033990314,1.294793418823379
0,scatter,,2.8925226968517275,1.2612714967203382
0,scatter,,2.9049649750976854,1.227072466169649
0,scatter,,2.9170619277568024,1.192208604391162
0,scatter,,2.9288069723333763,1.1566930638747772
0,scatter,,2.940193661964885,1.1205398631603036
0,scatter,,2.9512156921657393,1.0837638718995848
0,scatter,,2.961866913079139,1.046380815487464
0,scatter,,2.9721413371665215,1.0084072600170284
0,scatter,,2.9820331462160894,0.9698605956315921
0,scatter,,2.9915366977624704,0.9307590167660925
0,scatter,,3.0006465371450046,0.8911215133822369
0,scatter,,3.0093574043988367,0.8509678485765408
0,scatter,,3.017664240218251,0.8103185351892829
0,scatter,,3.0255621920216473,0.7691948106318892
0,scatter,,3.0330466250685384,0.7276186145531297
0,scatter,,3.0401131283569582,0.6856125596670561
0,scatter,,3.0467575192315044,0.6431999032542615
0,scatter,,3.052975848946812,0.6004045160639313
0,scatter,,3.0587644122466573,0.5572508469766506
0,scatter,,3.064119752047393,0.5137638881589184
0,scatter,,3.0690386625200285,0.46996914355889363
0,scatter,,3.073518193957534,0.42589259104212135
0,scatter,,3.0775556602434175,0.38156063638140086
0,scatter,,3.0811486421605863,0.3370000739238998
0,scatter,,3.0842949889076055,0.292238054418842
0,scatter,,3.0869928219064717,0.24730203995667197
0,scatter,,3.0892405398536757,0.20221975051826308
0,scatter,,3.091036820487769,0.15701912163315437
0,scatter,,3.0923806210182323,0.11172827044395126
0,scatter,,3.0932711798071737,0.06637544862678489
0,scatter,,3.0937080184371766,0.020988988435736957
0,scatter,,3.0936909421084815,-0.024402739368416526
0,scatter,,3.0932200401051353,-0.06977137177441603
0,scatter,,3.0922956852278825,-0.11508860399458569
0,scatter,,3.090918532994867,-0.16032623270403445
0,scatter,,3.089089519613858,-0.20545619194617998
0,scatter,,3.086809861211091,-0.25045061259363377
0,scatter,,3.084081051426668,-0.2952818636906428
0,scatter,,3.080904859097076,-0.3399225885648786
0,scatter,,3.077283324940223,-0.384345757134722
0,scatter,,3.073218758117883,-0.42852470827478545
0,scatter,,3.0687137325634515,-0.4724331819162375
0,scatter,,3.0637710825072393,-0.5160453660598944
0,scatter,,3.058393897677044,-0.5593359381536167
0,scatter,,3.052585518751883,-0.602280094951899
0,scatter,,3.0463495317490947,-0.6448535907516109
0,scatter,,3.0396897618290435,-0.6870327767538559
0,scatter,,3.0326102677086486,-0.7287946283947996
0,scatter,,3.025115335455049,-0.7701167740458308
0,scatter,,3.0172094709186936,-0.810977531197157
0,scatter,,3.008897393212488,-0.8513559300744719
0,scatter,,3.0001840282121672,-0.8912317346121248
0,scatter,,2.991074499782063,-0.9305854724081655
0,scatter,,2.981574122261205,-0.9693984542796571
0,scatter,,2.971688393218642,-1.007652791915428
0,scatter,,2.9614229853907585,-1.0453314143736847
0,scatter,,2.950783737879251,-1.0824180830818777
0,scatter,,2.9397766480828764,-1.1188974032521952
0,scatter,,2.9284078626853653,-1.1547548442391107
0,scatter,,2.9166836694602005,-1.1899767404508323
0,scatter,,2.9046104886840576,-1.2245502961694155
0,scatter,,2.8921948642557522,-1.258463592608413
0,scatter,,2.879443454481869,-1.2917055979216945
0,scatter,,2.8663630237675237,-1.3242661590205849
0,scatter,,2.8529604336916745,-1.3561360020962194
0,scatter,,2.839242634140603,-1.3873067322690529
0,scatter,,2.8252166545183237,-1.417770830404919
0,scatter,,2.8108895951467914,-1.4475216426960111
0,scatter,,2.7962686186161543,-1.47655337382879
0,scatter,,2.7813609411207114,-1.50486107967033
0,scatter,,2.7661738240995835,-1.532440654775526
0,scatter,,2.750714565980643,-1.5592888188478202
0,scatter,,2.734990493961427,-1.5854031033679243
0,scatter,,2.719008955741347,-1.6107818385982462
0,scatter,,2.7027773118902347,-1.6354241348278384
0,scatter,,2.6863029281336326,-1.659329865027698
0,scatter,,2.669593167707589,-1.682499646941685
0,scatter,,2.652655383837515,-1.7049348244910958
0,scatter,,2.6354969129214325,-1.7266374458455458
0,scatter,,2.618125067531979,-1.747610242687366
0,scatter,,2.6005471293212152,-1.767856609277342
0,scatter,,2.5827703427393516,-1.7873805794952407
0,scatter,,2.56480190905376,-1.8061868032064556
0,scatter,,2.5466489802859997,-1.8242805229816708
0,scatter,,2.5283186533879087,-1.8416675503113598
0,scatter,,2.5098179633318254,-1.8583542432982676
0,scatter,,2.4911538792624155,-1.8743474804704017
0,scatter,,2.472333299365367,-1.8896546365209592
0,scatter,,2.453363045978094,-1.9042835580655249
0,scatter,,2.434249860649576,-1.9182425386960649
0,scatter,,2.4150003988528974,-1.9315402935304562
0,scatter,,2.3956212275428213,-1.9441859364031757
0,scatter,,2.3761188208582666,-1.9561889552464142
0,scatter,,2.356499556601675,-1.9675591882663532
0,scatter,,2.3367697119985764,-1.9783067979515432
0,scatter,,2.3169354607030486,-1.9884422479313437
0,scatter,,2.2970028708298784,-1.997976282204607
0,scatter,,2.276977901935034,-2.006919901628629
0,scatter,,2.25686640260989,-2.0152843417207023
0,scatter,,2.2366741072214276,-2.0230810462337625
0,scatter,,2.216406634870015,-2.030321650010229
0,scatter,,2.196069487711794,-2.037017958686825
0,scatter,,2.1756680492566947,-2.0431819279900862
0,scatter,,2.1552075828423716,-2.0488256431198937
0,scatter,,2.1346932297243457,-2.0539612951765562
0,scatter,,2.114130009111515,-2.0586011690513666
0,scatter,,2.0935228171028983,-2.0627576240797443
0,scatter,,2.0728764260560446,-2.066443076949868
0,scatter,,2.0521954837955967,-2.06966998222211
0,scatter,,2.031484513172874,-2.0724508151771053
0,scatter,,2.010747912477526,-2.0747980614893615
0,scatter,,1.9899899552248923,-2.076724200740042
0,scatter,,1.9692147903208412,-2.078241692646579
0,scatter,,1.948426442014251,-2.0793629593266054
0,scatter,,1.9276288105466108,-2.080100375719711
0,scatter,,1.9068256727830237,-2.080466258806019
0,scatter,,1.886020682798623,-2.0804728553607528
0,scatter,,1.8652173726305459,-2.080132330733261
0,scatter,,1.8444191530014515,-2.0794567548693443
0,scatter,,1.8236293144689595,-2.0784580973181868
0,scatter,,1.8028510284534272,-2.0771482174221556
0,scatter,,1.782087348375297,-2.0755388557768977
0,scatter,,1.7613412108931545,-2.0736416251201875
0,scatter,,1.7406154372175884,-2.071468001492359
0,scatter,,1.7199127344738745,-2.069029320846917
0,scatter,,1.6992356971447735,-2.0663367716383174
0,scatter,,1.6785868085658981,-2.0634013892138725
0,scatter,,1.6579684425954042,-2.0602340487678075
0,scatter,,1.6373828651676645,-2.056845461448473
0,scatter,,1.6168322358812468,-2.0532461710616996
0,scatter,,1.5963186097183266,-2.0494465496940872
0,scatter,,1.5758439387914291,-2.04545679419077
0,scatter,,1.5554100743627821,-2.041286921575596
0,scatter,,1.5350187683249903,-2.0369467683110947
0,scatter,,1.5146716750392024,-2.0324459878822263
0,scatter,,1.4943703531790085,-2.0277940488085786
0,scatter,,1.4741162675448503,-2.0230002332520605
0,scatter,,1.4539107913618203,-2.0180736342009995
0,scatter,,1.4337552080492497,-2.013023154945018
0,scatter,,1.4136507126786988,-2.0078575100032796
0,scatter,,1.3935984140616642,-2.0025852239863005
0,scatter,,1.3735993366060415,-1.997214631548242
0,scatter,,1.3536544223278093,-1.9917538775454133
0,scatter,,1.3337645332517756,-1.9862109173186573
0,scatter,,1.3139304525072701,-1.9805935175507503
0,scatter,,1.2941528864106637,-1.9749092570479576
0,scatter,,1.2744324663376998,-1.9691655277586957
0,scatter,,1.2547697505549755,-1.9633695359877497
0,scatter,,1.2351652266138675,-1.9575283042380816
0,scatter,,1.2156193127474708,-1.9516486724123463
0,scatter,,1.1961323595072593,-1.9457372993555555
0,scatter,,1.176704651683931,-1.9398006647616963
0,scatter,,1.1573364100440826,-1.9338450710544197
0,scatter,,1.1380277933099676,-1.9278766459328769
0,scatter,,1.1187789001875836,-1.9219013451633957
0,scatter,,1.0995897703906583,-1.9159249533821743
0,scatter,,1.0804603865754971,-1.9099530869486632
0,scatter,,1.061390675986472,-1.9039911963017744
0,scatter,,1.0423805121112117,-1.8980445684918432
0,scatter,,1.0234297167684043,-1.8921183311589962
0,scatter,,1.0045380611716164,-1.8862174535238925
0,scatter,,0.9857052675192499,-1.8803467490931376
0,scatter,,0.9669310105853616,-1.8745108784780353
0,scatter,,0.948214919200847,-1.8687143519812162
0,scatter,,0.9295565780036904,-1.8629615333180138
0,scatter,,0.910955528881791,-1.8572566422973211
0,scatter,,0.8924112720603954,-1.8516037562717595
0,scatter,,0.873923267654175,-1.8460068134407321
0,scatter,,0.8554909370201634,-1.8404696155022657
0,scatter,,0.8371136641544813,-1.8349958306158107
0,scatter,,0.8187907972962957,-1.829588997407309
0,scatter,,0.8005216498108472,-1.8242525258404454
0,scatter,,0.7823055015463888,-1.8189897003161362
0,scatter,,0.7641416000856507,-1.813803682392185
0,scatter,,0.7460291619448444,-1.8086975133629386
0,scatter,,0.7279673740316381,-1.8036741182935798
0,scatter,,0.7099553945828947,-1.7987363074427705
0,scatter,,0.6919923541874681,-1.7938867782276737
0,scatter,,0.6740773569768125,-1.7891281181524668
0,scatter,,0.6562094816931323,-1.7844628071857587
0,scatter,,0.6383877827300583,-1.7798932200738675
0,scatter,,0.6206112911732536,-1.7754216287434106
0,scatter,,0.6028790162421962,-1.7710502070464662
0,scatter,,0.5851899458491245,-1.7667810305999625
0,scatter,,0.5675430475539327,-1.7626160789316356
0,scatter,,0.5499372696238283,-1.7585572382783352
0,scatter,,0.5323715419791588,-1.7546063037999056
0,scatter,,0.5148447771252285,-1.7507649817680946
0,scatter,,0.49735587099462386,-1.7470348914315008
0,scatter,,0.47990370321212117,-1.7434175646622323
0,scatter,,0.4624871386977483,-1.739914450816781
0,scatter,,0.44510502839405275,-1.736526918214366
0,scatter,,0.42775620999373937,-1.7332562556319644
0,scatter,,0.4104395087513123,-1.7301036741402909
0,scatter,,0.3931537382856054,-1.7270703089141706
0,scatter,,0.375897701248455,-1.724157220382684
0,scatter,,0.3586701895425404,-1.7213653931095303
0,scatter,,0.34146998584023014,-1.7186957412817754
0,scatter,,0.3242958640991402,-1.7161491091165182
0,scatter,,0.30714659021765367,-1.7137262719829214
0,scatter,,0.29002092273876223,-1.7114279377667643
0,scatter,,0.2729176135466964,-1.7092547481941749
0,scatter,,0.2558354083940058,-1.707207279455527
0,scatter,,0.23877304718608688,-1.7052860418276852
0,scatter,,0.22172926528858167,-1.703491483427142
0,scatter,,0.20470279392494645,-1.7018239902519272
0,scatter,,0.18769236077182716,-1.7002838870050845
0,scatter,,0.17069669057170922,-1.6988714379621221
0,scatter,,0.15371450573845458,-1.697586847783373
0,scatter,,0.13674452691877564,-1.6964302619460319
0,scatter,,0.11978547354210295,-1.6954017670672468
0,scatter,,0.10283606450042318,-1.6945013923552052
0,scatter,,0.08589501868361685,-1.6937291097848433
0,scatter,,0.0689610555501251,-1.6930848345587017
0,scatter,,0.052032895695282286,-1.692568425521899
0,scatter,,0.03510926141619543,-1.6921796855197895
0,scatter,,0.018188877241414048,-1.6919183614681774
0,scatter,,0.0012704704822107948,-1.6917841445291335
0,scatter,,-0.015647228160145688,-1.6917766706292132
0,scatter,,-0.032565484064928915,-1.6918955203835127
0,scatter,,-0.0494855581374878,-1.692140219136734
0,scatter,,-0.06640870625473447,-1.6925102369476608
0,scatter,,-0.08333617870924782,-1.6930049885164362
0,scatter,,-0.10026921968545136,-1.6936238328263449
0,scatter,,-0.11720906669007926,-1.6943660730283854
0,scatter,,-0.13415694996623045,-1.6952309563603651
0,scatter,,-0.15111409194715217,-1.696217673717132
0,scatter,,-0.1680817066905838,-1.6973253592743935
0,scatter,,-0.18506099930832215,-1.6985530900564725
0,scatter,,-0.20205316539132986,-1.699899885444127
0,scatter,,-0.2190593904461076,-1.7013647065261517
0,scatter,,-0.2360808492959407,-1.7029464555603757
0,scatter,,-0.25311870548503823,-1.7046439753655667
0,scatter,,-0.2701741106839595,-1.706456048564298
0,scatter,,-0.28724820408339086,-1.7083813968136499
0,scatter,,-0.3043421117792757,-1.7104186799824364
0,scatter,,-0.3214569461510601,-1.7125664952745205
0,scatter,,-0.3385938052589371,-1.7148233762833263
0,scatter,,-0.3557537721695457,-1.7171877920318002
0,scatter,,-0.3729379143038724,-1.7196581459420635
0,scatter,,-0.3901472827819149,-1.7222327747506228
0,scatter,,-0.40738291174846747,-1.7249099473783644
0,scatter,,-0.42464581768692317,-1.727687863751821
0,scatter,,-0.44193699872097947,-1.7305646535764623
0,scatter,,-0.4592574339243308,-1.7335383751071674
0,scatter,,-0.47660808265939225,-1.736607013960251
0,scatter,,-0.49398988372954544,-1.7397684815221974
0,scatter,,-0.511403754665977,-1.7430206136229227
0,scatter,,-0.5288505909680318,-1.746361169100025
0,scatter,,-0.5463312653228958,-1.7497878283082842
0,scatter,,-0.5638466268088811,-1.7532981915868127
0,scatter,,-0.5813975000822247,-1.7568897776846593
0,scatter,,-0.5989846846495392,-1.7605600226544067
0,scatter,,-0.6166089540260209,-1.7643062782265662
0,scatter,,-0.6342710547225278,-1.7681258093825727
0,scatter,,-0.6519717054508021,-1.772015793067806
0,scatter,,-0.6697115962295244,-1.7759733164666571
0,scatter,,-0.6874913874709738,-1.7799953752439792
0,scatter,,-0.7053117090484208,-1.7840788717548934
0,scatter,,-0.7231731593586095,-1.7882206133065386
0,scatter,,-0.7410763046600292,-1.792417312088075
0,scatter,,-0.7590216777801163,-1.7966655815762809
0,scatter,,-0.7770097770802626,-1.8009619345083814
0,scatter,,-0.7950410655211688,-1.8053027815303009
0,scatter,,-0.8131159696229247,-1.8096844293429954
0,scatter,,-0.8312348784046989,-1.8141030788344819
0,scatter,,-0.8493981423027063,-1.8185548231987554
0,scatter,,-0.8676060721843398,-1.8230356467203654
0,scatter,,-0.8858589386718667,-1.8275414254515259
0,scatter,,-0.9041569702930458,-1.8320679212722752
0,scatter,,-0.9225003525524313,-1.83661078136454
0,scatter,,-0.9408892268130463,-1.8411655367224282
0,scatter,,-0.9593236891096117,-1.8457276004034886
0,scatter,,-0.977803788940739,-1.8502922657946343
0,scatter,,-0.9963295280402812,-1.8548547048950326
0,scatter,,-1.0149008595816453,-1.8594099690313268
0,scatter,,-1.0335176870613716,-1.8639529880084837
0,scatter,,-1.0521798621748895,-1.8684785640547414
0,scatter,,-1.070887183966073,-1.8729813726686917
0,scatter,,-1.0896393975368803,-1.8774559612801331
0,scatter,,-1.1084361927342883,-1.8818967479437878
0,scatter,,-1.1272772028193443,-1.8862980200908808
0,scatter,,-1.1461620031526898,-1.8906539335078998
0,scatter,,-1.1650901109439293,-1.8949585164556975
0,scatter,,-1.1840609828977018,-1.899205664077738
0,scatter,,-1.203074013597629,-1.9033891364288291
0,scatter,,-1.2221285344968134,-1.9075025595111257
0,scatter,,-1.241223812543476,-1.9115394247624355
0,scatter,,-1.260359048794106,-1.9154930886574546
0,scatter,,-1.2795333770148407,-1.91935677242678
0,scatter,,-1.29874586258094,-1.9231235631263042
0,scatter,,-1.317995502552962,-1.926786419553431
0,scatter,,-1.3372812220687285,-1.9303381637079722
0,scatter,,-1.3566018735704544,-1.9337714836899509
0,scatter,,-1.3759562356244353,-1.9370789351648634
0,scatter,,-1.3953430115554577,-1.9402529422802128
0,scatter,,-1.4147608280813513,-1.9432857987716674
0,scatter,,-1.4342082339473605,-1.9461696692651091
0,scatter,,-1.4536836996501363,-1.9488965941878384
0,scatter,,-1.4731856168037771,-1.9514584937615385
0,scatter,,-1.492712294326025,-1.9538471622545923
0,scatter,,-1.5122619583655912,-1.9560542741533349
0,scatter,,-1.5318327510947483,-1.9580713869978594
0,scatter,,-1.5514227294931564,-1.959889944413036
0,scatter,,-1.5710298641499851,-1.9615012794211515
0,scatter,,-1.5906520381329572,-1.962896618144259
0,scatter,,-1.6102870482461442,-1.9640670887265637
0,scatter,,-1.6299326020656315,-1.965003721742199
0,scatter,,-1.6495863160339794,-1.9656974530704798
0,scatter,,-1.6692457153960722,-1.9661391308706868
0,scatter,,-1.6889082332875947,-1.9663195210743272
0,scatter,,-1.708571209865485,-1.9662293132483482
0,scatter,,-1.7282318914827859,-1.9658591268389134
0,scatter,,-1.747887430362648,-1.9651995180898356
0,scatter,,-1.7675348866621843,-1.9642409888288033
0,scatter,,-1.7871712239980153,-1.9629739915334994
0,scatter,,-1.8067933098202313,-1.9613889378236316
0,scatter,,-1.8263979153940408,-1.9594762071022824
0,scatter,,-1.8459817154540346,-1.9572261553952495
0,scatter,,-1.8655412879326647,-1.9546291246492384
0,scatter,,-1.8850731137661267,-1.95167545249899
0,scatter,,-1.9045735780436246,-1.9483554802834913
0,scatter,,-1.9240389712971815,-1.9446595614486184
0,scatter,,-1.9434654861000966,-1.940578078883575
0,scatter,,-1.9628492189031643,-1.936101453674579
0,scatter,,-1.9821861704851456,-1.9312201569843614
0,scatter,,-2.001472246454519,-1.925924722535813
0,scatter,,-2.0207032578649655,-1.920205759605045
0,scatter,,-2.0398749219610584,-1.91405396643419
0,scatter,,-2.0589828644169867,-1.9074601345586408
0,scatter,,-2.078022619740195,-1.900415167384298
0,scatter,,-2.096989631726806,-1.8929100998395667
0,scatter,,-2.1158792553978003,-1.8849361091205328
0,scatter,,-2.134686758559723,-1.8764845295648926
0,scatter,,-2.153407323515019,-1.8675468679163636
0,scatter,,-2.172036047588174,-1.8581148178435247
0,scatter,,-2.190567945716892,-1.8481802764671085
0,scatter,,-2.2089979533593036,-1.8377353614051857
0,scatter,,-2.2273209282037234,-1.8267724270477212
0,scatter,,-2.2455316525770024,-1.8152840816653515
0,scatter,,-2.2636248360247597,-1.8032632047793515
0,scatter,,-2.281595118729311,-1.7907029506154515
0,scatter,,-2.2994370741580896,-1.7775967720693298
0,scatter,,-2.317145211780238,-1.7639384473388422
0,scatter,,-2.334713980666387,-1.7497220918035714
0,scatter,,-2.3521377729956043,-1.7349421760202075
0,scatter,,-2.369410927511783,-1.719593540864953
0,scatter,,-2.3865277322728966,-1.703671400975559
0,scatter,,-2.4034824298611808,-1.6871713792413083
0,scatter,,-2.42026922118518,-1.6700895201199193
0,scatter,,-2.436882269649131,-1.652422305736524
0,scatter,,-2.453315705862742,-1.6341666656594116
0,scatter,,-2.469563632247179,-1.615319994018037
0,scatter,,-2.4856201275752094,-1.595880172917474
0,scatter,,-2.5014792520749825,-1.575845585344937
0,scatter,,-2.517135052421139,-1.5552151286389173
0,scatter,,-2.532581566030575,-1.533988211794955
0,scatter,,-2.5478128275135274,-1.5121647896427417
0,scatter,,-2.5628228740397514,-1.4897453736241262
0,scatter,,-2.5776057509336647,-1.4667310435983
0,scatter,,-2.5921555167192625,-1.443123449760594
0,scatter,,-2.6064662488132835,-1.4189248212562549
0,scatter,,-2.6205320506353185,-1.3941379924103785
0,scatter,,-2.634347057302965,-1.3687664063223879
0,scatter,,-2.6479054417019317,-1.3428141226283314
0,scatter,,-2.661201418640076,-1.3162858066584784
0,scatter,,-2.6742292534145418,-1.2891867556935606
0,scatter,,-2.6869832681269457,-1.261522903662605
0,scatter,,-2.6994578479926474,-1.2333008240430388
0,scatter,,-2.711647446376265,-1.2045277245531532
0,scatter,,-2.7235465902212987,-1.175211442795486
0,scatter,,-2.735149889714857,-1.1453604658601968
0,scatter,,-2.7464520437168014,-1.114983923144045
0,scatter,,-2.757447846209175,-1.0840915844287997
0,scatter,,-2.768132189130044,-1.0526938416783789
0,scatter,,-2.7785000722885256,-1.020801719032013
0,scatter,,-2.7885466100346714,-0.9884268680349046
0,scatter,,-2.798267037198098,-0.9555815585613048
0,scatter,,-2.8076567136401325,-0.9222786659546538
0,scatter,,-2.816711128083187,-0.8885316550888958
0,scatter,,-2.825425909183174,-0.8543545819418733
0,scatter,,-2.8337968298284246,-0.8197620764498303
0,scatter,,-2.8418198129609755,-0.7847693284452891
0,scatter,,-2.8494909327358227,-0.749392067076544
0,scatter,,-2.8568064237259723,-0.713646548242264
0,scatter,,-2.86376268716504,-0.677549537380402
0,scatter,,-2.8703562953725457,-0.6411182889270328
0,scatter,,-2.8765839951975307,-0.6043705262103886
0,scatter,,-2.8824427094551943,-0.567324420671368
0,scatter,,-2.8879295472595934,-0.5299985666971907
0,scatter,,-2.893041806524515,-0.49241195776303154
0,scatter,,-2.8977769780188014,-0.45458396092332143
0,scatter,,-2.9021327449872194,-0.4165342989596585
0,scatter,,-2.9061069894603,-0.3782830173083884
0,scatter,,-2.9096977969670874,-0.33985045264719294
0,scatter,,-2.9129034585626874,-0.3012572053559023
0,scatter,,-2.915722472793058,-0.2625241125739718
0,scatter,,-2.918153545122084,-0.22367222973573378
0,scatter,,-2.9201955932543693,-0.18472278573968642
0,scatter,,-2.921847747804084,-0.14569715535654432
0,scatter,,-2.923109354024177,-0.10661683015703977
0,scatter,,-2.923979972942379,-0.06750338606201206
0,scatter,,-2.9244593818099083,-0.02837844820244378
0,scatter,,-2.9245475746889986,0.010736340446256515
0,scatter,,-2.924244760867892,0.049819338873936386
0,scatter,,-2.9235513660438364,0.08884895198077282
0,scatter,,-2.922468031660086,0.12780366309587674
0,scatter,,-2.9209956138572366,0.16666206127368902
0,scatter,,-2.919135182337683,0.205402867188646
0,scatter,,-2.91688801872385,0.24400497507044946
0,scatter,,-2.914255614762547,0.28244748107705936
0,scatter,,-2.9112396701377,0.3207097042481363
0,scatter,,-2.907842090015205,0.358771221045289
0,scatter,,-2.9040649822704374,0.39661189892181764
0,scatter,,-2.8999106545054905,0.4342119212337512
0,scatter,,-2.8953816112431534,0.47155180524668855
0,scatter,,-2.8904805497423363,0.508612439761168
0,scatter,,-2.885210356202306,0.5453751093763596
0,scatter,,-2.879574102140468,0.5818215132819656
0,scatter,,-2.8735750402385993,0.6179337864864922
0,scatter,,-2.8672165990497263,0.6536945303464745
0,scatter,,-2.8605023784535093,0.6890868307856332
0,scatter,,-2.8534361457527866,0.7240942710648286
0,scatter,,-2.8460218296412525,0.7587009559941646
0,scatter,,-2.8382635147312003,0.7928915298031368
0,scatter,,-2.8301654361945268,0.8266511908653924
0,scatter,,-2.8217319749519887,0.8599657046997031
0,scatter,,-2.8129676513769937,0.892821417379149
0,scatter,,-2.803877119332732,0.9252052664754719
0,scatter,,-2.7944651603780706,0.9571047901434305
0,scatter,,-2.7847366773921114,0.9885081452561314
0,scatter,,-2.774696688627739,1.019404108690714
0,scatter,,-2.7643503215890792,1.0497820804651221
0,scatter,,-2.753702806708318,1.0796320898228866
0,scatter,,-2.7427594707422744,1.1089448060374605
0,scatter,,-2.7315257305518807,1.1377115366957928
0,scatter,,-2.7200070868194945,1.1659242257707276
0,scatter,,-2.708209117596103,1.193575454786362
0,scatter,,-2.6961374718859066,1.2206584451318312
0,scatter,,-2.683797863302785,1.2471670538409934
0,scatter,,-2.6711960637649317,1.2730957678563535
0,scatter,,-2.658337897210139,1.2984396999919796
0,scatter,,-2.6452292332695877,1.3231945851391205
0,scatter,,-2.631875981131379,1.3473567726631617
0,scatter,,-2.6182840835202037,1.3709232169788432
0,scatter,,-2.604459510677954,1.3938914691793325
0,scatter,,-2.5904082542860696,1.4162596690157887
0,scatter,,-2.576136321675955,1.4380265340935048
0,scatter,,-2.561649730271667,1.4591913470356912
0,scatter,,-2.546954501965797,1.4797539439406013
0,scatter,,-2.532056657461798,1.4997147026706223
0,scatter,,-2.516962210931519,1.519074529545021
0,scatter,,-2.5016771650385463,1.5378348442630918
0,scatter,,-2.486207505823981,1.555997565848371
0,scatter,,-2.4705591975207026,1.5735650984475622
0,scatter,,-2.454738177792585,1.5905403160088523
0,scatter,,-2.4387503535392336,1.6069265455418649
0,scatter,,-2.4226015963478886,1.6227275514338968
0,scatter,,-2.406297738306806,1.6379475190178447
0,scatter,,-2.3898445670290664,1.6525910393118002
0,scatter,,-2.3732478219516344,1.6666630920190206
0,scatter,,-2.356513191313924,1.6801690277060688
0,scatter,,-2.33964630821854,1.6931145515181512
0,scatter,,-2.322652747264523,1.7055057063084083
0,scatter,,-2.305538020363875,1.7173488549001141
0,scatter,,-2.288307574122287,1.7286506636377201
0,scatter,,-2.2709667874230273,1.7394180860652226
0,scatter,,-2.2535209684085333,1.7496583460653792
0,scatter,,-2.2359753519348584,1.7593789214097713
0,scatter,,-2.218335096188808,1.7685875252289496
0,scatter,,-2.20060528109298,1.7772920913708528
0,scatter,,-2.1827909065134383,1.7855007592076166
0,scatter,,-2.164896890108504,1.7932218575650059
0,scatter,,-2.146928065556968,1.8004638893853646
0,scatter,,-2.1288891800614267,1.8072355131379072
0,scatter,,-2.1107848935906803,1.8135455310060633
0,scatter,,-2.0926197776673865,1.8194028749918547
0,scatter,,-2.0743983140292634,1.8248165923101012
0,scatter,,-2.0561248935608383,1.829795831603674
0,scatter,,-2.037803814677385,1.8343498256303385
0,scatter,,-2.0194392832109918,1.8384878822066093
0,scatter,,-2.0010354117497577,1.842219371707356
0,scatter,,-1.9825962190124908,1.845553714493431
0,scatter,,-1.9641256293998566,1.8485003689444832
0,scatter,,-1.9456274721968883,1.8510688161207216
0,scatter,,-1.9271054819191646,1.8532685533097522
0,scatter,,-1.9085632981665472,1.855109083108685
0,scatter,,-1.8900044655930315,1.8565999030739042
0,scatter,,-1.8714324339873203,1.8577504956979982
0,scatter,,-1.8528505581896657,1.8585703156976343
0,scatter,,-1.8342620987445852,1.8590687855603556
0,scatter,,-1.8156702222157233,1.8592552864023901
0,scatter,,-1.7970780016306844,1.859139149862129
0,scatter,,-1.7784884169991142,1.8587296500327415
0,scatter,,-1.7599043558042486,1.8580359935617423
0,scatter,,-1.7413286138554194,1.8570673167158729
0,scatter,,-1.7227638959931504,1.8558326781158685
0,scatter,,-1.70421281689215,1.8543410527203514
0,scatter,,-1.6856779019306354,1.8526013256528515
0,scatter,,-1.6671615881122503,1.8506222850726153
0,scatter,,-1.6486662250389654,1.848412620281923
0,scatter,,-1.6301940759280156,1.8459809163521204
0,scatter,,-1.611747318669397,1.84333564996314
0,scatter,,-1.5933280469627902,1.8404851849998163
0,scatter,,-1.5749382715232483,1.8374377679008596
0,scatter,,-1.5565799211346272,1.8342015265046614
0,scatter,,-1.5382548438899903,1.8307844664577353
0,scatter,,-1.519964808415688,1.8271944686306785
0,scatter,,-1.50171150522246,1.8234392861944644
0,scatter,,-1.4834965480672349,1.8195265420296642
0,scatter,,-1.4653214750038674,1.815463728469057
0,scatter,,-1.4471877497844432,1.8112582051746529
0,scatter,,-1.4290967631690712,1.8069171978977032
0,scatter,,-1.41104983424546,1.8024477974780733
0,scatter,,-1.3930482122027035,1.7978569573305865
0,scatter,,-1.3750930774203287,1.7931514938106665
0,scatter,,-1.3571855426184651,1.7883380865483225
0,scatter,,-1.3393266543600095,1.7834232775990098
0,scatter,,-1.3215173943956473,1.7784134713611213
0,scatter,,-1.3037586810711583,1.7733149346363979
0,scatter,,-1.2860513711948687,1.7681337966489528
0,scatter,,-1.2683962607955548,1.7628760496925542
0,scatter,,-1.2507940865608584,1.7575475496185928
0,scatter,,-1.2332455272430134,1.7521540164626983
0,scatter,,-1.2157512049786972,1.746701035221419
0,scatter,,-1.198311686795652,1.741194056869731
0,scatter,,-1.1809274862565327,1.7356383995793787
0,scatter,,-1.1635990641393834,1.7300392494261656
0,scatter,,-1.1463268299641685,1.7244016617339955
0,scatter,,-1.1291111432798095,1.7187305623535163
0,scatter,,-1.1119523149173554,1.7130307490000687
0,scatter,,-1.0948506086248664,1.707306893428058
0,scatter,,-1.0778062421909005,1.7015635427162978
0,scatter,,-1.0608193883542785,1.695805120231989
0,scatter,,-1.0438901761916626,1.690035927598141
0,scatter,,-1.0270186923009335,1.6842601463453808
0,scatter,,-1.0102049819954633,1.6784818396889516
0,scatter,,-0.9934490508744653,1.6727049554605078
0,scatter,,-0.9767508655465129,1.6669333267286393
0,scatter,,-0.9601103547604811,1.6611706736528586
0,scatter,,-0.9435274105799388,1.6554206055377703
0,scatter,,-0.9270018894582059,1.649686622677015
0,scatter,,-0.9105336133945774,1.6439721185702425
0,scatter,,-0.8941223712642784,1.6382803828386254
0,scatter,,-0.8777679193980352,1.6326146015594698
0,scatter,,-0.8614699827341086,1.6269778597026499
0,scatter,,-0.8452282558212949,1.6213731431110074
0,scatter,,-0.8290424037794892,1.6158033403958867
0,scatter,,-0.8129120634270018,1.6102712456245807
0,scatter,,-0.7968368442327395,1.604779560340632
0,scatter,,-0.7808163289837059,1.5993308944430107
0,scatter,,-0.7648500747951245,1.5939277685973692
0,scatter,,-0.748937613980555,1.5885726161197298
0,scatter,,-0.7330784549111282,1.5832677848859051
0,scatter,,-0.7172720831071877,1.5780155404802183
0,scatter,,-0.7015179618047702,1.5728180667971219
0,scatter,,-0.6858155327211412,1.5676774677109566
0,scatter,,-0.6701642168987317,1.5625957692034964
0,scatter,,-0.6545634154613647,1.5575749211198624
0,scatter,,-0.6390125103496473,1.5526167988850836
0,scatter,,-0.6235108650366019,1.547723205179613
0,scatter,,-0.6080578255066993,1.5428958731118134
0,scatter,,-0.5926527209053161,1.538136467662273
0,scatter,,-0.5772948639101207,1.5334465856742567
0,scatter,,-0.5619835515800802,1.528827758493646
0,scatter,,-0.5467180660171258,1.5242814536439744
0,scatter,,-0.5314976750169562,1.5198090764876626
0,scatter,,-0.5163216327098205,1.5154119718762997
0,scatter,,-0.5011891799915598,1.5110914250661025
0,scatter,,-0.4860995447670472,1.5068486619752006
0,scatter,,-0.4710519432514076,1.502684853294214
0,scatter,,-0.45604558026278275,1.498601114964965
0,scatter,,-0.4410796497575715,1.4945985095552008
0,scatter,,-0.42615333537720024,1.4906780476932302
0,scatter,,-0.4112658109865051,1.486840689490645
0,scatter,,-0.3964162411336291,1.4830873456131621
0,scatter,,-0.3816037810419992,1.4794188761425733
0,scatter,,-0.3668275777564591,1.4758360949634504
0,scatter,,-0.352086770501896,1.4723397704112462
0,scatter,,-0.33738049107075624,1.4689306260747317
0,scatter,,-0.32270786428037607,1.4656093419441247
0,scatter,,-0.3080680084227685,1.462376555536946
0,scatter,,-0.2934600356989482,1.4592328629671443
0,scatter,,-0.2788830522354462,1.4561788184157134
0,scatter,,-0.2643361588041794,1.4532149363001081
0,scatter,,-0.2498184513636108,1.4503416927586346
0,scatter,,-0.2353290213049245,1.4475595260034828
0,scatter,,-0.22086695582931537,1.4448688371766951
0,scatter,,-0.20643133831809207,1.442269991175267
0,scatter,,-0.1920212486956876,1.4397633174462912
0,scatter,,-0.17763576374069176,1.4373491103948122
0,scatter,,-0.16327395741735584,1.4350276299736073
0,scatter,,-0.14893490129482195,1.4327991029884695
0,scatter,,-0.13461766484057502,1.430663723422193
0,scatter,,-0.12032131574689009,1.428621653030914
0,scatter,,-0.10604492025222151,1.4266730219109587
0,scatter,,-0.09178754345730089,1.4248179290344993
0,scatter,,-0.0775482496247663,1.4230564426663355
0,scatter,,-0.06332610244874956,1.4213886005655352
0,scatter,,-0.04912016541647764,1.4198144108463118
0,scatter,,-0.03492950208552818,1.4183338522278581
0,scatter,,-0.020753176374340595,1.4169468743720914
0,scatter,,-0.0065902528522935044,1.415653398212309
0,scatter,,0.007560202972527382,1.414453316251702
0,scatter,,0.021699124371321765,1.413346492809101
0,scatter,,0.035827443149607605,1.4123327639801058
0,scatter,,0.04994608932653212,1.4114119381330446
0,scatter,,0.06405599085972769,1.4105837960543437
0,scatter,,0.07815807337657729,1.4098480910262123
0,scatter,,0.092253259899522,1.4092045489278657
0,scatter,,0.106342470571718,1.4086528683072668
0,scatter,,0.12042662238275512,1.4081927204218014
0,scatter,,0.13450662890530538,1.407823749129686
0,scatter,,0.14858340001413525,1.4075455709212754
0,scatter,,0.1626578416093294,1.4073577749597117
0,scatter,,0.1767308553447452,1.4072599229378069
0,scatter,,0.1908033383523154,1.407251548966908
0,scatter,,0.2048761829649719,1.4073321594373958
0,scatter,,0.21895027643826043,1.4075012328512178
0,scatter,,0.23302650067709962,1.4077582195691498
0,scatter,,0.24710573195899338,1.4081025415410546
0,scatter,,0.2611888406293019,1.4085335922079845
0,scatter,,0.2752766908226953,1.409050736151325
0,scatter,,0.2893701401726608,1.4096533087839045
0,scatter,,0.3034700395177411,1.4103406160172007
0,scatter,,0.3175772326037752,1.411111933902794
0,scatter,,0.33169255578221307,1.4119665082484418
0,scatter,,0.3458168377080144,1.4129035541818993
0,scatter,,0.3599508990619214,1.4139222554581437
0,scatter,,0.37409555219389534,1.4150217643309835
0,scatter,,0.3882516008098908,1.4162012010153537
0,scatter,,0.40241983965430667,1.4174596531208676
0,scatter,,0.4166010541801974,1.4187961751115852
0,scatter,,0.43079602021367924,1.4202097877419126
0,scatter,,0.44500550361261326,1.4216994774690013
0,scatter,,0.4592302599185571,1.4232641958418988
0,scatter,,0.473471034041503,1.4249028588324586
0,scatter,,0.4877285598927157,1.426614346184387
0,scatter,,0.5020035599655817,1.428397500779777
0,scatter,,0.5162967449913071,1.4302511279099686
0,scatter,,0.5306088135576715,1.4321739945513206
0,scatter,,0.5449404517195799,1.4341648286194877
0,scatter,,0.5592923326015116,1.436222318202548
0,scatter,,0.5736651159919633,1.4383451107733547
0,scatter,,0.5880594479583099,1.4405318124584872
0,scatter,,0.602475960549842,1.4427809875414916
0,scatter,,0.6169152711649655,1.4450911570891445
0,scatter,,0.631377982173623,1.447460798252828
0,scatter,,0.6458646804869219,1.4498883434378487
0,scatter,,0.6603759371021809,1.4523721794147129
0,scatter,,0.6749123066379236,1.454910646413303
0,scatter,,0.6894743268589376,1.4575020372004
0,scatter,,0.7040625181939885,1.460144596151306
0,scatter,,0.7186773834362167,1.4628365191150579
0,scatter,,0.733319407094817,1.46557595184908
0,scatter,,0.7479890547883978,1.4683609886595947
0,scatter,,0.7626867728103524,1.4711896717921014
0,scatter,,0.7774129875988549,1.4740599904577307
0,scatter,,0.7921681051960902,1.4769698798494018
0,scatter,,0.8069525106968858,1.479917220148395
0,scatter,,0.8217665676857818,1.4828998355217335
0,scatter,,0.836610617775841,1.4859154936499692
0,scatter,,0.8514849802346743,1.4889619057158578
0,scatter,,0.8663899509378508,1.4920367232395864
0,scatter,,0.8813258019511764,1.4951375379599212
0,scatter,,0.8962927809383312,1.4982618809336432
0,scatter,,0.9112911105416147,1.5014072215620218
0,scatter,,0.9263209877514054,1.5045709666184934
0,scatter,,0.9413825832645614,1.5077504592784232
0,scatter,,0.9564760408569476,1.5109429782753194
0,scatter,,0.9716014772026391,1.5141457392329172
0,scatter,,0.9867589806800392,1.5173558912558518
0,scatter,,1.001948610675558,1.520570515942034
0,scatter,,1.0171703970322028,1.5237866271457452
0,scatter,,1.032424339358043,1.5270011701403976
0,scatter,,1.0477104063237876,1.53021102079844
0,scatter,,1.0630285349497854,1.5334129847896951
0,scatter,,1.078378629882773,1.536603796799401
0,scatter,,1.0937605630416698,1.5397801214325864
0,scatter,,1.1091741730641356,1.5429385533137294
0,scatter,,1.1246192637184576,1.5460756127257897
0,scatter,,1.1400956035782233,1.5491877468515745
0,scatter,,1.1556029252828028,1.5522713292761694
0,scatter,,1.1711409247823266,1.5553226594967813
0,scatter,,1.1867092605749643,1.5583379624740348
0,scatter,,1.2023075529357583,1.5613133882262953
0,scatter,,1.2179353832690938,1.5642450119737095
0,scatter,,1.233592294313786,1.5671288376277286
0,scatter,,1.2492777880073183,1.5699607923831669
0,scatter,,1.264991324979356,1.5727367276388653
0,scatter,,1.28073232395367,1.5754524196473845
0,scatter,,1.2965001609760902,1.57810356958215
0,scatter,,1.3122941686390106,1.58068580367612
0,scatter,,1.3281136353030671,1.5831946734344426
0,scatter,,1.3439578043158589,1.5856256559247863
0,scatter,,1.3598258742576717,1.5879741573969222
0,scatter,,1.3757169977886825,1.5902355125758736
0,scatter,,1.3916302798519533,1.5924049820134796
0,scatter,,1.4075647775916216,1.5944777549468012
0,scatter,,1.4235194996198548,1.5964489501938401
0,scatter,,1.4394934052873383,1.598313617157598
0,scatter,,1.4554854039581622,1.600066736941669
0,scatter,,1.4714943542899732,1.6017032235805455
0,scatter,,1.4875190639360218,1.6032179263531734
0,scatter,,1.5035582902722135,1.6046056345773168
0,scatter,,1.5196107372558856,1.605861073556219
0,scatter,,1.5356750555940046,1.6069789083004733
0,scatter,,1.5517498422803193,1.6079537459020297
0,scatter,,1.5678336399933979,1.608780137702579
0,scatter,,1.5839249365104076,1.6094525816153067
0,scatter,,1.6000221641365209,1.6099655246037818
0,scatter,,1.6161236991908834,1.6103133653696349
0,scatter,,1.6322278633351774,1.6104904593978702
0,scatter,,1.6483329214981695,1.6104911200583742
0,scatter,,1.664437080800367,1.6103096210588432
0,scatter,,1.6805384908555485,1.6099402007044123
0,scatter,,1.6966352434012557,1.6093770655066761
0,scatter,,1.7127253719588442,1.6086143939865003
0,scatter,,1.7288068515245905,1.6076463406748223
0,scatter,,1.7448775982921236,1.606467040315695
0,scatter,,1.7609354702261713,1.605070611884206
0,scatter,,1.7769782680066706,1.6034511626542802
0,scatter,,1.7930037320813133,1.601602794359755
0,scatter,,1.8090095437880482,1.5995196076447133
0,scatter,,1.824993325412775,1.5971957072645184
0,scatter,,1.8409526402224436,1.5946252075443406
0,scatter,,1.8568849925463122,1.5918022380652836
0,scatter,,1.8727878279072088,1.5887209495820773
0,scatter,,1.888658533329934,1.5853755197048804
0,scatter,,1.904494439346678,1.5817601526897123
0,scatter,,1.9202928182518884,1.5778690936580255
0,scatter,,1.9360508845898405,1.5736966349450818
0,scatter,,1.9517657960470087,1.5692371214037695
0,scatter,,1.967434653990826,1.5644849574990463
0,scatter,,1.9830545040759748,1.5594346146347993
0,scatter,,1.9986223369191003,1.5540806387162844
0,scatter,,2.0141350888441028,1.548417657950979
0,scatter,,2.0295896431065765,1.5424403850980553
0,scatter,,2.044982830989964,1.536143622840391
0,scatter,,2.0603114320877616,1.5295222820856123
0,scatter,,2.0755721757546586,1.5225713849674722
0,scatter,,2.090761742304923,1.5152860728277735
0,scatter,,2.1058767642974017,1.5076616143750505
0,scatter,,2.120913827678256,1.49969341442714
0,scatter,,2.135869472090868,1.4913770245732847
0,scatter,,2.150740193911993,1.482708148871085
0,scatter,,2.1655224474330264,1.4736826534429206
0,scatter,,2.1802126463868734,1.4642965757140793
0,scatter,,2.1948071656856856,1.4545461335545273
0,scatter,,2.209302343256251,1.4444277342846377
0,scatter,,2.223694482288936,1.4339379719306853
0,scatter,,2.237979853037771,1.4230736445626546
0,scatter,,2.2521546948262663,1.4118317676454326
0,scatter,,2.26621521837532,1.4002095790999471
0,scatter,,2.280157608121807,1.3882045482970902
0,scatter,,2.293978024445938,1.3758143838060937
0,scatter,,2.3076726048505702,1.3630370332084378
0,scatter,,2.321237468100117,1.3498707030140422
0,scatter,,2.334668716563765,1.3363138654103976
0,scatter,,2.3479624387418028,1.3223652656854497
0,scatter,,2.3611147120585323,1.3080239309142216
0,scatter,,2.374121605541194,1.2932891729203102
0,scatter,,2.386979182366139,1.2781605849696578
0,scatter,,2.399683503482918,1.2626380665082975
0,scatter,,2.4122306304801695,1.2467218239270281
0,scatter,,2.4246166287077418,1.2304123767781336
0,scatter,,2.436837569871808,1.2137105648793773
0,scatter,,2.448889535708084,1.1966175542141975
0,scatter,,2.4607686214680813,1.1791348429345891
0,scatter,,2.4724709391732667,1.161264267513522
0,scatter,,2.483992620826717,1.1430080040168966
0,scatter,,2.495329821384158,1.1243685637441216
0,scatter,,2.5064787231327794,1.1053488118645445
0,scatter,,2.5174355390144,1.0859519662794541
0,scatter,,2.528196516222534,1.0661816004596034
0,scatter,,2.538757938468947,1.0460416407099784
0,scatter,,2.5491161305445362,1.0255363719557506
0,scatter,,2.559267462391796,1.0046704410086211
0,scatter,,2.56920835249072,0.9834488565312927
0,scatter,,2.578935271111036,0.9618769873558347
0,scatter,,2.5884447429305597,0.9399605570070518
0,scatter,,2.597733352452478,0.917705651577065
0,scatter,,2.6067977471637946,0.8951187156910462
0,scatter,,2.6156346411797275,0.8722065504100391
0,scatter,,2.6242408171157416,0.8489763058064097
0,scatter,,2.6326131308507317,0.8254354809120783
0,scatter,,2.6407485156736485,0.8015919214088401
0,scatter,,2.6486439854271566,0.7774538139993001
0,scatter,,2.6562966374004073,0.7530296801798192
0,scatter,,2.6637036542183092,0.7283283676194153
0,scatter,,2.6708623096386583,0.7033590481101424
0,scatter,,2.677769971118452,0.6781312090581341
0,scatter,,2.6844241030082006,0.6526546456421967
0,scatter,,2.6908222676981763,0.6269394513948249
0,scatter,,2.696962129941051,0.6009960098629166
0,scatter,,2.702841460510682,0.5748349853283103
0,scatter,,2.7084581386086453,0.5484673122783261
0,scatter,,2.713810154020445,0.521904185048374
0,scatter,,2.7188956081002082,0.49515704762377
0,scatter,,2.7237127188849035,0.46823757992879345
0,scatter,,2.7282598227330244,0.4411576858712359
0,scatter,,2.732535376572175,0.413929480392625
0,scatter,,2.7365379582075273,0.3865652800425841
0,scatter,,2.7402662694678486,0.3590775866800229
0,scatter,,2.743719138764841,0.3314790716717784
0,scatter,,2.746895522378492,0.30378256206779775
0,scatter,,2.749794505724434,0.2760010267933117
0,scatter,,2.75241530350357,0.24814756626600543
0,scatter,,2.75475726215026,0.22023539207375695
0,scatter,,2.756819860525011,0.1922778127691604
0,scatter,,2.7586027115135683,0.16428821710052716
0,scatter,,2.76010556232826,0.13628005837178858
0,scatter,,2.7613282951890525,0.10826683777480225
0,scatter,,2.7622709271698693,0.08026209147525963
0,scatter,,2.7629336105709927,0.0522793735378823
0,scatter,,2.7633166333865495,0.024332237296720634
0,scatter,,2.763420419091524,-0.003565779183480347
0,scatter,,2.763245526499439,-0.03140116826454995
0,scatter,,2.7627926492509336,-0.059160471206296826
0,scatter,,2.762062615296818,-0.08683029336847997
0,scatter,,2.7610563860794595,-0.11439731742036804
0,scatter,,2.759775055753403,-0.14184832216551338
0,scatter,,2.758219850127823,-0.16917019775516742
0,scatter,,2.756392125562988,-0.1963499582728934
0,scatter,,2.7542933675725583,-0.22337475850247587
0,scatter,,2.751925189306386,-0.25023190942980145
0,scatter,,2.7492893300248764,-0.276908890359553
0,scatter,,2.74638765331929,-0.30339336293529473
0,scatter,,2.7432221450997676,-0.32967318649565
0,scatter,,2.7397949117056575,-0.3557364294407656
0,scatter,,2.7361081779570657,-0.38157137978601874
0,scatter,,2.7321642843666205,-0.407166561989801
0,scatter,,2.727965684830695,-0.43251074752576163
0,scatter,,2.7235149440253394,-0.45759296652957354
0,scatter,,2.7188147350857705,-0.4824025162033737
0,scatter,,2.7138678376991687,-0.5069289650609957
0,scatter,,2.708677133862158,-0.5311621714023962
0,scatter,,2.703245605414208,-0.5550922884508579
0,scatter,,2.697576331042693,-0.5787097715650125
0,scatter,,2.6916724833157213,-0.6020053876775292
0,scatter,,2.6855373259226796,-0.6249702292211234
0,scatter,,2.679174209866786,-0.6475957089755341
0,scatter,,2.672586570374474,-0.669873568601318
0,scatter,,2.6657779235869103,-0.6917958832899316
0,scatter,,2.658751863169626,-0.7133550681602734
0,scatter,,2.651512056852245,-0.7345438918015476
0,scatter,,2.644062243002444,-0.755355465414623
0,scatter,,2.636406227110319,-0.7757832490080265
0,scatter,,2.62854787825424,-0.7958210536725074
0,scatter,,2.620491125598308,-0.8154630438332913
0,scatter,,2.6122399550589748,-0.8347037437997562
0,scatter,,2.6037984054758634,-0.8535380303202342
0,scatter,,2.5951705651291994,-0.8719611339438802
0,scatter,,2.586360568213956,-0.8899686383776051
0,scatter,,2.577372591309517,-0.9075564794497301
0,scatter,,2.568210849873734,-0.9247209469468435
0,scatter,,2.5588795947466125,-0.9414586773725957
0,scatter,,2.5493831086945984,-0.9577666517953871
0,scatter,,2.539725702990814,-0.9736421925779053
0,scatter,,2.529911714004861,-0.9890829597509501
0,scatter,,2.5199454996436925,-1.0040869504476801
0,scatter,,2.5098314362849425,-1.0186524898134361
0,scatter,,2.4995739154925216,-1.0327782264520995
0,scatter,,2.489177340805136,-1.0464631272327496
0,scatter,,2.478646124570627,-1.0597064715568065
0,scatter,,2.4679846844827287,-1.0725078479158887
0,scatter,,2.457197440958714,-1.0848671444852074
0,scatter,,2.4462888141549297,-1.0967845425859768
0,scatter,,2.4352632210455445,-1.1082605099630949
0,scatter,,2.4241250725953067,-1.1192957935517667
0,scatter,,2.412878770561636,-1.129891413666473
0,scatter,,2.401528705277196,-1.1400486546823914
0,scatter,,2.3900792530645156,-1.149769057199691
0,scatter,,2.378534773675089,-1.1590544102832203
0,scatter,,2.3668996078597506,-1.1679067433240629
0,scatter,,2.355178074487646,-1.1763283184438902
0,scatter,,2.3433744687636793,-1.1843216215736256
0,scatter,,2.331493060096667,-1.191889353999935
0,scatter,,2.319538089923863,-1.1990344240314483
0,scatter,,2.3075137697095722,-1.205759938497026
0,scatter,,2.2954242784960126,-1.2120691939936947
0,scatter,,2.2832737614872927,-1.2179656685541762
0,scatter,,2.271066328392742,-1.2234530131951638
0,scatter,,2.258806051660553,-1.2285350434235367
0,scatter,,2.246496964909698,-1.2332157308315546
0,scatter,,2.234143060976348,-1.2374991938569617
0,scatter,,2.2217482907961377,-1.2413896900514751
0,scatter,,2.2093165622027953,-1.2448916081251722
0,scatter,,2.1968517385689967,-1.248009459641217
0,scatter,,2.1843576376236267,-1.2507478709584263
0,scatter,,2.1718380300712985,-1.253111574236281
0,scatter,,2.1592966388583394,-1.2551054007237104
0,scatter,,2.1467371382318956,-1.256734273106444
0,scatter,,2.134163152850909,-1.2580031979130253
0,scatter,,2.1215782569538373,-1.258917257972943
0,scatter,,2.108985973337421,-1.2594816039004797
0,scatter,,2.096389773092027,-1.2597014487292035
0,scatter,,2.083793074943398,-1.2595820607137647
0,scatter,,2.071199244729246,-1.2591287566117342
0,scatter,,2.0586115948989567,-1.2583468947731815
0,scatter,,2.0460333839928997,-1.257241867815059
0,scatter,,2.033467816562014,-1.2558190981511923
0,scatter,,2.0209180428387423,-1.2540840315370636
0,scatter,,2.0083871585445414,-1.2520421313609233
0,scatter,,1.9958782046682724,-1.2496988723996985
0,scatter,,1.9833941673260074,-1.247059735002093
0,scatter,,1.970937977887528,-1.2441302012735942
0,scatter,,1.9585125129298775,-1.2409157495837493
0,scatter,,1.9461205943086233,-1.2374218498582967
0,scatter,,1.9337649892060338,-1.2336539580837418
0,scatter,,1.921448410306478,-1.2296175121631345
0,scatter,,1.909173516048848,-1.2253179284515412
0,scatter,,1.8969429108425422,-1.2207605974036897
0,scatter,,1.8847591453500117,-1.2159508797878342
0,scatter,,1.8726247167687902,-1.210894102114823
0,scatter,,1.860542069210691,-1.2055955538625869
0,scatter,,1.8485135940977981,-1.2000604844578624
0,scatter,,1.8365416305724422,-1.194294099998054
0,scatter,,1.8246284659464198,-1.18830156030922
0,scatter,,1.8127763361869125,-1.1820879754217812
0,scatter,,1.8009874264115189,-1.175658403788809
0,scatter,,1.789263871416398,-1.1690178498367876
0,scatter,,1.777607756227692,-1.1621712616372033
0,scatter,,1.7660211166855642,-1.1551235286778259
0,scatter,,1.7545059400860126,-1.147879479258275
0,scatter,,1.7430641657181103,-1.1404438797473648
0,scatter,,1.7316976855104647,-1.1328214326980233
0,scatter,,1.7204083446749303,-1.1250167753433522
0,scatter,,1.7091979423578467,-1.1170344783123154
0,scatter,,1.6980682323451886,-1.1088790441057303
0,scatter,,1.6870209239098624,-1.100554904520962
0,scatter,,1.67605768225826,-1.092066421875933
0,scatter,,1.6651801292957382,-1.0834178875617404
0,scatter,,1.6543898443454241,-1.0746135211835492
0,scatter,,1.643688364854759,-1.0656574699584542
0,scatter,,1.6330771871660805,-1.0565538080641288
0,scatter,,1.6225577674834408,-1.0473065355754652
0,scatter,,1.6121315222507822,-1.0379195790818365
0,scatter,,1.6017998289775492,-1.0283967912047758
0,scatter,,1.5915640269905977,-1.0187419504023707
0,scatter,,1.5814254181604521,-1.0089587609229382
0,scatter,,1.5713852676860287,-0.9990508527789773
0,scatter,,1.5614448050780911,-0.9890217815894273
0,scatter,,1.551605224531992,-0.9788750291264048
0,scatter,,1.5418676857523002,-0.9686140034562555
0,scatter,,1.5322333146992542,-0.9582420392202926
0,scatter,,1.5227032043037192,-0.9477623980006663
0,scatter,,1.5132784152403569,-0.9371782687891779
0,scatter,,1.5039599769167145,-0.9264927686651091
0,scatter,,1.494748887793014,-0.9157089430636574
0,scatter,,1.4856461161884682,-0.9048297664346243
0,scatter,,1.476652601002528,-0.8938581428907988
0,scatter,,1.4677692523990158,-0.8827969068758253
0,scatter,,1.4589969525370499,-0.8716488239627859
0,scatter,,1.4503365564925323,-0.8604165920205262
0,scatter,,1.4417888925826008,-0.849102841434
0,scatter,,1.4333547631155,-0.8377101360783423
0,scatter,,1.4250349450641953,-0.8262409742090998
0,scatter,,1.416830190703879,-0.8146977893328862
0,scatter,,1.4087412282875358,-0.8030829512232007
0,scatter,,1.4007687628937142,-0.7913987674167418
0,scatter,,1.392913476732344,-0.779647483390803
0,scatter,,1.3851760298298,-0.7678312837391639
0,scatter,,1.377557060645479,-0.7559522932171234
0,scatter,,1.3700571866531055,-0.7440125777376552
0,scatter,,1.3626770049504262,-0.7320141455086913
0,scatter,,1.3554170930076266,-0.7199589486695881
0,scatter,,1.3482780089713646,-0.7078488835221434
0,scatter,,1.3412602922690104,-0.6956857917857264
0,scatter,,1.3343644641617824,-0.6834714617276854
0,scatter,,1.3275910282638728,-0.6712076292236807
0,scatter,,1.3209404710921129,-0.6588959789905604
0,scatter,,1.3144132627552032,-0.6465381464277414
0,scatter,,1.3080098571487526,-0.6341357175212041
0,scatter,,1.3017306925140266,-0.6216902302546392
0,scatter,,1.2955761919253406,-0.6092031757785267
0,scatter,,1.2895467637424345,-0.5966759994823512
0,scatter,,1.2836428020497974,-0.5841101020571962
0,scatter,,1.277864687083205,-0.5715068405479159
0,scatter,,1.2722127857438423,-0.5588675298446282
0,scatter,,1.2666874523149176,-0.5461934451284947
0,scatter,,1.2612890283436005,-0.5334858206132159
0,scatter,,1.2560178432134548,-0.5207458514289113
0,scatter,,1.2508742145642624,-0.507974694861268
0,scatter,,1.2458584486753965,-0.49517347146658663
0,scatter,,1.2409708408414934,-0.48234326618967976
0,scatter,,1.236211675740868,-0.46948512948540455
0,scatter,,1.231581227649809,-0.45660007808776004
0,scatter,,1.2270797604808756,-0.44368909537340406
0,scatter,,1.2227075287129352,-0.4307531339059701
0,scatter,,1.2184647774832345,-0.41779311597094904
0,scatter,,1.2143517428739021,-0.40480993460214026
0,scatter,,1.210368652212346,-0.39180445466234326
0,scatter,,1.2065157243645612,-0.3787775139274829
0,scatter,,1.2027931700221304,-0.36572992417637673
0,scatter,,1.1992011917801524,-0.35266247159131114
0,scatter,,1.195739984129561,-0.3395759168919426
0,scatter,,1.1924097343464237,-0.3264709985678945
0,scatter,,1.1892106224597145,-0.3133484329808492
0,scatter,,1.186142821462561,-0.30020891532627386
0,scatter,,1.1832064975298549,-0.28705312064247374
0,scatter,,1.180401810228503,-0.27388170481973395
0,scatter,,1.1777289127206276,-0.26069530561033727
0,scatter,,1.1751879517583577,-0.2474945430536823
0,scatter,,1.1727790677135086,-0.23428002002459675
0,scatter,,1.170502395227401,-0.22105232460828445
0,scatter,,1.1683580631412651,-0.20781203040344476
0,scatter,,1.1663461946329823,-0.19455969744802665
0,scatter,,1.16446690735048,-0.18129587315775042
0,scatter,,1.162720313536418,-0.16802109326173
0,scatter,,1.161106520144413,-0.15473588273663874
0,scatter,,1.1596256288957367,-0.14144075647819912
0,scatter,,1.1582777363628372,-0.1281362201515204
0,scatter,,1.1570629341471512,-0.11482277156570042
0,scatter,,1.1559813089113777,-0.1015009013460712
0,scatter,,1.155032942448115,-0.08817109383434793
0,scatter,,1.1542179117403408,-0.07483382798951595
0,scatter,,1.1535362890134686,-0.06148957828810775
0,scatter,,1.152988141779059,-0.04813881562423518
0,scatter,,1.1525735328173419,-0.03478200797479784
0,scatter,,1.1522925202089234,-0.021419621321551188
0,scatter,,1.1521451574154877,-0.008052120829399129
0,scatter,,1.152131493249318,0.0053200284318143665
0,scatter,,1.1522515718707116,0.01869636060219479
0,scatter,,1.152505432776839,0.03207640814572443
0,scatter,,1.1528931107820868,0.04545970096190943
0,scatter,,1.1534146359898167,0.058845765495408806
0,scatter,,1.1540700337246967,0.07223412405605112
0,scatter,,1.154859324499797,0.08562429383713563
0,scatter,,1.1557825239862334,0.09901578585390776
0,scatter,,1.1568396429323293,0.11240810416684356
0,scatter,,1.1580306870903523,0.12580074498876426
0,scatter,,1.159355657134538,0.13919319578808415
0,scatter,,1.1608145485703638,0.1525849343871502
0,scatter,,1.1624073516348215,0.16597542805783208
0,scatter,,1.1641340511606424,0.17936413281337565
0,scatter,,1.1659946264763987,0.19275049236205938
0,scatter,,1.1679890512927278,0.20613393709240324
0,scatter,,1.1701172935543551,0.21951388323830792
0,scatter,,1.1723793152941182,0.23288973195530432
0,scatter,,1.174775072477854,0.24626086839052785
0,scatter,,1.1773045148399826,0.2596266607452511
0,scatter,,1.179967585709645,0.2729864593357511
0,scatter,,1.1827642218228573,0.2863395958571076
0,scatter,,1.1856943531340363,0.29968538223874186
0,scatter,,1.1887579026149766,0.31302310962710633
0,scatter,,1.191954786041343,0.3263520474939908
0,scatter,,1.1952849117710114,0.3396714426632216
0,scatter,,1.1987481805126143,0.35298051832921096
0,scatter,,1.2023444850842964,0.3662784730674143
0,scatter,,1.2060737101624128,0.37956447983573977
0,scatter,,1.2099357320202409,0.39283768496902954
0,scatter,,1.2139304182670578,0.40609720741559385
0,scatter,,1.2180576275600516,0.41934213756032435
0,scatter,,1.2223172093063723,0.432571536051615
0,scatter,,1.226709003366198,0.4457844328925901
0,scatter,,1.2312328397402854,0.4589798264075311
0,scatter,,1.235888538246966,0.472156682201653
0,scatter,,1.2406759081883239,0.4853139321139788
0,scatter,,1.245594748005637,0.4984504731641572
0,scatter,,1.25064484492371,0.5115651664928093
0,scatter,,1.2558259746282505,0.5246568362306163
0,scatter,,1.2611379008775656,0.5377242684431912
0,scatter,,1.2665803750670088,0.5507662101233437
0,scatter,,1.272153135861076,0.5637813680617008
0,scatter,,1.2778559087852537,0.5767684077561418
0,scatter,,1.2836884058065172,0.5897259523165985
0,scatter,,1.289650324902502,0.602652581366122
0,scatter,,1.2957413496194097,0.6155468299391746
0,scatter,,1.3019611486182388,0.6284071873771665
0,scatter,,1.3083093752469994,0.6412320962171698
0,scatter,,1.3147856670747935,0.6540199510836735
0,scatter,,1.3213896453362446,0.666769097590715
0,scatter,,1.328120914469992,0.6794778312303231
0,scatter,,1.3349790616108674,0.6921443962679553
0,scatter,,1.3419636560701094,0.7047669846405212
0,scatter,,1.3490742488040366,0.7173437348584094
0,scatter,,1.3563103718713279,0.7298727309130345
0,scatter,,1.3636715378785016,0.7423520011905221
0,scatter,,1.3711572394662956,0.7547795173609266
0,scatter,,1.3787669487840633,0.7671531932772201
0,scatter,,1.3865001167590418,0.7794708840034258
0,scatter,,1.394356172567527,0.7917303847239671
0,scatter,,1.402334523032382,0.803929429704733
0,scatter,,1.410434552007846,0.8160656912708424
0,scatter,,1.4186556197536795,0.8281367788007529
0,scatter,,1.426997062298956,0.8401402377388568
0,scatter,,1.435458190795844,0.852073548628781
0,scatter,,1.4440382908867528,0.8639341262143708
0,scatter,,1.452736622083823,0.8757193186081095
0,scatter,,1.4615524170015382,0.8874264062217572
0,scatter,,1.4704848807118114,0.8990526009806067
0,scatter,,1.4795331900568065,0.9105950455056625
0,scatter,,1.488696492950328,0.9220508123250853
0,scatter,,1.4979739076707947,0.9334169031231222
0,scatter,,1.507364522146325,0.9446902480296062
0,scatter,,1.5168673932325025,0.955867704953202
0,scatter,,1.5264815460111847,0.9669460589780128
0,scatter,,1.5362059731481255,0.9779220218493762
0,scatter,,1.5460396339952627,0.9887922313623878
0,scatter,,1.555981453900799,0.9995532509354517
0,scatter,,1.5660303234717454,1.0102015692181263
0,scatter,,1.5761850978234482,1.0207335997574918
0,scatter,,1.5864445958254694,1.031145680731854
0,scatter,,1.596807599344695,1.0414340747559572
0,scatter,,1.6072728524865871,1.0515949687619757
0,scatter,,1.6178390608485382,1.061624473936148
0,scatter,,1.6285048908333377,1.071518625635324
0,scatter,,1.6392689687821758,1.0812733837013289
0,scatter,,1.6501298802468396,1.0908846326313146
0,scatter,,1.6610861692465673,1.100348181874163
0,scatter,,1.6721363375181342,1.1096597662451044
0,scatter,,1.6832788437704969,1.1188150464463464
0,scatter,,1.694512102944442,1.1278096096981698
0,scatter,,1.7058344854785705,1.1366389704858375
0,scatter,,1.717244316591255,1.1452985713626536
0,scatter,,1.728739875635858,1.1537837833659872
0,scatter,,1.7403193953017246,1.162089907860159
0,scatter,,1.7519810609357354,1.1702121776537966
0,scatter,,1.7637230098755832,1.1781457582624992
0,scatter,,1.7755433307841046,1.1858857494195247
0,scatter,,1.7874400629996958,1.1934271867353878
0,scatter,,1.799411195903712,1.2007650435115431
0,scatter,,1.8114546683067003,1.2078942327140751
0,scatter,,1.8235683678536483,1.2148096090341165
0,scatter,,1.8357501304255741,1.2215059699630726
0,scatter,,1.847997739621147,1.2279780595995906
0,scatter,,1.8603089262335342,1.2342205712476493
0,scatter,,1.872681367747685,1.2402281498982721
0,scatter,,1.8851126878732247,1.2459953951935243
0,scatter,,1.8976004561086521,1.2515168645797503
0,scatter,,1.9101421873381668,1.2567870766549856
0,scatter,,1.9227353414637345,1.2618005147160904
0,scatter,,1.935377323069216,1.2665516304473132
0,scatter,,1.9480654809735716,1.2710348458587915
0,scatter,,1.9607971081170694,1.2752445592389805
0,scatter,,1.9735694413816947,1.279175149901449
0,scatter,,1.9863796613704927,1.2828209820168763
0,scatter,,1.9992248922838167,1.2861764093096462
0,scatter,,2.0121022018449084,1.289235779968298
0,scatter,,2.025008601277533,1.2919934417730863
0,scatter,,2.037941045337458,1.2944437474435486
0,scatter,,2.0508964323969177,1.296581060182552
0,scatter,,2.063871604234612,1.298399756900216
0,scatter,,2.076863346474026,1.2998942358859926
0,scatter,,2.08986838902975,1.3010589243057085
0,scatter,,2.102883406264671,1.3018882833659202
0,scatter,,2.115905017370435,1.3023768148180053
0,scatter,,2.128929786816346,1.302519067667429
0,scatter,,2.141954224869524,1.3023096450868765
0,scatter,,2.154974788188167,1.3017432115315615
0,scatter,,2.1679878804905974,1.3008145000536133
0,scatter,,2.180989852791072,1.2995183173585765
0,scatter,,2.1939770043842817,1.2978495522585445
0,scatter,,2.206945584242794,1.2958031858952266
0,scatter,,2.2198917916535965,1.2933742980855687
0,scatter,,2.232811777256276,1.2905580753507178
0,scatter,,2.245701644165992,1.287349819088438
0,scatter,,2.2585574491828835,1.2837449538805377
0,scatter,,2.271375204090536,1.2797390359259626
0,scatter,,2.2841508770448553,1.275327761589831
0,scatter,,2.2968803934725237,1.2705069746254511
0,scatter,,2.3095596375300276,1.2652726746334555
0,scatter,,2.3221844547364725,1.2596210282485383
0,scatter,,2.334750653162273,1.2535483766062596
0,scatter,,2.347254005228253,1.2470512441159787
0,scatter,,2.359690249599699,1.2401263472568338
0,scatter,,2.372055093173412,1.2327706033711086
0,scatter,,2.384344213158867,1.2249811394360033
0,scatter,,2.3965532592535355,1.2167553007943916
0,scatter,,2.4086778554144246,1.2080906600610786
0,scatter,,2.4207136017914537,1.1989850259136263
0,scatter,,2.432656078449961,1.189436450970498
0,scatter,,2.444500847267985,1.1794432404531587
0,scatter,,2.4562434544971787,1.1690039604222144
0,scatter,,2.467879433426772,1.1581174458284338
0,scatter,,2.4794043071316185,1.1467828083602012
0,scatter,,2.4908135913032683,1.1349994440590851
0,scatter,,2.5021027971619585,1.1227670406749102
0,scatter,,2.513267434337828,1.1100855853781684
0,scatter,,2.5243030134185322,1.0969553745695848
0,scatter,,2.5352050489446616,1.0833770211430205
0,scatter,,2.5459690631810616,1.0693514576210794
0,scatter,,2.556590590282619,1.0548799371310225
0,scatter,,2.567065179454835,1.039964039939896
0,scatter,,2.577388396444033,1.024605688758239
0,scatter,,2.5875558272379373,1.0088071519708028
0,scatter,,2.5975630816668436,0.9925710473560548
0,scatter,,2.6074057989836565,0.9759003354475139
0,scatter,,2.6170796498895745,0.9587983311901335
0,scatter,,2.6265803399227297,0.9412687075634447
0,scatter,,2.6359036124431516,0.9233155007887662
0,scatter,,2.6450452529649877,0.9049431087368257
0,scatter,,2.6540010931273597,0.8861562920939263
0,scatter,,2.662767014154543,0.8669601761794847
0,scatter,,2.6713389504287623,0.8473602517201884
0,scatter,,2.6797128927602163,0.8273623750778655
0,scatter,,2.687884892310935,0.8069727671659163
0,scatter,,2.6958510642921487,0.7861980120776696
0,scatter,,2.7036075917314553,0.7650450549734643
0,scatter,,2.7111507289260857,0.7435211996450318
0,scatter,,2.7184768048954777,0.7216341055466085
0,scatter,,2.725582226977318,0.6993917838629464
0,scatter,,2.732463484395869,0.6768025929178318
0,scatter,,2.7391171518612123,0.6538752328189397
0,scatter,,2.7455398925871815,0.6306187402696853
0,scatter,,2.7517284615957323,0.6070424821984806
0,scatter,,2.7576797091062413,0.5831561485264221
0,scatter,,2.7633905845829285,0.5589697432135664
0,scatter,,2.7688581386619178,0.5344935776752355
0,scatter,,2.7740795263719016,0.5097382615205494
0,scatter,,2.779052010158981,0.48471469290262514
0,scatter,,2.78377296347599,0.4594340476664947
0,scatter,,2.7882398726121362,0.4339077694188001
0,scatter,,2.7924503394506566,0.4081475580283477
0,scatter,,2.7964020840337542,0.3821653577577789
0,scatter,,2.800092947296287,0.3559733455491941
0,scatter,,2.803520892957985,0.3295839174427961
0,scatter,,2.8066840096861103,0.3030096752157313
0,scatter,,2.8095805131178935,0.27626341263212467
0,scatter,,2.8122087478179316,0.2493581025480946
0,scatter,,2.8145671888789465,0.22230688106374177
0,scatter,,2.816654443469619,0.19512303248358986
0,scatter,,2.8184692522463117,0.16781997411617477
0,scatter,,2.820010490754009,0.14041124191166265
0,scatter,,2.821277170396315,0.11291047358431912
0,scatter,,2.822268439339767,0.0853313923021484
0,scatter,,2.8229835832954278,0.057687790509296656
0,scatter,,2.8234220263075076,0.02999351447226801
0,scatter,,2.823583331072811,0.002262447028597722
0,scatter,,2.8234671991544773,-0.02549150939712579
0,scatter,,2.823073471107449,-0.053254449373926135
0,scatter,,2.8224021266239028,-0.08101248049848701
0,scatter,,2.821453284205641,-0.10875174043578253
0,scatter,,2.820227200663746,-0.13645841390120506
0,scatter,,2.8187242705891453,-0.16411874905439183
0,scatter,,2.8169450257963726,-0.19171907359954232
0,scatter,,2.8148901344253208,-0.2192458110189445
0,scatter,,2.8125603997738784,-0.24668549677119972
0,scatter,,2.809956759152478,-0.2740247939551287
0,scatter,,2.8070802825726044,-0.30125050899251227
0,scatter,,2.80393217117051,-0.3283496066222907
0,scatter,,2.8005137555260604,-0.35530922475169546
0,scatter,,2.796826493941734,-0.3821166889410589
0,scatter,,2.7928719705612997,-0.4087595264502857
0,scatter,,2.788651893116689,-0.43522547977792914
0,scatter,,2.7841680907566877,-0.4615025197939348
0,scatter,,2.7794225117877933,-0.4875788587854888
0,scatter,,2.774417221124356,-0.5134429623204141
0,scatter,,2.7691543976701554,-0.5390835607866578
0,scatter,,2.763636331649307,-0.5644896606267011
0,scatter,,2.757865421871302,-0.5896505551594257
0,scatter,,2.7518441726900074,-0.614555834004805
0,scatter,,2.745575191013441,-0.6391953924731468
0,scatter,,2.739061183270854,-0.6635594407621993
0,scatter,,2.732304952192444,-0.6876385118284147
0,scatter,,2.7253093935031423,-0.7114234685580216
0,scatter,,2.7180774926068976,-0.7349055107512941
0,scatter,,2.710612321245498,-0.7580761818774342
0,scatter,,2.702917033965804,-0.7809273739118042
0,scatter,,2.694994864623093,-0.8034513322476677
0,scatter,,2.686849122809355,-0.8256406604253262
0,scatter,,2.678483190338287,-0.847488323672484
0,scatter,,2.669900517508922,-0.8689876514240723
0,scatter,,2.6611046194922725,-0.8901323397181037
0,scatter,,2.652099072666344,-0.9109164534089138
0,scatter,,2.6428875109255388,-0.9313344272476498
0,scatter,,2.6334736219545056,-0.9513810656995954
0,scatter,,2.623861143531386,-0.9710515429823894
0,scatter,,2.614053859862969,-0.9903414028745559
0,scatter,,2.6040555978711324,-1.009246557097029
0,scatter,,2.5938702235289623,-1.0277632834376806
0,scatter,,2.5835016382043334,-1.0458882234764837
0,scatter,,2.5729537750505393,-1.0636183797178154
0,scatter,,2.562230595401519,-1.0809511121722923
0,scatter,,2.5513360852188876,-1.097884134497773
0,scatter,,2.540274251579635,-1.1144155096878192
0,scatter,,2.529049119208148,-1.1305436453139979
0,scatter,,2.5176647271148136,-1.1462672886184129
0,scatter,,2.5061251251246977,-1.1615855204481143
0,scatter,,2.494434370533858,-1.1764977491293058
0,scatter,,2.4825965248153623,-1.1910037039147092
0,scatter,,2.4706156507233543,-1.205103429794364
0,scatter,,2.4584958091568754,-1.2187972803787845
0,scatter,,2.44624105583917,-1.232085909138232
0,scatter,,2.433855438513112,-1.2449702625799135
0,scatter,,2.4213429940250406,-1.2574515726078552
0,scatter,,2.4087077453222188,-1.2695313490334643
0,scatter,,2.3959536990431833,-1.2812113710224993
0,scatter,,2.383084842860719,-1.2924936790746084
0,scatter,,2.3701051429711537,-1.3033805667433251
0,scatter,,2.3570185409430535,-1.3138745705281198
0,scatter,,2.343828951757854,-1.3239784621484314
0,scatter,,2.3305402617526347,-1.3336952403055184
0,scatter,,2.317156326267527,-1.343028121500024
0,scatter,,2.303680967393559,-1.3519805309215962
0,scatter,,2.290117971713269,-1.360556093148379
0,scatter,,2.276471088772597,-1.3687586239055776
0,scatter,,2.2627440290937537,-1.3765921209163317
0,scatter,,2.2489404624026688,-1.3840607549851482
0,scatter,,2.2350640156927963,-1.3911688606740922
0,scatter,,2.2211182718783338,-1.3979209279282057
0,scatter,,2.2071067682964185,-1.4043215933552264
0,scatter,,2.1930329952736107,-1.4103756315581222
0,scatter,,2.1789003946698524,-1.4160879461417666
0,scatter,,2.164712358610944,-1.4214635611745523
0,scatter,,2.1504722285034683,-1.4265076134343206
0,scatter,,2.136183293897267,-1.4312253440030365
0,scatter,,2.1218487914678907,-1.435622090092024
0,scatter,,2.1074719039193224,-1.4397032763266169
0,scatter,,2.09305575936888,-1.4434744079370452
0,scatter,,2.0786034305478385,-1.4469410629878405
0,scatter,,2.0641179341119975,-1.4501088849315087
0,scatter,,2.049602229872195,-1.4529835743882287
0,scatter,,2.035059220362742,-1.4555708827087208
0,scatter,,2.0204917504494344,-1.4578766055484842
0,scatter,,2.005902606888981,-1.4599065759348533
0,scatter,,1.9912945180118042,-1.461666657882288
0,scatter,,1.9766701534345028,-1.4631627399647174
0,scatter,,1.9620321235513078,-1.4644007270446007
0,scatter,,1.947382979708792,-1.465386536735909
0,scatter,,1.9327252140583226,-1.4661260933403113
0,scatter,,1.918061259457238,-1.466625321961067
0,scatter,,1.9033934894566327,-1.466890143096249
0,scatter,,1.8887242184730708,-1.466926467789996
0,scatter,,1.874055702202909,-1.466740193502089
0,scatter,,1.8593901372684412,-1.4663371979669904
0,scatter,,1.8447296615854765,-1.4657233350724221
0,scatter,,1.8300763546104653,-1.4649044304806738
0,scatter,,1.8154322376030836,-1.4638862773619454
0,scatter,,1.8007992742372143,-1.4626746336336083
0,scatter,,1.7861793710016893,-1.461275218341946
0,scatter,,1.771574377210577,-1.4596937064301234
0,scatter,,1.7569860856232296,-1.457935726134102
0,scatter,,1.7424162329008621,-1.4560068557372183
0,scatter,,1.7278665001009452,-1.4539126205314759
0,scatter,,1.713338513571604,-1.4516584913788395
0,scatter,,1.6988338452372167,-1.4492498810063197
0,scatter,,1.6843540131030907,-1.4466921412099307
0,scatter,,1.6699004819620402,-1.4439905609032204
0,scatter,,1.6554746640273987,-1.4411503639565053
0,scatter,,1.641077919598302,-1.4381767072876057
0,scatter,,1.6267115578106077,-1.4350746796453244
0,scatter,,1.6123768372369944,-1.4318492991927816
0,scatter,,1.5980749666129952,-1.4285055121205563
0,scatter,,1.5838071055663234,-1.4250481913111663
0,scatter,,1.5695743653486574,-1.421482135058344
0,scatter,,1.5553778096153765,-1.4178120661607208
0,scatter,,1.5412184552398374,-1.4140426313051233
0,scatter,,1.5270972729760142,-1.4101783994731039
0,scatter,,1.5130151882753167,-1.406223861457351
0,scatter,,1.4989730820719975,-1.4021834292247974
0,scatter,,1.4849717915713816,-1.398061435365335
0,scatter,,1.4710121110596595,-1.393862132993129
0,scatter,,1.457094792698493,-1.3895896953554023
0,scatter,,1.443220547310332,-1.385248215301812
0,scatter,,1.429390045188039,-1.3808417053075241
0,scatter,,1.4156039168967682,-1.376374097412704
0,scatter,,1.4018627540764006,-1.3718492432597933
0,scatter,,1.3881671102731787,-1.3672709145596587
0,scatter,,1.3745175017107123,-1.362642802971096
0,scatter,,1.3609144080935998,-1.3579685203302738
0,scatter,,1.3473582734060983,-1.353251599051698
0,scatter,,1.333849506705213,-1.3484954925134893
0,scatter,,1.3203884829048527,-1.3437035755957178
0,scatter,,1.3069755435419255,-1.3388791455447
0,scatter,,1.293610997582648,-1.3340254219353604
0,scatter,,1.2802951221868037,-1.329145547444881
0,scatter,,1.267028163472101,-1.3242425885261289
0,scatter,,1.2538103372742138,-1.3193195360768586
0,scatter,,1.2406418298998991,-1.3143793061378202
0,scatter,,1.2275227988701787,-1.3094247406757207
0,scatter,,1.214453373598945,-1.3044586099430904
0,scatter,,1.201433656174606,-1.299483611820313
0,scatter,,1.1884637220889296,-1.294502372365299
0,scatter,,1.1755436209280572,-1.2895174471578705
0,scatter,,1.1626733770708388,-1.284531322187292
0,scatter,,1.1498529903764427,-1.2795464147482536
0,scatter,,1.1370824368614392,-1.2745650743415289
0,scatter,,1.1243616693935101,-1.2695895847913643
0,scatter,,1.111690618357764,-1.2646221656896515
0,scatter,,1.0990691922456497,-1.259664970988834
0,scatter,,1.086497278313346,-1.2547200911591772
0,scatter,,1.0739747432013138,-1.249789554206618
0,scatter,,1.0615014335399542,-1.2448753266724706
0,scatter,,1.049077176541908,-1.2399793146253404
0,scatter,,1.0367017806586092,-1.235103365078726
0,scatter,,1.024375036516441,-1.2302492690347897
0,scatter,,1.0120967169355524,-1.2254187594802581
0,scatter,,0.9998665776298886,-1.2206135132430693
0,scatter,,0.9876843577931194,-1.2158351522790842
0,scatter,,0.9755497806276375,-1.211085244702897
0,scatter,,0.9634625538596726,-1.2063653058034698
0,scatter,,0.9514223702514009,-1.201676799090251
0,scatter,,0.9394289085439922,-1.197021139188071
0,scatter,,0.9274818335740831,-1.1923996913006938
0,scatter,,0.9155807966129982,-1.1878137716482904
0,scatter,,0.9037254359895032,-1.1832646491314123
0,scatter,,0.8919153775475888,-1.1787535463374734
0,scatter,,0.8801502350913017,-1.174281640528039
0,scatter,,0.8684296108170746,-1.169850064605215
0,scatter,,0.8567530959174361,-1.1654599089322821
0,scatter,,0.8451202711286584,-1.1611122229260062
0,scatter,,0.8335307067001336,-1.1568080139330719
0,scatter,,0.8219839629947283,-1.1525482491432033
0,scatter,,0.8104795908831623,-1.1483338565577066
0,scatter,,0.7990171321228735,-1.1441657259152969
0,scatter,,0.787596119725494,-1.1400447095960267
0,scatter,,0.7762160783541191,-1.1359716237325663
0,scatter,,0.7648765249114249,-1.1319472504389774
0,scatter,,0.7535769685495513,-1.127972336812741
0,scatter,,0.7423169110817638,-1.1240475962403582
0,scatter,,0.7310958473420931,-1.1201737094466622
0,scatter,,0.7199132655026859,-1.1163513253380313
0,scatter,,0.7087686473815451,-1.112581061824396
0,scatter,,0.6976614687426477,-1.108863506634271
0,scatter,,0.6865911997300482,-1.1051992190825608
0,scatter,,0.6755573050499314,-1.1015887301617964
0,scatter,,0.6645592441825102,-1.098032542876967
0,scatter,,0.6535964717082702,-1.094531133396502
0,scatter,,0.6426684375698786,-1.091084951801446
0,scatter,,0.6317745873256919,-1.0876944228147352
0,scatter,,0.6209143623955237,-1.084359946510215
0,scatter,,0.6100872003385654,-1.0810818993544624
0,scatter,,0.5992925351286703,-1.0778606352745448
0,scatter,,0.5885297972661778,-1.0746964853285188
0,scatter,,0.5777984140467181,-1.0715897588043113
0,scatter,,0.5670978097759422,-1.0685407438876326
0,scatter,,0.5564274059758181,-1.0655497082946714
0,scatter,,0.5457866215842844,-1.0626168998864265
0,scatter,,0.5351748731535948,-1.0597425473374582
0,scatter,,0.5245915750782785,-1.0569268612605696
0,scatter,,0.514036139724084,-1.054170034079814
0,scatter,,0.5035079776142387,-1.0514722407252386
0,scatter,,0.4930064976066001,-1.0488336392709943
0,scatter,,0.48253110705912833,-1.0462543714718513
0,scatter,,0.4720812119899424,-1.0437345632833335
0,scatter,,0.461656217231883,-1.0412743253677121
0,scatter,,0.4512555265892935,-1.0388737538896167
0,scatter,,0.44087854297881524,-1.036532930819605
0,scatter,,0.43052466856507277,-1.034251924213839
0,scatter,,0.42019330489950885,-1.0320307888109637
0,scatter,,0.40988385305158587,-1.029869566475838
0,scatter,,0.3995957137353938,-1.027768286628654
0,scatter,,0.38932828743234227,-1.0257269666595676
0,scatter,,0.37908097450284906,-1.0237456124393167
0,scatter,,0.368853175291401,-1.0218242188535145
0,scatter,,0.358644290261493,-1.019962769797018
0,scatter,,0.3484537200921647,-1.0181612387025871
0,scatter,,0.33828086578053485,-1.0164195889027345
0,scatter,,0.3281251287418476,-1.0147377739685326
0,scatter,,0.3179859109063217,-1.0131157380349531
0,scatter,,0.3078626148126916,-1.0115534161127506
0,scatter,,0.29775464369910803,-1.0100507343870337
0,scatter,,0.28766140155972086,-1.0086076107586979
0,scatter,,0.2775822932153885,-1.0072239552341782
0,scatter,,0.2675167244666839,-1.0058996696178184
0,scatter,,0.257464102137417,-1.004634648058074
0,scatter,,0.2474238341504607,-1.0034287773029298
0,scatter,,0.23739532960168455,-1.0022819369387905
0,scatter,,0.22737799883206872,-1.0011939996180845
0,scatter,,0.21737125349787975,-1.0001648312756644
0,scatter,,0.20737450663879162,-0.9991942913340969
0,scatter,,0.19738717268232775,-0.9982822329611784
0,scatter,,0.18740866752030869,-0.9974285032419714
0,scatter,,0.17743840865321292,-0.996632943269709
0,scatter,,0.16747581520137655,-0.9958953883599936
0,scatter,,0.15752030796307626,-0.9952156682059119
0,scatter,,0.1475713094711081,-0.994593607023031
0,scatter,,0.1376282440484833,-0.9940290236844735
0,scatter,,0.1276905378631134,-0.9935217318461781
0,scatter,,0.11775761898099257,-0.9930715400623343
0,scatter,,0.10782891735200761,-0.992678251867772
0,scatter,,0.09790386490454664,-0.9923416658893898
0,scatter,,0.08798189564052615,-0.9920615759487355
0,scatter,,0.07806244564964741,-0.9918377711270404
0,scatter,,0.06814495315769453,-0.9916700358332884
0,scatter,,0.05822885857419262,-0.9915581498632839
0,scatter,,0.04831360454005016,-0.9915018884498601
0,scatter,,0.03839863597504889,-0.9915010223043402
0,scatter,,0.028483400122975983,-0.9915553176458229
0,scatter,,0.018567346519165903,-0.9916645360886879
0,scatter,,0.008649927111348155,-0.991828434783823
0,scatter,,-0.0012694036724732322,-0.9920467664603607
0,scatter,,-0.011191188907585026,-0.9923192793709064
0,scatter,,-0.021115969126745085,-0.9926457172777148
0,scatter,,-0.031044282273981736,-0.9930258194305229
0,scatter,,-0.04097666365816037,-0.9934593205361553
0,scatter,,-0.05091364590570424,-0.993945950719994
0,scatter,,-0.06085575891641273,-0.9944854354678645
0,scatter,,-0.07080352987724636,-0.9950774953825934
0,scatter,,-0.08075748314173671,-0.9957218463367193
0,scatter,,-0.0907181401813332,-0.9964181993964525
0,scatter,,-0.10068601955225412,-0.997166260688172
0,scatter,,-0.11066163684483518,-0.9979657313060989
0,scatter,,-0.12064550463175744,-0.9988163072119488
0,scatter,,-0.13063813241531294,-0.9997176791266711
0,scatter,,-0.1406400265731005,-1.0006695324143147
0,scatter,,-0.15065169030763345,-1.0016715469375614
0,scatter,,-0.1606736236353459,-1.0027233967492815
0,scatter,,-0.17070632326606944,-1.0038247501906252
0,scatter,,-0.18075028255439277,-1.0049752696986798
0,scatter,,-0.19080599144795937,-1.0061746116122987
0,scatter,,-0.2008739364250365,-1.0074224260036166
0,scatter,,-0.21095460043024528,-1.0087183565016777
0,scatter,,-0.2210484628086195,-1.010062040108266
0,scatter,,-0.23115599923735788,-1.0114531070059347
0,scatter,,-0.2412776816617843,-1.0128911803299363
0,scatter,,-0.2514139782529656,-1.0143758758219865
0,scatter,,-0.2615653532858525,-1.0159068018330377
0,scatter,,-0.2717322670762723,-1.0174835590355735
0,scatter,,-0.2819151759065705,-1.019105740169028
0,scatter,,-0.29211453194490944,-1.0207729297964994
0,scatter,,-0.30233078316176043,-1.0224847040535483
0,scatter,,-0.3125643732437633,-1.0242406303891505
0,scatter,,-0.32281574150512743,-1.0260402672988926
0,scatter,,-0.33308532280344205,-1.0278831640192283
0,scatter,,-0.34337354746441606,-1.0297688601648545
0,scatter,,-0.35368084114432674,-1.0316968856063042
0,scatter,,-0.36400762474502935,-1.0336667601073273
0,scatter,,-0.3743543143128533,-1.0356779930085351
0,scatter,,-0.38472132093247835,-1.037730082912049
0,scatter,,-0.3951090506172653,-1.0398225173583744
0,scatter,,-0.4055179041962199,-1.041954772495581
0,scatter,,-0.4159482771977693,-1.0441263127408833
0,scatter,,-0.426400559729737,-1.0463365904345345
0,scatter,,-0.4368751363557238,-1.0485850454860854
0,scatter,,-0.4473723860140507,-1.0508711049515256
0,scatter,,-0.4578926818619468,-1.0531941826975044
0,scatter,,-0.4684363910970297,-1.0555536790833315
0,scatter,,-0.4790038748505845,-1.0579489805343965
0,scatter,,-0.4895954880458028,-1.0603794591492177
0,scatter,,-0.5002115792521661,-1.0628444722989943
0,scatter,,-0.5108524905355327,-1.0653433622196091
0,scatter,,-0.5215185573043265,-1.0678754555962218
0,scatter,,-0.5322101081511752,-1.0704400631403455
0,scatter,,-0.5429274646901843,-1.0730364791594984
0,scatter,,-0.5536709413973373,-1.0756639811663447
0,scatter,,-0.5644408454978092,-1.0783218298119788
0,scatter,,-0.5752374767027237,-1.0810092678759753
0,scatter,,-0.5860611270465754,-1.0837255199229439
0,scatter,,-0.5969120807146506,-1.0864697919200836
0,scatter,,-0.6077906138537927,-1.0892412707717458
0,scatter,,-0.6186969943786104,-1.0920391238474951
0,scatter,,-0.6296314817724998,-1.0948624985035844
0,scatter,,-0.6405943268836753,-1.0977105215979568
0,scatter,,-0.6515857717164129,-1.1005822989989036
0,scatter,,-0.6626060492168679,-1.1034769150872767
0,scatter,,-0.6736553831214087,-1.106393432708391
0,scatter,,-0.684733987780203,-1.1093308929848373
0,scatter,,-0.6958420677361529,-1.112288313514519
0,scatter,,-0.706979817584825,-1.1152646884905153
0,scatter,,-0.7181474217398551,-1.1182589882141005
0,scatter,,-0.729345054189602,-1.121270158582405
0,scatter,,-0.7405728782483518,-1.1242971205717174
0,scatter,,-0.7518310463022909,-1.1273387697166137
0,scatter,,-0.7631196995495719,-1.1303939755848484
0,scatter,,-0.7744389677349126,-1.1334615812482558
0,scatter,,-0.7857889688859785,-1.1365404027990407
0,scatter,,-0.7971698093040709,-1.139629230526091
0,scatter,,-0.8085815830030976,-1.1427268265934556
0,scatter,,-0.8200243713655445,-1.1458319241429034
0,scatter,,-0.8314982429536771,-1.1489432274240006
0,scatter,,-0.8430032532148096,-1.1520594112830027
0,scatter,,-0.8545394441808934,-1.155179120651457
0,scatter,,-0.8661068441626678,-1.1583009700348013
0,scatter,,-0.8777054674377274,-1.1614235430010054
0,scatter,,-0.8893353139327465,-1.1645453916695425
0,scatter,,-0.9009963689001038,-1.1676650362009724
0,scatter,,-0.9126886027177602,-1.1707809649820433
0,scatter,,-0.9244119709710402,-1.173891636356416
0,scatter,,-0.9361664133065944,-1.176995473799906
0,scatter,,-0.9479518533742902,-1.1800908669684642
0,scatter,,-0.9597681985355504,-1.1831761715278126
0,scatter,,-0.9716153395155551,-1.1862497087154826
0,scatter,,-0.983493150049763,-1.189309764909569
0,scatter,,-0.9954014865250245,-1.1923545912046467
0,scatter,,-1.0073401876155708,-1.1953824029952906
0,scatter,,-1.0193090739132449,-1.1983913795674093
0,scatter,,-1.0313079475522529,-1.2013796636978396
1,line,0 mV,25.0,3.615252
1,line,0 mV,30.0,3.624588
1,line,0 mV,40.0,3.630065
1,line,0 mV,50.0,3.76389
1,line,0 mV,60.0,3.560948
1,line,0 mV,75.0,3.630838
1,line,0 mV,100.0,3.5486
1,line,0 mV,120.0,3.812798
1,line,0 mV,150.0,3.737878
1,line,0 mV,200.0,3.614528
1,line,0 mV,250.0,3.671695
1,line,0 mV,300.0,3.643948
1,line,0 mV,400.0,3.628812
1,line,0 mV,500.0,3.60368
1,line,0 mV,600.0,3.614482
1,line,0 mV,750.0,3.62906
1,line,0 mV,1000.0,3.610882
1,line,0 mV,1200.0,3.606715
1,line,0 mV,1500.0,3.61865
1,line,0 mV,2000.0,3.616315
1,line,0 mV,2500.0,3.613985
1,line,0 mV,3000.0,3.608962
1,line,0 mV,4000.0,3.61016
1,line,0 mV,5000.0,3.607997
1,line,0 mV,6000.0,3.603368
1,line,0 mV,7500.0,3.60073
1,line,0 mV,10000.0,3.59063
1,line,0 mV,12000.0,3.58023
1,line,0 mV,15000.0,3.560412
1,line,0 mV,20000.0,3.530582
1,line,0 mV,25000.0,3.488005
1,line,0 mV,30000.0,3.43923
1,line,0 mV,40000.0,3.315745
1,line,0 mV,50000.0,3.161775
1,line,0 mV,60000.0,2.97886
1,line,0 mV,75000.0,2.653275
1,line,0 mV,100000.0,1.961753
1,line,0 mV,120000.0,1.305
1,line,0 mV,150000.0,0.113175675
1,line,0 mV,200000.0,-2.181145
1,line,20 mV,25.0,0.57954675
1,line,20 mV,30.0,0.5554635
1,line,20 mV,40.0,0.619901
1,line,20 mV,50.0,0.69384575
1,line,20 mV,60.0,0.62099725
1,line,20 mV,75.0,0.61527225
1,line,20 mV,100.0,0.8449295
1,line,20 mV,120.0,1.3522
1,line,20 mV,150.0,1.345339
1,line,20 mV,200.0,1.430647
1,line,20 mV,250.0,1.995757
1,line,20 mV,300.0,1.955095
1,line,20 mV,400.0,2.154095
1,line,20 mV,500.0,1.907652
1,line,20 mV,600.0,2.791212
1,line,20 mV,750.0,2.11545
1,line,20 mV,1000.0,3.41443
1,line,20 mV,1200.0,2.573888
1,line,20 mV,1500.0,3.596483
1,line,20 mV,2000.0,3.60659
1,line,20 mV,2500.0,3.429495
1,line,20 mV,3000.0,3.081573
1,line,20 mV,4000.0,3.35622
1,line,20 mV,5000.0,3.570908
1,line,20 mV,6000.0,3.60036
1,line,20 mV,7500.0,3.603785
1,line,20 mV,10000.0,3.592315
1,line,20 mV,12000.0,3.583638
1,line,20 mV,15000.0,3.56248
1,line,20 mV,20000.0,3.532898
1,line,20 mV,25000.0,3.49369
1,line,20 mV,30000.0,3.447082
1,line,20 mV,40000.0,3.326118
1,line,20 mV,50000.0,3.178315
1,line,20 mV,60000.0,2.997912
1,line,20 mV,75000.0,2.679305
1,line,20 mV,100000.0,2.009265
1,line,20 mV,120000.0,1.366583
1,line,20 mV,150000.0,0.21271775
1,line,20 mV,200000.0,-2.056375
