axis_index,artist_type,label,x,y
0,line,line1,2.015968601488267,-0.1925482122575868
0,line,line1,2.0194796291657218,-0.15829383927632995
0,line,line1,2.021569879313032,-0.1153654331642641
0,line,line1,2.0213692193029242,-0.08988687399527204
0,line,line1,2.020582470000774,-0.07324504440421396
0,line,line1,2.0193212443204875,-0.05707449423240305
0,line,line1,2.0177374857327535,-0.041559408560543576
0,line,line1,2.0169105120279895,-0.034088534392428774
0,line,line1,2.016123717627503,-0.026806918570003613
0,line,line1,2.015431854658426,-0.019680631630427846
0,line,line1,2.0150850933175355,-0.015443694979765799
0,line,line1,2.0148891524826524,-0.012609927378648852
0,line,line1,2.014688789947722,-0.00900665107303341
0,line,line1,2.014594105747648,-0.006761264098319378
0,line,line1,2.014542120369188,-0.005188472561992745
0,line,line1,2.014499248837995,-0.0034982786277318475
0,line,line1,2.014465572308895,-0.00156993648081089
0,line,line1,2.014452147193803,-0.00042613482556338653
0,line,line1,2.014440887487922,0.0009577163894830426
0,line,line1,2.014431476565214,0.002822091131464216
0,line,line1,2.014426291293876,0.004421413753966087
0,line,line1,2.014422597235831,0.00588826017596176
0,line,line1,2.014416476271956,0.008623269550081027
0,line,line1,2.014410338218719,0.011225815212955728
0,line,line1,2.0144034976591407,0.013762100592939303
0,line,line1,2.014391445867438,0.017500195089222258
0,line,line1,2.014366005462663,0.023641632444497913
0,line,line1,2.0143406240775965,0.02851454679435212
0,line,line1,2.0142940291506233,0.035789736525924876
0,line,line1,2.0141934866277595,0.0478672489222661
0,line,line1,2.014064238397382,0.059912422280828964
0,line,line1,2.01390622074017,0.07193703532869034
0,line,line1,2.013503660548414,0.09593862033163976
0,line,line1,2.012985332233516,0.11988027889206447
0,line,line1,2.012350662714905,0.1437571493767537
0,line,line1,2.011178994168355,0.1794319708576442
0,line,line1,2.008633337317865,0.23843174833440753
0,line,line1,2.006054111923559,0.28512633721775077
0,line,line1,2.001258744259321,0.35413779835705517
0,line,line1,1.990708783827269,0.4657907346685709
0,line,line2,2.1754820572168296,-0.18538708318297012
0,line,line2,2.1763527892605627,-0.15175897048588002
0,line,line2,2.1758003418657217,-0.11103396222544766
0,line,line2,2.1748639178747307,-0.08748969404165835
0,line,line2,2.1741197345001257,-0.07219639191036781
0,line,line2,2.173366694203119,-0.05721278119160279
0,line,line2,2.172680832624424,-0.04249770976223279
0,line,line2,2.1723854433546514,-0.03521638361718695
0,line,line2,2.1721322978881816,-0.027962266280322296
0,line,line2,2.1719280551670375,-0.02069965081865894
0,line,line2,2.171831288505699,-0.016306249177481327
0,line,line2,2.1717781168823245,-0.013338880702958111
0,line,line2,2.171724800267805,-0.00953551476258117
0,line,line2,2.1716999433267907,-0.007149760049752417
0,line,line2,2.171686364182895,-0.005471698626451607
0,line,line2,2.171675162867088,-0.0036616822310337046
0,line,line2,2.171666261098068,-0.001587190059436035
0,line,line2,2.1716625912806244,-0.00035141628616469406
0,line,line2,2.1716593026025026,0.0011491507320958278
0,line,line2,2.17165603499023,0.0031793717009798023
0,line,line2,2.1716536107688396,0.004927181911246985
0,line,line2,2.1716513267071567,0.006533788668366345
0,line,line2,2.1716463551808483,0.00953517777571127
0,line,line2,2.1716404074156745,0.012395308356173508
0,line,line2,2.171633307267287,0.015184754169186805
0,line,line2,2.1716203741982696,0.019298114879435002
0,line,line2,2.1715925804919185,0.026058857772847614
0,line,line2,2.1715646732780676,0.03142426373967255
0,line,line2,2.171513313288013,0.039435333589568584
0,line,line2,2.1714023000441998,0.0527341514721362
0,line,line2,2.1712594086459873,0.06599531924338108
0,line,line2,2.1710844994381446,0.079230618444016
0,line,line2,2.17063794638045,0.10563550298453593
0,line,line2,2.1700610105990275,0.13195156345705883
0,line,line2,2.1693516390469467,0.15816773088515557
0,line,line2,2.168033793652695,0.19727209856050587
0,line,line2,2.1651353540577163,0.26172704992290674
0,line,line2,2.1621528801215333,0.3125031589399075
0,line,line2,2.1564978084128734,0.38708196090012525
0,line,line2,2.1436391467574145,0.5063232010826243
0,line,line3,2.3229775518747178,-0.2115179811309813
0,line,line3,2.327391693466627,-0.17568921602373763
0,line,line3,2.331471957788788,-0.13047111404691092
0,line,line3,2.33299099351788,-0.1030887921912424
0,line,line3,2.3334951759541505,-0.08473877469676572
0,line,line3,2.3334613107368813,-0.06636560038023266
0,line,line3,2.332725720366784,-0.04812666671391058
0,line,line3,2.332049585649615,-0.03916705677726772
0,line,line3,2.3311767681002205,-0.030411300742304918
0,line,line3,2.3301730350438503,-0.02193893284540282
0,line,line3,2.329565185327942,-0.017001785993108753
0,line,line3,2.3291848671872577,-0.01375357775678845
0,line,line3,2.3287651129955464,-0.00968407264148532
0,line,line3,2.328555022912912,-0.007174136079174815
0,line,line3,2.3284363113165982,-0.005421008072804743
0,line,line3,2.32833660843062,-0.003533874042684676
0,line,line3,2.328257251819561,-0.0013647861779151782
0,line,line3,2.328225482640887,-6.438139134108353e-05
0,line,line3,2.3281989839427295,0.0015262322618307673
0,line,line3,2.328177425072156,0.0036991732257468123
0,line,line3,2.328166329690346,0.005586065517078553
0,line,line3,2.328159142517188,0.007330175654504174
0,line,line3,2.3281487745827842,0.010604423084217584
0,line,line3,2.32813963133842,0.01373608564141831
0,line,line3,2.328130056979454,0.016796450625970533
0,line,line3,2.3281137417493976,0.02131563842181462
0,line,line3,2.328079942400561,0.02875220051119222
0,line,line3,2.3280464493252233,0.034658195235089166
0,line,line3,2.3279851179431637,0.04348047186389544
0,line,line3,2.3278529678455424,0.05813301904492858
0,line,line3,2.3276832150129816,0.07275105166445046
0,line,line3,2.327475782978146,0.08734730295926645
0,line,line3,2.3269477526969093,0.116489814222972
0,line,line3,2.3262686873462206,0.1455699413120625
0,line,line3,2.3254384161068264,0.17458291260368378
0,line,line3,2.3239090771937354,0.21795691343765508
0,line,line3,2.320601136878917,0.2897719115762638
0,line,line3,2.3172693066974683,0.3466987345681299
0,line,line3,2.3111237575188546,0.43101266106129066
0,line,line3,2.2978019062357036,0.5679901852227206
0,line,line4,2.5072270840649575,-0.2366539156044332
0,line,line4,2.509948620962106,-0.19572069395952416
0,line,line4,2.512033566766488,-0.14405667875393222
0,line,line4,2.5122795827742945,-0.11273142258745372
0,line,line4,2.5117976046278505,-0.09172815918752349
0,line,line4,2.5105557369675258,-0.07073489862964817
0,line,line4,2.508258791388534,-0.050061511151923345
0,line,line4,2.5066386158944773,-0.040057361353188006
0,line,line4,2.504727690447058,-0.03046307047846244
0,line,line4,2.5026530923699037,-0.021439489154421384
0,line,line4,2.5014360509054954,-0.016334989596954858
0,line,line4,2.5006857956048267,-0.013043822407296743
0,line,line4,2.4998662373485,-0.008986580020025205
0,line,line4,2.4994590719544583,-0.006506857630589509
0,line,line4,2.499229856429894,-0.004774463659332235
0,line,line4,2.499037842727881,-0.0028976096470086565
0,line,line4,2.49888543714165,-0.0007068600262241116
0,line,line4,2.498824629896047,0.0006317986264406752
0,line,line4,2.4987741700695247,0.0022991145826855054
0,line,line4,2.498733702864488,0.00462715777380203
0,line,line4,2.4987135833960155,0.0066861449753312695
0,line,line4,2.4987012239633652,0.00861104307457315
0,line,line4,2.4986849715085033,0.012260089199939761
0,line,line4,2.498672107533368,0.015775459484649444
0,line,line4,2.4986594554489345,0.019224037234579754
0,line,line4,2.498638677676257,0.02433011986931735
0,line,line4,2.4985965692055023,0.03275116012912719
0,line,line4,2.4985551799212393,0.039447817010011876
0,line,line4,2.4984796169831784,0.04945913944509134
0,line,line4,2.498317068991047,0.06609915460571054
0,line,line4,2.4981084201160533,0.08271080395170828
0,line,line4,2.497853557470059,0.0993070043062216
0,line,line4,2.497205115996985,0.1324713784307697
0,line,line4,2.4963717964702643,0.16560891279119347
0,line,line4,2.4953537995828174,0.19872291021494495
0,line,line4,2.493481147306313,0.24834826270378743
0,line,line4,2.4894413396356643,0.3309164736097612
0,line,line4,2.4853867367078153,0.39681845077712613
0,line,line4,2.4779442232053825,0.4953585661978663
0,line,line4,2.4619598545159853,0.6585456681852838
0,line,line5,3.022538183108997,-0.28986480898387
0,line,line5,3.0249191310833656,-0.241546623565506
0,line,line5,3.0272875471808183,-0.18108384121850854
0,line,line5,3.0283840755146008,-0.14476258227626612
0,line,line5,3.02897974818837,-0.1205207209876111
0,line,line5,3.0294670446300738,-0.09624210194421091
0,line,line5,3.029845782216096,-0.0718943357157648
0,line,line5,3.0299942908757895,-0.05966991327771768
0,line,line5,3.030115317079437,-0.04737880627458314
0,line,line5,3.030208246350916,-0.03495488817258667
0,line,line5,3.0302497124524823,-0.027367973018714825
0,line,line5,3.030270596701654,-0.022199652086290128
0,line,line5,3.03028678679959,-0.015491052525728282
0,line,line5,3.030288113142188,-0.011201324973999014
0,line,line5,3.030282307304921,-0.008121229211406534
0,line,line5,3.0302655891687578,-0.004711129174222253
0,line,line5,3.030223013123971,-0.000642483550799723
0,line,line5,3.030178259335161,0.0018841349300672363
0,line,line5,3.0300953536542625,0.005063853708976705
0,line,line5,3.0299188752065715,0.009538967244333774
0,line,line5,3.0296994956661343,0.013502732733741845
0,line,line5,3.0294429791534188,0.01719245178078729
0,line,line5,3.028842775412516,0.024100505644618332
0,line,line5,3.0281664232024905,0.030613701604357557
0,line,line5,3.02745710623554,0.036856875176453335
0,line,line5,3.026403114137216,0.04585495287880444
0,line,line5,3.024826659482007,0.060207653361503466
0,line,line5,3.023783345749176,0.07135301027913513
0,line,line5,3.022550886983559,0.08781074244760957
0,line,line5,3.0211136910933387,0.1150287149629774
0,line,line5,3.0200991042030516,0.14225926616388782
0,line,line5,3.0192745709310165,0.16957284328606428
0,line,line5,3.017784258276374,0.2244223971931561
0,line,line5,3.0162271457928838,0.27946632220437045
0,line,line5,3.014472884087313,0.3346167736808179
0,line,line5,3.011371866990483,0.4174348900076022
0,line,line5,3.0048238710184956,0.555501631473373
0,line,line5,2.998299287062536,0.6658638437713762
0,line,line5,2.9863479836038707,0.8311007006163651
0,line,line5,2.9606797198182035,1.1052986185289702
0,line,line6,3.2295708434612376,-0.370620479511374
0,line,line6,3.231183061487624,-0.3087969073232237
0,line,line6,3.2327863127445506,-0.2314733178983549
0,line,line6,3.2335284500801795,-0.18504135187802762
0,line,line6,3.233931598026573,-0.1540582935342142
0,line,line6,3.2342614443922604,-0.12303432487772276
0,line,line6,3.234517969383539,-0.09193010025444207
0,line,line6,3.2346187216713442,-0.07631826867170353
0,line,line6,3.2347011110138886,-0.06062706138652956
0,line,line6,3.2347650801567585,-0.044777298516331714
0,line,line6,3.2347945450759963,-0.035108966940171
0,line,line6,3.2348103982187255,-0.028531376220415166
0,line,line6,3.2348257354858783,-0.02001232948546277
0,line,line6,3.234832259509023,-0.014584051267177937
0,line,line6,3.2348351935085593,-0.01070116386484227
0,line,line6,3.2348364714687974,-0.0064222328560250164
0,line,line6,3.2348346724401877,-0.0013512435682012255
0,line,line6,3.2348312925021308,0.0017782636570951049
0,line,line6,3.234824044231462,0.0056997234529281736
0,line,line6,3.2348072651548505,0.011204870294519161
0,line,line6,3.234785206529084,0.0160912889268116
0,line,line6,3.2347581087344164,0.02066791743175459
0,line,line6,3.234689199435656,0.029354872701197108
0,line,line6,3.2346011312584557,0.03772828403203199
0,line,line6,3.2344944362391916,0.0459416736024684
0,line,line6,3.2343007712248935,0.058094871350526774
0,line,line6,3.233894134983732,0.07810429044208245
0,line,line6,3.2335004734252646,0.09397708207531925
0,line,line6,3.2328122933038874,0.11762997403563531
0,line,line6,3.231463318858845,0.15672392559046644
0,line,line6,3.22994703162718,0.19548216601013968
0,line,line6,3.22833846481101,0.23396983146021963
0,line,line6,3.2250086238385958,0.3103676196971934
0,line,line6,3.2216101969775712,0.3863049398819017
0,line,line6,3.2181105236431833,0.4620225531899306
0,line,line6,3.2125074853899576,0.5754424689469828
0,line,line6,3.2017267389056268,0.7643782581708417
0,line,line6,3.1914859659877646,0.9154884479563467
0,line,line6,3.17312172395357,1.1419926832545282
0,line,line6,3.134110181306384,1.5186417729194923
0,line,line7,3.407324626699646,-0.4123189123070334
0,line,line7,3.4093427008726587,-0.34351991237283847
0,line,line7,3.4113496172921187,-0.2574574508981563
0,line,line7,3.4122786322131438,-0.20576504495695463
0,line,line7,3.412783303475167,-0.1712620265161788
0,line,line7,3.4131962183447158,-0.13669929612031728
0,line,line7,3.4135173519406643,-0.10201934526949485
0,line,line7,3.41364348353557,-0.08459212018764492
0,line,line7,3.4137466323102306,-0.06704891424861148
0,line,line7,3.413826733466547,-0.04927402220449431
0,line,line7,3.413863646721123,-0.03837751570114629
0,line,line7,3.413883526212041,-0.030920237140033092
0,line,line7,3.4139028120085957,-0.021164553644555315
0,line,line7,3.413911089409445,-0.01484813406565846
0,line,line7,3.413914897066136,-0.010251353031989624
0,line,line7,3.413916744671879,-0.005075827303719116
0,line,line7,3.4139150268943363,0.0012571680040128093
0,line,line7,3.4139113317166623,0.005291747449836463
0,line,line7,3.413903241051106,0.010483727753616641
0,line,line7,3.4138843440383155,0.017990369049889286
0,line,line7,3.4138594079127658,0.024808784598455716
0,line,line7,3.4138287097296054,0.031282811585554564
0,line,line7,3.4137504122624343,0.04371323231087155
0,line,line7,3.413649906931237,0.05579681431344959
0,line,line7,3.4135275002836143,0.06770483271568765
0,line,line7,3.4133035162138996,0.08538670210486127
0,line,line7,3.4128256047880723,0.11460022823227001
0,line,line7,3.4123529895239018,0.13783863655107406
0,line,line7,3.411502838957296,0.17255293608095695
0,line,line7,3.4097457576007875,0.23012116918654563
0,line,line7,3.407623893249485,0.28738547495143657
0,line,line7,3.405201399165661,0.34438104342473563
0,line,line7,3.3996493338193683,0.4576958137021122
0,line,line7,3.3933443741501264,0.5703303910184547
0,line,line7,3.386370809802458,0.6825137198578228
0,line,line7,3.3746299507345996,0.8502742597508639
0,line,line7,3.3512768898665275,1.1290871344362965
0,line,line7,3.328840359529595,1.3516035642445259
0,line,line7,3.2885122241341866,1.6843901918177293
0,line,line7,3.202958740149784,2.235526076214217
0,line,line8,3.5580949762435266,-0.533539075877319
0,line,line8,3.5619503392212444,-0.4441169469537266
0,line,line8,3.5657451395708355,-0.3320492737245349
0,line,line8,3.567448510584038,-0.26453935586136906
0,line,line8,3.5683178252313867,-0.21932426056355683
0,line,line8,3.5689277590109487,-0.1738107875685664
0,line,line8,3.569158223263885,-0.1277326702085674
0,line,line8,3.56902609815905,-0.10429914248194214
0,line,line8,3.568570713187681,-0.08039175114805935
0,line,line8,3.5674534217833087,-0.055683093248129
0,line,line8,3.566124524734652,-0.04024019992898673
0,line,line8,3.5647313165372663,-0.029580527199370606
0,line,line8,3.5620695415289596,-0.01573664505522776
0,line,line8,3.559806949984017,-0.007063900908369364
0,line,line8,3.557996533035928,-0.0010080426946866387
0,line,line8,3.555997443204599,0.005545605675144618
0,line,line8,3.5539459481947806,0.01339278647776597
0,line,line8,3.5529718407488384,0.01847594868426965
0,line,line8,3.5520809279950853,0.02527380497457592
0,line,line8,3.551308118638553,0.035689576396166926
0,line,line8,3.5509073718522375,0.0456534934496054
0,line,line8,3.550659971273687,0.05542541915777651
0,line,line8,3.5503430693707996,0.07471402508558159
0,line,line8,3.5501048921130414,0.09384703991541012
0,line,line8,3.549879598553865,0.11290713533853007
0,line,line8,3.5495192238824242,0.1414267396619125
0,line,line8,3.548801191960185,0.18886618941615746
0,line,line8,3.548100057688236,0.22677453691305002
0,line,line8,3.5468232230570274,0.28359714039140543
0,line,line8,3.5440803829452823,0.37823376959442534
0,line,line8,3.5405619238807238,0.4728055770588636
0,line,line8,3.536265777536815,0.5673157832894773
0,line,line8,3.5253408705496576,0.7561318991041537
0,line,line8,3.5113118860845636,0.9446239884188999
0,line,line8,3.494189743764427,1.1327214719658796
0,line,line8,3.4627380221736774,1.4139663341744093
0,line,line8,3.39508685127094,1.8796847745817165
0,line,line8,3.327459195388761,2.2488779008546698
0,line,line8,3.2040254498602483,2.795693621387743
0,line,line8,2.9419537692896713,3.6839590633442976
0,line,line9,3.6163278690425633,-0.7353279254530213
0,line,line9,3.6239114657772644,-0.6126388807121936
0,line,line9,3.631457077113049,-0.4589746787733867
0,line,line9,3.634951215774891,-0.36655614276359905
0,line,line9,3.6368495573195965,-0.30479495865439304
0,line,line9,3.6384026640401945,-0.24282962664474325
0,line,line9,3.6396099740744448,-0.1804734652333012
0,line,line9,3.6400835309885253,-0.14900754314201148
0,line,line9,3.6404696930180926,-0.11716063123041942
0,line,line9,3.6407667937198083,-0.0845539515862284
0,line,line9,3.6409001257017892,-0.06423113020041211
0,line,line9,3.6409681149830324,-0.0500505691981678
0,line,line9,3.64102333766401,-0.030903289572403757
0,line,line9,3.6410322057255704,-0.017899025034262606
0,line,line9,3.6410193525499523,-0.00796673567667151
0,line,line9,3.640976414281265,0.003858762176906807
0,line,line9,3.6408628179603144,0.019467284510868474
0,line,line9,3.640742066928805,0.030105078523549118
0,line,line9,3.6405172471552607,0.04451329455096047
0,line,line9,3.640036163447914,0.0664373581993559
0,line,line9,3.6394343518189607,0.08706902930410743
0,line,line9,3.6387254092740986,0.10701202955439523
0,line,line9,3.6370424324337978,0.1457256496152055
0,line,line9,3.6350985904396085,0.18347151477014825
0,line,line9,3.632993319202092,0.22056585311160473
0,line,line9,3.6296974302872362,0.275332294703897
0,line,line9,3.624186599067093,0.3650807111870902
0,line,line9,3.6198871781064366,0.43607541757264123
0,line,line9,3.613546754173708,0.541923620560288
0,line,line9,3.6026486281311976,0.7177123709021366
0,line,line9,3.59054301417848,0.8933166161256969
0,line,line9,3.5767059282770157,1.0688493646010115
0,line,line9,3.542935920259141,1.41944223085769
0,line,line9,3.5004787948190152,1.7688424866442185
0,line,line9,3.4491473902334544,2.1164584062053815
0,line,line9,3.3555779505310723,2.6334548917013976
0,line,line9,3.156533918312092,3.4797752291323794
0,line,line9,2.9602199771462487,4.139650323980921
0,line,line9,2.608395282145316,5.094695530800513
0,line,line9,1.8878512884710332,6.576083897136918
0,line,line10,3.601727248014228,-1.114384150976579
0,line,line10,3.618133108123415,-0.9269277504227482
0,line,line10,3.634093285403687,-0.6911900375465045
0,line,line10,3.641002497801762,-0.5486201526679662
0,line,line10,3.6442734892357986,-0.4528096325587295
0,line,line10,3.646136890607806,-0.356039732774037
0,line,line10,3.645861060292694,-0.2577690773314365
0,line,line10,3.6444245195728726,-0.2078202629064083
0,line,line10,3.6416156441009493,-0.15717233619256168
0,line,line10,3.6368773656817677,-0.10568485470498923
0,line,line10,3.632931214698617,-0.07417363996280091
0,line,line10,3.6298874390202367,-0.052579970595847535
0,line,line10,3.6258463217806205,-0.023808996826810883
0,line,line10,3.623482979756826,-0.0041713091789467825
0,line,line10,3.6220212291376894,0.011178537798115775
0,line,line10,3.620702674505746,0.030144833289475745
0,line,line10,3.6195553696983938,0.056611180232185525
0,line,line10,3.6190376617461197,0.07556362228927742
0,line,line10,3.6185244243300394,0.10219726026331102
0,line,line10,3.6179171250075988,0.14423957840029475
0,line,line10,3.6173735919543724,0.18489297524917664
0,line,line10,3.6168011671608684,0.22485706719759188
0,line,line10,3.6154590811756764,0.30375233901066173
0,line,line10,3.6137946653715973,0.3819536289633555
0,line,line10,3.611784057347224,0.45979904274169464
0,line,line10,3.6081028098998646,0.576190513787125
0,line,line10,3.6001749586172895,0.7695977442316664
0,line,line10,3.592214999432558,0.9239773380810373
0,line,line10,3.577581639112512,1.1550790355897558
0,line,line10,3.546039656584698,1.539014718652414
0,line,line10,3.5056242002024764,1.9212131269242851
0,line,line10,3.4564352098200035,2.301353537506881
0,line,line10,3.3322443048494375,3.0540491015936753
0,line,line10,3.1746829840126574,3.7942785911622083
0,line,line10,2.9852660428629134,4.519341817101795
0,line,line10,2.645364854815945,5.573112453157715
0,line,line10,1.9477372056632947,7.221921166130815
0,line,line10,1.2927736254047815,8.430092784910249
0,line,line10,0.19514790015283945,10.040352571072377
0,line,line10,-1.7862589449554662,12.177818490710626
0,line,line11,3.463401693523253,-1.5130736259134796
0,line,line11,3.4784059738437265,-1.2523028075260079
0,line,line11,3.489586115599848,-0.9295418164412775
0,line,line11,3.493055642197219,-0.7377328924941454
0,line,line11,3.4943740607077163,-0.6104384560103254
0,line,line11,3.4951147095979254,-0.4832252888013263
0,line,line11,3.495459313475579,-0.35527383229205145
0,line,line11,3.495534543043974,-0.2904309176718357
0,line,line11,3.4955680052038924,-0.22424880296871091
0,line,line11,3.4955717060135765,-0.1552354735204742
0,line,line11,3.495560839347373,-0.11093033594206965
0,line,line11,3.4955455042241304,-0.0789587196345142
0,line,line11,3.495506687242935,-0.033497417644930826
0,line,line11,3.4954578349727154,-0.00034955126081338914
0,line,line11,3.495398780353538,0.02664420494617694
0,line,line11,3.4952907118589867,0.06098210026238492
0,line,line11,3.4950580292178146,0.11000925648508575
0,line,line11,3.494824315296879,0.14553977741952784
0,line,line11,3.4943942818540084,0.19575891274234136
0,line,line11,3.493465476544476,0.2753525129939602
0,line,line11,3.49227150951259,0.35247839275046544
0,line,line11,3.4908124170269605,0.4283646466735171
0,line,line11,3.4870992054326515,0.5782555586495391
0,line,line11,3.482326770780343,0.7268548196819742
0,line,line11,3.4764963513492524,0.8747620368249851
0,line,line11,3.465770404468607,1.0958298328666227
0,line,line11,3.442629395434123,1.4628540732616664
0,line,line11,3.419400626846031,1.7554258837798995
0,line,line11,3.3767547893954326,2.19256302076262
0,line,line11,3.285129726127755,2.915960369981649
0,line,line11,3.1683424539153995,3.6316064904236653
0,line,line11,3.0271337502186935,4.337890635582543
0,line,line11,2.6751096926023203,5.716089308409772
0,line,line11,2.237571896258388,7.0389175740520615
0,line,line11,1.7246102642670615,8.29660857101496
0,line,line11,0.8382949159009497,10.044975252036641
0,line,line11,-0.8532604565882578,12.556759304267965
0,line,line11,-2.3000531257565924,14.19849804395707
0,line,line11,-4.456712023939043,16.0964198755688
0,line,line11,-7.642662493785511,18.063425602387714
0,scatter,,2.01935,-0.1864595
0,scatter,,2.019563,-0.15574125
0,scatter,,2.015435,-0.132502075
0,scatter,,2.029095,-0.098141725
0,scatter,,2.025682,-0.0651924
0,scatter,,2.016002,-0.06772865
0,scatter,,1.990737,-0.042663875
0,scatter,,2.063825,0.048602875
0,scatter,,1.965685,-0.07905495
0,scatter,,2.017103,-0.0207097
0,scatter,,1.964733,-0.027838275
0,scatter,,2.058843,-0.02026255
0,scatter,,2.01418,-0.003451555
0,scatter,,2.025475,-0.007426205
0,scatter,,2.019827,-0.006915107
0,scatter,,2.018483,-0.00476871
0,scatter,,2.018633,-0.001380176
0,scatter,,2.016437,-0.001678258
0,scatter,,2.017865,0.001522451
0,scatter,,2.018045,0.003207148
0,scatter,,2.01764,0.005442707
0,scatter,,2.01578,0.006562055
0,scatter,,2.016215,0.010618905
0,scatter,,2.014645,0.013683275
0,scatter,,2.01577,0.0147147
0,scatter,,2.016775,0.01971555
0,scatter,,2.015398,0.026092725
0,scatter,,2.014915,0.030594375
0,scatter,,2.014572,0.0380577
0,scatter,,2.014088,0.050660175
0,scatter,,2.01269,0.062610775
0,scatter,,2.011885,0.07433695
0,scatter,,2.010265,0.09737915
0,scatter,,2.00923,0.120631
0,scatter,,2.008627,0.14377125
0,scatter,,2.007585,0.177937
0,scatter,,2.006925,0.236727
0,scatter,,2.00555,0.282914
0,scatter,,2.004625,0.3549565
0,scatter,,2.002648,0.47602425
0,scatter,,2.17628,-0.1965935
0,scatter,,2.17282,-0.1550855
0,scatter,,2.17879,-0.100437325
0,scatter,,2.141855,-0.057683575
0,scatter,,2.196975,-0.0694155
0,scatter,,2.175667,-0.06951725
0,scatter,,2.152907,-0.081125672
0,scatter,,2.213415,-0.062149
0,scatter,,2.156438,0.06700395
0,scatter,,2.176673,-0.021784575
0,scatter,,2.151887,-0.054953075
0,scatter,,2.17375,-0.0180647
0,scatter,,2.155607,-0.010204698
0,scatter,,2.172017,-0.007562468
0,scatter,,2.181443,-0.007890988
0,scatter,,2.17641,-0.005005857
0,scatter,,2.176982,-0.001936078
0,scatter,,2.17714,-0.0009132925
0,scatter,,2.175105,0.002059132
0,scatter,,2.177645,0.002520442
0,scatter,,2.17439,0.004555165
0,scatter,,2.172178,0.008120745
0,scatter,,2.175512,0.010063622
0,scatter,,2.173112,0.01460285
0,scatter,,2.172578,0.01672975
0,scatter,,2.17269,0.02206525
0,scatter,,2.173157,0.0288485
0,scatter,,2.17214,0.03372635
0,scatter,,2.171962,0.0418234
0,scatter,,2.171088,0.05526785
0,scatter,,2.16982,0.067959425
0,scatter,,2.16957,0.081089575
0,scatter,,2.167832,0.106402
0,scatter,,2.166323,0.13192325
0,scatter,,2.16515,0.1571545
0,scatter,,2.164108,0.1954135
0,scatter,,2.163032,0.25974025
0,scatter,,2.161145,0.311049
0,scatter,,2.160712,0.3888565
0,scatter,,2.15735,0.52217725
0,scatter,,2.331147,-0.2073375
0,scatter,,2.33359,-0.17304875
0,scatter,,2.289083,-0.1529872
0,scatter,,2.36006,-0.0795466
0,scatter,,2.32987,-0.088350975
0,scatter,,2.332515,-0.0759825
0,scatter,,2.363973,-0.03357368
0,scatter,,2.28407,-0.11490975
0,scatter,,2.236058,-0.030800957
0,scatter,,2.33134,-0.023191475
0,scatter,,2.306612,-0.06579605
0,scatter,,2.328005,0.013754423
0,scatter,,2.316582,-0.0166733
0,scatter,,2.333343,-0.011047645
0,scatter,,2.336595,-0.010490173
0,scatter,,2.322208,-0.002534813
0,scatter,,2.330517,-0.001188663
0,scatter,,2.32894,0.001098664
0,scatter,,2.330242,0.001354366
0,scatter,,2.33172,0.004649162
0,scatter,,2.329335,0.005040825
0,scatter,,2.331885,0.006625118
0,scatter,,2.330435,0.012081475
0,scatter,,2.33094,0.0144267
0,scatter,,2.32955,0.018296125
0,scatter,,2.328867,0.022893125
0,scatter,,2.328883,0.031029675
0,scatter,,2.328845,0.036991425
0,scatter,,2.327777,0.0457943
0,scatter,,2.327037,0.06081265
0,scatter,,2.326185,0.075203575
0,scatter,,2.324987,0.089764
0,scatter,,2.323552,0.1182415
0,scatter,,2.32205,0.146279
0,scatter,,2.321242,0.17518625
0,scatter,,2.31987,0.21678775
0,scatter,,2.317957,0.287946
0,scatter,,2.31735,0.34502275
0,scatter,,2.314833,0.4311895
0,scatter,,2.311098,0.5785295
0,scatter,,2.503213,-0.223162
0,scatter,,2.509832,-0.20495475
0,scatter,,2.54019,-0.092462275
0,scatter,,2.518875,-0.1998545
0,scatter,,2.50875,-0.0766801
0,scatter,,2.51617,-0.084559875
0,scatter,,2.44154,-0.050907675
0,scatter,,2.544188,0.04730805
0,scatter,,2.530065,-0.129391
0,scatter,,2.501707,-0.02743675
0,scatter,,2.483442,0.010264888
0,scatter,,2.489047,-0.020015962
0,scatter,,2.492757,-0.00028786
0,scatter,,2.5094,-0.008530658
0,scatter,,2.492345,-0.0003405175
0,scatter,,2.50119,-0.00458771
0,scatter,,2.501548,-0.003897007
0,scatter,,2.501383,-0.0009443455
0,scatter,,2.500932,0.002434462
0,scatter,,2.503258,0.003683329
0,scatter,,2.500135,0.006694703
0,scatter,,2.500788,0.01051507
0,scatter,,2.501612,0.012328275
0,scatter,,2.500328,0.017632325
0,scatter,,2.499772,0.0213281
0,scatter,,2.50094,0.026872625
0,scatter,,2.499617,0.035260275
0,scatter,,2.498842,0.0422495
0,scatter,,2.498977,0.052737475
0,scatter,,2.497445,0.069649175
0,scatter,,2.49602,0.086197825
0,scatter,,2.494677,0.10226475
0,scatter,,2.49334,0.1349785
0,scatter,,2.49202,0.16724125
0,scatter,,2.490718,0.1996965
0,scatter,,2.488625,0.2477455
0,scatter,,2.487327,0.329478
0,scatter,,2.48479,0.3947055
0,scatter,,2.48241,0.49401275
0,scatter,,2.47554,0.661108
0,scatter,,3.029275,-0.288707
0,scatter,,3.022365,-0.2201465
0,scatter,,3.01389,-0.25691675
0,scatter,,3.071028,-0.060443075
0,scatter,,3.012142,-0.1449582
0,scatter,,3.033197,-0.096276275
0,scatter,,3.057698,-0.116676717
0,scatter,,2.97413,0.022631435
0,scatter,,3.092277,-0.121188475
0,scatter,,3.029548,-0.036529175
0,scatter,,2.982623,0.01055226
0,scatter,,3.063217,-0.031496625
0,scatter,,3.020005,-0.0204722
0,scatter,,3.039295,-0.014688245
0,scatter,,3.02523,-0.007480882
0,scatter,,3.027118,-0.004404814
0,scatter,,3.028135,0.001189142
0,scatter,,3.025502,0.001730175
0,scatter,,3.027423,0.00383642
0,scatter,,3.02358,0.009596282
0,scatter,,3.025862,0.0133335
0,scatter,,3.02781,0.0158779
0,scatter,,3.02626,0.0222189
0,scatter,,3.02864,0.0286788
0,scatter,,3.027103,0.03450255
0,scatter,,3.024312,0.042816125
0,scatter,,3.025688,0.0583624
0,scatter,,3.023198,0.068936375
0,scatter,,3.021105,0.086865375
0,scatter,,3.021195,0.11472275
0,scatter,,3.02133,0.14310325
0,scatter,,3.019928,0.1708275
0,scatter,,3.015915,0.22606325
0,scatter,,3.015465,0.2812435
0,scatter,,3.014685,0.3368265
0,scatter,,3.009943,0.417912
0,scatter,,3.00305,0.5551865
0,scatter,,2.997065,0.66451075
0,scatter,,2.988552,0.83066975
0,scatter,,2.970477,1.110115
0,scatter,,3.240892,-0.33800725
0,scatter,,3.241892,-0.28842825
0,scatter,,3.227698,-0.22886075
0,scatter,,3.266307,-0.237605
0,scatter,,3.201105,-0.1533904
0,scatter,,3.232943,-0.111640975
0,scatter,,3.214457,-0.0806039
0,scatter,,3.121945,-0.1600765
0,scatter,,3.29201,-0.16399225
0,scatter,,3.236095,-0.040337825
0,scatter,,3.256555,-0.0429188
0,scatter,,3.226363,-0.01057505
0,scatter,,3.234163,-0.009692253
0,scatter,,3.245165,-0.011256522
0,scatter,,3.225855,-0.005795754
0,scatter,,3.23788,-0.005692599
0,scatter,,3.23894,-0.001213078
0,scatter,,3.237,0.005896417
0,scatter,,3.236365,0.00728533
0,scatter,,3.24149,0.012573375
0,scatter,,3.23709,0.018728625
0,scatter,,3.240537,0.02071515
0,scatter,,3.23523,0.031380475
0,scatter,,3.238067,0.03964585
0,scatter,,3.238352,0.046553675
0,scatter,,3.239278,0.058612125
0,scatter,,3.237103,0.07911105
0,scatter,,3.23678,0.09504865
0,scatter,,3.232865,0.11803725
0,scatter,,3.231655,0.156454
0,scatter,,3.229958,0.19482625
0,scatter,,3.229437,0.233919
0,scatter,,3.224375,0.30979975
0,scatter,,3.22081,0.38616875
0,scatter,,3.217687,0.4622395
0,scatter,,3.212178,0.5730195
0,scatter,,3.20222,0.76587775
0,scatter,,3.191463,0.91504075
0,scatter,,3.173045,1.142468
0,scatter,,3.135463,1.521797
0,scatter,,3.42057,-0.40805225
0,scatter,,3.420807,-0.32848375
0,scatter,,3.373905,-0.345154
0,scatter,,3.348,-0.130656
0,scatter,,3.3932,-0.139973
0,scatter,,3.41358,-0.12305175
0,scatter,,3.461345,-0.067540622
0,scatter,,3.327873,-0.17697
0,scatter,,3.30324,-0.108517375
0,scatter,,3.421463,-0.048789025
0,scatter,,3.51826,-0.023161077
0,scatter,,3.438265,-0.0537537
0,scatter,,3.431605,-0.023347135
0,scatter,,3.416383,-0.01882775
0,scatter,,3.435868,-0.0165756
0,scatter,,3.414092,-0.00120747
0,scatter,,3.423632,0.000268221025
0,scatter,,3.4172,0.006925008
0,scatter,,3.421438,0.01047606
0,scatter,,3.421438,0.0179341
0,scatter,,3.417497,0.0254255
0,scatter,,3.418687,0.033266725
0,scatter,,3.421088,0.04447105
0,scatter,,3.417335,0.055633725
0,scatter,,3.41935,0.06915365
0,scatter,,3.418035,0.08828245
0,scatter,,3.416532,0.11706575
0,scatter,,3.413898,0.139517
0,scatter,,3.415072,0.17431925
0,scatter,,3.410585,0.23002675
0,scatter,,3.40842,0.2873375
0,scatter,,3.406017,0.3434225
0,scatter,,3.399508,0.45730075
0,scatter,,3.394455,0.56857575
0,scatter,,3.385713,0.680035
0,scatter,,3.375002,0.8480075
0,scatter,,3.35079,1.128118
0,scatter,,3.327847,1.350268
0,scatter,,3.285847,1.687392
0,scatter,,3.19681,2.242595
0,scatter,,3.556135,-0.530355
0,scatter,,3.549755,-0.4221635
0,scatter,,3.522267,-0.34725525
0,scatter,,3.507397,-0.2506245
0,scatter,,3.558143,-0.233764
0,scatter,,3.567455,-0.190375
0,scatter,,3.567692,-0.129056625
0,scatter,,3.703712,-0.071177023
0,scatter,,3.660515,-0.17707
0,scatter,,3.552153,-0.061173875
0,scatter,,3.59363,-0.020134212
0,scatter,,3.517633,-0.029232075
0,scatter,,3.535405,-0.015153932
0,scatter,,3.553572,-0.01961705
0,scatter,,3.533152,-0.003342988
0,scatter,,3.554123,0.003791063
0,scatter,,3.55592,0.008276065
0,scatter,,3.55729,0.01468215
0,scatter,,3.55238,0.021297475
0,scatter,,3.55622,0.032802525
0,scatter,,3.556398,0.04450705
0,scatter,,3.552195,0.05521825
0,scatter,,3.55513,0.074309425
0,scatter,,3.553075,0.096671425
0,scatter,,3.552835,0.11452925
0,scatter,,3.55158,0.14408475
0,scatter,,3.549675,0.19311775
0,scatter,,3.548075,0.2303375
0,scatter,,3.547347,0.2893085
0,scatter,,3.541605,0.38173075
0,scatter,,3.5381,0.47937075
0,scatter,,3.5325,0.57607925
0,scatter,,3.518597,0.76215875
0,scatter,,3.503287,0.95208625
0,scatter,,3.486322,1.138895
0,scatter,,3.455005,1.410012
0,scatter,,3.389645,1.88381
0,scatter,,3.32745,2.24265
0,scatter,,3.213495,2.787418
0,scatter,,2.974405,3.679162
0,scatter,,3.632845,-0.726326
0,scatter,,3.647553,-0.61496025
0,scatter,,3.703267,-0.4097765
0,scatter,,3.518438,-0.4213005
0,scatter,,3.588445,-0.31896825
0,scatter,,3.621917,-0.236531
0,scatter,,3.706548,-0.199680225
0,scatter,,3.688282,-0.069680125
0,scatter,,3.763735,-0.2028545
0,scatter,,3.633005,-0.085365625
0,scatter,,3.629703,-0.110529575
0,scatter,,3.612175,-0.065792325
0,scatter,,3.599748,-0.022982125
0,scatter,,3.638607,-0.010637497
0,scatter,,3.621715,-0.002997285
0,scatter,,3.644095,0.001163292
0,scatter,,3.63041,0.02142775
0,scatter,,3.634678,0.028602925
0,scatter,,3.63158,0.04405705
0,scatter,,3.64112,0.063908225
0,scatter,,3.63171,0.0857648
0,scatter,,3.631655,0.104195
0,scatter,,3.634412,0.14101775
0,scatter,,3.631133,0.17964425
0,scatter,,3.627862,0.21304025
0,scatter,,3.627413,0.273327
0,scatter,,3.625018,0.36242275
0,scatter,,3.619985,0.4335855
0,scatter,,3.617735,0.54016675
0,scatter,,3.60459,0.7150165
0,scatter,,3.590565,0.8914245
0,scatter,,3.578512,1.068895
0,scatter,,3.540645,1.412822
0,scatter,,3.49622,1.77647
0,scatter,,3.443487,2.125037
0,scatter,,3.34839,2.639495
0,scatter,,3.15634,3.459523
0,scatter,,2.96206,4.12836
0,scatter,,2.608938,5.11323
0,scatter,,1.89089,6.64163
0,scatter,,3.615252,-1.058283
0,scatter,,3.624588,-0.920678
0,scatter,,3.630065,-0.787035
0,scatter,,3.76389,-0.4400075
0,scatter,,3.560948,-0.5259985
0,scatter,,3.630838,-0.3646805
0,scatter,,3.5486,-0.204816
0,scatter,,3.812798,-0.23696425
0,scatter,,3.737878,0.014390125
0,scatter,,3.614528,-0.11622825
0,scatter,,3.671695,-0.039368417
0,scatter,,3.643948,-0.0526602
0,scatter,,3.628812,-0.047864525
0,scatter,,3.60368,-0.0164926
0,scatter,,3.614482,0.008339107
0,scatter,,3.62906,0.0188943
0,scatter,,3.610882,0.0527081
0,scatter,,3.606715,0.070702925
0,scatter,,3.61865,0.094819925
0,scatter,,3.616315,0.1424805
0,scatter,,3.613985,0.18271
0,scatter,,3.608962,0.22635075
0,scatter,,3.61016,0.30338675
0,scatter,,3.607997,0.3800745
0,scatter,,3.603368,0.454246
0,scatter,,3.60073,0.5742995
0,scatter,,3.59063,0.7662515
0,scatter,,3.58023,0.917752
0,scatter,,3.560412,1.140842
0,scatter,,3.530582,1.519572
0,scatter,,3.488005,1.88831
0,scatter,,3.43923,2.265265
0,scatter,,3.315745,3.002133
0,scatter,,3.161775,3.723445
0,scatter,,2.97886,4.453925
0,scatter,,2.653275,5.493885
0,scatter,,1.961753,7.178757
0,scatter,,1.305,8.45673
0,scatter,,0.113175675,10.221175
0,scatter,,-2.181145,12.700475
0,scatter,,3.502503,-1.424043
0,scatter,,3.484198,-1.130737
0,scatter,,3.371507,-0.83039875
0,scatter,,3.691365,-0.629836
0,scatter,,3.47663,-0.5556655
0,scatter,,3.486935,-0.434879
0,scatter,,3.35761,-0.342271
0,scatter,,3.678777,-0.11516045
0,scatter,,3.30782,-0.3854225
0,scatter,,3.50079,-0.15013125
0,scatter,,3.425117,-0.083425925
0,scatter,,3.459832,-0.1115965
0,scatter,,3.507437,-0.024678925
0,scatter,,3.512865,0.016459526
0,scatter,,3.508942,0.03070745
0,scatter,,3.52773,0.053892225
0,scatter,,3.504185,0.109221225
0,scatter,,3.504725,0.138951
0,scatter,,3.499357,0.188986
0,scatter,,3.505257,0.26473175
0,scatter,,3.499472,0.34190275
0,scatter,,3.49984,0.41193175
0,scatter,,3.489293,0.55743525
0,scatter,,3.486612,0.6937035
0,scatter,,3.477215,0.83793375
0,scatter,,3.465315,1.05096
0,scatter,,3.443322,1.397062
0,scatter,,3.420022,1.672357
0,scatter,,3.380065,2.087915
0,scatter,,3.287882,2.773105
0,scatter,,3.18137,3.446148
0,scatter,,3.055347,4.120423
0,scatter,,2.732175,5.455535
0,scatter,,2.328932,6.752055
0,scatter,,1.851958,8.009035
0,scatter,,1.013308,9.791218
0,scatter,,-0.7477235,12.54075
0,scatter,,-2.386015,14.514125
0,scatter,,-5.132077,16.9337
0,scatter,,-10.1287,19.721
1,line,$R$,0.0035714285714285713,0.392964678261823
1,line,$R$,0.0038461538461538464,0.4010928954228293
1,line,$R$,0.004166666666666667,0.47893451496134665
1,line,$R$,0.004545454545454545,0.7474952237637688
1,line,$R$,0.005,1.0333175408239963
1,line,$R$,0.005555555555555556,1.4160152648958273
1,line,$R$,0.00625,1.4112621478413405
1,line,$R$,0.007142857142857143,1.353076390773334
1,line,$R$,0.008333333333333333,1.3394413486896175
1,line,$R$,0.01,1.3630166531033878
1,line,$R$,0.011764705882352941,1.4269850699685294
1,line,$R_{neg}$,0.0035714285714285713,-0.33998151653835257
1,line,$R_{neg}$,0.0038461538461538464,-0.46021097473904116
1,line,$R_{neg}$,0.004166666666666667,-0.16468668926592495
1,line,$R_{neg}$,0.004545454545454545,0.4902945412018053
1,line,$R_{neg}$,0.005,0.8908601167152141
1,line,$R_{neg}$,0.005555555555555556,1.3587025716790138
1,line,$R_{neg}$,0.00625,1.3499055623150105
1,line,$R_{neg}$,0.007142857142857143,1.2786635305019813
1,line,$R_{neg}$,0.008333333333333333,1.2608604611634207
1,line,$R_{neg}$,0.01,1.288925300532022
1,line,$R_{neg}$,0.011764705882352941,1.366122587119133
1,line,$R_{est}$,0.0035714285714285713,-1.637690102582259
1,line,$R_{est}$,0.0038461538461538464,-1.250739364648415
1,line,$R_{est}$,0.004166666666666667,-1.9707323092143574
1,line,$R_{est}$,0.004545454545454545,-1.696109516543126
1,line,$R_{est}$,0.005,-1.9653862805907265
1,line,$R_{est}$,0.005555555555555556,-1.8951248755625258
1,line,$R_{est}$,0.00625,-1.757015811109436
1,line,$R_{est}$,0.007142857142857143,-1.6873620964588574
1,line,$R_{est}$,0.008333333333333333,-1.60698436902092
1,line,$R_{est}$,0.01,-1.4127537303932847
1,line,$R_{est}$,0.011764705882352941,-0.7229277999711314
2,line,line1,25.0,2.0251430113031903
2,line,line1,30.0,2.025673940240176
2,line,line1,40.0,2.0248589975884457
2,line,line1,50.0,2.0233667909852517
2,line,line1,60.0,2.02190958121381
2,line,line1,75.0,2.020127665682525
2,line,line1,100.0,2.0181654406343985
2,line,line1,120.0,2.0171985627860316
2,line,line1,150.0,2.016301925720293
2,line,line1,200.0,2.0155279427567545
2,line,line1,250.0,2.0151442730050793
2,line,line1,300.0,2.014928610909269
2,line,line1,400.0,2.014708921930056
2,line,line1,500.0,2.0146054515972533
2,line,line1,600.0,2.014548801838543
2,line,line1,750.0,2.0145022863035433
2,line,line1,1000.0,2.01446618405928
2,line,line1,1200.0,2.014452192265831
2,line,line1,1500.0,2.0144411151492636
2,line,line1,2000.0,2.0144334533498647
2,line,line1,2500.0,2.0144311435131215
2,line,line1,3000.0,2.014431203060122
2,line,line1,4000.0,2.014434933338294
2,line,line1,5000.0,2.0144416173346027
2,line,line1,6000.0,2.014450507407444
2,line,line1,7500.0,2.01446746164143
2,line,line1,10000.0,2.014504735846567
2,line,line1,12000.0,2.0145424366808977
2,line,line1,15000.0,2.0146119579493336
2,line,line1,20000.0,2.0147621882229862
2,line,line1,25000.0,2.014955149559112
2,line,line1,30000.0,2.0151906120731695
2,line,line1,40000.0,2.015787987342171
2,line,line1,50000.0,2.0165518166053946
2,line,line1,60000.0,2.0174789485211604
2,line,line1,75000.0,2.019167347881273
2,line,line1,100000.0,2.0227351735703083
2,line,line1,120000.0,2.0262157160925955
2,line,line1,150000.0,2.032350890397516
2,line,line1,200000.0,2.0444760870477627
2,line,line2,25.0,2.1833667927958094
2,line,line2,30.0,2.1816375153643572
2,line,line2,40.0,2.178631604569821
2,line,line2,50.0,2.176622959503305
2,line,line2,60.0,2.1753181236195713
2,line,line2,75.0,2.1741196125795543
2,line,line2,100.0,2.173096421189956
2,line,line2,120.0,2.1726708697302173
2,line,line2,150.0,2.1723122721801587
2,line,line2,200.0,2.1720266923695215
2,line,line2,250.0,2.171892501827511
2,line,line2,300.0,2.1718190796443757
2,line,line2,400.0,2.171745734228578
2,line,line2,500.0,2.1717117126622387
2,line,line2,600.0,2.1716932573141587
2,line,line2,750.0,2.1716782498635827
2,line,line2,1000.0,2.171666841107067
2,line,line2,1200.0,2.171662619713542
2,line,line2,1500.0,2.17165960664359
2,line,line2,2000.0,2.1716583623383077
2,line,line2,2500.0,2.171659200309046
2,line,line2,3000.0,2.1716611557016248
2,line,line2,4000.0,2.1716672884181585
2,line,line2,5000.0,2.171675782152981
2,line,line2,6000.0,2.171686394945604
2,line,line2,7500.0,2.171706118900744
2,line,line2,10000.0,2.171748926491268
2,line,line2,12000.0,2.171792028390578
2,line,line2,15000.0,2.1718713625172197
2,line,line2,20000.0,2.1720425500824625
2,line,line2,25000.0,2.1722621392906882
2,line,line2,30000.0,2.172529722374265
2,line,line2,40000.0,2.1732068363958215
2,line,line2,50000.0,2.1740689972539586
2,line,line2,60000.0,2.1751100121439912
2,line,line2,75000.0,2.17699031033456
2,line,line2,100000.0,2.180897097538529
2,line,line2,120000.0,2.1846197155031954
2,line,line2,150000.0,2.1909621726866515
2,line,line2,200000.0,2.2026238842492862
2,line,line3,25.0,2.33258752522935
2,line,line3,30.0,2.3340134522843887
2,line,line3,40.0,2.335119740303723
2,line,line3,50.0,2.3352674953655725
2,line,line3,60.0,2.3350332751672727
2,line,line3,75.0,2.3344048666886628
2,line,line3,100.0,2.3332221202683905
2,line,line3,120.0,2.3323784702027104
2,line,line3,150.0,2.331375124544102
2,line,line3,200.0,2.3302763119466894
2,line,line3,250.0,2.3296272262786943
2,line,line3,300.0,2.3292254735072846
2,line,line3,400.0,2.3287852483146843
2,line,line3,500.0,2.328566074424652
2,line,line3,600.0,2.3284426218367873
2,line,line3,750.0,2.3283392902289717
2,line,line3,1000.0,2.3282576518271525
2,line,line3,1200.0,2.328225483531042
2,line,line3,1500.0,2.3281994841973646
2,line,line3,2000.0,2.32818036382454
2,line,line3,2500.0,2.328173031119418
2,line,line3,3000.0,2.3281706819650263
2,line,line3,4000.0,2.3281729253601995
2,line,line3,5000.0,2.328180152620785
2,line,line3,6000.0,2.3281906457514996
2,line,line3,7500.0,2.328211320083233
2,line,line3,10000.0,2.328257483020732
2,line,line3,12000.0,2.3283044175349437
2,line,line3,15000.0,2.3283911314034746
2,line,line3,20000.0,2.328578726994339
2,line,line3,25000.0,2.328819843820353
2,line,line3,30000.0,2.329114224696589
2,line,line3,40000.0,2.3298617385155924
2,line,line3,50000.0,2.3308188718862533
2,line,line3,60000.0,2.3319826372592507
2,line,line3,75000.0,2.334107670005544
2,line,line3,100000.0,2.3386229703016013
2,line,line3,120000.0,2.3430614700244865
2,line,line3,150000.0,2.3509710624682736
2,line,line3,200000.0,2.366961438386729
2,line,line4,25.0,2.5183710462995283
2,line,line4,30.0,2.5175680070086637
2,line,line4,40.0,2.516160759422016
2,line,line4,50.0,2.5148075623520727
2,line,line4,60.0,2.5134719536533803
2,line,line4,75.0,2.511552017041396
2,line,line4,100.0,2.508758322253597
2,line,line4,120.0,2.506958663977522
2,line,line4,150.0,2.504912933008896
2,line,line4,200.0,2.5027449235676906
2,line,line4,250.0,2.5014893860767855
2,line,line4,300.0,2.500719814302022
2,line,line4,400.0,2.4998823898846525
2,line,line4,500.0,2.4994675416119465
2,line,line4,600.0,2.4992344169312775
2,line,line4,750.0,2.4990395226021715
2,line,line4,1000.0,2.4988855371164385
2,line,line4,1200.0,2.498824709767498
2,line,line4,1500.0,2.4987752277735
2,line,line4,2000.0,2.4987379871487003
2,line,line4,2500.0,2.4987225288899904
2,line,line4,3000.0,2.498716061640228
2,line,line4,4000.0,2.4987150491061683
2,line,line4,5000.0,2.4987219065128468
2,line,line4,6000.0,2.4987334067306906
2,line,line4,7500.0,2.4987571303175127
2,line,line4,10000.0,2.4988112081818645
2,line,line4,12000.0,2.4988665665413414
2,line,line4,15000.0,2.4989691080433665
2,line,line4,20000.0,2.4991913242990433
2,line,line4,25000.0,2.4994772965052237
2,line,line4,30000.0,2.4998268491377766
2,line,line4,40000.0,2.5007163088732924
2,line,line4,50000.0,2.5018590004650654
2,line,line4,60000.0,2.5032541581183283
2,line,line4,75000.0,2.50581824791025
2,line,line4,100000.0,2.511339064322723
2,line,line4,120000.0,2.516865533531794
2,line,line4,150000.0,2.5269720383143404
2,line,line4,200000.0,2.5485150033566555
2,line,line5,25.0,3.036405551937865
2,line,line5,30.0,3.0345478280874136
2,line,line5,40.0,3.0326986745910816
2,line,line5,50.0,3.031842066146869
2,line,line5,60.0,3.0313765122667715
2,line,line5,75.0,3.03099540030768
2,line,line5,100.0,3.030698642148486
2,line,line5,120.0,3.030581776044073
2,line,line5,150.0,3.030485701349442
2,line,line5,200.0,3.0304098502447245
2,line,line5,250.0,3.0303732980881257
2,line,line5,300.0,3.0303519125321654
2,line,line5,400.0,3.0303263822500277
2,line,line5,500.0,3.030308815670775
2,line,line5,600.0,3.030293189829846
2,line,line5,750.0,3.030269251343579
2,line,line5,1000.0,3.0302230812353126
2,line,line5,1200.0,3.030178845103355
2,line,line5,1500.0,3.030099584972668
2,line,line5,2000.0,3.029933890735761
2,line,line5,2500.0,3.0297295849350823
2,line,line5,3000.0,3.0294917633722287
2,line,line5,4000.0,3.02893865777122
2,line,line5,5000.0,3.0283211661474887
2,line,line5,6000.0,3.0276814494500313
2,line,line5,7500.0,3.0267504829375933
2,line,line5,10000.0,3.025425801674266
2,line,line5,12000.0,3.024625096455092
2,line,line5,15000.0,3.0238261509045623
2,line,line5,20000.0,3.0233027535755745
2,line,line5,25000.0,3.023447750171576
2,line,line5,30000.0,3.0240327187136704
2,line,line5,40000.0,3.0261175195062417
2,line,line5,50000.0,3.0291463517407546
2,line,line5,60000.0,3.0329878262410226
2,line,line5,75000.0,3.0401665100282593
2,line,line5,100000.0,3.055740263571522
2,line,line5,120000.0,3.071347143069585
2,line,line5,150000.0,3.099839133526112
2,line,line5,200000.0,3.160270469353034
2,line,line6,25.0,3.2507671975655485
2,line,line6,30.0,3.2459050366295257
2,line,line6,40.0,3.241062671527254
2,line,line6,50.0,3.23881869504651
2,line,line6,60.0,3.237599039183416
2,line,line6,75.0,3.236600768673892
2,line,line6,100.0,3.2358241048607392
2,line,line6,120.0,3.2355189309784307
2,line,line6,150.0,3.2352692188080505
2,line,line6,200.0,3.235074980624712
2,line,line6,250.0,3.234985067726438
2,line,line6,300.0,3.234936220677777
2,line,line6,400.0,3.234887638279449
2,line,line6,500.0,3.2348651350112907
2,line,line6,600.0,3.234852893729423
2,line,line6,750.0,3.234842846603148
2,line,line6,1000.0,3.2348349546584902
2,line,line6,1200.0,3.234831781278996
2,line,line6,1500.0,3.234829065651759
2,line,line6,2000.0,3.234826671062442
2,line,line6,2500.0,3.2348252289665873
2,line,line6,3000.0,3.2348241350704097
2,line,line6,4000.0,3.234822394737768
2,line,line6,5000.0,3.2348211545237677
2,line,line6,6000.0,3.234820689842898
2,line,line6,7500.0,3.234822482428236
2,line,line6,10000.0,3.234837176191043
2,line,line6,12000.0,3.2348658401233275
2,line,line6,15000.0,3.234951643306027
2,line,line6,20000.0,3.235261592202817
2,line,line6,25000.0,3.2358570896047385
2,line,line6,30000.0,3.2368056978156465
2,line,line6,40000.0,3.239908746120763
2,line,line6,50000.0,3.244688547125444
2,line,line6,60000.0,3.251107531601984
2,line,line6,75000.0,3.2636388248018973
2,line,line6,100000.0,3.291705975962548
2,line,line6,120000.0,3.3201960438260834
2,line,line6,150000.0,3.372365455230639
2,line,line6,200000.0,3.482659825912429
2,line,line7,25.0,3.4321812302324504
2,line,line7,30.0,3.426605256254405
2,line,line7,40.0,3.4210510885431193
2,line,line7,50.0,3.4184769587616852
2,line,line7,60.0,3.417077780531971
2,line,line7,75.0,3.4159325406808696
2,line,line7,100.0,3.415041531051888
2,line,line7,120.0,3.414691444257109
2,line,line7,150.0,3.4144050179367063
2,line,line7,200.0,3.4141823172459733
2,line,line7,250.0,3.4140793535176415
2,line,line7,300.0,3.414023548777418
2,line,line7,400.0,3.4139684163991864
2,line,line7,500.0,3.4139433787744657
2,line,line7,600.0,3.4139302884870206
2,line,line7,750.0,3.4139205180516226
2,line,line7,1000.0,3.413915258369245
2,line,line7,1200.0,3.4139154329617636
2,line,line7,1500.0,3.413919338210389
2,line,line7,2000.0,3.4139317462199608
2,line,line7,2500.0,3.413949550416314
2,line,line7,3000.0,3.4139720376234486
2,line,line7,4000.0,3.414030275773928
2,line,line7,5000.0,3.414105881717668
2,line,line7,6000.0,3.4141988722928196
2,line,line7,7500.0,3.414371359810546
2,line,line7,10000.0,3.4147491593099426
2,line,line7,12000.0,3.4151357827821385
2,line,line7,15000.0,3.415863893067733
2,line,line7,20000.0,3.417502287341495
2,line,line7,25000.0,3.4197208963682755
2,line,line7,30000.0,3.422571383032074
2,line,line7,40000.0,3.4303208378836687
2,line,line7,50000.0,3.4409392317353666
2,line,line7,60000.0,3.454465550454414
2,line,line7,75000.0,3.4800996567900015
2,line,line7,100000.0,3.5363674228935875
2,line,line7,120000.0,3.5927719568755863
2,line,line7,150000.0,3.6947913292325105
2,line,line7,200000.0,3.9059597448688104
2,line,line8,25.0,3.59787490130736
2,line,line8,30.0,3.589530621355644
2,line,line8,40.0,3.5811723109275304
2,line,line8,50.0,3.577243344597599
2,line,line8,60.0,3.5750517804831587
2,line,line8,75.0,3.573157642606063
2,line,line8,100.0,3.571443133766912
2,line,line8,120.0,3.570549761656163
2,line,line8,150.0,3.5694761196390554
2,line,line8,200.0,3.5678879639735213
2,line,line8,250.0,3.5663515530026304
2,line,line8,300.0,3.5648540456364977
2,line,line8,400.0,3.5621043023311274
2,line,line8,500.0,3.559813958601004
2,line,line8,600.0,3.5579966758339947
2,line,line8,750.0,3.556001767409565
2,line,line8,1000.0,3.5539711829754244
2,line,line8,1200.0,3.553019879177989
2,line,line8,1500.0,3.552170841083565
2,line,line8,2000.0,3.551487448854555
2,line,line8,2500.0,3.5512008398482218
2,line,line8,3000.0,3.5510925373318667
2,line,line8,4000.0,3.551129129695759
2,line,line8,5000.0,3.5513450989598057
2,line,line8,6000.0,3.551674701523114
2,line,line8,7500.0,3.552335603993841
2,line,line8,10000.0,3.553823340792647
2,line,line8,12000.0,3.555339746066386
2,line,line8,15000.0,3.5581430990974523
2,line,line8,20000.0,3.5642062994780743
2,line,line8,25000.0,3.5719915804116806
2,line,line8,30000.0,3.5814833305974507
2,line,line8,40000.0,3.6055185067352897
2,line,line8,50000.0,3.6361553378335154
2,line,line8,60000.0,3.6732029481749384
2,line,line8,75000.0,3.740301512496805
2,line,line8,100000.0,3.88069962499897
2,line,line8,120000.0,4.016146973148484
2,line,line8,150000.0,4.25225609624118
2,line,line8,200000.0,4.714514435340536
2,line,line9,25.0,3.69032985170228
2,line,line9,30.0,3.675331374169166
2,line,line9,40.0,3.660346740224153
2,line,line9,50.0,3.65338661338505
2,line,line9,60.0,3.649599247780073
2,line,line9,75.0,3.64649697288661
2,line,line9,100.0,3.644081699829944
2,line,line9,120.0,3.6431320811201875
2,line,line9,150.0,3.6423544856718104
2,line,line9,200.0,3.641748510946584
2,line,line9,250.0,3.6414666500494173
2,line,line9,300.0,3.641312108814645
2,line,line9,400.0,3.6411544815786607
2,line,line9,500.0,3.6410762005522472
2,line,line9,600.0,3.64102806835111
2,line,line9,750.0,3.640978459068111
2,line,line9,1000.0,3.6409148622801037
2,line,line9,1200.0,3.640866533348612
2,line,line9,1500.0,3.6407893732303025
2,line,line9,2000.0,3.6406424149829824
2,line,line9,2500.0,3.6404757130166185
2,line,line9,3000.0,3.6402986386512723
2,line,line9,4000.0,3.63996066191377
2,line,line9,5000.0,3.6397257532605507
2,line,line9,6000.0,3.6396826445345316
2,line,line9,7500.0,3.6401251775097903
2,line,line9,10000.0,3.6425283019543406
2,line,line9,12000.0,3.6460588245433634
2,line,line9,15000.0,3.653956944891457
2,line,line9,20000.0,3.6734436412066493
2,line,line9,25000.0,3.700001853149826
2,line,line9,30000.0,3.7329966865214246
2,line,line9,40000.0,3.8167016102656937
2,line,line9,50000.0,3.9220091197669706
2,line,line9,60000.0,4.046728790609976
2,line,line9,75000.0,4.265558351343507
2,line,line9,100000.0,4.69814240128351
2,line,line9,120000.0,5.089165660295515
2,line,line9,150000.0,5.723604502363582
2,line,line9,200000.0,6.841700220673602
2,line,line10,25.0,3.7701845054368275
2,line,line10,30.0,3.7349808891884013
2,line,line10,40.0,3.6992401483304245
2,line,line10,50.0,3.6821031029714653
2,line,line10,60.0,3.6722970778090427
2,line,line10,75.0,3.6634790181417674
2,line,line10,100.0,3.6549620747946028
2,line,line10,120.0,3.6503450988281165
2,line,line10,150.0,3.6450058494637565
2,line,line10,200.0,3.638412601880437
2,line,line10,250.0,3.6336883382586485
2,line,line10,300.0,3.6302682370955393
2,line,line10,400.0,3.6259244914228366
2,line,line10,500.0,3.6234853807360214
2,line,line10,600.0,3.6220384790931477
2,line,line10,750.0,3.6208281605382924
2,line,line10,1000.0,3.6199980524911552
2,line,line10,1200.0,3.619826440335268
2,line,line10,1500.0,3.619967305028924
2,line,line10,2000.0,3.6207912642681217
2,line,line10,2500.0,3.6220956801367588
2,line,line10,3000.0,3.6237841248403475
2,line,line10,4000.0,3.6281965011710864
2,line,line10,5000.0,3.6339235625074022
2,line,line10,6000.0,3.640933841284919
2,line,line10,7500.0,3.653820109828284
2,line,line10,10000.0,3.6815133329354484
2,line,line10,12000.0,3.709143125229272
2,line,line10,15000.0,3.759427877081023
2,line,line10,20000.0,3.8656129591954875
2,line,line10,25000.0,3.9975568679021243
2,line,line10,30000.0,4.1524899114000124
2,line,line10,40000.0,4.520073895651115
2,line,line10,50000.0,4.947237822899904
2,line,line10,60000.0,5.416296133565386
2,line,line10,75000.0,6.169079155808992
2,line,line10,100000.0,7.479961600979869
2,line,line10,120000.0,8.528641627406914
2,line,line10,150000.0,10.042248874349498
2,line,line10,200000.0,12.308126754755454
2,line,line11,25.0,3.7794897920400183
2,line,line11,30.0,3.6969677359437756
2,line,line11,40.0,3.6112683709051843
2,line,line11,50.0,3.5701102980375277
2,line,line11,60.0,3.5472926556351685
2,line,line11,75.0,3.528361307035451
2,line,line11,100.0,3.5134677041456706
2,line,line11,120.0,3.5075792021782415
2,line,line11,150.0,3.5027536602847222
2,line,line11,200.0,3.499016948247292
2,line,line11,250.0,3.497320563089854
2,line,line11,300.0,3.496437165388197
2,line,line11,400.0,3.495667186324945
2,line,line11,500.0,3.4954578524505524
2,line,line11,600.0,3.4955003286159503
2,line,line11,750.0,3.495822646668465
2,line,line11,1000.0,3.496788907571104
2,line,line11,1200.0,3.4978534591377075
2,line,line11,1500.0,3.4998732761304447
2,line,line11,2000.0,3.5043002214736414
2,line,line11,2500.0,3.510014432094161
2,line,line11,3000.0,3.5169969578305493
2,line,line11,4000.0,3.5347192759309927
2,line,line11,5000.0,3.5573751091764794
2,line,line11,6000.0,3.5848619920458393
2,line,line11,7500.0,3.6348875524685744
2,line,line11,10000.0,3.7405399602150173
2,line,line11,12000.0,3.8436728112990406
2,line,line11,15000.0,4.02614027422303
2,line,line11,20000.0,4.392596293400036
2,line,line11,25000.0,4.819435610791989
2,line,line11,30000.0,5.289691286643088
2,line,line11,40000.0,6.311092524212538
2,line,line11,50000.0,7.3860062689673045
2,line,line11,60000.0,8.473959779480559
2,line,line11,75000.0,10.079894155200934
2,line,line11,100000.0,12.585716413144597
2,line,line11,120000.0,14.383587559630435
2,line,line11,150000.0,16.702006312863407
2,line,line11,200000.0,19.61371037022092
2,scatter,,25.0,2.0279402278273024
2,scatter,,30.0,2.0255591938821644
2,scatter,,40.0,2.019785889421031
2,scatter,,50.0,2.0314670357185163
2,scatter,,60.0,2.0267307700189883
2,scatter,,75.0,2.0171393690161374
2,scatter,,100.0,1.9911941164534952
2,scatter,,120.0,2.064397217127379
2,scatter,,150.0,1.9672740542040659
2,scatter,,200.0,2.0172093109747165
2,scatter,,250.0,1.9649302101713373
2,scatter,,300.0,2.0589427067263193
2,scatter,,400.0,2.014182957338265
2,scatter,,500.0,2.025488613679599
2,scatter,,600.0,2.0198388372921787
2,scatter,,750.0,2.018488633082699
2,scatter,,1000.0,2.0186334718256287
2,scatter,,1200.0,2.016437698397576
2,scatter,,1500.0,2.0178655743339418
2,scatter,,2000.0,2.018047548454519
2,scatter,,2500.0,2.0176473410037463
2,scatter,,3000.0,2.0157906808410995
2,scatter,,4000.0,2.0162429633772807
2,scatter,,5000.0,2.014691467207752
2,scatter,,6000.0,2.0158237064029407
2,scatter,,7500.0,2.0168713651437473
2,scatter,,10000.0,2.0155669000809486
2,scatter,,12000.0,2.015147258392458
2,scatter,,15000.0,2.014931445909088
2,scatter,,20000.0,2.014725024680795
2,scatter,,25000.0,2.013663612733294
2,scatter,,30000.0,2.0132578660867817
2,scatter,,40000.0,2.012622187366452
2,scatter,,50000.0,2.0128479900531486
2,scatter,,60000.0,2.013765775222025
2,scatter,,75000.0,2.015455062310743
2,scatter,,100000.0,2.020838347853187
2,scatter,,120000.0,2.0254064120309287
2,scatter,,150000.0,2.035808317970346
2,scatter,,200000.0,2.058445553929485
2,scatter,,25.0,2.1851415612363083
2,scatter,,30.0,2.1783475996062363
2,scatter,,40.0,2.1811037390168204
2,scatter,,50.0,2.142631614592154
2,scatter,,60.0,2.1980713505856104
2,scatter,,75.0,2.176777329663409
2,scatter,,100.0,2.154434943391527
2,scatter,,120.0,2.2142873482061898
2,scatter,,150.0,2.1574787083907925
2,scatter,,200.0,2.176782009443511
2,scatter,,250.0,2.152588558276048
2,scatter,,300.0,2.1738250610125207
2,scatter,,400.0,2.155631154513747
2,scatter,,500.0,2.1720301653548115
2,scatter,,600.0,2.1814572720868535
2,scatter,,750.0,2.1764157568590394
2,scatter,,1000.0,2.1769828609160027
2,scatter,,1200.0,2.1771401915593747
2,scatter,,1500.0,2.1751059746710255
2,scatter,,2000.0,2.1776464585999435
2,scatter,,2500.0,2.1743947713394127
2,scatter,,3000.0,2.1721931797571217
2,scatter,,4000.0,2.1755352763473543
2,scatter,,5000.0,2.173161063467713
2,scatter,,6000.0,2.17264241204554
2,scatter,,7500.0,2.1728020414565066
2,scatter,,10000.0,2.1733484724271093
2,scatter,,12000.0,2.1724018151079516
2,scatter,,15000.0,2.172364639334649
2,scatter,,20000.0,2.1717913433356397
2,scatter,,25000.0,2.1708839941015574
2,scatter,,30000.0,2.1710848680034784
2,scatter,,40000.0,2.170441652251449
2,scatter,,50000.0,2.1703361684816396
2,scatter,,60000.0,2.1708459317441786
2,scatter,,75000.0,2.1729127620883104
2,scatter,,100000.0,2.1785711901367972
2,scatter,,120000.0,2.1834145715887305
2,scatter,,150000.0,2.1954238143320417
2,scatter,,200000.0,2.2196459408918265
2,scatter,,25.0,2.3403493701828473
2,scatter,,30.0,2.3399974696517436
2,scatter,,40.0,2.29418963127568
2,scatter,,50.0,2.361400191659931
2,scatter,,60.0,2.3315445763878184
2,scatter,,75.0,2.3337522502466386
2,scatter,,100.0,2.364211398483169
2,scatter,,120.0,2.2869586825181303
2,scatter,,150.0,2.2362701264194618
2,scatter,,200.0,2.3314553480846842
2,scatter,,250.0,2.3075502245324158
2,scatter,,300.0,2.328045631893212
2,scatter,,400.0,2.3166420011855284
2,scatter,,500.0,2.3333691534150884
2,scatter,,600.0,2.3366185477639627
2,scatter,,750.0,2.3222093834408954
2,scatter,,1000.0,2.3305173031343767
2,scatter,,1200.0,2.328940259144185
2,scatter,,1500.0,2.330242393587256
2,scatter,,2000.0,2.331724634923108
2,scatter,,2500.0,2.3293404543221414
2,scatter,,3000.0,2.331894411291711
2,scatter,,4000.0,2.3304663162687365
2,scatter,,5000.0,2.3309846445811027
2,scatter,,6000.0,2.329621847143869
2,scatter,,7500.0,2.328979518772388
2,scatter,,10000.0,2.3290897081090725
2,scatter,,12000.0,2.3291387677741597
2,scatter,,15000.0,2.328227411496027
2,scatter,,20000.0,2.327831475379827
2,scatter,,25000.0,2.3274003162150216
2,scatter,,30000.0,2.32671917640806
2,scatter,,40000.0,2.3265586064026516
2,scatter,,50000.0,2.3266529067183614
2,scatter,,60000.0,2.327843346265608
2,scatter,,75000.0,2.3299771984828657
2,scatter,,100000.0,2.3357734378070574
2,scatter,,120000.0,2.342893877348601
2,scatter,,150000.0,2.354649910878314
2,scatter,,200000.0,2.3824085182802404
2,scatter,,25.0,2.5131407842802997
2,scatter,,30.0,2.518186473987096
2,scatter,,40.0,2.5418722447043196
2,scatter,,50.0,2.526791065124944
2,scatter,,60.0,2.5099215924478617
2,scatter,,75.0,2.5175904832517966
2,scatter,,100.0,2.442070671166972
2,scatter,,120.0,2.5446277981148446
2,scatter,,150.0,2.533371456203373
2,scatter,,200.0,2.5018574477974487
2,scatter,,250.0,2.4834632139996864
2,scatter,,300.0,2.4891274790463793
2,scatter,,400.0,2.4927570166208297
2,scatter,,500.0,2.509414499863646
2,scatter,,600.0,2.4923450232616604
2,scatter,,750.0,2.501194207410341
2,scatter,,1000.0,2.5015510354513175
2,scatter,,1200.0,2.5013831782590654
2,scatter,,1500.0,2.500933184879042
2,scatter,,2000.0,2.50326070984956
2,scatter,,2500.0,2.500143963309565
2,scatter,,3000.0,2.500810106273786
2,scatter,,4000.0,2.501642377500924
2,scatter,,5000.0,2.5003901708471234
2,scatter,,6000.0,2.499862984212057
2,scatter,,7500.0,2.50108436914359
2,scatter,,10000.0,2.4998656831282107
2,scatter,,12000.0,2.4991991439687733
2,scatter,,15000.0,2.49953341401918
2,scatter,,20000.0,2.498416005312802
2,scatter,,25000.0,2.497507939013354
2,scatter,,30000.0,2.4967721989443814
2,scatter,,40000.0,2.496990899275015
2,scatter,,50000.0,2.497625535604079
2,scatter,,60000.0,2.4987106370358796
2,scatter,,75000.0,2.500926273082685
2,scatter,,100000.0,2.5090538769450528
2,scatter,,120000.0,2.515943913490571
2,scatter,,150000.0,2.531088304516964
2,scatter,,200000.0,2.5622962512683816
2,scatter,,25.0,3.0430016032651053
2,scatter,,30.0,3.030372035689224
2,scatter,,40.0,3.024820515093509
2,scatter,,50.0,3.0716227538712264
2,scatter,,60.0,3.0156280121910326
2,scatter,,75.0,3.0347245611318456
2,scatter,,100.0,3.0599232858837975
2,scatter,,120.0,2.9742161049174216
2,scatter,,150.0,3.0946508189457864
2,scatter,,200.0,3.0297682196712974
2,scatter,,250.0,2.9826416664292923
2,scatter,,300.0,3.063378923097074
2,scatter,,400.0,3.0200743883218903
2,scatter,,500.0,3.0393304923232978
2,scatter,,600.0,3.0252392494636684
2,scatter,,750.0,3.0271212047604528
2,scatter,,1000.0,3.0281352334867235
2,scatter,,1200.0,3.0255024947121645
2,scatter,,1500.0,3.0274254307988193
2,scatter,,2000.0,3.0235952283710565
2,scatter,,2500.0,3.0258913769774107
2,scatter,,3000.0,3.0278516317363393
2,scatter,,4000.0,3.0263415648464416
2,scatter,,5000.0,3.0287757796128525
2,scatter,,6000.0,3.0272996215382286
2,scatter,,7500.0,3.0246150654098143
2,scatter,,10000.0,3.026250822895842
2,scatter,,12000.0,3.023983857596158
2,scatter,,15000.0,3.0223535554926215
2,scatter,,20000.0,3.0233723782214725
2,scatter,,25000.0,3.024717095706731
2,scatter,,30000.0,3.024755719052408
2,scatter,,40000.0,3.0243756182434685
2,scatter,,50000.0,3.028551976195431
2,scatter,,60000.0,3.0334432152798327
2,scatter,,75000.0,3.038816760351469
2,scatter,,100000.0,3.053938662167636
2,scatter,,120000.0,3.0698490436975177
2,scatter,,150000.0,3.1018470771895026
2,scatter,,200000.0,3.1711336964489525
2,scatter,,25.0,3.25847047811033
2,scatter,,30.0,3.2546973123567207
2,scatter,,40.0,3.2358015424457918
2,scatter,,50.0,3.2749377939548716
2,scatter,,60.0,3.2047779698189953
2,scatter,,75.0,3.2348700358048315
2,scatter,,100.0,3.215467430023854
2,scatter,,120.0,3.1260462358828365
2,scatter,,150.0,3.2960921252537925
2,scatter,,200.0,3.2363463951114277
2,scatter,,250.0,3.256837805512955
2,scatter,,300.0,3.226380330874137
2,scatter,,400.0,3.2341775230090906
2,scatter,,500.0,3.245184522721711
2,scatter,,600.0,3.2258602064859274
2,scatter,,750.0,3.2378850041475182
2,scatter,,1000.0,3.238940227166632
2,scatter,,1200.0,3.237005370359067
2,scatter,,1500.0,3.236373199935108
2,scatter,,2000.0,3.241514385261755
2,scatter,,2500.0,3.2371441780517576
2,scatter,,3000.0,3.2406032101768525
2,scatter,,4000.0,3.2353821856329783
2,scatter,,5000.0,3.2383096964174416
2,scatter,,6000.0,3.238686604251792
2,scatter,,7500.0,3.2398082261888614
2,scatter,,10000.0,3.238069546943225
2,scatter,,12000.0,3.2381752599676905
2,scatter,,15000.0,3.235019149960717
2,scatter,,20000.0,3.235439984475218
2,scatter,,25000.0,3.2358284796096752
2,scatter,,30000.0,3.2378976876254133
2,scatter,,40000.0,3.2392236763960995
2,scatter,,50000.0,3.243877827473865
2,scatter,,60000.0,3.250719148946776
2,scatter,,75000.0,3.262888115008581
2,scatter,,100000.0,3.292534230094664
2,scatter,,120000.0,3.320050549996124
2,scatter,,150000.0,3.372454255145502
2,scatter,,200000.0,3.4852538406230904
2,scatter,,25.0,3.4448230380717764
2,scatter,,30.0,3.436542172775283
2,scatter,,40.0,3.391513855602097
2,scatter,,50.0,3.350548461123343
2,scatter,,60.0,3.3960857881874835
2,scatter,,75.0,3.4157971470182567
2,scatter,,100.0,3.4620038914832474
2,scatter,,120.0,3.332575143193173
2,scatter,,150.0,3.30502201479459
2,scatter,,200.0,3.4218108406703975
2,scatter,,250.0,3.518336235081548
2,scatter,,300.0,3.4386851659447815
2,scatter,,400.0,3.431684420913104
2,scatter,,500.0,3.4164348796456023
2,scatter,,600.0,3.4359079824610204
2,scatter,,750.0,3.41409221352438
2,scatter,,1000.0,3.4236320105067537
2,scatter,,1200.0,3.417207016810044
2,scatter,,1500.0,3.4214540382236796
2,scatter,,2000.0,3.421485002127996
2,scatter,,2500.0,3.417591579030363
2,scatter,,3000.0,3.418848852897891
2,scatter,,4000.0,3.421377029506117
2,scatter,,5000.0,3.4177878245412447
2,scatter,,6000.0,3.420049217454088
2,scatter,,7500.0,3.41917490810327
2,scatter,,10000.0,3.4185370111857885
2,scatter,,12000.0,3.416747656426064
2,scatter,,15000.0,3.4195180897466475
2,scatter,,20000.0,3.4183332704609954
2,scatter,,25000.0,3.420510157170455
2,scatter,,30000.0,3.4232865521009557
2,scatter,,40000.0,3.430128076036602
2,scatter,,50000.0,3.4417441988783914
2,scatter,,60000.0,3.4533317418970917
2,scatter,,75000.0,3.4799073579709345
2,scatter,,100000.0,3.535596674682224
2,scatter,,120000.0,3.591349234930098
2,scatter,,150000.0,3.693789689339798
2,scatter,,200000.0,3.9049745850805486
2,scatter,,25.0,3.5954655559815896
2,scatter,,30.0,3.5747702836346353
2,scatter,,40.0,3.5393433046176184
2,scatter,,50.0,3.5163399089975997
2,scatter,,60.0,3.565813682197234
2,scatter,,75.0,3.5725310100333627
2,scatter,,100.0,3.570025464799991
2,scatter,,120.0,3.704395868093358
2,scatter,,150.0,3.6647951989333594
2,scatter,,200.0,3.5526797179581946
2,scatter,,250.0,3.593686403039762
2,scatter,,300.0,3.5177544594382657
2,scatter,,400.0,3.5354374772692645
2,scatter,,500.0,3.553626146323597
2,scatter,,600.0,3.5331535815292217
2,scatter,,750.0,3.554125021898874
2,scatter,,1000.0,3.5559296308633392
2,scatter,,1200.0,3.557320298993137
2,scatter,,1500.0,3.5524438414760864
2,scatter,,2000.0,3.5563712818048647
2,scatter,,2500.0,3.556676484009152
2,scatter,,3000.0,3.552624153095577
2,scatter,,4000.0,3.555906524016602
2,scatter,,5000.0,3.554389866072169
2,scatter,,6000.0,3.5546805041143377
2,scatter,,7500.0,3.5545014997299638
2,scatter,,10000.0,3.5549243411063003
2,scatter,,12000.0,3.555543779723609
2,scatter,,15000.0,3.5591249130342772
2,scatter,,20000.0,3.562117957272129
2,scatter,,25000.0,3.570426854867015
2,scatter,,30000.0,3.5791652032674555
2,scatter,,40000.0,3.60019594030805
2,scatter,,50000.0,3.630356460708516
2,scatter,,60000.0,3.6676317847773374
2,scatter,,75000.0,3.731647543668748
2,scatter,,100000.0,3.877941895145542
2,scatter,,120000.0,4.0126552960602035
2,scatter,,150000.0,4.253968643719533
2,scatter,,200000.0,4.7311011536712035
2,scatter,,25.0,3.704741860413624
2,scatter,,30.0,3.699029466885748
2,scatter,,40.0,3.725869462721587
2,scatter,,50.0,3.5435716545801994
2,scatter,,60.0,3.6025932690956193
2,scatter,,75.0,3.629632167155509
2,scatter,,100.0,3.711922718559756
2,scatter,,120.0,3.6889401501439427
2,scatter,,150.0,3.7691976730327172
2,scatter,,200.0,3.6340077902993877
2,scatter,,250.0,3.631385500763955
2,scatter,,300.0,3.6127741225620387
2,scatter,,400.0,3.5998213624530755
2,scatter,,500.0,3.6386225493710422
2,scatter,,600.0,3.621716240257148
2,scatter,,750.0,3.644095185676861
2,scatter,,1000.0,3.630473235897775
2,scatter,,1200.0,3.6347905429340157
2,scatter,,1500.0,3.631847232477531
2,scatter,,2000.0,3.641680809135069
2,scatter,,2500.0,3.632722549964288
2,scatter,,3000.0,3.6331494102293673
2,scatter,,4000.0,3.6371467651937093
2,scatter,,5000.0,3.6355740839992605
2,scatter,,6000.0,3.634111836358928
2,scatter,,7500.0,3.6376960732719277
2,scatter,,10000.0,3.6430901375125986
2,scatter,,12000.0,3.6458589915183564
2,scatter,,15000.0,3.657839068087956
2,scatter,,20000.0,3.674822126766444
2,scatter,,25000.0,3.699566820375765
2,scatter,,30000.0,3.734740239316384
2,scatter,,40000.0,3.8121166062581295
2,scatter,,50000.0,3.921657806247251
2,scatter,,60000.0,4.04640395543228
2,scatter,,75000.0,4.2636427438429925
2,scatter,,100000.0,4.6830312387522035
2,scatter,,120000.0,5.081058524874517
2,scatter,,150000.0,5.740355260847886
2,scatter,,200000.0,6.905556751558849
2,scatter,,25.0,3.7669629586170608
2,scatter,,30.0,3.739690648894371
2,scatter,,40.0,3.714403854651511
2,scatter,,50.0,3.789521675905318
2,scatter,,60.0,3.5995867930508703
2,scatter,,75.0,3.6491062534988274
2,scatter,,100.0,3.5545058100748688
2,scatter,,120.0,3.820154531505507
2,scatter,,150.0,3.737905699530355
2,scatter,,200.0,3.6163962267542065
2,scatter,,250.0,3.6719060507156343
2,scatter,,300.0,3.6443284873029818
2,scatter,,400.0,3.629127656076247
2,scatter,,500.0,3.6037177398146434
2,scatter,,600.0,3.6144916197204773
2,scatter,,750.0,3.6291091852095727
2,scatter,,1000.0,3.6112666699829314
2,scatter,,1200.0,3.60740793296635
2,scatter,,1500.0,3.6198920758327877
2,scatter,,2000.0,3.619120731905092
2,scatter,,2500.0,3.6186006306754823
2,scatter,,3000.0,3.61605328769773
2,scatter,,4000.0,3.622885417133084
2,scatter,,5000.0,3.627960718855601
2,scatter,,6000.0,3.6318866133099474
2,scatter,,7500.0,3.646241413922047
2,scatter,,10000.0,3.671479968371372
2,scatter,,12000.0,3.6959864158846685
2,scatter,,15000.0,3.738723589503241
2,scatter,,20000.0,3.8437102286603237
2,scatter,,25000.0,3.9663451105677883
2,scatter,,30000.0,4.118219094842454
2,scatter,,40000.0,4.472914872285633
2,scatter,,50000.0,4.884758317322362
2,scatter,,60000.0,5.358269758534465
2,scatter,,75000.0,6.101036028319288
2,scatter,,100000.0,7.4419773513534695
2,scatter,,120000.0,8.556828109346359
2,scatter,,150000.0,10.221801559120424
2,scatter,,200000.0,12.886405966624286
2,scatter,,25.0,3.7809292152667973
2,scatter,,30.0,3.663086385327679
2,scatter,,40.0,3.4722646118996403
2,scatter,,50.0,3.7447121318094667
2,scatter,,60.0,3.5207556440046006
2,scatter,,75.0,3.513948696106134
2,scatter,,100.0,3.3750102739904366
2,scatter,,120.0,3.680579050227451
2,scatter,,150.0,3.3301987412024303
2,scatter,,200.0,3.5040077078006777
2,scatter,,250.0,3.4261328562463986
2,scatter,,300.0,3.461631298540653
2,scatter,,400.0,3.507523821488338
2,scatter,,500.0,3.5129035603359715
2,scatter,,600.0,3.509076360931677
2,scatter,,750.0,3.52814162482396
2,scatter,,1000.0,3.5058867337972432
2,scatter,,1200.0,3.507478397086146
2,scatter,,1500.0,3.504456465936622
2,scatter,,2000.0,3.515239612815471
2,scatter,,2500.0,3.5161344924848312
2,scatter,,3000.0,3.5239988354507243
2,scatter,,4000.0,3.5335392594099706
2,scatter,,5000.0,3.5549525713370986
2,scatter,,6000.0,3.5767523153852943
2,scatter,,7500.0,3.621177290719829
2,scatter,,10000.0,3.715945186292177
2,scatter,,12000.0,3.8070104302369594
2,scatter,,15000.0,3.9729370057238516
2,scatter,,20000.0,4.301195111471811
2,scatter,,25000.0,4.690101397070643
2,scatter,,30000.0,5.129622889583405
2,scatter,,40000.0,6.101445924274836
2,scatter,,50000.0,7.1424205269396595
2,scatter,,60000.0,8.220364351109325
2,scatter,,75000.0,9.843512738163547
2,scatter,,100000.0,12.563021173067895
2,scatter,,120000.0,14.708939190024887
2,scatter,,150000.0,17.694304451543978
2,scatter,,200000.0,22.16998882927098
3,line,$L$,280.0,0.19121114749525114
3,line,$L$,260.0,0.18830626228184816
3,line,$L$,240.0,0.2685724406536656
3,line,$L$,220.0,0.8228254464083392
3,line,$L$,200.0,2.557162491145123
3,line,$L$,180.0,11.6590036191442
3,line,$L$,160.0,10.250744145546692
3,line,$L$,140.0,6.044250760455119
3,line,$L$,120.0,4.123156887806893
3,line,$L$,100.0,3.014870592438966
3,line,$L$,85.0,2.8209375791998736
4,line,line1,25.0,0.09522265989443485
4,line,line1,30.0,0.07822353969454483
4,line,line1,40.0,0.05700542075417173
4,line,line1,50.0,0.04443903418596732
4,line,line1,60.0,0.036233605330838616
4,line,line1,75.0,0.0282566745654696
4,line,line1,100.0,0.02059412253845752
4,line,line1,120.0,0.016899752805195144
4,line,line1,150.0,0.013295483191411477
4,line,line1,200.0,0.009764659655555135
4,line,line1,250.0,0.007663891051957849
4,line,line1,300.0,0.006258291050406942
4,line,line1,400.0,0.004470462693034489
4,line,line1,500.0,0.003356129502020896
4,line,line1,600.0,0.002575503901076493
4,line,line1,750.0,0.0017365482331550208
4,line,line1,1000.0,0.0007793313445282656
4,line,line1,1200.0,0.0002115388145609137
4,line,line1,1500.0,-0.00047542537647755407
4,line,line1,2000.0,-0.0014009358561274368
4,line,line1,2500.0,-0.0021948713999004653
4,line,line1,3000.0,-0.002923042768640316
4,line,line1,4000.0,-0.00428075176025324
4,line,line1,5000.0,-0.005572697277215691
4,line,line1,6000.0,-0.006831742748375197
4,line,line1,7500.0,-0.008687365543805595
4,line,line1,10000.0,-0.011735973978295356
4,line,line1,12000.0,-0.014154826668812218
4,line,line1,15000.0,-0.017766011553776544
4,line,line1,20000.0,-0.023760498136168838
4,line,line1,25000.0,-0.029738256921480785
4,line,line1,30000.0,-0.035704970999933805
4,line,line1,40000.0,-0.04761159266393561
4,line,line1,50000.0,-0.0594832235773768
4,line,line1,60000.0,-0.0713162733277888
4,line,line1,75000.0,-0.08898171453423448
4,line,line1,100000.0,-0.11815060625948033
4,line,line1,120000.0,-0.14118724856286652
4,line,line1,150000.0,-0.17514439222482373
4,line,line1,200000.0,-0.2298473578790068
4,line,line2,25.0,0.08501117074499244
4,line,line2,30.0,0.06961817758420388
4,line,line2,40.0,0.050987089990228794
4,line,line2,50.0,0.040205984962636415
4,line,line2,60.0,0.03319498503828696
4,line,line2,75.0,0.026318416990323217
4,line,line2,100.0,0.019557539499374464
4,line,line2,120.0,0.016209507996996476
4,line,line2,150.0,0.012872476430288176
4,line,line2,200.0,0.009530253121733553
4,line,line2,250.0,0.007507923324484936
4,line,line2,300.0,0.006141839663498418
4,line,line2,400.0,0.004390728274842199
4,line,line2,500.0,0.0032922293156378993
4,line,line2,600.0,0.002519556754728692
4,line,line2,750.0,0.0016861079518878986
4,line,line2,1000.0,0.0007308626584403848
4,line,line2,1200.0,0.00016181900655669554
4,line,line2,1500.0,-0.0005291578764042482
4,line,line2,2000.0,-0.0014640299284117652
4,line,line2,2500.0,-0.0022688579026752228
4,line,line2,3000.0,-0.003008663901638305
4,line,line2,4000.0,-0.004390731703697565
4,line,line2,5000.0,-0.005707746875229552
4,line,line2,6000.0,-0.006992205660104255
4,line,line2,7500.0,-0.008886270888909677
4,line,line2,10000.0,-0.011999307473289486
4,line,line2,12000.0,-0.014469783445929217
4,line,line2,15000.0,-0.018158304162460122
4,line,line2,20000.0,-0.024280985443521627
4,line,line2,25000.0,-0.030385594146715347
4,line,line2,30000.0,-0.036477379828668346
4,line,line2,40000.0,-0.04862728382697686
4,line,line2,50000.0,-0.0607306895646573
4,line,line2,60000.0,-0.07278135607270625
4,line,line2,75000.0,-0.09074136934039952
4,line,line2,100000.0,-0.12029884174587102
4,line,line2,120000.0,-0.14353933259340138
4,line,line2,150000.0,-0.177604366704209
4,line,line2,200000.0,-0.23194692548950405
4,line,line3,25.0,0.09080428253538307
4,line,line3,30.0,0.07534470383898177
4,line,line3,40.0,0.05590252709344464
4,line,line3,50.0,0.04415866861977211
4,line,line3,60.0,0.036298148924447875
4,line,line3,75.0,0.0284331755525294
4,line,line3,100.0,0.020628160352365123
4,line,line3,120.0,0.016793542875048646
4,line,line3,150.0,0.013044731810522646
4,line,line3,200.0,0.00941487361257533
4,line,line3,250.0,0.007298136255175028
4,line,line3,300.0,0.005904820223570436
4,line,line3,400.0,0.004158434342100549
4,line,line3,500.0,0.00308092929275932
4,line,line3,600.0,0.002328171164403864
4,line,line3,750.0,0.0015177665103604796
4,line,line3,1000.0,0.0005861835158163951
4,line,line3,1200.0,2.765255848486213e-05
4,line,line3,1500.0,-0.0006555419247803668
4,line,line3,2000.0,-0.0015888695049818206
4,line,line3,2500.0,-0.002399336648124979
4,line,line3,3000.0,-0.0031484752479043494
4,line,line3,4000.0,-0.004554841969163642
4,line,line3,5000.0,-0.005899958092735018
4,line,line3,6000.0,-0.007214441979483392
4,line,line3,7500.0,-0.009155498915219247
4,line,line3,10000.0,-0.012349549641091967
4,line,line3,12000.0,-0.014886144197542566
4,line,line3,15000.0,-0.01867512668200361
4,line,line3,20000.0,-0.02496761593457015
4,line,line3,25000.0,-0.031244533601461774
4,line,line3,30000.0,-0.03751116609636935
4,line,line3,40000.0,-0.05001945036984164
4,line,line3,50000.0,-0.0624950928102528
4,line,line3,60000.0,-0.07493469440316798
4,line,line3,75000.0,-0.09351535805135927
4,line,line3,100000.0,-0.12422633381149657
4,line,line3,120000.0,-0.14851360390657153
4,line,line3,150000.0,-0.18437675336357784
4,line,line3,200000.0,-0.2423307912981845
4,line,line4,25.0,0.0941098829942063
4,line,line4,30.0,0.07782049241417757
4,line,line4,40.0,0.05728389732732361
4,line,line4,50.0,0.04484208391635852
4,line,line4,60.0,0.03650270802382831
4,line,line4,75.0,0.028167544471092716
4,line,line4,100.0,0.01995602112597825
4,line,line4,120.0,0.01597914901508983
4,line,line4,150.0,0.012161628865878696
4,line,line4,200.0,0.008566494802165616
4,line,line4,250.0,0.006530151910150334
4,line,line4,300.0,0.005216050786857876
4,line,line4,400.0,0.0035948088644048473
4,line,line4,500.0,0.0026033004517764255
4,line,line4,600.0,0.0019103716446411479
4,line,line4,750.0,0.0011594895839250575
4,line,line4,1000.0,0.0002828701135572666
4,line,line4,1200.0,-0.00025283831663045376
4,line,line4,1500.0,-0.0009200967263993428
4,line,line4,2000.0,-0.0018517989649754045
4,line,line4,2500.0,-0.002675828499122153
4,line,line4,3000.0,-0.0034461939278652267
4,line,line4,4000.0,-0.004906577241390644
4,line,line4,5000.0,-0.006313453387849485
4,line,line4,6000.0,-0.00769358861310182
4,line,line4,7500.0,-0.009737042481958785
4,line,line4,10000.0,-0.013107071790810422
4,line,line4,12000.0,-0.015786939633255916
4,line,line4,15000.0,-0.019793109424509566
4,line,line4,20000.0,-0.026451301482867732
4,line,line4,25000.0,-0.03309728263922283
4,line,line4,30000.0,-0.039736009167244034
4,line,line4,40000.0,-0.05299818004654939
4,line,line4,50000.0,-0.06624277908266198
4,line,line4,60000.0,-0.07946945086946418
4,line,line4,75000.0,-0.09927162051233263
4,line,line4,100000.0,-0.13215326389964113
4,line,line4,120000.0,-0.15832436083753093
4,line,line4,150000.0,-0.19730620128622556
4,line,line4,200000.0,-0.26136940015225074
4,line,line5,25.0,0.09560873404973762
4,line,line5,30.0,0.0796831817487025
4,line,line5,40.0,0.05974600113385049
4,line,line5,50.0,0.047765563287186855
4,line,line5,60.0,0.03976823527772962
4,line,line5,75.0,0.03175797681506791
4,line,line5,100.0,0.02372425926234025
4,line,line5,120.0,0.019690532611443032
4,line,line5,150.0,0.01563470058664233
4,line,line5,200.0,0.011534962288232796
4,line,line5,250.0,0.009031344450250193
4,line,line5,300.0,0.007325832542272048
4,line,line5,400.0,0.005112030204921706
4,line,line5,500.0,0.003696438602107652
4,line,line5,600.0,0.00268001755092576
4,line,line5,750.0,0.001554690584007717
4,line,line5,1000.0,0.00021202516725322366
4,line,line5,1200.0,-0.0006217900486369645
4,line,line5,1500.0,-0.0016711847000657112
4,line,line5,2000.0,-0.0031482478977647565
4,line,line5,2500.0,-0.004456759936968728
4,line,line5,3000.0,-0.005675058857458801
4,line,line5,4000.0,-0.007956833292073666
4,line,line5,5000.0,-0.010109305246830453
4,line,line5,6000.0,-0.01217360087289327
4,line,line5,7500.0,-0.015150474879960699
4,line,line5,10000.0,-0.0199018690406518
4,line,line5,12000.0,-0.02359288437475731
4,line,line5,15000.0,-0.029043696475267784
4,line,line5,20000.0,-0.0380565543954861
4,line,line5,25000.0,-0.04706937951842134
4,line,line5,30000.0,-0.056104497835327824
4,line,line5,40000.0,-0.07422997494801746
4,line,line5,50000.0,-0.0923904867987171
4,line,line5,60000.0,-0.11055083360830947
4,line,line5,75000.0,-0.13774173223016992
4,line,line5,100000.0,-0.18280601462263166
4,line,line5,120000.0,-0.2185339012606828
4,line,line5,150000.0,-0.27143161641899205
4,line,line5,200000.0,-0.3573022175159966
4,line,line6,25.0,0.11425860328113482
4,line,line6,30.0,0.09527839151178881
4,line,line6,40.0,0.07147981155899849
4,line,line6,50.0,0.0571634855910404
4,line,line6,60.0,0.04760209299847389
4,line,line6,75.0,0.03802259968583958
4,line,line6,100.0,0.028413927463535774
4,line,line6,120.0,0.02358983180954868
4,line,line6,150.0,0.01874051468517374
4,line,line6,200.0,0.013841635398482165
4,line,line6,250.0,0.010853112290291192
4,line,line6,300.0,0.00881987902943955
4,line,line6,400.0,0.0061864458293919055
4,line,line6,500.0,0.0045084107262427986
4,line,line6,600.0,0.0033080896517939076
4,line,line6,750.0,0.001985332017500911
4,line,line6,1000.0,0.0004177163986530551
4,line,line6,1200.0,-0.0005497237157587495
4,line,line6,1500.0,-0.0017619868890987795
4,line,line6,2000.0,-0.00346383093753491
4,line,line6,2500.0,-0.004974412572735001
4,line,line6,3000.0,-0.006389236999679747
4,line,line6,4000.0,-0.009074771973794155
4,line,line6,5000.0,-0.011663439072192498
4,line,line6,6000.0,-0.014202709386278774
4,line,line6,7500.0,-0.017960180208376756
4,line,line6,10000.0,-0.02414708280504508
4,line,line6,12000.0,-0.029055395447348236
4,line,line6,15000.0,-0.03637022260740631
4,line,line6,20000.0,-0.04846139406852726
4,line,line6,25000.0,-0.060448054081077
4,line,line6,30000.0,-0.0723472715665272
4,line,line6,40000.0,-0.09594229579483451
4,line,line6,50000.0,-0.11934071099866259
4,line,line6,60000.0,-0.1425951053384078
4,line,line6,75000.0,-0.1772458924083693
4,line,line6,100000.0,-0.23435267773850976
4,line,line6,120000.0,-0.2793524410858383
4,line,line6,150000.0,-0.34546319350609944
4,line,line6,200000.0,-0.4512136344663493
4,line,line7,25.0,0.12042405246057142
4,line,line7,30.0,0.10041948612505253
4,line,line7,40.0,0.07532804624593917
4,line,line7,50.0,0.060228429496625394
4,line,line7,60.0,0.05014044724840185
4,line,line7,75.0,0.04002883752615117
4,line,line7,100.0,0.029877975008083937
4,line,line7,120.0,0.024775525501590973
4,line,line7,150.0,0.019638333418927817
4,line,line7,200.0,0.014432660095725315
4,line,line7,250.0,0.01124119271927053
4,line,line7,300.0,0.009056955649388144
4,line,line7,400.0,0.006199439078933526
4,line,line7,500.0,0.004349275670412963
4,line,line7,600.0,0.0030028054387576703
4,line,line7,750.0,0.0014868035582467469
4,line,line7,1000.0,-0.0003682481658981587
4,line,line7,1200.0,-0.001550052915134666
4,line,line7,1500.0,-0.0030708822302201707
4,line,line7,2000.0,-0.005269716459691491
4,line,line7,2500.0,-0.007266950664084483
4,line,line7,3000.0,-0.009163299824226177
4,line,line7,4000.0,-0.01280434655702826
4,line,line7,5000.0,-0.01634375159459788
4,line,line7,6000.0,-0.019831671630621082
4,line,line7,7500.0,-0.025010637618020026
4,line,line7,10000.0,-0.03356666804260694
4,line,line7,12000.0,-0.040372066117759814
4,line,line7,15000.0,-0.05053667597202756
4,line,line7,20000.0,-0.0673870581809138
4,line,line7,25000.0,-0.0841369316352596
4,line,line7,30000.0,-0.10079112532086486
4,line,line7,40000.0,-0.13382562850915036
4,line,line7,50000.0,-0.16651692449506694
4,line,line7,60000.0,-0.19888285536417283
4,line,line7,75000.0,-0.24682321244134608
4,line,line7,100000.0,-0.32496835406891766
4,line,line7,120000.0,-0.38569240502062857
4,line,line7,150000.0,-0.47336333413217163
4,line,line7,200000.0,-0.6093532137025124
4,line,line8,25.0,0.14884179903880654
4,line,line8,30.0,0.1240434931429628
4,line,line8,40.0,0.09285420379046876
4,line,line8,50.0,0.074018186570212
4,line,line8,60.0,0.061387102625989856
4,line,line8,75.0,0.048662673987223556
4,line,line8,100.0,0.03577263093349167
4,line,line8,120.0,0.02921510351708971
4,line,line8,150.0,0.02252390724350617
4,line,line8,200.0,0.015607371788558757
4,line,line8,250.0,0.011283535352133067
4,line,line8,300.0,0.008297918031649263
4,line,line8,400.0,0.00441780894338874
4,line,line8,500.0,0.0019843468300203997
4,line,line8,600.0,0.00028331749577480527
4,line,line8,750.0,-0.0015595065148293985
4,line,line8,1000.0,-0.0037684093332732067
4,line,line8,1200.0,-0.005200092479277267
4,line,line8,1500.0,-0.007115090842259037
4,line,line8,2000.0,-0.010049360339901227
4,line,line8,2500.0,-0.012856144481201573
4,line,line8,3000.0,-0.015608624438930721
4,line,line8,4000.0,-0.02104106486137259
4,line,line8,5000.0,-0.02642884971783799
4,line,line8,6000.0,-0.031795186969895
4,line,line8,7500.0,-0.039822849763011356
4,line,line8,10000.0,-0.05316955519674599
4,line,line8,12000.0,-0.06382753957145453
4,line,line8,15000.0,-0.07978832245547507
4,line,line8,20000.0,-0.1063202493837777
4,line,line8,25000.0,-0.1327542887968139
4,line,line8,30000.0,-0.15907247852211556
4,line,line8,40000.0,-0.21128363490497712
4,line,line8,50000.0,-0.2628010825572578
4,line,line8,60000.0,-0.31348359468215536
4,line,line8,75000.0,-0.38767328498818016
4,line,line8,100000.0,-0.5056400535728536
4,line,line8,120000.0,-0.5943363908741748
4,line,line8,150000.0,-0.7174444623408047
4,line,line8,200000.0,-0.8969188977845336
4,line,line9,25.0,0.2006007283993706
4,line,line9,30.0,0.16747116243283597
4,line,line9,40.0,0.12572197065590926
4,line,line9,50.0,0.10050235299848811
4,line,line9,60.0,0.08361202511389157
4,line,line9,75.0,0.06664189268804076
4,line,line9,100.0,0.04954535524422307
4,line,line9,120.0,0.04091235689509421
4,line,line9,150.0,0.0321717297795687
4,line,line9,200.0,0.023220041135023486
4,line,line9,250.0,0.01763972254005379
4,line,line9,300.0,0.013745634499376772
4,line,line9,400.0,0.008487324761960506
4,line,line9,500.0,0.004915880948252604
4,line,line9,600.0,0.0021880474096818547
4,line,line9,750.0,-0.0010598148114997616
4,line,line9,1000.0,-0.005346836716818707
4,line,line9,1200.0,-0.00826875176808118
4,line,line9,1500.0,-0.012226580296265189
4,line,line9,2000.0,-0.018249813812916526
4,line,line9,2500.0,-0.023919218029560835
4,line,line9,3000.0,-0.029400732921889272
4,line,line9,4000.0,-0.04004565416296561
4,line,line9,5000.0,-0.05042943219862065
4,line,line9,6000.0,-0.06063745087651286
4,line,line9,7500.0,-0.07571044804650755
4,line,line9,10000.0,-0.10039585075569236
4,line,line9,12000.0,-0.11988885429483843
4,line,line9,15000.0,-0.14886061137201528
4,line,line9,20000.0,-0.19664350152824123
4,line,line9,25000.0,-0.24384618270225103
4,line,line9,30000.0,-0.29038878651564076
4,line,line9,40000.0,-0.38105807279808457
4,line,line9,50000.0,-0.4678901179431217
4,line,line9,60000.0,-0.5503724983183663
4,line,line9,75000.0,-0.665403191588801
4,line,line9,100000.0,-0.8340676934438086
4,line,line9,120000.0,-0.9500148870680273
4,line,line9,150000.0,-1.0976086828115024
4,line,line9,200000.0,-1.2912360103381846
4,line,line10,25.0,0.30006064999207654
4,line,line10,30.0,0.2507955477564362
4,line,line10,40.0,0.1879511188837997
4,line,line10,50.0,0.1495532786885719
4,line,line10,60.0,0.12361880288146203
4,line,line10,75.0,0.09733987892878188
4,line,line10,100.0,0.07058438294304918
4,line,line10,120.0,0.056962475159646565
4,line,line10,150.0,0.04313328682464082
4,line,line10,200.0,0.029051054246010722
4,line,line10,250.0,0.020414186674711336
4,line,line10,300.0,0.014484276561058182
4,line,line10,400.0,0.006566371688200571
4,line,line10,500.0,0.0011511872305181082
4,line,line10,600.0,-0.0030862608469234814
4,line,line10,750.0,-0.00832549356061794
4,line,line10,1000.0,-0.015639093488250447
4,line,line10,1200.0,-0.0208764460338519
4,line,line10,1500.0,-0.02823529387564634
4,line,line10,2000.0,-0.039847023810294445
4,line,line10,2500.0,-0.05106805042850276
4,line,line10,3000.0,-0.06209023565341924
4,line,line10,4000.0,-0.08381803395715887
4,line,line10,5000.0,-0.10530227816027872
4,line,line10,6000.0,-0.12662412338846343
4,line,line10,7500.0,-0.15835638432007595
4,line,line10,10000.0,-0.21059711167407855
4,line,line10,12000.0,-0.2517591422163472
4,line,line10,15000.0,-0.31230044910590204
4,line,line10,20000.0,-0.40947691620099397
4,line,line10,25000.0,-0.5013351577725527
4,line,line10,30000.0,-0.5874141852582901
4,line,line10,40000.0,-0.7418643920582287
4,line,line10,50000.0,-0.8740728885636575
4,line,line10,60000.0,-0.9870380207462895
4,line,line10,75000.0,-1.1276208531795386
4,line,line10,100000.0,-1.3073660569392458
4,line,line10,120000.0,-1.4186295264965
4,line,line10,150000.0,-1.5513624144365592
4,line,line10,200000.0,-1.716439088594206
4,line,line11,25.0,0.41188573373672277
4,line,line11,30.0,0.3455750899626878
4,line,line11,40.0,0.2603309560772715
4,line,line11,50.0,0.2081411057560813
4,line,line11,60.0,0.17294659826814887
4,line,line11,75.0,0.13738638093801164
4,line,line11,100.0,0.1012908324686668
4,line,line11,120.0,0.08289586482403506
4,line,line11,150.0,0.06406453158597432
4,line,line11,200.0,0.04438002038966814
4,line,line11,250.0,0.03172398499024835
4,line,line11,300.0,0.02258454209236183
4,line,line11,400.0,0.00958270010631088
4,line,line11,500.0,0.00010000156664768072
4,line,line11,600.0,-0.007622503349770832
4,line,line11,750.0,-0.017445162322974942
4,line,line11,1000.0,-0.03146527118969084
4,line,line11,1200.0,-0.04162032692314677
4,line,line11,1500.0,-0.05596234884995135
4,line,line11,2000.0,-0.07865668727533233
4,line,line11,2500.0,-0.10059033159681705
4,line,line11,3000.0,-0.12210158449594813
4,line,line11,4000.0,-0.16433169348232662
4,line,line11,5000.0,-0.2057724305032127
4,line,line11,6000.0,-0.2465044167153899
4,line,line11,7500.0,-0.30623985911478097
4,line,line11,10000.0,-0.4018058350371055
4,line,line11,12000.0,-0.4742882038780427
4,line,line11,15000.0,-0.5758904995218663
4,line,line11,20000.0,-0.7259353686498693
4,line,line11,25000.0,-0.8534206299752467
4,line,line11,30000.0,-0.9615245758763047
4,line,line11,40000.0,-1.1330777211890164
4,line,line11,50000.0,-1.2630123794408183
4,line,line11,60000.0,-1.3658457039938048
4,line,line11,75000.0,-1.4875351082618247
4,line,line11,100000.0,-1.6386443080187714
4,line,line11,120000.0,-1.7313939492209585
4,line,line11,150000.0,-1.8409057832978255
4,line,line11,200000.0,-1.9710578305501185
4,scatter,,25.0,0.09207530935148248
4,scatter,,30.0,0.07696398662622835
4,scatter,,40.0,0.06564918596448319
4,scatter,,50.0,0.04832957631584719
4,scatter,,60.0,0.03217183471257714
4,scatter,,75.0,0.033582896436318774
4,scatter,,100.0,0.021427915899835705
4,scatter,,120.0,-0.023545549148788116
4,scatter,,150.0,0.04019584465268775
4,scatter,,200.0,0.010266690575554887
4,scatter,,250.0,0.014168038245094198
4,scatter,,300.0,0.009841399189702942
4,scatter,,400.0,0.0017136262009777054
4,scatter,,500.0,0.0036663852798369755
4,scatter,,600.0,0.0034236001313818327
4,scatter,,750.0,0.002362517359735198
4,scatter,,1000.0,0.0006837180334098411
4,scatter,,1200.0,0.0008322886420392791
4,scatter,,1500.0,-0.0007544859101651621
4,scatter,,2000.0,-0.0015892337881167637
4,scatter,,2500.0,-0.002697554468667995
4,scatter,,3000.0,-0.0032553313457914755
4,scatter,,4000.0,-0.005266703608906803
4,scatter,,5000.0,-0.006791799350685007
4,scatter,,6000.0,-0.007299661489748951
4,scatter,,7500.0,-0.009775469247354843
4,scatter,,10000.0,-0.012945962677335075
4,scatter,,12000.0,-0.01518278643151315
4,scatter,,15000.0,-0.018888961850725874
4,scatter,,20000.0,-0.025147607923765355
4,scatter,,25000.0,-0.03109797852630295
4,scatter,,30000.0,-0.03693210540286448
4,scatter,,40000.0,-0.048403115755906466
4,scatter,,50000.0,-0.05996643988710655
4,scatter,,60000.0,-0.07145501711074385
4,scatter,,75000.0,-0.0884013599854625
4,scatter,,100000.0,-0.11741255033412884
4,scatter,,120000.0,-0.1401408481660778
4,scatter,,150000.0,-0.1752522636262758
4,scatter,,200000.0,-0.23336666518002264
4,scatter,,25.0,0.09009012897493981
4,scatter,,30.0,0.07125438144716485
4,scatter,,40.0,0.046065142747936605
4,scatter,,50.0,0.02692508824865403
4,scatter,,60.0,0.0315854366007471
4,scatter,,75.0,0.03194128827105239
4,scatter,,100.0,0.03766410121946406
4,scatter,,120.0,0.028070956018483053
4,scatter,,150.0,-0.031061593071318668
4,scatter,,200.0,0.010007864157858816
4,scatter,,250.0,0.02553160730843777
4,scatter,,300.0,0.008310193974818926
4,scatter,,400.0,0.0047339899010096515
4,scatter,,500.0,0.0034817579424809846
4,scatter,,600.0,0.0036173090849991874
4,scatter,,750.0,0.0023000483239056313
4,scatter,,1000.0,0.0008893401459307263
4,scatter,,1200.0,0.00041949183168205604
4,scatter,,1500.0,-0.0009466813716417094
4,scatter,,2000.0,-0.0011574158664653237
4,scatter,,2500.0,-0.0020949132107422504
4,scatter,,3000.0,-0.0037385090756385077
4,scatter,,4000.0,-0.004625830709459353
4,scatter,,5000.0,-0.00671968596469111
4,scatter,,6000.0,-0.007700261781434351
4,scatter,,7500.0,-0.010155379484555074
4,scatter,,10000.0,-0.013274147050983261
4,scatter,,12000.0,-0.015525537088205265
4,scatter,,15000.0,-0.01925366642831291
4,scatter,,20000.0,-0.025450795344995118
4,scatter,,25000.0,-0.031310070056337076
4,scatter,,30000.0,-0.0373584844443009
4,scatter,,40000.0,-0.04904285950885331
4,scatter,,50000.0,-0.06082220127849515
4,scatter,,60000.0,-0.07245658986770998
4,scatter,,75000.0,-0.09005325664550541
4,scatter,,100000.0,-0.11950932431060413
4,scatter,,120000.0,-0.14294621108520417
4,scatter,,150000.0,-0.17806081387482148
4,scatter,,200000.0,-0.23747834804529908
4,scatter,,25.0,0.08870884175477761
4,scatter,,30.0,0.07402011113132323
4,scatter,,40.0,0.06673415761164533
4,scatter,,50.0,0.03369257458056027
4,scatter,,60.0,0.03790282800871592
4,scatter,,75.0,0.03256383805903674
4,scatter,,100.0,0.014201271743159284
4,scatter,,120.0,0.05026682667695215
4,scatter,,150.0,0.013773797078901617
4,scatter,,200.0,0.009947373639593629
4,scatter,,250.0,0.028517242254403892
4,scatter,,300.0,-0.005908175867253649
4,scatter,,400.0,0.007197246678379205
4,scatter,,500.0,0.004734650005815508
4,scatter,,600.0,0.0044894825683696946
4,scatter,,750.0,0.0010915525195278617
4,scatter,,1000.0,0.0005100425772160031
4,scatter,,1200.0,-0.0004717441919929915
4,scatter,,1500.0,-0.0005812125296406
4,scatter,,2000.0,-0.001993873981023457
4,scatter,,2500.0,-0.0021640584677683843
4,scatter,,3000.0,-0.002841092152673787
4,scatter,,4000.0,-0.005184168092014745
4,scatter,,5000.0,-0.006189140772557918
4,scatter,,6000.0,-0.00785376953479439
4,scatter,,7500.0,-0.009829838990480557
4,scatter,,10000.0,-0.013323056167384393
4,scatter,,12000.0,-0.015882686252406603
4,scatter,,15000.0,-0.019670438152125377
4,scatter,,20000.0,-0.02612713588709795
4,scatter,,25000.0,-0.03231789008695062
4,scatter,,30000.0,-0.03858922173745795
4,scatter,,40000.0,-0.05084439327052135
4,scatter,,50000.0,-0.06291249506802082
4,scatter,,60000.0,-0.07532810886211234
4,scatter,,75000.0,-0.09317763394108441
4,scatter,,100000.0,-0.12359090675434974
4,scatter,,120000.0,-0.14780103398641223
4,scatter,,150000.0,-0.18416177949545695
4,scatter,,200000.0,-0.24528610729251774
4,scatter,,25.0,0.08891516244494044
4,scatter,,30.0,0.08147994984474831
4,scatter,,40.0,0.036383684577333736
4,scatter,,50.0,0.07917689340329852
4,scatter,,60.0,0.03055554941866965
4,scatter,,75.0,0.033593939405079425
4,scatter,,100.0,0.020847620586186083
4,scatter,,120.0,-0.018592414852494563
4,scatter,,150.0,0.051096857940956995
4,scatter,,200.0,0.010966771908575099
4,scatter,,250.0,-0.004133307540110354
4,scatter,,300.0,0.00804144339393126
4,scatter,,400.0,0.00011547856398374718
4,scatter,,500.0,0.003399468055627167
4,scatter,,600.0,0.00013662534596183316
4,scatter,,750.0,0.0018342088586449153
4,scatter,,1000.0,0.0015578369263783973
4,scatter,,1200.0,0.0003775293328269399
4,scatter,,1500.0,-0.0009734216008573774
4,scatter,,2000.0,-0.0014714129913076736
4,scatter,,2500.0,-0.0026777302022165826
4,scatter,,3000.0,-0.004204677898930676
4,scatter,,4000.0,-0.0049280924451720965
4,scatter,,5000.0,-0.007051887879915505
4,scatter,,6000.0,-0.008531811098727277
4,scatter,,7500.0,-0.010744596382375352
4,scatter,,10000.0,-0.014105335538115308
4,scatter,,12000.0,-0.016906020774264407
4,scatter,,15000.0,-0.021100493515738367
4,scatter,,20000.0,-0.027880945073855655
4,scatter,,25000.0,-0.034520389603112024
4,scatter,,30000.0,-0.040970243600136264
4,scatter,,40000.0,-0.054082825628194775
4,scatter,,50000.0,-0.06701023663508755
4,scatter,,60000.0,-0.0800051407349698
4,scatter,,75000.0,-0.09922423452090282
4,scatter,,100000.0,-0.13169598932754453
4,scatter,,120000.0,-0.1575324352893887
4,scatter,,150000.0,-0.19643893609304505
4,scatter,,200000.0,-0.2609659135305186
4,scatter,,25.0,0.09501864595114981
4,scatter,,30.0,0.07271074226117204
4,scatter,,40.0,0.08503865342910709
4,scatter,,50.0,0.01967916678387365
4,scatter,,60.0,0.04808752326833944
4,scatter,,75.0,0.03173020490385581
4,scatter,,100.0,0.03813984801471766
4,scatter,,120.0,-0.007609283455197257
4,scatter,,150.0,0.03917064585022837
4,scatter,,200.0,0.012057047741630713
4,scatter,,250.0,-0.003537898009032262
4,scatter,,300.0,0.010281842615162106
4,scatter,,400.0,0.006778759115440916
4,scatter,,500.0,0.004832742675478209
4,scatter,,600.0,0.002472825785739722
4,scatter,,750.0,0.0014551170093575734
4,scatter,,1000.0,-0.0003926977954660275
4,scatter,,1200.0,-0.0005718637143173961
4,scatter,,1500.0,-0.001267222303069333
4,scatter,,2000.0,-0.0031738038281652337
4,scatter,,2500.0,-0.0044064844003348915
4,scatter,,3000.0,-0.005243973187307208
4,scatter,,4000.0,-0.007341900819168454
4,scatter,,5000.0,-0.00946891769153657
4,scatter,,6000.0,-0.011397384239129152
4,scatter,,7500.0,-0.014156365086173557
4,scatter,,10000.0,-0.019286576615609344
4,scatter,,12000.0,-0.022798516949597586
4,scatter,,15000.0,-0.028744929058561082
4,scatter,,20000.0,-0.037954404551917904
4,scatter,,25000.0,-0.04732895188446735
4,scatter,,30000.0,-0.05650652750210672
4,scatter,,40000.0,-0.07481686037173314
4,scatter,,50000.0,-0.0929980092077696
4,scatter,,60000.0,-0.11126712699889285
4,scatter,,75000.0,-0.13796181261025148
4,scatter,,100000.0,-0.182810137371501
4,scatter,,120000.0,-0.21819078323656835
4,scatter,,150000.0,-0.27110726337520685
4,scatter,,200000.0,-0.35764456095488706
4,scatter,,25.0,0.10391881193027463
4,scatter,,30.0,0.08873547477595456
4,scatter,,40.0,0.07078678554442344
4,scatter,,50.0,0.0726163255215754
4,scatter,,60.0,0.047881328488349736
4,scatter,,75.0,0.03451858884498405
4,scatter,,100.0,0.025070179007691026
4,scatter,,120.0,0.05122974170188388
4,scatter,,150.0,0.04977408924916329
4,scatter,,200.0,0.012464323830220362
4,scatter,,250.0,0.01317844021780522
4,scatter,,300.0,0.0032776882607045907
4,scatter,,400.0,0.0029968260674295625
4,scatter,,500.0,0.0034686916857768605
4,scatter,,600.0,0.001796654767132588
4,scatter,,750.0,0.0017581235668793097
4,scatter,,1000.0,0.00037452930380915564
4,scatter,,1200.0,-0.001821566412837986
4,scatter,,1500.0,-0.002251080361514368
4,scatter,,2000.0,-0.0038788680334890043
4,scatter,,2500.0,-0.005785571619196302
4,scatter,,3000.0,-0.006392418243672952
4,scatter,,4000.0,-0.009699307603487717
4,scatter,,5000.0,-0.01224306634361035
4,scatter,,6000.0,-0.014374740128600239
4,scatter,,7500.0,-0.01809221984725344
4,scatter,,10000.0,-0.02443397870412122
4,scatter,,12000.0,-0.0293567506986009
4,scatter,,15000.0,-0.03649544291484347
4,scatter,,20000.0,-0.04837519429571195
4,scatter,,25000.0,-0.06024551533438949
4,scatter,,30000.0,-0.07230708956815887
4,scatter,,40000.0,-0.09578653007757738
4,scatter,,50000.0,-0.11932839498249352
4,scatter,,60000.0,-0.14267968134956194
4,scatter,,75000.0,-0.17653274692323426
4,scatter,,100000.0,-0.23476086216954029
4,scatter,,120000.0,-0.27922472914523827
4,scatter,,150000.0,-0.3456035113897207
4,scatter,,200000.0,-0.45185907958690963
4,scatter,,25.0,0.11873253623555566
4,scatter,,30.0,0.09573169924178696
4,scatter,,40.0,0.10194638987769138
4,scatter,,50.0,0.039005296503177404
4,scatter,,60.0,0.04122765709551319
4,scatter,,75.0,0.03603211061742301
4,scatter,,100.0,0.019510349854984663
4,scatter,,120.0,0.05312806828238873
4,scatter,,150.0,0.03283998785187092
4,scatter,,200.0,0.014258730402845032
4,scatter,,250.0,0.006583010473742167
4,scatter,,300.0,0.015632687165179897
4,scatter,,400.0,0.006803456334805914
4,scatter,,500.0,0.00551096273326716
4,scatter,,600.0,0.004824245695674637
4,scatter,,750.0,0.00035367235260645784
4,scatter,,1000.0,-7.834399972054217e-05
4,scatter,,1200.0,-0.0020265125015310193
4,scatter,,1500.0,-0.0030618784446610455
4,scatter,,2000.0,-0.005241636924206176
4,scatter,,2500.0,-0.007439664441431842
4,scatter,,3000.0,-0.00973054130356231
4,scatter,,4000.0,-0.012998363503071875
4,scatter,,5000.0,-0.016278418956088912
4,scatter,,6000.0,-0.020221452596499177
4,scatter,,7500.0,-0.0258226807398824
4,scatter,,10000.0,-0.034251096825772646
4,scatter,,12000.0,-0.04084463177069694
4,scatter,,15000.0,-0.05099982958115683
4,scatter,,20000.0,-0.0673429676372991
4,scatter,,25000.0,-0.08410339622158854
4,scatter,,30000.0,-0.10048856668119814
4,scatter,,40000.0,-0.1337169813587152
4,scatter,,50000.0,-0.1659606787518328
4,scatter,,60000.0,-0.19821686289204615
4,scatter,,75000.0,-0.24616544690233505
4,scatter,,100000.0,-0.32475256103295297
4,scatter,,120000.0,-0.38545189690282566
4,scatter,,150000.0,-0.4744155756480708
4,scatter,,200000.0,-0.6117388397107717
4,scatter,,25.0,0.14804684746918081
4,scatter,,30.0,0.11837152041845636
4,scatter,,40.0,0.09827099794791572
4,scatter,,50.0,0.07133473704331356
4,scatter,,60.0,0.06560403528793399
4,scatter,,75.0,0.05331380333612531
4,scatter,,100.0,0.03615793554464911
4,scatter,,120.0,0.019215387839771277
4,scatter,,150.0,0.0483352976956849
4,scatter,,200.0,0.017219930653908824
4,scatter,,250.0,0.005602691798416837
4,scatter,,300.0,0.008309963580178907
4,scatter,,400.0,0.0042863092615834375
4,scatter,,500.0,0.0055203189157609
4,scatter,,600.0,0.0009461769554198854
4,scatter,,750.0,-0.0010666658307004005
4,scatter,,1000.0,-0.0023274005199077747
4,scatter,,1200.0,-0.004127317882706461
4,scatter,,1500.0,-0.005995197540422452
4,scatter,,2000.0,-0.009223724838965226
4,scatter,,2500.0,-0.012513989353491952
4,scatter,,3000.0,-0.015543573190531425
4,scatter,,4000.0,-0.02089898429497831
4,scatter,,5000.0,-0.027201109297406417
4,scatter,,6000.0,-0.032224857974237575
4,scatter,,7500.0,-0.0405469622546906
4,scatter,,10000.0,-0.0543507660724916
4,scatter,,12000.0,-0.06482803540949678
4,scatter,,15000.0,-0.08137619729741383
4,scatter,,20000.0,-0.10737016479894661
4,scatter,,25000.0,-0.1346681446982427
4,scatter,,30000.0,-0.1616566966030981
4,scatter,,40000.0,-0.21331328161891036
4,scatter,,50000.0,-0.26536028577963006
4,scatter,,60000.0,-0.3157463297230752
4,scatter,,75000.0,-0.387475642653954
4,scatter,,100000.0,-0.5072504109689988
4,scatter,,120000.0,-0.5930517566043076
4,scatter,,150000.0,-0.7145150884993855
4,scatter,,200000.0,-0.8909263636085757
4,scatter,,25.0,0.1973312419801519
4,scatter,,30.0,0.16702458534874262
4,scatter,,40.0,0.11020437972422031
4,scatter,,50.0,0.11917337502418926
4,scatter,,60.0,0.08865459927182917
4,scatter,,75.0,0.06521287069221066
4,scatter,,100.0,0.053820263076700514
4,scatter,,120.0,0.018890051444703786
4,scatter,,150.0,0.05384502830841353
4,scatter,,200.0,0.023492926514533087
4,scatter,,250.0,0.030442003032158875
4,scatter,,300.0,0.018212033160141444
4,scatter,,400.0,0.006384283776456797
4,scatter,,500.0,0.0029234997608377695
4,scatter,,600.0,0.0008275870176751986
4,scatter,,750.0,-0.0003192265735346292
4,scatter,,1000.0,-0.005902226243985535
4,scatter,,1200.0,-0.007869289818419362
4,scatter,,1500.0,-0.012131052819369948
4,scatter,,2000.0,-0.017550002077939112
4,scatter,,2500.0,-0.02361115337763386
4,scatter,,3000.0,-0.028682907482017978
4,scatter,,4000.0,-0.03878125173869567
4,scatter,,5000.0,-0.04943302778372894
4,scatter,,6000.0,-0.0586559991582626
4,scatter,,7500.0,-0.07520827299230942
4,scatter,,10000.0,-0.09964706156507369
4,scatter,,12000.0,-0.11920760341230704
4,scatter,,15000.0,-0.14821580286535815
4,scatter,,20000.0,-0.19582081716854693
4,scatter,,25000.0,-0.2433484354942682
4,scatter,,30000.0,-0.2902620311722582
4,scatter,,40000.0,-0.37966950704468994
4,scatter,,50000.0,-0.47011582557321596
4,scatter,,60000.0,-0.5529111012302087
4,scatter,,75000.0,-0.6675584465873066
4,scatter,,100000.0,-0.8311927982666787
4,scatter,,120000.0,-0.9484278208666473
4,scatter,,150000.0,-1.098995976330126
4,scatter,,200000.0,-1.293432156193858
4,scatter,,25.0,0.284771320990423
4,scatter,,30.0,0.24874827280312503
4,scatter,,40.0,0.21350570423064344
4,scatter,,50.0,0.1163741164888791
4,scatter,,60.0,0.14665257755592395
4,scatter,,75.0,0.10010404017829236
4,scatter,,100.0,0.057653446159380874
4,scatter,,120.0,0.06206986494905031
4,scatter,,150.0,-0.0038497922908109754
4,scatter,,200.0,0.0321447820743347
4,scatter,,250.0,0.010721726192099244
4,scatter,,300.0,0.014450407785264768
4,scatter,,400.0,0.01318937147232092
4,scatter,,500.0,0.00457656752379979
4,scatter,,600.0,-0.0023071334160788743
4,scatter,,750.0,-0.0052063424918241666
4,scatter,,1000.0,-0.014595978745182168
4,scatter,,1200.0,-0.019600625623281718
4,scatter,,1500.0,-0.02619712674693093
4,scatter,,2000.0,-0.03937899324919644
4,scatter,,2500.0,-0.05051337306635157
4,scatter,,3000.0,-0.06263702727964897
4,scatter,,4000.0,-0.08383993173288216
4,scatter,,5000.0,-0.10495515740510729
4,scatter,,6000.0,-0.12540003366096786
4,scatter,,7500.0,-0.15816311815941259
4,scatter,,10000.0,-0.2102492960023521
4,scatter,,12000.0,-0.2509356734369233
4,scatter,,15000.0,-0.31008765147549905
4,scatter,,20000.0,-0.4064378624855122
4,scatter,,25000.0,-0.4961952920576058
4,scatter,,30000.0,-0.5824353270697856
4,scatter,,40000.0,-0.73580005484507
4,scatter,,50000.0,-0.8667941160067335
4,scatter,,60000.0,-0.9813066254312846
4,scatter,,75000.0,-1.120881039927895
4,scatter,,100000.0,-1.3040373690716798
4,scatter,,120000.0,-1.4176890584100572
4,scatter,,150000.0,-1.5597241115087086
4,scatter,,200000.0,-1.7408744782715715
4,scatter,,25.0,0.3861647449789937
4,scatter,,30.0,0.31380939598859
4,scatter,,40.0,0.2414923324486213
4,scatter,,50.0,0.16899670917002457
4,scatter,,60.0,0.15848830274066084
4,scatter,,75.0,0.1240760358581334
4,scatter,,100.0,0.10158796400710894
4,scatter,,120.0,0.03129378467330711
4,scatter,,150.0,0.11599552947444879
4,scatter,,200.0,0.0428587018821175
4,scatter,,250.0,0.024352287200982238
4,scatter,,300.0,0.03224371105168821
4,scatter,,400.0,0.007036054459858449
4,scatter,,500.0,-0.004685464870215911
4,scatter,,600.0,-0.008750975690536508
4,scatter,,750.0,-0.01527555486141192
4,scatter,,1000.0,-0.031158707760756136
4,scatter,,1200.0,-0.03962600902452574
4,scatter,,1500.0,-0.05395350808224911
4,scatter,,2000.0,-0.0753811006228678
4,scatter,,2500.0,-0.09739213722821162
4,scatter,,3000.0,-0.11716112669713856
4,scatter,,4000.0,-0.1584172758470512
4,scatter,,5000.0,-0.1963973400634332
4,scatter,,6000.0,-0.23646990021190134
4,scatter,,7500.0,-0.29446305188206795
4,scatter,,10000.0,-0.3854369908741542
4,scatter,,12000.0,-0.4548009821343562
4,scatter,,15000.0,-0.5533431070620741
4,scatter,,20000.0,-0.7006686411471417
4,scatter,,25000.0,-0.8253282342666347
4,scatter,,30000.0,-0.9327490962483572
4,scatter,,40000.0,-1.1065026105979374
4,scatter,,50000.0,-1.2386525229148997
4,scatter,,60000.0,-1.3435566332108466
4,scatter,,75000.0,-1.4676719355850596
4,scatter,,100000.0,-1.6303493313672444
4,scatter,,120000.0,-1.7337316032556
4,scatter,,150000.0,-1.8650661973306077
4,scatter,,200000.0,-2.0452644217967273
5,line,$C$,280.0,-7.325235837549941
5,line,$C$,260.0,-7.288700852009655
5,line,$C$,240.0,-7.4191165705588835
5,line,$C$,220.0,-7.8923291599764465
5,line,$C$,200.0,-8.233999907962799
5,line,$C$,180.0,-8.749003452786765
5,line,$C$,160.0,-8.569888277648182
5,line,$C$,140.0,-8.230784493605825
5,line,$C$,120.0,-7.968550170940695
5,line,$C$,100.0,-7.705810604535507
5,line,$C$,85.0,-7.565604790784124
5,line,$C_{neg}$,280.0,-6.3480433804150715
5,line,$C_{neg}$,260.0,-6.100357749433315
5,line,$C_{neg}$,240.0,-6.59620520078781
5,line,$C_{neg}$,220.0,-7.87653423388212
5,line,$C_{neg}$,200.0,-8.473324890921862
5,line,$C_{neg}$,180.0,-15.0
5,line,$C_{neg}$,160.0,-15.0
5,line,$C_{neg}$,140.0,-10.17125201503144
5,line,$C_{neg}$,120.0,-8.812764507582589
5,line,$C_{neg}$,100.0,-8.319533263097451
5,line,$C_{neg}$,85.0,-8.13498347203598
5,line,$C_{est}$,280.0,-0.8446540448884315
5,line,$C_{est}$,260.0,-0.8491093445479487
5,line,$C_{est}$,240.0,-0.8422869182887275
5,line,$C_{est}$,220.0,-1.1089443592695658
5,line,$C_{est}$,200.0,-2.8372237629867123
5,line,$C_{est}$,180.0,-3.5104538574427973
5,line,$C_{est}$,160.0,-3.7605981375943647
5,line,$C_{est}$,140.0,-1.7780938934812316
5,line,$C_{est}$,120.0,-3.194038316286647
5,line,$C_{est}$,100.0,-1.6898000664514066
5,line,$C_{est}$,85.0,-1.331060479111037
