Tiempo,T(K),Setpoint(K),Heater,V muestra 1 (V),I muestra 1 (A),R muestra 1 (Ohm),V muestra 2 (V),I muestra 2 (A),R muestra 2 (Ohm)
13 53 03,301.409,300.967,19.1,0.0461397718,5.500000000000001e-06,8389.049418181818,0.008385300200000001,1e-06,8385.300200000001
13 53 11,300.772,300.767,4.8,0.008385266249999999,1e-06,8385.266249999999,0.008385307849999999,1e-06,8385.30785
13 53 20,300.856,300.567,0.0,0.008385300200000001,1e-06,8385.300200000001,0.00838536805,1e-06,8385.36805
13 53 29,300.54,300.367,0.0,0.00838544355,1e-06,8385.44355,0.00838552345,1e-06,8385.52345
13 53 38,300.548,300.167,0.0,0.00838544845,1e-06,8385.44845,0.00838547255,1e-06,8385.47255
13 53 47,300.767,299.967,0.0,0.00838549715,1e-06,8385.497150000001,0.00838553,1e-06,8385.53
13 53 55,300.894,299.767,0.0,0.0083855316,1e-06,8385.5316,0.0083855951,1e-06,8385.5951
